author_display_name,comment_id
@revemb4653,UgxNRF5RPJJTgRVxjEF4AaABAg
@SwitchFBproductions,UgxLeijoxJt1VlY4zZp4AaABAg
@SwitchFBproductions,Ugwmm-IJtVa6L-SpO-B4AaABAg
@SwitchFBproductions,Ugx-vtog3XJ1nBaugQF4AaABAg
@SwitchFBproductions,UgwUoEoVWYFt6WgRuT14AaABAg
@SwitchFBproductions,Ugw6x2nh4g7yYhohQFZ4AaABAg
@SwitchFBproductions,Ugw6x2nh4g7yYhohQFZ4AaABAg.ANaBFrnp8wcANaBQ3HPoTD
@rustyudder,UgzNNfaif4JKqfOTY4t4AaABAg
@rustyudder,Ugy1jplQB_-Rj5-APBJ4AaABAg
@rustyudder,UgxLCrB7SVQOLsObvXR4AaABAg
@rustyudder,UgwKWtDRoYjGRgBQPih4AaABAg
@rustyudder,UgxrfW3HivyKEsnU16l4AaABAg
@rustyudder,UgzhyIRPfYt0KZqL2v94AaABAg
@eichen97,Ugz-RvMPuJaU6nrt1pV4AaABAg
@GamerVerseofficial-s4l,Ugwx2N2gqCEwKtXSDL94AaABAg
@GamerVerseofficial-s4l,UgzjNk27X5muMB-XYNR4AaABAg
@GamerVerseofficial-s4l,UgwjHbZ0TbYIXzRDBHp4AaABAg
@GamerVerseofficial-s4l,UgwtxeigTLxALKQFZ7p4AaABAg
@GamerVerseofficial-s4l,UgwiuFTX_t1IfDX3hhZ4AaABAg
@GamerVerseofficial-s4l,UgyOPLqmteWg0MjGTV14AaABAg
@GamerVerseofficial-s4l,Ugx26WhFeM1yRm4PGN14AaABAg
@GamerVerseofficial-s4l,UgxLbo1hvk3gOJENJCh4AaABAg
@GamerVerseofficial-s4l,UgxXhNMctSiwz9KlZMF4AaABAg
@GamerVerseofficial-s4l,UgzgiR4Pv9jh8Ru6Sut4AaABAg
@GamerVerseofficial-s4l,UgwmG5Wo8sUj86rk2cx4AaABAg
@GamerVerseofficial-s4l,UgxiPC0TkjPZr70Hkd54AaABAg
@GamerVerseofficial-s4l,UgxMTe-lmn8qoW3JAL94AaABAg
@GamerVerseofficial-s4l,UgwGG0ZTHNGvRQ04PR54AaABAg
@GamerVerseofficial-s4l,Ugyt4_ycIMjhOaT2nU94AaABAg
@GamerVerseofficial-s4l,Ugzolz4mIBuID6U74OF4AaABAg
@GamerVerseofficial-s4l,UgxS7FbkBbYGx662ILh4AaABAg
@GamerVerseofficial-s4l,UgwoAP9MCpvX8Tvna8l4AaABAg
@Calsydinkydoo25,Ugwdeoi4WS4gLl8RTUt4AaABAg
@Calsydinkydoo25,UgxUfy8IMksP8p-huFJ4AaABAg
@Calsydinkydoo25,UgzpWgYWBNtocEAti614AaABAg
@Calsydinkydoo25,Ugwg68imrqrLNNnylDJ4AaABAg
@Calsydinkydoo25,UgzFrJXq0YSdlSXFnR14AaABAg
@Calsydinkydoo25,UgwtsJ_4XZxtwBW1FOx4AaABAg
@Calsydinkydoo25,Ugy45oek_1cVgK83Rjh4AaABAg
@Calsydinkydoo25,UgwBdhbYqZ7FXijdkfJ4AaABAg
@Calsydinkydoo25,Ugwu8gts3TeO8zj84mh4AaABAg
@Calsydinkydoo25,Ugxjd_b-8W0ouHRvCVN4AaABAg
@Calsydinkydoo25,Ugz_TbPk0IXqHyev6014AaABAg
@Calsydinkydoo25,Ugx9YlRB1knSnlCyuGp4AaABAg
@Calsydinkydoo25,UgxUmB1c8et8o5SP6Zh4AaABAg
@Calsydinkydoo25,UgyNKSflVZYlvnqAyxV4AaABAg
@Calsydinkydoo25,Ugx1hHAp2zqxVlFQqZR4AaABAg
@Calsydinkydoo25,UgznmWpHA9xYlqsUbaV4AaABAg
@Calsydinkydoo25,UgwFVFyaXzdvogLTg4t4AaABAg
@Calsydinkydoo25,Ugx2dtOZK130EXQxIfl4AaABAg
@Calsydinkydoo25,UgwnthMzVqVQIbikF5h4AaABAg
@Calsydinkydoo25,UgxUjfLKlzPbWnsfyDR4AaABAg
@Calsydinkydoo25,UgxWP0ByklOn4-GpKuR4AaABAg
@Calsydinkydoo25,UgxOw5RVTBfUYOoIFiZ4AaABAg
@Calsydinkydoo25,Ugw-4QF5Mz_dVIUdeEV4AaABAg
@Calsydinkydoo25,UgzchFhbpnBWAn3Mi_V4AaABAg
@Calsydinkydoo25,UgzsSK6raymtdIMDIql4AaABAg
@Calsydinkydoo25,UgwvXSK2jAz1yHH7rI54AaABAg
@Calsydinkydoo25,UgxWS6V-hBL63YFQsxh4AaABAg
@Calsydinkydoo25,UgywUpIgUfvzp3StUah4AaABAg
@Calsydinkydoo25,Ugx39DQu-jH5Ion-1rl4AaABAg
@Calsydinkydoo25,Ugw3LRlhSUN8Rj7bkbN4AaABAg
@Calsydinkydoo25,Ugz3EIspfzINJiw-rVp4AaABAg
@Calsydinkydoo25,Ugws2leR9fZdO0i3Z6J4AaABAg
@Calsydinkydoo25,UgxRRFGXMcTIABKBFbZ4AaABAg
@Calsydinkydoo25,Ugxgr2JiPcxdy4xa1OJ4AaABAg
@Calsydinkydoo25,UgwOw-5GKRk_1Oz3w6h4AaABAg
@Calsydinkydoo25,Ugwi-oBpcO9x-fhPxzN4AaABAg
@Calsydinkydoo25,UgyU7hHj9Wchhj4qFwJ4AaABAg
@Calsydinkydoo25,UgyFjBDzAiRXcjFPktx4AaABAg
@Calsydinkydoo25,UgxN1OvTjOC8uVMs5OV4AaABAg
@hamza-chaudhry,UgyD59uD-Xs7nN_FXe14AaABAg
@hamza-chaudhry,Ugz-TNdTcDaY99G974R4AaABAg
@hamza-chaudhry,Ugz-TNdTcDaY99G974R4AaABAg.AN_b37Chqf3AN_bulglrjg
@MWDiss,UgyUc5XuZZ3ss0tbwL94AaABAg
@MWDiss,UgyWC8Ri3XJYUZR7GGt4AaABAg
@Mikael-uk7rv,Ugxh3A3-CiElbSYITpR4AaABAg.AN_Fs69UnANAN_K863aeKA
@Mikael-uk7rv,UgyXIkds4Zv0Mes9vRp4AaABAg
@vustvaleo8068,UgyEpKXDIIMRPxBqpEV4AaABAg
@bananamuffins582,Ugz7SpCWhlh6YxgZI0l4AaABAg
@bananamuffins582,UgxIQa3dQSvEntDijRZ4AaABAg
@Mikael-uk7rv,Ugzquy2DDu7fPJXopGJ4AaABAg
@bananamuffins582,UgyXpXkSbEHmvvi9kId4AaABAg
@bananamuffins582,Ugx9Dqr05NaBZyx6zp94AaABAg
@bananamuffins582,UgznWjs0H1YPixMrBwJ4AaABAg
@bananamuffins582,UgwOzt7NwMIzh32w1_V4AaABAg
@Mikael-uk7rv,UgzFO5RaS4b0xhVEE2l4AaABAg
@vood__3,Ugy4U6x8vanhs2PafkJ4AaABAg
@vood__3,UgwUi_PUzUHFKKV3cmB4AaABAg
@ruchikaanwekar9198,UgwVZJJJPTlYi435x0V4AaABAg
@ruchikaanwekar9198,UgwfQvsWf6qX5hgramt4AaABAg
@ruchikaanwekar9198,UgySdPVtxBD1FDceKXZ4AaABAg
@ruchikaanwekar9198,UgxPHo7UBvktRFlryvt4AaABAg
@ruchikaanwekar9198,UgwMMxAzqzlXHm9Tb8t4AaABAg
@ruchikaanwekar9198,UgxCbafPSSyYjSBZWEJ4AaABAg
@ruchikaanwekar9198,UgxaRKnLgdFzSXrUnk54AaABAg
@ruchikaanwekar9198,Ugz8JWWL1v05i4WB4ht4AaABAg
@ruchikaanwekar9198,Ugy5ibmH-ZJjXAhWM-t4AaABAg
@ruchikaanwekar9198,Ugz5tCgTJb2KMSPDglx4AaABAg
@nightgamer_399,UgyKdyBSlEP1V3A7b114AaABAg
@nightgamer_399,UgxAqfZZVwwkdZbfO7R4AaABAg
@vood__3,UgyBtYceGiyw3x_uD694AaABAg
@vood__3,UgxfYCFTRJGn2yJ3BvF4AaABAg
@cc0767,UgzsrGMz1ce-zaQ7n5V4AaABAg
@TheHydrator2003,UgzVR-OSie5AK3atn314AaABAg
@JeremyAndersonBoise,UgxkDf8_iwo27XX1PX14AaABAg
@pif5023,UgypGGT8__4jnyf1ZFt4AaABAg
@Darkness_Damage,Ugxnv-8CEVqiDfmV-eB4AaABAg
@Croco_G,UgwyLZFljFtlN_eocwh4AaABAg.ANZu-lgcD24ANZuLxXyHBT
@Croco_G,UgzbzFmy4LzIAY39y-d4AaABAg
@Croco_G,UgzbzFmy4LzIAY39y-d4AaABAg.ANZsxF-h4MtANZuEBWEr9F
@Croco_G,UgzFrbEoD7yqHv-ixg14AaABAg.ANZs7MjrLE6ANZt0WfMw_W
@Croco_G,UgybAEjh4ckrkT9AhW54AaABAg.ANZs5A3YVLxANZt3KNrEVW
@rfltyt,UgyYGzbqliWAqTG4NI94AaABAg
@watcherManu,Ugxyte5edff68LB1fiR4AaABAg
@xitzy,Ugzai0YnRTgVBzLK4254AaABAg
@TheHydrator2003,Ugzai0YnRTgVBzLK4254AaABAg.ANZml8U0lKVANZxLJQCT6W
@user-qu2bp8zt6f,UgwL1e22FuY1xtySoOR4AaABAg
@BleepBlop-rh9lm,UgwrYin2vHEawBIon9Z4AaABAg
@BleepBlop-rh9lm,UgwZyU2sOL0R46J2B1R4AaABAg
@BleepBlop-rh9lm,UgwC1nY3MFbn2Ag1QvN4AaABAg
@Croco_G,Ugxsfl9vflEwTwpaXq94AaABAg
@Croco_G,UgwquKY--C4EQzCm6hZ4AaABAg
@Croco_G,Ugxj90uovtNslLcG1Wt4AaABAg
@Croco_G,UgzsJxt2JtgkWqDjbzB4AaABAg
@Kovman9,UgxSyH343HhxmrjL1DF4AaABAg
@Kovman9,UgwFZa2R3AThEbtVPe94AaABAg
@Guus115,UgxtjA2QiAS_WUqEc_h4AaABAg
@Guus115,Ugw7ouVCJLMbji2je5R4AaABAg
@Sumanverma-kv1mo,UgzcWv0BskWX19mH3Ll4AaABAg
@Sumanverma-kv1mo,Ugwxdkiz0CIG-ay6M2p4AaABAg
@Sumanverma-kv1mo,UgxupcDDeOYWOkOQUPd4AaABAg
@Sumanverma-kv1mo,UgzyAtHyAUlDUSRl33l4AaABAg
@Sumanverma-kv1mo,UgyNEqXJlBsIR58gkZd4AaABAg
@Sumanverma-kv1mo,UgzVXV1TMwGhsGZufh14AaABAg
@Sumanverma-kv1mo,UgwEOifyHzUJr8YbwVF4AaABAg
@Sumanverma-kv1mo,Ugw7bp5HnCzLjwtmf554AaABAg
@Sumanverma-kv1mo,Ugz8oLY63z1C1CVTZvB4AaABAg
@Sumanverma-kv1mo,Ugx4OQaLodZQ47_eCBZ4AaABAg
@Sumanverma-kv1mo,UgzsNPmrApqZj1uomGZ4AaABAg
@Sumanverma-kv1mo,UgxINOoVpy7QvkgK8jV4AaABAg
@Sumanverma-kv1mo,UgwLtLRY2dVAfCZyoNF4AaABAg
@Sumanverma-kv1mo,UgzOKuLWuLW5BzepWjV4AaABAg
@TheRealHolySpirit,UgwOAVsPiUBE0XPIYQB4AaABAg
@TheRealHolySpirit,Ugwy5Dl4xlV_tTSbsaB4AaABAg
@TheRealHolySpirit,UgxFV0q3stI8BcxwXy14AaABAg
@ucngominh3354,Ugwwn6Kd3ZgEs2BscSx4AaABAg
@TheRealHolySpirit,UgzM26m5ix-bOIF-5Ch4AaABAg
@TheRealHolySpirit,UgyTiMwDRXdiem5FnUV4AaABAg
@Croco_G,Ugz0NWtLu43BnP1Fq1R4AaABAg.ANZRZ7N9rjIANZdSuKzFcs
@haruyu123,UgzPb6_zBhgEss4FMJl4AaABAg
@jewelkendallschmidt,UgzshkzPtFf86P2v2HR4AaABAg
@jewelkendallschmidt,UgxwMZZobirttU9497t4AaABAg
@BakercalledGhost,Ugzfvu5YmEMJU-qQaL54AaABAg
@TammyHiland,Ugy3oQs55XC0xsT1DLl4AaABAg
@ShadowByNine,Ugz2Z71Q7r8lBZeR5ft4AaABAg
@JMPT,Ugz0NJSXfzsQdZQSHCN4AaABAg
@TammyHiland,UgwB83GK_KefCsbkL3J4AaABAg
@w-Nicksen,UgxgNHeNQRs43s_1v7l4AaABAg
@ShadowByNine,UgwwoHdKbc_T1GjJald4AaABAg
@w-Nicksen,Ugz6z7S3mtUhnVfZRN54AaABAg
@revemb4653,Ugwap4_B129fOEY5qNx4AaABAg
@haruyu123,UgyCEXSkffAC-rF9b-t4AaABAg.ANYywiIa7z5ANZ9WVT8LCW
@_-7310,UgzTeyXkj8mLAliOCAN4AaABAg
@_-7310,Ugw8E5ivtOtZhcG6cpB4AaABAg
@_-7310,Ugwfypc6h6RBSZTDhV94AaABAg
@_-7310,UgzoKBuQ0ugmudD7Mwp4AaABAg
@k1ng_chicken,UgxPCRcxORxnKegZvft4AaABAg
@naptimusnapolyus1227,Ugy1Slme0tB-0OQZvpR4AaABAg
@k1ng_chicken,Ugx5bnculJAoRj7O5YJ4AaABAg
@webverse700,UgwP1ylrICCsHSTR-z94AaABAg
@hadesgirld5145,UgxJlMY6fPVoEjhTXsN4AaABAg
@ashleyr6809,UgwW4DvDfAMEQXCktUZ4AaABAg.ANYqX8UXW_xANYrHIU0mdn
@ashleyr6809,UgxURm2BvQmCVPyQNup4AaABAg.ANYqUdZH4TeANYqepha-yF
@ashleyr6809,Ugwjnf8wYRnJgfVwwHx4AaABAg.ANYqSI7YtZBANYqgBY33RH
@hadesgirld5145,UgwBQ8qgeXkfXQNzs4l4AaABAg
@ashleyr6809,Ugyf4GuCmkovTc60Uzp4AaABAg.ANYotx3VPu4ANYparlVi6B
@aberobert7752,Ugx7sGxtWMAqg1d4NW94AaABAg
@BiG_Brain13,UgwEHgGlzYPHKJJQA4h4AaABAg
@ashleyr6809,UgybpPM_1U_eM9x1Kll4AaABAg.ANYoHdbt2TbANYqLUZjyHL
@ashleyr6809,UgwS91EzdfJq1MYlf9d4AaABAg.ANYnrnlInQtANYqZQz5I2n
@ashleyr6809,Ugz60I2dzC8jcUCv6nd4AaABAg.ANYnWz4l9jsANYq-51j7tP
@k1ng_chicken,UgwimjyJCF1_-cpm3Il4AaABAg.ANYnBLkjYxJANYvuE0FCNb
@ashleyr6809,Ugy1XMqFd_cuglEDYlN4AaABAg.ANYn9U2BDMtANYr9K0HQx7
@BiG_Brain13,UgzWnPcPTLVqrc4oLvF4AaABAg
@BiG_Brain13,UgzWnPcPTLVqrc4oLvF4AaABAg.ANYmxbk4-48ANYoJnwPrt8
@BiG_Brain13,UgzWnPcPTLVqrc4oLvF4AaABAg.ANYmxbk4-48ANYofiVAv5j
@emma_nutella58,UgxDQBfWhFCPo8GjNSN4AaABAg
@ashleyr6809,UgxkYzYvHatwoRryXOh4AaABAg.ANYmJYW5acJANYpGy0e91z
@ashleyr6809,UgzGad343VoYpXjnzCx4AaABAg.ANYm1y0fDONANYrU-a38Xn
@JoshHarris-i6q,UgyPWE8nG8_ugE9FwZJ4AaABAg
@TheHydrator2003,UgyeYw9_DoXdyaHv_OB4AaABAg.ANYlK6P1qWuANZyhH35V7c
@ashleyr6809,UgxAc6xB4P0zp8hNP5J4AaABAg.ANYlJwOyEjtANYrER0VA7n
@JoshHarris-i6q,UgzDW807hi-YLmW109N4AaABAg
@TheBooker66,UgxPyBGNlE7jZMnACXx4AaABAg
@JoshHarris-i6q,UgwUJqBr7IkALbKNnoh4AaABAg
@ashleyr6809,Ugx0Yydh9SAqDln0bhR4AaABAg.ANYkiXUeKkwANYqEtYOJRc
@ashleyr6809,Ugyuskwu9D5ErGfsP994AaABAg.ANYkeD7aXfZANYpE0p6s0G
@ashleyr6809,UgyseMatYFNkBv1dcUd4AaABAg.ANYkTfa4b7TANYqqbmLoMO
@SuperNASCARrocks,UgwlUeZDnYTrrM106NR4AaABAg
@haruyu123,UgzY8qLJs_1rXCass3B4AaABAg.ANYjqfOYHyTANZ9AAbTEYB
@ashleyr6809,Ugw0_sJfLM7MiCdjcq54AaABAg.ANYjebqXJmyANYnkQgAUCi
@ashleyr6809,UgxhaNtd6TH4UaKXlsB4AaABAg.ANYjXm1fovmANYrK6k1P1e
@anyoldthing,UgwV5H7k94pmouvzQOt4AaABAg
@ItsNicolau,UgwV5H7k94pmouvzQOt4AaABAg.ANYjD8ePQGBANYpAk0bziv
@JoshHarris-i6q,UgzXnn-_8L9IOE6oTH14AaABAg.ANYhaQDP_NvANYk0pHBsfq
@Snipsnapsnep,UgwlE-vQCrA3Sua88n54AaABAg
@w-Nicksen,Ugz6uxRPTigTgAU2Tj54AaABAg.ANYhYLqHju-ANZ1-SL555x
@Snipsnapsnep,UgxhzDp3-lhhBdZU_R54AaABAg
@haruyu123,UgyK9nAYJnRQiAo5x7B4AaABAg.ANYgcMG5-3_ANZ7dB3oXlG
@Kizerayn,Ugw7wg9zeoRhSlAD1VZ4AaABAg
@Kizerayn,Ugw7wg9zeoRhSlAD1VZ4AaABAg.ANYgHlSIlsgANZsLeGi4NG
@swedishZ0mBi3,UgzLPYNB0T0lGYt3DGF4AaABAg
@HeisenbergFam,UgxA6HnkJ7j6O3IpEad4AaABAg
@swedishZ0mBi3,UgyKCwym3QFI2FQPiRV4AaABAg.ANYg2ColzTSANYgMfWVF-T
@ۦۥۥۥ,UgzFISknpG3ieRSstLl4AaABAg.ANYfzpQvDfUANYgBmTRJ6D
@ۦۥۥۥ,UgwTzNxuC-EFw1nknoV4AaABAg.ANYfz_dcrwPANYg9GEuKJR
@ۦۥۥۥ,Ugzon2udgI2IdpVGq8l4AaABAg.ANYfz9zWuBbANYgCyDooTs
@ۦۥۥۥ,UgztCO8ullT5_T39VOV4AaABAg.ANYfyOKxrhrANYgAlRMabW
@ۦۥۥۥ,UgxsSRa22CjfFtupaM94AaABAg.ANYfxdcJvfgANYgBG0Lmma
@ۦۥۥۥ,Ugw-fMYoyDzcK0IAl694AaABAg.ANYfxEcTo0SANYgDutUAu4
@ۦۥۥۥ,UgwyhiKoe-k-23y8MJd4AaABAg.ANYfx1pxaXcANYgCNhqHbB
@ۦۥۥۥ,Ugw1eCA4QQNqCj-lEkR4AaABAg.ANYfwk0eRidANYgDQBM6gw
@ۦۥۥۥ,UgxfLXNqRbpmVWS1nqB4AaABAg.ANYfwMRmYrBANYgEJwmnxr
@ۦۥۥۥ,Ugzm29qP447ChYb9aaZ4AaABAg.ANYfvd7rKm4ANYg6liVg77
@ۦۥۥۥ,UgxRUhWjWpeYLWHuJ8J4AaABAg.ANYfuvAC6eDANYg7GXbg4x
@ۦۥۥۥ,UgxLpGpN_4F01CBa0eZ4AaABAg.ANYfudt_Ix4ANYgEu42z6D
@ۦۥۥۥ,Ugw4k783StiC6LIvGid4AaABAg.ANYfuaBHyanANYg7f3DPHN
@ۦۥۥۥ,UgxmGVJQvhEDFTvwcR54AaABAg.ANYfuEqKzvPANYg9ndgVIk
@ۦۥۥۥ,UgzmM_VLYCoD7RIW7YR4AaABAg.ANYft9V2MaMANYg8lJ4bEf
@swedishZ0mBi3,UgzmM_VLYCoD7RIW7YR4AaABAg.ANYft9V2MaMANYgJ4_CUuj
@ۦۥۥۥ,UgyK4v70scoq67qGQwV4AaABAg.ANYft0gX-7iANYgAGKEdb0
@ۦۥۥۥ,UgyeMAvT0WILUsfsION4AaABAg.ANYfsnbc6gqANYg6NtsOvE
@dannydanny9875,UgwBJjQiJ-LhlQ_LZHd4AaABAg
@spencerdunn2313,UgzeaYj4OShLZ9fpneB4AaABAg
@TheBooker66,UgzbjDJr6WaLvbQV1414AaABAg
@araf4367,UgyFb5qQu_f4xqK7CjF4AaABAg
@araf4367,UgzlECxOY75wAOfp3FV4AaABAg
@araf4367,Ugyf1KKR3CPeZN_jmZd4AaABAg
@araf4367,UgxtILqHBqoddpomMUd4AaABAg
@araf4367,UgzEMXfWqGYGvirIGP14AaABAg
@araf4367,Ugy6joeP7O8JIgW21Wh4AaABAg
@araf4367,UgzmSnmXGeChDFXtZEV4AaABAg
@araf4367,UgwL25wrbLl2K4Lnfjp4AaABAg
@araf4367,UgwoE4WCPVsz610MrbZ4AaABAg
@araf4367,UgxRUnOea7RixPohl0p4AaABAg
@Drama_Queef,UgxOWY6IJwUlv0bi-bt4AaABAg.ANPhVfGM35DANQRgKv0dpt
@ayushrai-p1q,UgznIPeF-iPvvzVN73h4AaABAg
@ayushrai-p1q,Ugyw4HMYuxxsqrBPTBZ4AaABAg
@ayushrai-p1q,Ugzf5rHBQwoll0dmtxV4AaABAg
@ayushrai-p1q,UgxyU_rBifTgn1wOGWJ4AaABAg
@ayushrai-p1q,Ugy3C3hlOxw99weZ9gJ4AaABAg
@ayushrai-p1q,UgzvGUh5JP0ExPG-gd94AaABAg
@ayushrai-p1q,Ugxz9_K-HdiDO6pwUbt4AaABAg
@ayushrai-p1q,UgwH0B-v_JpErWAnbhp4AaABAg
@ayushrai-p1q,Ugxp5JBO_AfUQXyMv-J4AaABAg
@ayushrai-p1q,Ugxi8gkPknPpTcYjkK54AaABAg
@ayushrai-p1q,UgyskMz_mOoBCW1RR6Z4AaABAg
@ayushrai-p1q,UgyyQDCG9oDRyxR1qX94AaABAg
@ayushrai-p1q,UgxIqyYdpnIhK_Nlvp94AaABAg
@ayushrai-p1q,Ugzz1awX9U8SFT5Ah_x4AaABAg
@ayushrai-p1q,UgxV3bmVBAzP05eCL854AaABAg
@ayushrai-p1q,Ugx4E3QMistOC6ZFhnN4AaABAg
@ayushrai-p1q,UgxPYm9iBAHVgScZ0494AaABAg
@ayushrai-p1q,Ugw2bJ_d0zY9ciRDn3B4AaABAg
@ayushrai-p1q,UgzCc69W9mYbH2dNN7B4AaABAg
@ayushrai-p1q,UgxDTbaNK-5IFEVq6kV4AaABAg
@ayushrai-p1q,UgzQ_BbvAcjX4GTov1l4AaABAg
@ayushrai-p1q,UgzX8tt7PZWTCGWjexx4AaABAg
@ayushrai-p1q,Ugy4gT5t9txXkTq33rR4AaABAg
@Drama_Queef,Ugxsf82SgGKPRcMkDXh4AaABAg.ANLDVc2UnN1ANLuG37prsO
@Barmetler,Ugy4vYv1TVNy2zjZOLd4AaABAg
@rustyudder,UgyPCa1gB8ikd9F-yiZ4AaABAg
@rustyudder,UgzfLptBl7227ic_Ox94AaABAg
@rustyudder,Ugxy8V3KdoFvZjEj1SR4AaABAg
@rustyudder,Ugxy8V3KdoFvZjEj1SR4AaABAg.ANJw-Lt4qFRANJwNAcSAvT
@rustyudder,Ugwo8fdEEsnwgQVaWbd4AaABAg
@rustyudder,UgwM7DJivkxM_dFekb94AaABAg
@himaririku9254,Ugz7L8N8vi3Mg2VIH-B4AaABAg.ANHsnPnA1cQANM-tIvkBPm
@Briannal884,UgwkLeSuNmnmAANQ9CF4AaABAg.ANHOSpdrZ-AANI9c7BA7MM
@hudsondangerw,UgykU5EyrS6VKEl63zx4AaABAg
@eichen97,UgwePg8Pq6chqVADjlt4AaABAg
@Briannal884,UgzGGJNblENv0Gc87Np4AaABAg.ANGz2DoMbd6ANI9Lxml7vm
@Drama_Queef,Ugx2vfg8E_r64NlMPNd4AaABAg.ANGp049FpvKANHGNOnnhjL
@BiG_Brain13,Ugz2weCuBLpAsWHS6MF4AaABAg
@BiG_Brain13,Ugx4gCBP7VSgVacjLLh4AaABAg
@himaririku9254,Ugx4gCBP7VSgVacjLLh4AaABAg.ANGUwGhVCVMANM-qSofW1v
@himaririku9254,UgwtZAWs-iEKYg3WgXl4AaABAg.ANGSnh7WeEqANM-lGcnEO_
@Briannal884,UgxLS7Hc2YRh1BkVLKd4AaABAg.ANG6MZsTTblANI9qoq91KI
@emma_nutella58,UgwqdR0PIO1FyG9F1it4AaABAg
@crazychicken8290,UgzrbAPkpiHPcEQ1DRd4AaABAg
@himaririku9254,UgzMpNDYuOXm9ZZBfuB4AaABAg.ANFp7Ek1OaBANM0WmvNPce
@himaririku9254,Ugxc5zeRg5N5w7TgibF4AaABAg.ANFeXE7driEANM-F2oQ7RC
@Xerdoz,UgyvXt5jn-enmZCN7Hl4AaABAg
@haruyu123,UgxCz4l1q0Ib0Ln7T7l4AaABAg.ANF_FVFqGnJANHJPk6gA0z
@himaririku9254,UgwGJxH0h4KLm0-EzdV4AaABAg.ANFSePuzNdzANLzmNZRA8Y
@aryobimo2199,UgxGpjpp9HYFxdY1dkZ4AaABAg.ANFQDYwz73bANG1Sxr7cKA
@Briannal884,UgzaaCh-64bbcUo27rl4AaABAg.ANFNqkTmUo0ANI9V9K7etl
@aryobimo2199,Ugyeqk7IO3HQlzckOMN4AaABAg.ANFNchfgaw9ANG1iQpP6vt
@Briannal884,Ugy5gHl6ic8pWiOF05B4AaABAg.ANFI5Y0TseYANI9nDxX0mW
@BleepBlop-rh9lm,UgyCj3bxzfViS4qRdol4AaABAg
@Briannal884,Ugwta45ui0qkce_NEpJ4AaABAg.ANF9zUgiXWgANI9IwG_IQg
@vishalkalicharan7710,UgztA-7QzsW8_cq-67R4AaABAg
@aryobimo2199,UgymJXrM-7TcKIzkSpZ4AaABAg.ANEtYm7CrbOANF-IKXFzTz
@Mikael-uk7rv,UgxJVzJfyk_SSg-kLTx4AaABAg.ANEqJ9cRauqANEsd3fV-Th
@Mikael-uk7rv,Ugw8mH-dBcptd8vNrc94AaABAg.ANEpbhyFz4hANEsnaGabut
@Mikael-uk7rv,UgwRGQGRQ0YcLCfW1Nt4AaABAg.ANEEj7HBX3aANEFhxhwOlr
@Mikael-uk7rv,Ugw-5nMhS-IkOrJ0JZJ4AaABAg
@anyoldthing,UgwOywq3mX6-Bv38u114AaABAg
@hamza-chaudhry,UgyWM-lfc1cI0n3dHkN4AaABAg
@Briannal884,Ugw-ju5vL4wBDeXZ9oh4AaABAg.ANEAuk8_An5ANI8eKAP0gk
@Snipsnapsnep,Ugy9hGwgp2LQEuILVZx4AaABAg
@Briannal884,UgzRBl_PKKNrPUctM594AaABAg.ANE1wcz5PnAANI9OzeHq-Y
@user-oy4lk7fd9w,UgyaqcXzuZp_ma1PgsN4AaABAg
@monicasmm,UgwhCV4Ixyqhf_wTnxR4AaABAg.ANDuahfX1XjANDw-5aAfLp
@aberobert7752,UgxOCj-H5rAmplWht9Z4AaABAg
@monicasmm,UgxOCj-H5rAmplWht9Z4AaABAg.ANDtspdFEWvANDw8TzJaT6
@monicasmm,UgwrQsoSpDlmJdYtPqh4AaABAg.ANDstG_12arANDwqdkm3vc
@webverse700,UgwSb_WpiNuKVJ7C_Pp4AaABAg
@konradfesk,Ugy4Gm4p_tlMT8gPeup4AaABAg
@monicasmm,UgwZAtUccJZrIxlwYMB4AaABAg.ANDnN-c10unANDxBAexiQm
@monicasmm,UgxXU7YaH6twpIbxmUR4AaABAg.ANDmiBn4MfYANDxG-Sx31O
@TheHydrator2003,Ugz-Z73qbAZdmRABQRl4AaABAg.ANDmSM_uuMsANF5wpbghFK
@Mikael-uk7rv,Ugwha4L3E0GmnOrBbvl4AaABAg
@k1ng_chicken,Ugw2nhKqslLRyZ-vFg54AaABAg
@Mikael-uk7rv,Ugz3Thi0lvGYZ6LbQBh4AaABAg
@monicasmm,Ugwuts37UQkUO59yLiZ4AaABAg.ANDk4Asd4GyANDxUxQnZDL
@monicasmm,Ugwuts37UQkUO59yLiZ4AaABAg.ANDk4Asd4GyANGMqPkJiwK
@monicasmm,UgzfSmpba933w1BrRFJ4AaABAg.ANDi7nF0hm4ANDxfxxubti
@monicasmm,UgxDn6V1KFvsQfe9hw94AaABAg.ANDhbQKkOsDANDxophy4Mw
@monicasmm,UgyxVFyvE2w9jyK2PeF4AaABAg.ANDh7j7wieWANDxqvsRQkk
@TheHydrator2003,UgzmzLLG8vWfp9hRYVV4AaABAg.ANDeQNWIicZANF6Gtszo0V
@aberobert7752,Ugx-jDLMUyExzwJDNkR4AaABAg
@aberobert7752,Ugzu2z6TyXq-ZHrq9Bp4AaABAg.ANDdk3UXSPFANDu5rxXmlM
@JoshHarris-i6q,UgyfbqKnnlxk_7nbBzt4AaABAg
@JoshHarris-i6q,Ugxq_X0v4K-Tbv46VP14AaABAg
@vustvaleo8068,UgwKAxsltz2VUm_JChN4AaABAg
@himaririku9254,UgyKrIcE0r-rKtHpI6Z4AaABAg.AND_qDeXkiyANLzr7uEI7k
@himaririku9254,Ugxnk9Zpo7WO33ZPp4l4AaABAg.ANDXj8hg4HtANM-HdgJjwg
@SuperNASCARrocks,Ugx7ABeM-ujvlSbmB0t4AaABAg
@Darkness_Damage,Ugwbf5yMADOK36AYIId4AaABAg
@TammyHiland,Ugy2lsr8ejkQyjseVQh4AaABAg
@TammyHiland,Ugz815Pq50-v1lJHt7x4AaABAg
@la5369,Ugx6pNXHMfz-A--ehsJ4AaABAg.ANDNF7r1R8eANDkIdiaIOv
@JMPT,Ugzn_MOIM1PSTwJyvKd4AaABAg
@TheHydrator2003,Ugycyd9_SMOWUvxtk9x4AaABAg.ANDCwOlzeU_ANF4zH8l9QG
@ashleyr6809,UgxGlxoY9Qm5ntRwuTZ4AaABAg.ANDBRX98H3rANDIvOOvzXt
@Mikael-uk7rv,Ugxx1o7BtM_lk0lT-el4AaABAg.AND9gnM6EyGANDAoqRy4a1
@Mikael-uk7rv,Ugxx1o7BtM_lk0lT-el4AaABAg.AND9gnM6EyGANDM0z8w1wd
@Mikael-uk7rv,UgxyqGPhLPdLOI8Jsg54AaABAg
@Mikael-uk7rv,UgxyqGPhLPdLOI8Jsg54AaABAg.AND9PeQ7mqHAND9Y22JGDy
@Kovman9,UgxM3ShbsyCkdYEZtoh4AaABAg
@SwitchFBproductions,Ugz9OVkzX4V-j0zlLQl4AaABAg
@AugmentedGravity,UgwOKMkMdv3h7S7ZxIN4AaABAg
@SwitchFBproductions,UgxdxMsS9GQtuLqTAk54AaABAg
@SwitchFBproductions,UgzACUMG38x-rRzWsul4AaABAg
@SwitchFBproductions,UgxUxypGaoDcAVm8Sr94AaABAg
@himaririku9254,UgzjYcA1rZ6WyCwVc9x4AaABAg.AND3OMNEaDHANM-dfwQvKm
@ashleyr6809,UgzXWVxh3NY7tIDDZSJ4AaABAg.AND31ZtXqftANDI-hzU81f
@SwitchFBproductions,Ugy-Ze3niOwWrmm-Wgh4AaABAg
@SwitchFBproductions,Ugybdgfxn2UyJLv0-p54AaABAg
@sandboy5880,UgxRnCB8Pz34pGCZTd94AaABAg.AND1RQD8w8_ANDITuLP754
@TheHydrator2003,UgxRnCB8Pz34pGCZTd94AaABAg.AND1RQD8w8_ANF5mDpr5Mq
@sandboy5880,UgxRnCB8Pz34pGCZTd94AaABAg.AND1RQD8w8_ANFVEM5SXRr
@TheHydrator2003,UgxRnCB8Pz34pGCZTd94AaABAg.AND1RQD8w8_ANFdzV078XN
@rfltyt,Ugw89NU7pPGnXqI2ril4AaABAg
@himaririku9254,UgzbruZnBaEyLFS9RLx4AaABAg.AND05HzlvJSANM-ZctM9Y3
@sandboy5880,UgyS_gsKh5-DObXd9dh4AaABAg.AND-MW1Fo9mANDJJeoloIb
@Briannal884,UgyS_gsKh5-DObXd9dh4AaABAg.AND-MW1Fo9mANI8BqMZw9P
@sandboy5880,UgyS_gsKh5-DObXd9dh4AaABAg.AND-MW1Fo9mANIT6UQ2j02
@watcherManu,UgxTW3SL9fjvSj0dTvF4AaABAg
@watcherManu,UgziLvSfjhF-bni-E-R4AaABAg
@sandboy5880,Ugx3t5SDtph66O1jZ9B4AaABAg.ANCzNWrZO7SANDIuhnoWO1
@vood__3,Ugy5ayeBVugjvbHBmqZ4AaABAg
@himaririku9254,Ugym5FGNxXJ_kGGShdB4AaABAg.ANCybnmLOfXANM-1KpLFh6
@Briannal884,UgwRmzBs8kRS3w86z6V4AaABAg.ANCy9DAIVrhANI8KvWh3Dt
@sandboy5880,Ugz9vbCQQuEGRCN0p-14AaABAg.ANCy8TA3wf5ANDK2pXd9wG
@jewelkendallschmidt,UgxsUA13PX93CQmjq5p4AaABAg
@ashleyr6809,Ugx-HgsxR0X5KkRacUN4AaABAg.ANCxvQYcMTjANDIkkgOlYn
@HeisenbergFam,Ugx6X_4zd1lDoo-7xVR4AaABAg
@ashleyr6809,UgxhYfpSGfw5rGKUb1x4AaABAg.ANCxg-fTTOpANDIrd_ncg3
@ashleyr6809,Ugw03OSGjp0ZEMgU-Qx4AaABAg.ANCxfvRB4phANDIYI95xna
@ashleyr6809,Ugz5GLYF9IX0iv85_vN4AaABAg.ANCxf239zIlANDIqCHp_HA
@ashleyr6809,UgxEnp1XYCIr53ZMFUR4AaABAg.ANCxdUk8d20ANDIZNjS0nV
@himaririku9254,Ugwi5xSXIiq2xaMW_HN4AaABAg.ANCxbnN7OnHANM-K1Mm8gQ
@himaririku9254,UgzXd0-4AccIbNn-GHF4AaABAg.ANCuB6I7hF3ANM-X6CCO6c
@sandboy5880,UgyQus7wDM4jmDi4AKZ4AaABAg.ANCoHZHTrV9ANDKTIu0cW8
@MrKentoNion,Ugy7ECL1aCbi215_ASh4AaABAg
@ashleyr6809,Ugy7ECL1aCbi215_ASh4AaABAg.ANCoGq8fsbNANDIxdMgbG-
@MrKentoNion,Ugy7ECL1aCbi215_ASh4AaABAg.ANCoGq8fsbNANDJK_Vx2Xb
@Blaisesvids,Ugz2x7GZgfdGSJYkGqZ4AaABAg
@removechan10298,UgymK-0_SChUoITChfB4AaABAg
@removechan10298,UgxYB1gquU-V9VMZV7t4AaABAg
@Daniel-wn5ye,Ugz8kef0yxXQaS_CL8p4AaABAg
@Ruiner89,UgwVZnPrN6ohFAfORlx4AaABAg
@Ruiner89,UgzWDqbKiWTidi80OLd4AaABAg
@Ruiner89,UgzXwQayOaDihm6NavF4AaABAg
@Ruiner89,UgyHo203g-T_eMUSjHV4AaABAg
@Ruiner89,UgwBHeZDOivFr-7MzeJ4AaABAg
@Ruiner89,Ugyd1OotyRTvnbeP-4R4AaABAg
@Ruiner89,UgyteO7kf958fGsAGpF4AaABAg
@Ruiner89,Ugw5NTrLRL6PausW4HV4AaABAg
@Ruiner89,UgxA8DOtQ3euaSngyyZ4AaABAg
@aryobimo2199,UgzAYHnicyD8ma22BAd4AaABAg.AMIO6S-ztfeAMJlVHsTkAQ
@Drama_Queef,Ugwrg-dy97al-FBHxgh4AaABAg.AMI6LAkV1DZAMIK_ce6lsw
@hudsondangerw,UgzrgmAC2R8dwUgF7Ch4AaABAg
@hudsondangerw,UgzxBX4UeObYD50i8hR4AaABAg
@hudsondangerw,Ugwan7xUZxkta3RK6rJ4AaABAg
@hudsondangerw,Ugzi-sC76J5lJwCklXV4AaABAg
@hudsondangerw,UgwrMB0WEeHiGQ1_7YN4AaABAg
@hudsondangerw,UgxAJApZF5vSjVkpVj54AaABAg
@hudsondangerw,Ugym5zg31rzLnsgTZDd4AaABAg
@Drama_Queef,UgyVsw029ykmWWS9emd4AaABAg.AMGiIeSdadiAMGmZLY8_aE
@Drama_Queef,UgyVsw029ykmWWS9emd4AaABAg.AMGiIeSdadiAMIIDnWEQhj
@aryobimo2199,UgztA-JrX49B5G8bj654AaABAg.AMGU_NjUMtaAMHkXZbQeMa
@nmypraha,Ugx747cTyT3IqrlOfyN4AaABAg
@Barmetler,Ugy9sVJ_YuEIEg0O4qV4AaABAg
@Mikael-uk7rv,Ugzdg-L8ZEbq8q6ab954AaABAg.AMBp4IEKLpMAMBqC4yKjod
@aryobimo2199,UgzC2Oz7F-6VlzKPzlJ4AaABAg.AMBo0CuAeM_AMCI4y7Odpt
@Mikael-uk7rv,UgxPh7fPRntEfvLIRX94AaABAg.AMBmQtnCccIAMBod0Qn2Yn
@Mikael-uk7rv,Ugy1GaDgKYubo4Jzgch4AaABAg.AMBkYtCVP8gAMBmOSeRqfc
@Mikael-uk7rv,UgxSdUvMv0feE4ley-54AaABAg.AMACw6w08K5AMAFNzUuv6V
@aryobimo2199,UgzkHdT9fpozfrtPiTR4AaABAg.AM9zqWgaRPfAMA8K_RP9UZ
@jewelkendallschmidt,Ugwr9PMUxBdITzCrHf54AaABAg
@frog8678,UgxKCcxhEUHK-RyfCfV4AaABAg
@Mikael-uk7rv,Ugyc90j-5j4yzYzDCi94AaABAg.AM90H2BXf_UAM91svR_dIs
@rustyudder,Ugxjlf2kIKKbTbPCSpx4AaABAg
@rustyudder,Ugw393sPOUeeSuyLyTx4AaABAg
@rustyudder,Ugw4ehiiUiwl16K_N7J4AaABAg
@simlei5475,UgzhU9vZ770w1CZ-7YZ4AaABAg
@Mikael-uk7rv,UgwFSrvETMDqQJZfKTd4AaABAg.AM8AVuvtNsTAM8BeynWbaQ
@1pcfred,UgxQbx5b0nNcvat9SOx4AaABAg
@Mikael-uk7rv,Ugwv_XIvZCIj1nDnLPd4AaABAg
@Azarilh,UgyHb9ysWGXDu2eDctV4AaABAg.AM7ocCdkBlyAM7pOXMSMFx
@aryobimo2199,Ugzh6tSld9ay8Yz8ZI14AaABAg.AM7lGtpGtp7AM8D7sQYbeN
@frog8678,Ugztucoiygad5t-tk954AaABAg.AM7lD7Qz_tnAM97N95dSMG
@aryobimo2199,Ugz9saJBgDW_T8yfGSN4AaABAg.AM7d0pEk-AOAM8DjXw2pNT
@khulhucthulhu9952,UgwUgvqLQoVJxjVHJUp4AaABAg
@smellthel,UgyHD56Zr9rCJKjP6814AaABAg
@smellthel,UgyVxSVnEgYCZbF-GtR4AaABAg
@hassaan1670,Ugyu7OJfVY47FzJmb7J4AaABAg
@hassaan1670,Ugz_7v7XkzKnoD4BSU54AaABAg
@pif5023,UgzUVUOlLBjcL6D5TP14AaABAg
@pif5023,UgwZXkuCCz4Rm18DviV4AaABAg
@Memessssss,UgxIrX8dOEu2FgEWxDF4AaABAg
@BakercalledGhost,UgwX6oboVy1D-kEcRD54AaABAg
@vood__3,UgyRslYifWC5-5Wc19t4AaABAg
@vood__3,Ugxx6mkbghRz7BgUc3l4AaABAg
@user-qu2bp8zt6f,UgwM9jsz8uR_P3piTYN4AaABAg
@Chuck8541,UgzykB8Wvb2Aa8olIXB4AaABAg
@fancen,UgwmwmoheGRWVucRJzZ4AaABAg
@w-Nicksen,UgxhHHs0PDUekzgjxjd4AaABAg
@w-Nicksen,UgwrXeyZmuZVl0v6SdR4AaABAg
@w-Nicksen,UgxNrpWfrhwgSYVMBMd4AaABAg
@littlefrank90,UgwNDajkR2TQh5TDf-R4AaABAg
@anyoldthing,Ugw-DMgky0QJ9yqCm4p4AaABAg
@SAVAGE-r1z,Ugz-STbQnSkkzEf0uaB4AaABAg
@SAVAGE-r1z,UgxHScTBk6b5_N3IbvB4AaABAg
@SAVAGE-r1z,UgxHScTBk6b5_N3IbvB4AaABAg.AM6B9eedQNsAM6ENNQ0uj_
@SAVAGE-r1z,UgxHScTBk6b5_N3IbvB4AaABAg.AM6B9eedQNsAM6EPeS6bAa
@SAVAGE-r1z,UgxHScTBk6b5_N3IbvB4AaABAg.AM6B9eedQNsAM6ERUvt0JB
@SAVAGE-r1z,UgxHScTBk6b5_N3IbvB4AaABAg.AM6B9eedQNsAM6Eb1ofKWc
@SAVAGE-r1z,UgxHScTBk6b5_N3IbvB4AaABAg.AM6B9eedQNsAM6EqM6YM5x
@SAVAGE-r1z,Ugx8umIYC34tWb6Qk714AaABAg
@WhatisReal11,Ugy-nkJQ7tr-3Tc97RF4AaABAg.AM6B1iAG1l0AM7DVHSjqvj
@ashleyr6809,UgybYkmVF0P4VB-cwil4AaABAg.AM6AtzKxWYBAM6DjotAZS3
@SAVAGE-r1z,UgxcqLw72EG3brVMZZh4AaABAg
@SAVAGE-r1z,Ugw-r1UmV90DmWkyNmh4AaABAg
@WhatisReal11,UgxpyehOVO_UZ_CEQCJ4AaABAg.AM69HgguV_uAM69za59gvh
@WhatisReal11,UgwsaG0qmqFJYZklR7t4AaABAg
@ashleyr6809,UgzLjuIdckhq1xygKpV4AaABAg.AM66oaaJGDAAM6DumH8jql
@WhatisReal11,Ugzf5G8LcknP9wP0EWt4AaABAg.AM66kuPG6eJAM6ABn9vPiH
@WhatisReal11,Ugwou3Tr4gvePu4HJtF4AaABAg.AM65WBpNweeAM6AH-iMO8r
@cc0767,Ugwj26v8OSLtiu64qXF4AaABAg
@cc0767,Ugwj26v8OSLtiu64qXF4AaABAg.AM645LUEnUVAMF2kfjpeOh
@cc0767,UgwAKWJeI3XnOZ5UyYV4AaABAg
@SwitchFBproductions,UgxPjRzZQLnmw9qCCkV4AaABAg
@SwitchFBproductions,UgxPjRzZQLnmw9qCCkV4AaABAg.AM63kgsXTfiAM64iz-dka7
@SwitchFBproductions,UgxPjRzZQLnmw9qCCkV4AaABAg.AM63kgsXTfiAM65EhVtK2V
@SwitchFBproductions,UgxPjRzZQLnmw9qCCkV4AaABAg.AM63kgsXTfiAM65Q_riMGe
@WhatisReal11,UgzrB0_FdRyE8zySza94AaABAg
@aberobert7752,Ugwm5LFS5YjozSvs3cJ4AaABAg
@cc0767,UgxnpY3l6KiAAEBKIV14AaABAg
@WhatisReal11,Ugz1mYqCkiR-jYcRvQB4AaABAg.AM61gcabRXaAM64D0DFPWE
@nightgamer_399,UgysD7FTVKt9F4d--Zt4AaABAg
@WhatisReal11,UgxL7hm3ApSY9r63U-l4AaABAg.AM61YW948QuAM67vIVNTom
@sandboy5880,Ugxri3ixKcagECDIDfZ4AaABAg.AM61Ry8GpxhAM63_FHqHYN
@WhatisReal11,Ugxri3ixKcagECDIDfZ4AaABAg.AM61Ry8GpxhAM67y6huvAn
@nightgamer_399,UgzzskGolyg6uekqA_p4AaABAg
@WhatisReal11,UgwywUHhzIct62RcGjZ4AaABAg.AM60BYABFKPAM68AgNN9ip
@WhatisReal11,UgwA_kaX7IXLEeJNqVp4AaABAg.AM6-w2x2X4mAM68GX7LtqM
@NostraDavid2,UgzjMbWRyj7jWxqw5zp4AaABAg
@DDracee,UgwuYUyCRerGJxQC-bV4AaABAg
@matterhadness,Ugw6gAhjLzOLnaxBDUl4AaABAg
@matterhadness,Ugy3DAdTMGOQdmYerAp4AaABAg
@matterhadness,Ugx1KWzGznb0uQ7l4CB4AaABAg
@sandboy5880,Ugx4evZw468R08VwZS14AaABAg
@matterhadness,UgwXcgMQ5pOdCuYkNC94AaABAg
@DDracee,UgyFxrgHZ0k6EIu0yh54AaABAg
@matterhadness,UgzoAchOrPyZXKcEicd4AaABAg
@matterhadness,UgzIHepP-Azq0zV9oot4AaABAg
@sandboy5880,Ugx9imudYGzoL3ilXpR4AaABAg
@WhatisReal11,Ugw7GECZOKnhNILnG654AaABAg.AM5xkHdvFTpAM6967MokUY
@hamza-chaudhry,UgyMCCY63JcPBVDhCZR4AaABAg
@WhatisReal11,UgyxhJoxdkcmrqOwIu54AaABAg.AM5sv8Y0t8vAM69YJJ1zkj
@thrillvilled111,UgxwcY_4-RhwiGrKrgN4AaABAg
@simlei5475,UgzIZ_C6i_TUzmOxKoB4AaABAg.AM5qKxAfaWhAM8fJTHJiBK
@WhatisReal11,UgyMnwrEbmQyigk2VNB4AaABAg.AM5plJLvmfnAM63QqeKsAU
@ashleyr6809,UgyrjR2Kew3rh4ri9Xl4AaABAg.AM5nr8DOpcFAM6HqrbXAVe
@ashleyr6809,UgxTZapRrHZpo0gAnxl4AaABAg.AM5nT4l6kc5AM6Hud4ztNn
@_-7310,UgxpjIVcvUW294j17Bh4AaABAg
@_-7310,UgzWlr2bkjhou1Sh8Al4AaABAg
@TheHydrator2003,UgxA9SQ4-Ht8Ktt0Fmx4AaABAg.AM5m5AQ-XA8AM5rPuQWRXQ
@TheHydrator2003,UgxA9SQ4-Ht8Ktt0Fmx4AaABAg.AM5m5AQ-XA8AM5uewkbECi
@crazychicken8290,UgzlueuutTiyBw-Df-l4AaABAg
@minhuang8848,UgxzflGfDmRyoUQ5vGZ4AaABAg
@WhatisReal11,Ugzyw2f3b6p00xVpd1V4AaABAg.AM5lQIUCzFdAM69iFlUtmd
@TomNook.,UgxDlne0WhqnrLVgio94AaABAg
@vood__3,UgxyQEHYLf9s0aCcTnF4AaABAg
@vishalkalicharan7710,UgwYDiRVUHdy4_69ykt4AaABAg
@ashleyr6809,Ugzr_WNR5--1iha7KOt4AaABAg.AM5hVyL7_w7AM6IZZCBUp1
@cc0767,UgzS31ngjDZGb-rxFEd4AaABAg.AM5gy8MopN0AM627M0ETYR
@SuperNASCARrocks,UgzsKHw49yb7tzmSqut4AaABAg
@ashleyr6809,UgyG-zU4PwVfvAixWRR4AaABAg.AM5gNAYmPILAM6IlZTNmsm
@ashleyr6809,UgymUNfkq94-jIhq9dR4AaABAg.AM5gHbWB_9JAM6InEWGdjh
@ShadowByNine,UgwWX1o0N8VIs7jm4bB4AaABAg
@vustvaleo8068,Ugwl7XNrp2lfV5voUeF4AaABAg
@JoshHarris-i6q,UgyC2nZNs8cLFEt0JjN4AaABAg
@cc0767,Ugz-TGGPNq63pAM14rd4AaABAg.AM5f0SLS1wDAM62kgIUbsi
@phoenix_random,UgwjPzj3seDovUoi-Ad4AaABAg
@konradfesk,UgztWdd31sYyTmeOhEl4AaABAg
@konradfesk,UgxK3WUPJccx1EpauJp4AaABAg
@EyesOfByes,UgwWaWyZHEicP6On3zN4AaABAg
@BiG_Brain13,UgylXvNkD5ZSEkEckMx4AaABAg
@EyesOfByes,Ugx6CjY4mrA8UdZUbgx4AaABAg
@EyesOfByes,UgxY3yc7Sqtwy97qodR4AaABAg
@TomNook.,UgxPtex48q2Klazg2Id4AaABAg.AM5aWHntyZdAM5jDKcp0tw
@Snipsnapsnep,UgyD9JCuOB3Y5OEIW214AaABAg
@cc0767,UgzlRkacXXe7IrFUGHl4AaABAg.AM5_U1LiB2vAM631vy7E2C
@JMPT,UgyI8Jo2KvZLMedQyXp4AaABAg
@Mikael-uk7rv,UgxMNvwn1hvh6Ciz5Qp4AaABAg
@emma_nutella58,UgxL2ZQ-B-6QRCJ2vuN4AaABAg
@EyesOfByes,UgwugjQJw0hjtXB54id4AaABAg
@WhatisReal11,UgzXt4lDB8bgVR7VUgN4AaABAg.AM5ZlBKB4TgAM69mycSjk4
@Blaisesvids,UgxD5f8oU7SVGLDpJPB4AaABAg
@webverse700,Ugyty96AdtFNQSkocr94AaABAg
@Blaisesvids,UgxGnnrTiS3wPJ-4bNp4AaABAg
@Mikael-uk7rv,UgzKL3JM8j8V--F7dll4AaABAg
@Snipsnapsnep,UgwIkxyiOHd7_VkIS8l4AaABAg
@Snipsnapsnep,UgzKg5fEuhws0ajtUYB4AaABAg
@naptimusnapolyus1227,UgyHYa2tMphNgkDdT0x4AaABAg
@Kovman9,UgxaZByGSK4BB8YV0rN4AaABAg
@Kovman9,UgwEBWtrnNYVqGZ1oLR4AaABAg
@Kovman9,UgxeDbLT6EgBq1dlVZJ4AaABAg
@Kovman9,UgztrCjCdUn6CJwHcQF4AaABAg
@Kovman9,UgzNyVqL5pZIVB52aWt4AaABAg
@naptimusnapolyus1227,Ugx8f5vt00hnHVrPiHJ4AaABAg
@BiG_Brain13,UgyqudKUEMpLahRQest4AaABAg
@naptimusnapolyus1227,UgwS8dJUXo4dAIDOwxB4AaABAg
@naptimusnapolyus1227,UgyzeN-C1nqdAWTlJpd4AaABAg
@crazychicken8290,Ugyh6_ujwTVtNh3x1B14AaABAg.AM5Vm-ds6RbAM5lweuNaFq
@cc0767,UgwBM9YntDs7E38izfh4AaABAg.AM5VhrhtgoiAM62pmSalND
@BiG_Brain13,Ugxv6ntIAFN7kBFlrld4AaABAg.AM5VHFySZ7kAM5cemk0hzm
@Kizerayn,UgxA3klYsjEwx9Dqf-V4AaABAg
@HeisenbergFam,UgzgJphiL1WdupBMI3B4AaABAg
@haruyu123,UgyMaBP2KXek0Qarhhp4AaABAg.AMgie94MHjJAMi7TS-VZv8
@haruyu123,UgxaZrRQCmvrBXvIBrZ4AaABAg.AMfunQzDrnLAMi7W-iO0lk
@Mikael-uk7rv,UgxPzH9U1zVmriSX43F4AaABAg
@paolalovescats,UgwLVrr8n7ECvqlSbm14AaABAg
@paolalovescats,UgzTyR1eFApdGD7Bg654AaABAg
@paolalovescats,UgytsfY9-PYqsFrRVIZ4AaABAg
@paolalovescats,Ugx_V0BcDl6y5ydaWyR4AaABAg
@cocleum,UgxN8IWohQ11jPnMk2Z4AaABAg.AM364PHWod-AM4yLqxmEWg
@Drama_Queef,Ugw5r9Pk2vIL4U1wtGN4AaABAg.AM-iP-2zR6zAM0DnfVmtQF
@Drama_Queef,UgwFL6uNh00GyqMhFOF4AaABAg.AM-LWGKqSCZAM0Dv0iCwUb
@TammyHiland,UgxMaTpHZF8y8fcw-UR4AaABAg
@Drama_Queef,UgzO712uAqcG6NQWY0J4AaABAg.ALynytllDYOALyw77HN-i8
@Drama_Queef,UgxXzArL_5t_CYKJwUZ4AaABAg.ALx3F3cH9GkALywGQodrk4
@Drama_Queef,UgxXzArL_5t_CYKJwUZ4AaABAg.ALx3F3cH9GkALz9QtjBVVp
@Drama_Queef,Ugyk92rerZxzsUL4ntZ4AaABAg.ALw19_73oS1ALywMHOY3QS
@cocleum,Ugw7ZEJVQI8wVlmcJ0d4AaABAg.ALvNUEb9f4nAM5-GxzJQtO
@Drama_Queef,UgzH-19unqPG-hpMeZB4AaABAg.ALsKpVx3qa-ALtycL9nE-C
@cocleum,Ugwz8ECjoz38yMmcIW94AaABAg.ALsCiM32emCAM5-e9HCYYB
@dannydanny9875,UgywgK-eqRm6Hr9frHR4AaABAg
@haruyu123,UgzB5102V2kwGHhgvRN4AaABAg.ALqFj7Cgg9iALsfnMghfnm
@la5369,UgyWeQaSyh7tGicUAEJ4AaABAg
@Drama_Queef,UgynaXnvyEtzzWYW-Ip4AaABAg.ALnth1mNFOdALp9gVw_UZ6
@Drama_Queef,UgwJccwWYskTGejxKdR4AaABAg.ALntAEAJ_KcALpAHlVPirr
@rustyudder,UgxUOx-a1sxKjTbhMQ54AaABAg
@Drama_Queef,UgxQvrw3w1UIWfMdA4d4AaABAg.ALmhj0nk1WoALpAS7qa2TC
@Mikael-uk7rv,UgzI_osgLq8U3RhrZvZ4AaABAg.ALmXtfWWwsAALmbe5MA8wy
@Mikael-uk7rv,UgxBybmBqDwq7h-ll_V4AaABAg.ALmA1WL9xClALmcGPe0G9Q
@Drama_Queef,Ugwwz8uuFSA9kgQEq694AaABAg.ALkoHB4tQXfALmGmGrWEBJ
@aryobimo2199,Ugz4m9ou_GvQYdq2hvt4AaABAg.ALkYSvX9AGHALlVHMKyrkT
@nightgamer_399,Ugw02-SEhr-eKk6vsdx4AaABAg
@Drama_Queef,Ugy08plUNAhnyVRUNEx4AaABAg.ALjqIw-xG3pALk-XpxcFru
@aryobimo2199,Ugy08plUNAhnyVRUNEx4AaABAg.ALjqIw-xG3pALlVgG5zGLz
@simlei5475,Ugz95KR6QQ3e-dDKv0t4AaABAg
@simlei5475,UgyB6CA5GaZpUVAsgK14AaABAg.ALjJPbLduYOALjjiZhlLht
@simlei5475,UgxI3SbCQ3FYR-g9ck54AaABAg.ALiPAfeUHJfALjjwwtH3Tv
@simlei5475,Ugz2ovrxj0nxurRXReh4AaABAg.ALhYOJg7E_HALjk3Cx5q9F
@Drama_Queef,Ugx61aiGKvAWeVGiUCJ4AaABAg.ALhYLlQLc4rALk-pXr_GMm
@ItsNicolau,UgxARhipszyeFXv-WmJ4AaABAg
@aberobert7752,Ugy_fyBYNKc3HdsVmRd4AaABAg
@simlei5475,UgzfRFrlwashiZ5ogXN4AaABAg.ALhDhjuBzp5ALjkDCoHskb
@cocleum,UgwfHReonjLGLdgPd5R4AaABAg.ALgybeQdSAyALh5pd35DVX
@cocleum,UgxOGF6aR38-TwW4cqt4AaABAg
@simlei5475,UgwrA4jeod07wVGJ8yN4AaABAg.ALghG2pGDLvALjkN5JE_MY
@simlei5475,UgyXhPGKWCyDUCByDAt4AaABAg.ALgZRkyQdSaALjkT2UddjU
@simlei5475,UgyOLVHDTz1CwNI76sd4AaABAg
@Mikael-uk7rv,Ugx2Y4u9Psh5Jm5Ufvl4AaABAg.ALgKjGlJCayALmeqS3u6i5
@la5369,UgzvzyAaF6hwr2nE34Z4AaABAg.ALfMgq30tUxALospwERqZi
@matterhadness,UgxeXosrNFkM3GQQPvl4AaABAg
@matterhadness,UgwDx9FJ_IzN1ppy_0d4AaABAg
@matterhadness,Ugz5omBpWOVpbvE4ejx4AaABAg
@matterhadness,UgyH11XNFlSC2_gjqZt4AaABAg
@matterhadness,UgwewSDKGfRMKt-B2YZ4AaABAg
@matterhadness,UgyVQRIxZYp4FWKB1Fx4AaABAg
@matterhadness,UgzMI9Yvo03r72NHh994AaABAg
@matterhadness,UgzpYrP8KC_UC2mLcWF4AaABAg
@matterhadness,UgxxBiQSZx5KxRqNHw14AaABAg
@matterhadness,UgxvdQ3sh1JYBQbIfT54AaABAg
@matterhadness,UgyN51YWuosXQV-oUKl4AaABAg
@Darkness_Damage,Ugx_h9VAeNDLNixxQ6J4AaABAg
@ItsNicolau,UgwjbeHFLwoxcW4uVH94AaABAg.ALdS8TZsouwALhZ_izgwGB
@Guus115,UgwEpjHpgAJFHMKInSx4AaABAg
@TheRealHolySpirit,Ugwv72w4kkfCuLOn4YF4AaABAg
@TheRealHolySpirit,UgyovroExOyxA5Imaa54AaABAg
@TheRealHolySpirit,UgxtokO9SBeakO672bl4AaABAg
@naptimusnapolyus1227,Ugw4nGA7xkcbNluK0QR4AaABAg
@SwitchFBproductions,Ugxfg4H8QNqS0fr5Fk54AaABAg
@MWDiss,Ugy7FZYGzeh61WN5eUR4AaABAg
@SwitchFBproductions,UgzgIPn2zuoE76nvj1B4AaABAg
@SwitchFBproductions,Ugyz2MmfyjKfXdba7z94AaABAg
@SwitchFBproductions,UgzeypzHFNUrz4rM3C14AaABAg
@SwitchFBproductions,UgxYDI_-Dr0aKsapz894AaABAg
@SwitchFBproductions,UgznmC0PjclTPlJBAel4AaABAg
@SwitchFBproductions,Ugz4Pfkzyp64zQcyijh4AaABAg
@SwitchFBproductions,UgwORjoEkeioC6EvU9l4AaABAg
@SwitchFBproductions,UgxpEaHw1haee7GAh8B4AaABAg
@itijikqabl8108,UgxbhNfqEIUhHlPjZKB4AaABAg
@itijikqabl8108,UgxbhNfqEIUhHlPjZKB4AaABAg.ALcdhsm-AiDALe17NOVgDA
@itijikqabl8108,UgxbhNfqEIUhHlPjZKB4AaABAg.ALcdhsm-AiDALipHA0t3fq
@anyoldthing,Ugzma5otgtNB7mIPev94AaABAg
@cocleum,Ugxq2rZ9U6umqjm0IiB4AaABAg.ALcMK71jbTLALgr3Sxtf7a
@anyoldthing,Ugxm4tEr1_p0BRzW3AF4AaABAg
@Chuck8541,Ugz_OJg3MX--5ILjDI14AaABAg
@JoshHarris-i6q,Ugz3GOPHeVG4I9HE28V4AaABAg
@vishalkalicharan7710,UgwUWGTKz-bOiIDNwEl4AaABAg
@Drama_Queef,UgzF7jiP-zMuSu7ACph4AaABAg.ALcGKY3_d3mALcGtJ30BN2
@hamza-chaudhry,UgwODO3mi9cg8y6xVHB4AaABAg
@vustvaleo8068,Ugx8YVvFM-0flY1F_CZ4AaABAg
@himaririku9254,UgzPUHATE5Nq_fZsNTl4AaABAg.ALbxVpAeEN3ALhTEv_3M0D
@webverse700,UgywB0MDBGMkY31mbJN4AaABAg
@himaririku9254,Ugw7W2DIQk1W4zKOY5Z4AaABAg.ALbuV_oouedALhT3vCk0J3
@la5369,Ugw7W2DIQk1W4zKOY5Z4AaABAg.ALbuV_oouedALop91fpAo_
@Kizerayn,Ugw-N1DrTxdfnONoBLJ4AaABAg
@Kizerayn,Ugw-N1DrTxdfnONoBLJ4AaABAg.ALbtpVx3rS8ALcCSjMcBDb
@_-7310,UgzrtO746IojGPS5jlp4AaABAg
@Drama_Queef,Ugy7LVSStl4KNNwrFSh4AaABAg.ALbpPYbvz7jALcHHz047_C
@monicasmm,UgwiXXWzzMCrYpNIYhx4AaABAg.ALbmMIzcVaNALbtGrxU8z5
@emma_nutella58,UgwYcT0QpzemabxkiJ54AaABAg
@SuperNASCARrocks,UgwAiC0ABe5OOUIdb4F4AaABAg
@swedishZ0mBi3,UgwXr6aNHBw2M5Wdb7B4AaABAg
@ashleyr6809,UgxKXWYpjHxl_3Gca1p4AaABAg.ALbe40nJzu2ALbeFudRHu7
@ashleyr6809,UgwKmOvGoI-2DCNxOiN4AaABAg.ALbddqtqhMJALbds3ek6Xa
@LKD70,UgxnMQiOJ0zsP6Og_F94AaABAg
@ashleyr6809,UgzNpnVT3W-PMXuYaU94AaABAg.ALbd5O6FaAAALbeO___vgW
@ashleyr6809,UgyceeLn1xkUO33H2Ul4AaABAg.ALbcsgCxmcRALbeKD7mEmJ
@JMPT,UgzM5SV4uvyNFaQSjnp4AaABAg
@ashleyr6809,Ugw_E0CYcnfcIvV7LqB4AaABAg.ALbc4adGwEEALbeALcjaGF
@ashleyr6809,UgymvZvHGnHsyQLQT-J4AaABAg.ALbbYW64fWlALbeGujVQ8Y
@BakercalledGhost,Ugz8-8VunTPpRFlRwON4AaABAg
@ashleyr6809,Ugxk-uR-PFpxmbQ5suN4AaABAg.ALbbRtHCkA8ALbdKnzahGP
@MaIuar,UgwNzuf61n7OGQKJj5x4AaABAg
@MaIuar,UgwNzuf61n7OGQKJj5x4AaABAg.ALbbOK3xBNsALbeKg7TYu9
@MaIuar,UgwNzuf61n7OGQKJj5x4AaABAg.ALbbOK3xBNsALbeP0-R8-f
@rfltyt,Ugzz-zVTaKLwqBz6bdt4AaABAg
@MaIuar,Ugzz-zVTaKLwqBz6bdt4AaABAg.ALbagIv4vyCALbbFKJAN2s
@ashleyr6809,Ugzz-zVTaKLwqBz6bdt4AaABAg.ALbagIv4vyCALbeW3RGPov
@rfltyt,Ugzz-zVTaKLwqBz6bdt4AaABAg.ALbagIv4vyCALbttKL7MJN
@MaIuar,Ugw-Bgo6l3QpNI5Xxph4AaABAg.ALbafAaT8E0ALbdXPtknBj
@MaIuar,UgyU93qVn4ys3AAD3vV4AaABAg.ALbaXWHuwgWALbc1SPVokm
@ashleyr6809,UgyxEtkttDXm5lTqy3J4AaABAg.ALbaTwVhux1ALbe7ZPQCHY
@MaIuar,UgzEB_h-uZ1AfJxHxHt4AaABAg.ALbaRJjWMreALbcIBm0jTt
@himaririku9254,UgwizbCSlAGhXuYIywd4AaABAg.ALbaQBMkBIYALhTQZthICd
@ashleyr6809,Ugzxgnv_6Y4vcPv-H3h4AaABAg.ALbaOuvltsnALbejb8bdsQ
@ashleyr6809,UgzjCJSOf6LSr-kJJkd4AaABAg.ALbaKvqkvVKALbemouWfGA
@ashleyr6809,Ugz14k6M_ND-CDoOcaJ4AaABAg.ALbaIf-Ila3ALbeZQR6H9u
@hamza-chaudhry,Ugxrrj0uQ2Fvxe3gUYt4AaABAg
@ashleyr6809,UgyJlw-fkZ0rwmE1t_l4AaABAg.ALbaCf8C1gbALbeD_Dv4bP
@MaIuar,UgyL0KoC3y9m-0CAekd4AaABAg.ALbaCHN24BXALbdkEXQR6X
@watcherManu,Ugy1M8N6OcrE_YqqXqR4AaABAg
@HeisenbergFam,UgyFouS3v1aa20Aq5W14AaABAg
@ashleyr6809,UgygSd4PQ7W_rvUiK5F4AaABAg.ALba9UHx6ULALbeSv8O-D0
@MaIuar,UgxR60jQ3D4Ki7IxiFd4AaABAg.ALba9-MrPWKALbd24qND5a
@ashleyr6809,UgxZlWSNz-PtMGfZlEZ4AaABAg.ALba8Ir2QNqALbe3DKT8_z
@Kovman9,UgwJ0UsX-wE41xHndQ94AaABAg
@Kovman9,Ugzwrre4-AbWIW7mcJJ4AaABAg
@Kovman9,UgyqTL5fR63UTxZYD9J4AaABAg
@ashleyr6809,UgwDmnYQVeN8WCsGBVl4AaABAg.ALba4DNE4kHALbe_uLV9Vp
@cc0767,Ugz5MR4YSTt9bwgr3Rt4AaABAg
@TammyHiland,Ugz6hcpEgb6b3E0-x3h4AaABAg
@TammyHiland,Ugxn05JjhW4INkaPrSF4AaABAg
@newbie4789,Ugw1Zd1K-QdaQJhegmh4AaABAg
@konradfesk,Ugz3cMrCoBY06G1ziL14AaABAg
@Mikael-uk7rv,Ugyqnvs3gnNt92xEyxx4AaABAg.ALXK6dy9-KbALXPlsXpPX3
@Mikael-uk7rv,UgyQurUgrEbIEnr-fBJ4AaABAg.ALXAJjafrqMALXPaaszyGB
@crazychicken8290,UgwgpZZr9hRhalKG3cp4AaABAg
@Mikael-uk7rv,UgzVmBOU7C1g_-odqid4AaABAg.ALP-YtwneAhALP8EOS8VhB
@Mikael-uk7rv,UgwRrAKROfVFITzbbx54AaABAg.ALIHEHaladFALIIHWy5_Rc
@Mikael-uk7rv,Ugy9NOmaZ0ZRQTJ6omh4AaABAg.ALI8CyNRssmALIFMW2Q4zG
@Mikael-uk7rv,UgwnxvZpoGx-FiJXLI14AaABAg.ALI0hh9J-cKALIFpy4t4od
@Chuck8541,UgzPgsnVTRRH_JPkck54AaABAg
@Chuck8541,UgzCztsRWO_Lxxn066N4AaABAg
@Mikael-uk7rv,UgxpYKRxucusECr6Jzt4AaABAg.ALHtzTLXoNQALIGDvQYkJ-
@Chuck8541,UgxfvMZKXivu27_0r714AaABAg
@Chuck8541,UgxljM4zlNS-eJbKBrF4AaABAg
@Chuck8541,Ugw4zCuX4JmOtXbOHPZ4AaABAg
@Chuck8541,Ugyt_MNJUBH-zfnbjj94AaABAg
@dannydanny9875,UgwWGUjfRFyJxQ62AQZ4AaABAg
@Mikael-uk7rv,UgwSaFO64SiuPC9J6Bt4AaABAg
@Mikael-uk7rv,UgwH9jZKM_NVSQbxzGV4AaABAg.ALFdNTUxeUGALFg73yx_XR
@Mikael-uk7rv,Ugx6syOzMYT7qfuUjt94AaABAg.ALFZOXjQp7OALFgyALHHbX
@aryobimo2199,Ugy-i1lmVXEwLJ5jSkN4AaABAg.ALFJhCH4l0aALFglMTT02a
@Fly-k7d,UgzTEyooJzGMsPvvWsB4AaABAg
@Mikael-uk7rv,UgxHihbugRx9RYKZnE94AaABAg.ALF0URoBqRIALFCKE72FuV
@Fly-k7d,UgzbDeXVW6Ma1WprZj14AaABAg
@Fly-k7d,UgzbDeXVW6Ma1WprZj14AaABAg.ALEs_YIcEfRALEsbHDJ3Qf
@Fly-k7d,UgzbDeXVW6Ma1WprZj14AaABAg.ALEs_YIcEfRALEsc-itBap
@Fly-k7d,UgzbDeXVW6Ma1WprZj14AaABAg.ALEs_YIcEfRALEsdEVm7Vf
@Fly-k7d,UgzbDeXVW6Ma1WprZj14AaABAg.ALEs_YIcEfRALEsgL0eZby
@Fly-k7d,UgzbDeXVW6Ma1WprZj14AaABAg.ALEs_YIcEfRALEsk55ZHnU
@Fly-k7d,UgwJLhIEbnmqYF8ybeh4AaABAg
@Fly-k7d,UgwJLhIEbnmqYF8ybeh4AaABAg.ALEoQvJ1gL9ALEprXIIvfR
@Fly-k7d,UgwJLhIEbnmqYF8ybeh4AaABAg.ALEoQvJ1gL9ALEptum6fgi
@Fly-k7d,UgxnaqR3t2Pxb_GlJsd4AaABAg
@Fly-k7d,UgyjnVK9rXoCUMYRIJR4AaABAg
@Fly-k7d,UgyjnVK9rXoCUMYRIJR4AaABAg.ALEnufA6KjHALEofVClWqf
@Fly-k7d,UgyjnVK9rXoCUMYRIJR4AaABAg.ALEnufA6KjHALEohsekFrB
@Fly-k7d,UgyjnVK9rXoCUMYRIJR4AaABAg.ALEnufA6KjHALEol1GD711
@Fly-k7d,UgxM7AOzUrEvoGs3o-V4AaABAg
@Fly-k7d,UgwJCWwO9r6Spl_QYh54AaABAg
@Fly-k7d,Ugz7YWDo8UOcYJGMI154AaABAg
@nightgamer_399,UgwSkCJ8fLx_IK-9Rb14AaABAg
@aryobimo2199,Ugy0ZVMNKjodwKojMZl4AaABAg.ALBknZ5DWF8ALBxa3quFrD
@Somejerk87778,Ugxil2gJlWrTzX-riT14AaABAg
@Somejerk87778,UgwgKvcsJCG_7bpV4Wh4AaABAg
@Somejerk87778,UgyiaQe_tO6A0p63Aa14AaABAg
@Mikael-uk7rv,UgxcJlwcE69J7GAIUTx4AaABAg.ALAfA_kxfZ4ALAh6CuQOb0
@Mikael-uk7rv,UgxcJlwcE69J7GAIUTx4AaABAg.ALAfA_kxfZ4ALAhgojSuPQ
@rustyudder,Ugx8lXAgPR2YN2tEAXJ4AaABAg
@Mikael-uk7rv,UgxjFh9eTKeFhGSnDEF4AaABAg.AL9yhuLXEtkAL9ztKqeGnt
@Mikael-uk7rv,UgwL07qtpWkjI2wfCIx4AaABAg.AL9rPci_pK-AL9wc_cgyA3
@cocleum,Ugwmu1k7XEnEPhESHNt4AaABAg
@aryobimo2199,UgxZefJf1FmLA74oX3h4AaABAg.AL93T7X9xKSAL971A-hiXD
@Mikael-uk7rv,Ugy0UHnmcJoze1C3FvR4AaABAg.AL8-ndLIkBqAL828jM5Im_
@Mikael-uk7rv,UgxYJZmBwGZjwhqfCql4AaABAg.AL7xYx_mJkIAL7zmvLeV33
@TheBooker66,UgwG-hTF4mfHj88rUIt4AaABAg
@Mikael-uk7rv,UgyJCaQdcBUdpPJLYoh4AaABAg.AL7tcltas1pAL7vUXfD-5U
@Mikael-uk7rv,Ugx2eOmOGDEhA2LSBGp4AaABAg.AL7tB4CV-zcAL7vtXLbj3L
@Mikael-uk7rv,UgxFnO9Phg-62ig4Vo94AaABAg.AL7jKosBnseAL7nY3qIGF5
@Guus115,UgyNSwGS-iw7faLuZ7B4AaABAg
@Mikael-uk7rv,Ugwxk8DfQ6KWVlHb_d54AaABAg.AL7RS7m_sjQAL7STsWS6dJ
@Mikael-uk7rv,Ugzezq7SxPsey9ZaTgJ4AaABAg.AL7QNo0p-POAL7To84d1dZ
@Mikael-uk7rv,Ugzezq7SxPsey9ZaTgJ4AaABAg.AL7QNo0p-POAL7TwHTFwxN
@haruyu123,UgxkljpxlZrYEFw6-f14AaABAg.AL7N8VC6HgpAL7NLzDWDVi
@aryobimo2199,UgxkljpxlZrYEFw6-f14AaABAg.AL7N8VC6HgpAL9HG_8CTwb
@aryobimo2199,Ugx2Fxvq0Men4vcAael4AaABAg.AL7GIrOAK4MAL7LYbhkSH_
@haruyu123,Ugx2Fxvq0Men4vcAael4AaABAg.AL7GIrOAK4MAL7NRnaesdY
@user-qu2bp8zt6f,UgzkffBoY_bX4dBU_hx4AaABAg
@krtirtho,UgxRrJ6T5ScK-_bsXmp4AaABAg
@la5369,Ugz3oK9uiwRIs4qEFaJ4AaABAg
@la5369,Ugx5Lwa7C6bKYhWOdpV4AaABAg
@crazychicken8290,Ugz5_ooz-GGuNah0U9l4AaABAg
@Matt561,UgweFfxwwwU9rkKsP8h4AaABAg
@ucngominh3354,UgxdeiOZ9c_cO5cgHil4AaABAg
@JoshHarris-i6q,UgwCrKxEIgNxyPWBS8V4AaABAg
@crazychicken8290,Ugzt1eJEsp7se1nwvcR4AaABAg
@webverse700,UgxXfzdCewU_0oEo1HV4AaABAg
@anyoldthing,UgzH2c1prgpLNkAv3Ph4AaABAg
@hadesgirld5145,Ugwe5WT704T2Q2zPnb54AaABAg
@hadesgirld5145,UgwhilHFbIH5lvuo9Hp4AaABAg
@removechan10298,Ugw1P6yO8gBYy4cMZnZ4AaABAg
@Memessssss,UgzHkIvnhPTQoTT6Kst4AaABAg
@ItsNicolau,Ugz0Z5-Q79DBp9rm9hx4AaABAg
@paolalovescats,UgwLJV-MH1u1wErkQi94AaABAg
@Snipsnapsnep,UgywPq6zT1wLCEsKieh4AaABAg
@hadesgirld5145,Ugy2hP9buZzdoAf40ZB4AaABAg.AL5VDo8fluKAL5mLGpqEmq
@_-7310,Ugwokgv_IMum7AAPM354AaABAg
@BakercalledGhost,UgyRaYuw7TWk781YbEB4AaABAg
@_-7310,Ugxi-cWA9DpVahhCC1t4AaABAg
@aberobert7752,UgwGt6cpXn3mgKbsJVx4AaABAg
@BleepBlop-rh9lm,UgzzbsNxnhtx-ljaWXZ4AaABAg
@vustvaleo8068,Ugw0JYkqJ2KFwjw3C-x4AaABAg
@hadesgirld5145,Ugw2adeGCh0o5Pw9RaZ4AaABAg
@ashleyr6809,Ugzd4yJHCI0dt49QYxZ4AaABAg.AL5IIjC39lrAL5Jyg_E-X2
@hadesgirld5145,Ugxzl8LLn-J9abDRp3d4AaABAg
@ashleyr6809,UgybtSy1AJdBGiu_Esx4AaABAg.AL5H2CTCvSyAL5JMwV7VO-
@hadesgirld5145,UgzklklKEHZm4_F3WfB4AaABAg
@Croco_G,UgwDuRPJIhT5hNeP36x4AaABAg.AL5GY42SvutAL5HBtXaxvT
@monicasmm,UgxfQa0EkSn4qoR-aV14AaABAg
@ashleyr6809,UgwMJvxfn-UL7_XR-nd4AaABAg.AL5FxcmnUmrAL5K1Q9n-U5
@monicasmm,Ugx4p_r10u5eMMcW4Ml4AaABAg
@ashleyr6809,Ugz7LXsQ6ngylZmyJJp4AaABAg.AL5FUK_EPBTAL5Ixzw8Yxw
@naptimusnapolyus1227,UgwzY5F2kl9b6dFq01B4AaABAg
@nightgamer_399,UgwuYK3TZaIfwuFstlJ4AaABAg
@Croco_G,UgwvL00aB17PLkJwIpB4AaABAg
@ashleyr6809,Ugw0q-0aI_VeH3_IlKN4AaABAg.AL5EYAqv_gEAL5IoLzCRE3
@ashleyr6809,Ugw2_OR8yA7n4xpe2dd4AaABAg.AL5E8N46Xz_AL5Jkhei9zC
@Croco_G,UgxjAxd0Gqwv_yGzX4B4AaABAg
@ashleyr6809,UgxbwtNpDiyuh_TPf5Z4AaABAg.AL5C7CgZb2gAL5Jpihz728
@monicasmm,UgzlJqUe3GwFyEi1H_V4AaABAg.AL5BqYqiomUAL5Fox_6Ysb
@monicasmm,UgzlJqUe3GwFyEi1H_V4AaABAg.AL5BqYqiomUALCZP_O8D-R
@hamza-chaudhry,UgwZWM0NwvgZJaAYvkp4AaABAg
@hamza-chaudhry,UgwZWM0NwvgZJaAYvkp4AaABAg.AL5BKdD7eAIAL5C2cSNA2m
@ashleyr6809,UgzJTTYZh6lStX2xK_Z4AaABAg.AL5AaetCQGnAL5K2y3jNMr
@ashleyr6809,UgzVHBN_79v69Y4VIlt4AaABAg.AL5AMXdJPMVAL5IZ13YmuY
@ashleyr6809,UgziwgKSnvD4zVDqORF4AaABAg.AL598kLV3XpAL5J-2KZhi_
@naptimusnapolyus1227,UgxSQfA3PhnGTNdr6MZ4AaABAg
@ashleyr6809,UgyWNVt2ukRc5BWnLtV4AaABAg.AL58ji3u7EVAL5JwKyFP-g
@naptimusnapolyus1227,UgwD6h-PGr6-ab1w9tF4AaABAg
@fancen,UgxqOpxxPx1OMFrzVnZ4AaABAg
@ashleyr6809,Ugz8K4HKCJ7DwjSseuB4AaABAg.AL57pBQ2BwmAL5JzmrQlFV
@Kovman9,Ugytc-5JUr0oLGos3N94AaABAg
@Kovman9,UgwQK9LdRlHbn6Tj6XV4AaABAg
@hadesgirld5145,Ugxa868bKjF_MsxaI3x4AaABAg.AL57-xUFMOeAL5mRPGbUb9
@emma_nutella58,Ugy9dyE4sO_PQ4wGMkx4AaABAg
@emma_nutella58,Ugy6xXUi64XPSG5eF3R4AaABAg
@Guus115,Ugy6xXUi64XPSG5eF3R4AaABAg.AL56ZdMzJQ8AL7WXnaS3M7
@ashleyr6809,UgzWDXqhcdJSvdJiG9N4AaABAg.AL56JCJTe20AL5Jb_0FYle
@Kovman9,UgyOG5GoyD7Ki1Yanmx4AaABAg
@Kovman9,UgxYqFrWXAPj9WyS3Uh4AaABAg
@ashleyr6809,UgyDA8ybO8jYPRCZTp54AaABAg.AL55bPicXVbAL5K44RkmN2
@ashleyr6809,UgxtLPmWoIFzxTyYGEt4AaABAg.AL55YTdbdrWAL5JsFfKQnH
@ashleyr6809,UgwC2abJTLNW5igcgRR4AaABAg.AL55TnSrqUgAL5JglOXjF1
@ashleyr6809,UgwE3Rz-o3LMQCh0ygZ4AaABAg.AL55O6pFWfXAL5JRWKErFJ
@ashleyr6809,UgwozBke0fM5fImEfXB4AaABAg.AL55KXSW6P2AL5HzWfwxMn
@Kizerayn,UgwMal3ivKi_PufzRDt4AaABAg
@ashleyr6809,Ugw-xzksHCziNesS57V4AaABAg.AL54n3YkKo7AL5JfVoP6_H
@SuperNASCARrocks,UgwVXlGZqK45aBc31dp4AaABAg
@HeisenbergFam,UgxzQWMhi64yUVItk-x4AaABAg
@TammyHiland,Ugx1FXXPSkv0OBp9VrZ4AaABAg
@TammyHiland,UgwAjxx5daEenCq6YPJ4AaABAg
@TammyHiland,UgyHPusuIfhFKjM4IId4AaABAg
@TammyHiland,UgxSryT5aXNlfwAh4c94AaABAg
@konradfesk,UgzW6ltscFTSRjPT4tV4AaABAg
@konradfesk,UgwOSqIuXg9sQZnQSjx4AaABAg
@konradfesk,UgzFmIlIO-9drLyQZld4AaABAg
@watcherManu,UgxM1fsrAd9hyVFJbZR4AaABAg
@watcherManu,Ugy2IRf61UcvWIqawN14AaABAg
@cocleum,UgzMQ-vGxMWurLpoppV4AaABAg
@Drama_Queef,UgwYq10kmetb_UzdgRh4AaABAg.AKz2ZyhjyQaAL3XLxelX8c
@_-7310,UgzEoK17HaLHV2rcaWJ4AaABAg
@_-7310,Ugx26f2TvpyWkNl-jQN4AaABAg
@_-7310,UgxC-DJMm468HV9DH2Z4AaABAg
@aryobimo2199,Ugw40t0V_iWpdMxe2ot4AaABAg.AKqGFuBjI0FAKqUukXWmYX
@aryobimo2199,UgwOVOw5pwT6EkwuotJ4AaABAg.AKptH6hSeC7AKqVBPZJ5Tk
@nightgamer_399,UgyhLuBrt2Ly0GZN4QF4AaABAg
@rustyudder,UgzyGBYUeGZdgdA3kTp4AaABAg
@superjumpbros64,UgxQNK5zsZxPfeS_hqR4AaABAg
@Darkness_Damage,UgwBjk8BsfogxlJuaZd4AaABAg
@Darkness_Damage,UgyPPJs9A94nABJYqvh4AaABAg
@vishalkalicharan7710,UgwDKx5CSsAPD8yqgKN4AaABAg
@haruyu123,UgzuAKxGzpmCASLc0CB4AaABAg
@user-oy4lk7fd9w,UgxF58rp3M1wItm0jLN4AaABAg.AKkDR3odV7NAKmC3r8cAMv
@haruyu123,UgzMzyZFrb5R4OHICep4AaABAg.AKk40vRj4ILAKkNP-rCRKC
@vood__3,UgxhQnV4oQITCuukiFB4AaABAg
@TomNook.,Ugyme5zxTTIvuOkfgPF4AaABAg
@monicasmm,UgwfREOlIuBDYqQjO_Z4AaABAg.AKjpGYbxKnDAKpb-thqkF9
@la5369,UgyHmX4LiXfz0UJQPZZ4AaABAg
@monicasmm,UgwM2jZwvBBWmK5bPop4AaABAg.AKjg_sXzPTHAKqrByryoq_
@bananamuffins582,UgxlZFficrLUhxHuPah4AaABAg
@bananamuffins582,Ugy81TktoG47JSaiogJ4AaABAg
@hamza-chaudhry,Ugx81cN8YklIRr8E9cJ4AaABAg
@JoshHarris-i6q,UgxDBPm7nX9NdrpZyZZ4AaABAg
@JoshHarris-i6q,UgymHL8ATdBaG8pKfSN4AaABAg
@bananamuffins582,Ugy6MfOEFAB0biF89p14AaABAg
@hamza-chaudhry,UgxDdc7mtQOGyVyeGIx4AaABAg
@hassaan1670,UgwXUAzvo0RRhEUad154AaABAg
@la5369,Ugz_bsLcRGsvcZjzcCF4AaABAg.AKjQyBIg68vAKjlGwnj8In
@vood__3,UgyTR_XOuttw-uHyaZ14AaABAg
@cocleum,UgwnaqDw9g4mE0218bd4AaABAg.AKjIes6reADAL91N7uy3p4
@removechan10298,Ugy8LnxQY_lTsjCG_SV4AaABAg
@removechan10298,UgzbChWZAU2IAhf1zMp4AaABAg
@removechan10298,UgzO3JV0Lx3NVP3ucZZ4AaABAg
@naptimusnapolyus1227,UgxzdbBNbybjeSZa-K94AaABAg
@m4rt_,UgzrsWF9FfIWSKtB-CZ4AaABAg
@m4rt_,UgySQos-QXb2XS1NCPV4AaABAg
@vustvaleo8068,Ugz2mHJ_IUqvzYnuAlV4AaABAg
@paolalovescats,UgzrIp3YL_8hWbqk-Dl4AaABAg
@paolalovescats,Ugy7vcgUEJ4GxUoWfpx4AaABAg
@paolalovescats,UgyI_fVzcwujAH84RPF4AaABAg
@paolalovescats,Ugw4HnbXhZWlxCeIGYZ4AaABAg
@Mikael-uk7rv,Ugw_HERjzRR9KFuON_N4AaABAg
@Mikael-uk7rv,Ugw_HERjzRR9KFuON_N4AaABAg.AKj2f6iVVenAKj2u_OxN95
@ItsNicolau,UgzYl-MGIu3fs5c-und4AaABAg
@Mikael-uk7rv,Ugz4E-HjIf9NghjUMGl4AaABAg
@sandboy5880,UgwqeTSVRkrg2GGuvvN4AaABAg.AKj1-vAnVrRAKneKXTXpEC
@paolalovescats,Ugx5vL1hVUjpsUuMjcJ4AaABAg
@JMPT,UgwnZWF37gfgrO7GDW14AaABAg
@Blaisesvids,UgwRkyoULbS0-flp_Ex4AaABAg
@sandboy5880,Ugy6RopDYKX9U28e8Cp4AaABAg.AKiv_TqwMEzAKneYLLkZ10
@matterhadness,UgwmEdAxDb0PQHEefNh4AaABAg
@SwitchFBproductions,Ugyz8xxwRowuPmD1zAN4AaABAg
@Kizerayn,UgxiuLVvTHXaUNHctoV4AaABAg
@Kizerayn,UgxiuLVvTHXaUNHctoV4AaABAg.AKisoor-Qq7AKjC3dnfgAb
@SuperNASCARrocks,Ugy0i7jGHxqTUhL_6hl4AaABAg
@SwitchFBproductions,UgyPA7m6RYvXCxZ5NCJ4AaABAg
@Kovman9,Ugxz0GOny4occyejWjN4AaABAg
@MWDiss,UgyWnx5BQw8Ex3xc3YZ4AaABAg
@BakercalledGhost,UgwwmPV9OxWKsqA_v8h4AaABAg
@webverse700,UgzCh7I0nD1eDFtaIC54AaABAg
@YXBOLTZ,Ugw0B7ECbbFXOLDQTxh4AaABAg.AKiqZSgGkXXAKiy3NlzYBP
@YXBOLTZ,UgyQmQh2zqX_CKj6Ub94AaABAg.AKiq3ZCBof9AKiruxbCccH
@LueLucifer,UgyQmQh2zqX_CKj6Ub94AaABAg.AKiq3ZCBof9AKisHdI-sFo
@YXBOLTZ,UgwvMFM0weow_ZPLZQ14AaABAg.AKipVQFmIDWAKit07N5GcH
@JoshHarris-i6q,UgzxVFahYWFbaay-b3R4AaABAg.AKipU0yGHRyAKj6nNRrSMK
@YXBOLTZ,UgxciBr7lpvTm4wYFYB4AaABAg.AKip5M2NtY2AKipb9YauhR
@YXBOLTZ,Ugy9TrH_oX02PUS5g-t4AaABAg.AKioptkr591AKipUnpQ9kP
@𰀇,Ugy9TrH_oX02PUS5g-t4AaABAg.AKioptkr591AKipuEjJSOD
@YXBOLTZ,UgxGeZ7scGmoTMUlLwh4AaABAg.AKiolfmtK5rAKir4ZiiIgA
@Grzelopak,Ugx6uZdC8Uin0FCPx8l4AaABAg
@YXBOLTZ,UgyfDGvJQucTaeZ7vyR4AaABAg.AKio_lAfCl_AKiqkjycEhq
@YXBOLTZ,Ugxm-rSVTFmCnEC7xKl4AaABAg.AKioSjvd_JaAKioZUTHXaD
@YXBOLTZ,Ugz1FYKCuDGQ4mtiEdJ4AaABAg.AKioSZM4vQ1AKiodzWbv5x
@LueLucifer,UgzzAv6yThOkhDLRwR94AaABAg.AKioNAz65MeAKioaawceuQ
@LueLucifer,UgzW7G-4zV1dHdYmcBV4AaABAg.AKioLr2U6b4AKiosgKAWUQ
@LueLucifer,UgzW7G-4zV1dHdYmcBV4AaABAg.AKioLr2U6b4AKirNE-fELw
@swedishZ0mBi3,UgxJsgd-REPuYOBJnNh4AaABAg
@Snipsnapsnep,UgxCVFA_J5_LeYDGkSB4AaABAg
@𰀇,Ugzfz9hvV8xl93EZVvB4AaABAg
@YXBOLTZ,UgwkAgYdbcdztBnDSI94AaABAg.AKioFhxlnTmAKipvdrbXxr
@𰀇,UgwkAgYdbcdztBnDSI94AaABAg.AKioFhxlnTmAKiqYKFgvsu
@YXBOLTZ,UgyiSjbtlyikFFV2sqF4AaABAg.AKioBS8FDGGAKiqsVkbSGY
@YXBOLTZ,Ugz8XwYRI7srL4zDmZd4AaABAg.AKioB8zZIQ1AKioSDGavIy
@LueLucifer,Ugzuvzw-HR5F4QbfuzB4AaABAg
@emma_nutella58,UgxBcHjB-QMQpieb2yZ4AaABAg
@YXBOLTZ,UgxBcHjB-QMQpieb2yZ4AaABAg.AKio8m_WkgPAKioFdQi-vJ
@YXBOLTZ,UgxBcHjB-QMQpieb2yZ4AaABAg.AKio8m_WkgPAKioGJpePfS
@HeisenbergFam,UgzwPuwjYwPn3BnKQjx4AaABAg
@LueLucifer,UgwltF_IPv2fkj-4Lph4AaABAg.AKio7KYbhPvAKipEknLBgp
@LueLucifer,UgwltF_IPv2fkj-4Lph4AaABAg.AKio7KYbhPvAKiqXArMJeX
@LueLucifer,UgwltF_IPv2fkj-4Lph4AaABAg.AKio7KYbhPvAKiqfl2gzzM
@LueLucifer,UgyzI6k6XMZLJfIkFXd4AaABAg.AKio6KQs5O1AKip9CdNWO6
@YXBOLTZ,UgzinwsJAe4BJ8iQidJ4AaABAg.AKio5rEDVO2AKiokRuqTvJ
@MWDiss,Ugyg4ZTaIudWQFsNI1p4AaABAg
@YXBOLTZ,UgwdTuYDFZhUInhmfrt4AaABAg.AKio40YyRS3AKio9_iUBIK
@LueLucifer,UgzWviA29TBoge9HnmR4AaABAg
@YXBOLTZ,UgyVoHhLs0RCYZywiwZ4AaABAg.AKio2dfEINgAKipAAvnz1C
@YXBOLTZ,UgyVoHhLs0RCYZywiwZ4AaABAg.AKio2dfEINgAKipJIoZAyZ
@BakercalledGhost,Ugz8JZBgsAFZxE6almh4AaABAg
@YXBOLTZ,Ugz8JZBgsAFZxE6almh4AaABAg.AKio0Rqh1UUAKip61gi2X6
@BakercalledGhost,Ugz8JZBgsAFZxE6almh4AaABAg.AKio0Rqh1UUAKip_QOEIgZ
@BakercalledGhost,Ugz8JZBgsAFZxE6almh4AaABAg.AKio0Rqh1UUAKipf91OKpl
@𰀇,Ugz8JZBgsAFZxE6almh4AaABAg.AKio0Rqh1UUAKiq3K8faT_
@𰀇,Ugz8JZBgsAFZxE6almh4AaABAg.AKio0Rqh1UUAKiq9RV84o6
@ucngominh3354,UgywCP2KZ8rZjyW7fW94AaABAg
@Snipsnapsnep,UgxUSHsbQKBP66vwBLp4AaABAg
@YXBOLTZ,Ugz4RSVrE0CW9ZcVQBt4AaABAg.AKinyk6NI42AKio7J_8Yws
@𰀇,UgyG0rMtffUEf7gXbG54AaABAg
@Somejerk87778,UgyPcof0EXhSB9oOqW94AaABAg
@Somejerk87778,UgyjLJ3ExOkLMFAhcEJ4AaABAg
@Somejerk87778,UgxBqRj4fJhe9x-SMsR4AaABAg
@Somejerk87778,UgyCeeLBQqJXBglNClR4AaABAg
@Somejerk87778,UgxVIsdQLlMBEuwqJzl4AaABAg
@Somejerk87778,UgzG9DS4iRtYEh8fPH54AaABAg
@Somejerk87778,UgzjPOUMMNjXotQayqt4AaABAg
@Somejerk87778,UgxrDMhRTIMEGvO9gY14AaABAg
@Somejerk87778,UgwK9HDQ2Wy6c_C72194AaABAg
@Somejerk87778,UgxES47lT1TSirnLXe54AaABAg
@superjumpbros64,UgwOzPl6ysudTUiAZBd4AaABAg
@nmypraha,UgwZHydSfJunfTMrNgp4AaABAg
@nmypraha,Ugx5au7ynF3_oEmJKi94AaABAg
@nmypraha,Ugyge4rCSczTebSgYCZ4AaABAg
@nmypraha,UgwNlZbu0jT70oD6wxJ4AaABAg
@Daniel-wn5ye,UgwxBTK0PTVzJd-BpcR4AaABAg.AMI4h4Pg5_fAMMht-wAiA_
@nmypraha,UgwBPQz_pmdq1BD-yp94AaABAg.AM6zxa-WmNZAMCRaoRXW71
@nmypraha,UgxSnWEhnaSH8THjmFZ4AaABAg
@nmypraha,UgwczkZYmawPYoc7D7l4AaABAg
@nmypraha,UgyquVciEKyF5uJUN-l4AaABAg
@nmypraha,UgzTCKxopgdI56KRobZ4AaABAg.AM5I7cPb1ylAM6YHgbM0hP
@RadinWaves,UgxREqpLIsKbAtlv4Gp4AaABAg.AM4f5YDsLeWAM6608r6-z7
@RadinWaves,Ugy6UK83_YnmuDuxZgd4AaABAg.AM2di5eC0hzAM666kBc-On
@cc0767,UgyUKY0ALkIoY0FuyIF4AaABAg
@nmypraha,UgzjjO7luF_EznCjo2l4AaABAg
@nmypraha,UgzjjO7luF_EznCjo2l4AaABAg.AM-XwEYX5cPAM-ZgRsJQJW
@nmypraha,Ugxx9lrUqhVAlHXwoKB4AaABAg
@nmypraha,Ugyc7fVhyQmPjlQLjLd4AaABAg
@nmypraha,UgwFNzpasF4EGPqhSjl4AaABAg
@nmypraha,UgylHvaTT6so1p1NZcR4AaABAg
@nmypraha,Ugw8ERZZTRhcGF5pV0t4AaABAg
@nmypraha,UgyQYOrDHpwzkbKhRsx4AaABAg
@RadinWaves,Ugx7jc_iMfZzOtuNxfx4AaABAg.ALzIGJytYKXAM66NYPxcdt
@RadinWaves,UgzEnsrloj7EqK969Ut4AaABAg.ALyQ4Q_BIkuAM66vXcC77Q
@RadinWaves,Ugxe2CjiprQFHIkue0Z4AaABAg.ALxvnnFSGmVAM676GcpKYf
@hudsondangerw,UgyWNdNNVUtD4ycSRjd4AaABAg
@hudsondangerw,UgyQIpWkL6RZaL3xo9h4AaABAg
@hudsondangerw,UgzL1akQVEy7XRawdqZ4AaABAg
@RadinWaves,Ugy1hSc47LD_gAzgKAh4AaABAg.ALpp9J2EwlQAM67NbLEmwP
@RadinWaves,Ugwow_fj_RiRTHnZfIJ4AaABAg.ALokptC8zuwAM67VJKBxsA
@RadinWaves,Ugwae1wp-MVX8euGHTR4AaABAg.ALn5rSyZYziAM68-5Nt3Zx
@Kyojinsei,UgyqE5Tx6XlzL6wShQB4AaABAg
@RadinWaves,UgzEvC-vlMXbZh0Fn2R4AaABAg.ALjWqQWLRZcAM68Hf3fC7-
@RadinWaves,Ugymy-qptrIQPkrFeZN4AaABAg.ALh_hmk5pdJAM68OPTCOSo
@Yara-y8n,UgzeklEYJqsSfkdrzWt4AaABAg.ALZ2ICcHkf0ALZp9nw2_Hg
@Yara-y8n,UgyGzR_twW1tl3RUW5N4AaABAg.ALWZ28q_6EUALZpGaXXDlP
@RadinWaves,UgyGzR_twW1tl3RUW5N4AaABAg.ALWZ28q_6EUAM693fuKXHP
@Yara-y8n,Ugw1O3w_fjiGoi0lfet4AaABAg.ALPYrKXSRZaALX9twtmKdF
@Yara-y8n,Ugw1O3w_fjiGoi0lfet4AaABAg.ALPYrKXSRZaALZpbZ6oAe0
@Yara-y8n,Ugw75AT5W39HwGaC7vF4AaABAg.ALNv11_c6rhALZquoQCf75
@Yara-y8n,UgxM97CNHnJQeDeE3CV4AaABAg.ALMK6mfPM5LALXA7ZUxGSf
@Yara-y8n,UgwlIHJFjYS15Y8xzyd4AaABAg.ALIOJ8dJDtwALZrCxGruIv
@Yara-y8n,UgxYvKGXw99nyEMSHZh4AaABAg.ALCGgfue7I3ALXAGkqFJkw
@Olly-c2x,UgyJtxq7FI2GIV3Uws54AaABAg.AL4aZPsy1BPAL4cwPFN5Pr
@Yara-y8n,UgzcCyHQaDbs1OaRvVp4AaABAg.AL2kSXYnB7wALZr_Gex3aJ
@caldeira_a,UgyS-tMh6W58em3c0HV4AaABAg.AL2BeM5UH3EAL5wsffLhe-
@caldeira_a,UgyQNnY1NpoXt6u40jt4AaABAg.AL1Yc1pASMXAL5x2-HDYnf
@Yara-y8n,UgyQNnY1NpoXt6u40jt4AaABAg.AL1Yc1pASMXALZrh_nyddf
@caldeira_a,UgzsxHS6-ApyMN0KYDZ4AaABAg.AL1XjoD5nu2AL5x7SnbiRY
@MaIuar,UgwXSvuee7ZxYaM5cxB4AaABAg
@NexGen-3D,Ugyi2BPwsrooxiOdCaN4AaABAg
@Olly-c2x,Ugyi2BPwsrooxiOdCaN4AaABAg.AL0PAoEjU6-AL0UE-RE2O0
@NexGen-3D,UgzdSLQ7w5Evc8JY2et4AaABAg
@Olly-c2x,UgzjlgbDK4QVe5qcXPl4AaABAg.AL0NiJfK22rAL0U8LKzMze
@Olly-c2x,UgxVsfN5Av93Hr61oF94AaABAg.AL-bzSfKo62AL0VYsyBlX4
@Olly-c2x,Ugzz-j6gw_h9vwr-8tx4AaABAg.AL-Q6Hc15qfAL0X3QgM61u
@caldeira_a,Ugyqj0fCLwvhGPDoTEl4AaABAg.AKzMnK3x3eJAL5xZ5zgVJx
@Olly-c2x,UgwB0Dwfjxf6JVTLkHl4AaABAg.AKzBlieSwPOAL0XMvjPwlS
@caldeira_a,UgwB0Dwfjxf6JVTLkHl4AaABAg.AKzBlieSwPOAL5xfTBI7cF
@Olly-c2x,Ugwlgh3NoB0iOlD_z5B4AaABAg.AKyUZDNt49eAL0Y0FURl9L
@Olly-c2x,UgzyFfQNlnA7dpZUn1R4AaABAg.AKxif6qHj4TAL0YekB5N7m
@Olly-c2x,Ugx8iAyGM5Y3tNwJEiJ4AaABAg.AKxX0TYwo1mAL0YjxAciA-
@Olly-c2x,UgxisAzMhgO4HW8Re3p4AaABAg.AKxUIAHGom5AL0Yti0L9qr
@caldeira_a,UgxDDbejFbAcmpA1_zh4AaABAg.AKvwgLwJ3HjAL5yEjO5v8r
@caldeira_a,UgzKGfpUCToYojrk2cZ4AaABAg.AKvAmlY5WxqAL5yNg3PVzQ
@Yara-y8n,UgzKGfpUCToYojrk2cZ4AaABAg.AKvAmlY5WxqALZrx5icCgG
@caldeira_a,UgzKGfpUCToYojrk2cZ4AaABAg.AKvAmlY5WxqALZwv38lWmR
@Yara-y8n,UgzKGfpUCToYojrk2cZ4AaABAg.AKvAmlY5WxqAL_0UOBMC0T
@caldeira_a,UgzKGfpUCToYojrk2cZ4AaABAg.AKvAmlY5WxqAL_9ys9cVT6
@caldeira_a,UgwFqHD57QbTAbTEZyh4AaABAg.AKu-N45Fz9DAL5yZu4Ab5r
@caldeira_a,UgwFqHD57QbTAbTEZyh4AaABAg.AKu-N45Fz9DAL7UbuuUJ7F
@caldeira_a,Ugwpy1mRsId1bGFf4KV4AaABAg.AKrRRGCyV-XAL5yrRHfkBK
@caldeira_a,UgzEMSYvSAVzk627Ozd4AaABAg.AKqt7KYKwQuAL5yv4A-H0i
@caldeira_a,UgzEMSYvSAVzk627Ozd4AaABAg.AKqt7KYKwQuAL7UgYWN4l8
@caldeira_a,Ugzi8zFUo1I1FNHRpkF4AaABAg.AKoCkM-bRvwAL5zKW_5Grb
@caldeira_a,UgwSeYzwEHSNssO3SHN4AaABAg.AKnx3LGyXdTAL5zR2usuQV
@anibration,UgySlDV4DhuXd9oPqEF4AaABAg.AKnFlAajFSrAKoCW2qVa7R
@caldeira_a,UgxaIJMguN2CqlklVxJ4AaABAg.AKikF3W1heMAL6-6DwTnhU
@suicideghostftp,Ugz6S4mmAgQoEwZv7K14AaABAg
@suicideghostftp,UgyIuckAx8sfoN2hBx54AaABAg
@caldeira_a,UgyIuckAx8sfoN2hBx54AaABAg.AKiD0492OCWAL6-MCuKc_A
@suicideghostftp,UgxTbnwCQcuBCClRv2t4AaABAg
@suicideghostftp,UgzM93uBhNFqX_mZmxp4AaABAg
@anibration,UgypGN9WvOzYgNCDgwR4AaABAg.AKh5g80RVRNAKoDJLIgDn5
@Yara-y8n,UgyS0kYiQodWei6A-Rl4AaABAg.AK_D9tApTaqALZsggQIlL-
@Yara-y8n,UgyS0kYiQodWei6A-Rl4AaABAg.AK_D9tApTaqAL_9eQwApqf
@Yara-y8n,UgwVJA7eJhRbdNTqQX54AaABAg.AKYWv1UGmOcALZsnTSb_uJ
@yassine-sa,Ugw2hSRB0-GSXu4gnwp4AaABAg
@Daniel-wn5ye,UgxvK_bl7VDlC1Ie5h54AaABAg.AKRCsh9BrnQAKRDi6X_xyH
@Daniel-wn5ye,UgxGhUucjljJ1SkUhuJ4AaABAg.AKQsLrFy2dDAKRE2TQ9R3e
@Daniel-wn5ye,UgyCAIRblV1BbPwLmjt4AaABAg.AKQaJ80JvU2AKREGavycyP
@Daniel-wn5ye,UgyfrB-faFSBfCpOZhl4AaABAg.AKQLlvIcGXPAKREN9XbLp7
@RadinWaves,UgzbJ_mtKcqU1nRIokN4AaABAg.AKPW-5c0w_-AKSQbCZh2e-
@cc0767,UgwGRR94ux-UgsmvDNB4AaABAg.AKNkUSsRLOEAM0crwBCxTn
@RadinWaves,Ugx8x7XdqL11-Yp5TN94AaABAg.AKLiUwzoqUfAKSQpTzoGkW
@anibration,Ugzpn08XEABXQ5afWO14AaABAg.AKE9LbHXdd1AKFwqNwzH2g
@anibration,UgxwK4dxKfPFY1RCwLB4AaABAg.AKE-PFXt3_oAKFwuUhSNqp
@anibration,UgzNC8HVL5CHMin-dp14AaABAg.AKCdPraM1jCAKFy3spOXRD
@Olly-c2x,Ugw_VJbksOEQ213vAyF4AaABAg.AK9D8vAt-lhAK9EGixi9Jw
@Olly-c2x,UgxCXW9qX43jbx0E0vp4AaABAg.AK9Bme3i8iLAK9THXqSS_j
@Olly-c2x,UgwGtm8f3SyCzQml50B4AaABAg.AK9AHNHSRsTAK9DY5PnIBS
@Olly-c2x,UgzsYWSLyIgw6V_YoL14AaABAg.AK9A59lRsU8AK9F3EOwmcY
@Olly-c2x,UgyTOVn8XYSVIwgJd1l4AaABAg.AK94A9nFrztAK9FAGjv7eN
@Olly-c2x,Ugzvo6vEkj07lGf_eml4AaABAg.AK90GRgIVw0AK98E4Iu0-D
@Verrisin,UgwNNt-waaO3vHdGcL54AaABAg
@Olly-c2x,UgwNNt-waaO3vHdGcL54AaABAg.AK8xO6EvIdvAK9FELzihqw
@Verrisin,UgwNNt-waaO3vHdGcL54AaABAg.AK8xO6EvIdvAK9FbFvJgRG
@Olly-c2x,Ugw3lNWyoDyj1gYvuxJ4AaABAg.AK8vmTDuBRQAK9CfUbENOG
@Olly-c2x,UgyZV42HFTPl4UNcBFl4AaABAg.AK8rFKKItx7AK9FTZRlJLd
@Olly-c2x,UgzkQmfPcAnVmibvBvN4AaABAg.AK8qP1j6vPkAK9PaZzm_ss
@Olly-c2x,UgwKszrjSBvbSZaEM3J4AaABAg.AK8ouUMngAOAK9PdofJlGs
@Olly-c2x,UgyPsdRPf21Ty4CULjp4AaABAg.AK8ojPWvFx7AK9Pl2u9uaE
@Olly-c2x,UgxCjlhB3qO6ydIkVYR4AaABAg.AK8e18OnWOuAK9Qo5P-mcp
@Olly-c2x,Ugxq7uUPwafXxcjTsah4AaABAg.AK8dlpotk8QAK9RWINEmKL
@Olly-c2x,UgxiDspzpvydhquu1FR4AaABAg.AK8UPRs4we6AK9SP-XawPD
@Olly-c2x,UgzGFipoI-LWzo8Sdvl4AaABAg.AK8EUFegNlJAK9SmEC7EM5
@anibration,UgwvfEb1oviLWHsMZNZ4AaABAg.AK6mkvpjUzWAK7GtH_njXo
@anibration,UgxV3DsPhdWj3E9doNd4AaABAg.AK5orAJZij6AK5q4mR8tTH
@anibration,Ugx2M_wfhNoq0I6ABpV4AaABAg.AK5Pau0buIqAK5Pp2kDqLI
@mattymattffs,Ugy0YdbBAG6oUfWbiLd4AaABAg
@mattymattffs,UgzSLAYJQkYJRqPLnCx4AaABAg
@anibration,UgxNBHm_GuW0WUKWpzB4AaABAg.AK4iHhcOtFOAK55FC46lRW
@anibration,Ugx-BeQupZVRijN0TR54AaABAg.AK4cB_2t1DgAK4gX2GOUo0
@Verrisin,Ugx3JirllulsbsZojJt4AaABAg.AK4Y4k9rPScAK9-zkcvQab
@aryobimo2199,UgzjUYjIdLAUdd-Jzrl4AaABAg.AK3n-SSmM0NAK4OvwvdZiY
@aryobimo2199,Ugx20fQecNPofpnfJnh4AaABAg.AK3YgH39QhgAK3_iJ49CqG
@anibration,UgyHP8gCIrHtOoe31x14AaABAg.AK2prKsy8DTAK2xReDyawu
@anibration,UgxBL5zoQp2wbgR__Q14AaABAg.AK2hKkRp1_UAK2o7Gv3sRX
@anibration,Ugxqw0qdJXIyeMB_ZZZ4AaABAg.AK2AqDOKMsXAK2BXMeKj4i
@Grzelopak,UgwrGuM59qdS38KL_et4AaABAg.AK22Trpx4-QAK23MHhJHI_
@Grzelopak,UgzTs1Ca3-_RRGaX9_t4AaABAg.AK1qLSBmk1RAK1tzPq2_YF
@anibration,UgzWmIAfute5ZmhpPER4AaABAg.AK1kxBE7Th-AK2C-FvAogc
@anibration,UgzWmIAfute5ZmhpPER4AaABAg.AK1kxBE7Th-AK2nqQXdln4
@Drama_Queef,UgzXhCvHYW9INu0P0kl4AaABAg.AK1jMJwmRWWAK1p1BuSF1w
@anibration,UgxuUj_2YdyReVyvRqV4AaABAg.AK1RuREzS7gAK2CFfoY8I4
@Grzelopak,Ugxlk_RkUpYMQG5t91p4AaABAg
@Grzelopak,UgzBm4gtaluSjHUd75J4AaABAg
@illpunchyouintheface9094,UgzS_kHHvxi7KfQQ1pR4AaABAg
@Grzelopak,UgwUUKZguAihj0tRyVl4AaABAg
@illpunchyouintheface9094,UgwUUKZguAihj0tRyVl4AaABAg.AK0wJtlg40kAK1-3P1EuH8
@anibration,Ugy6YP2GFN7HmfvbMUZ4AaABAg.AK0koQeqCrkAK0xwKZRXYq
@anibration,UgxG1J2cbXFirjCGsfh4AaABAg.AK0gLsR8AIwAK0y6_DDGFE
@anibration,UgwFJXRFeuU03CYjPfF4AaABAg.AK0eIlYmsBUAK0yBA2MkcU
@illpunchyouintheface9094,UgzWq0HC_tyK5ZkErF14AaABAg.AK0_OTs4gE6AK1-AICCjjO
@anibration,UgzMAx7pTQlrKoJHy8Z4AaABAg.AK0UR4oVSfYAK0yaW2BdXJ
@anibration,UgznvIml4ZRiSLFKi6F4AaABAg.AK0QWji-gvSAK0ymQaGfzp
@illpunchyouintheface9094,UgwHQ8Ly5q_BCrvXPgt4AaABAg.AK0JsDVm7XOAK1-Hn4xoBz
@illpunchyouintheface9094,Ugx20JCW1KumKHxU0IR4AaABAg.AK0AJGaEEnzAK1-LFBb5EJ
@Grzelopak,Ugze37m8RQefNwIad0V4AaABAg
@illpunchyouintheface9094,Ugxzt1d5UVsbIeYv3o14AaABAg
@Grzelopak,UgzdSQVcutqjPCYSz1p4AaABAg
@anibration,UgwqebS5xXHcVxy5rM14AaABAg.AK-WJ48O83jAK1-bjIUae6
@illpunchyouintheface9094,UgwitOpP8twpBRuRE3F4AaABAg.AK-TEiwihZAAK-dWABFe1y
@Ona-t2f,Ugwmyugapu_JHK_VROR4AaABAg
@illpunchyouintheface9094,UgxYrxqYVr-Av6lemnR4AaABAg.AK-7Csgk0dkAK-dfIcizuq
@Grzelopak,UgxYrxqYVr-Av6lemnR4AaABAg.AK-7Csgk0dkAK0vOYs7BDs
@illpunchyouintheface9094,UgxYrxqYVr-Av6lemnR4AaABAg.AK-7Csgk0dkAK0zsnhmVZ4
@RadinWaves,UgwWS4ZT1Uv7JhDUYCl4AaABAg.AJzv627P4FMAK-D2poHzDw
@Grzelopak,UgzO_Ha3flBPA9rBhud4AaABAg
@Grzelopak,UgzAgPlzvNmqfRP2ZR14AaABAg.AJzOWGQMTOmAJzQUKRKpHG
@illpunchyouintheface9094,Ugw2t9GPU0UpR3eO5WB4AaABAg.AJz6DaZDAmoAJzKJzVpX_7
@illpunchyouintheface9094,UgwbGjOds_JEAp1kInZ4AaABAg.AJz53QPMvKIAJzKMZYclB4
@illpunchyouintheface9094,Ugzl4JTz8q9MSMP6v_x4AaABAg.AJz49Fdv9IZAJzKPu3hT1G
@Grzelopak,Ugzl4JTz8q9MSMP6v_x4AaABAg.AJz49Fdv9IZAJzPOfmiHDu
@Ona-t2f,Ugw7ACYKH4jvA5LTep94AaABAg
@Grzelopak,UgygcqOuaNR-fLWuAxd4AaABAg.AJyoDuw6ycqAJzPaPZMrDJ
@Ona-t2f,Ugy954PfjwQB0BoM9oB4AaABAg
@Grzelopak,UgyyLSgPsZKsUhl-z9V4AaABAg.AJynh23alIFAJzPf4BvjOZ
@Ona-t2f,UgxXh0iIekDcD3q8TIh4AaABAg
@Ona-t2f,UgyuZ4j19y5jpPdsrvJ4AaABAg
@Ona-t2f,Ugzsmmt3gTN_H1ADaVx4AaABAg
@Ona-t2f,UgzKTCjzbOHVCMQfYXR4AaABAg
@Ona-t2f,Ugw8K9jBLk5eYLHNb654AaABAg
@Ona-t2f,Ugz7_J7Ck5Q2_7xWGzB4AaABAg
@Ona-t2f,UgxuNhSRsODbRojMPnx4AaABAg
@Ona-t2f,UgzTna-xbYVkFMPprD54AaABAg
@Ona-t2f,UgzPONCym-gJw3TX9dF4AaABAg
@Grzelopak,UgzRyQzLLs_MCeLgr314AaABAg.AJyk4greQKPAJzPtx4uktp
@illpunchyouintheface9094,UgzlvRTGniDFWPQ1b2h4AaABAg
@Grzelopak,UgzlvRTGniDFWPQ1b2h4AaABAg.AJyaBxU0pAtAJzQ8MQRY-4
@illpunchyouintheface9094,UgzlVkLM-i0HEkJCwY94AaABAg.AJyVNbt7oRLAJy_q_DO4l9
@illpunchyouintheface9094,UgzlVkLM-i0HEkJCwY94AaABAg.AJyVNbt7oRLAJzK5SB8aMM
@Grzelopak,UgylQO2APaX8WpGVGwV4AaABAg
@illpunchyouintheface9094,UgylQO2APaX8WpGVGwV4AaABAg.AJyV9Z3JV8NAJy_u2Ef_Dp
@Grzelopak,UgzW4XLnvOAuR5O18dR4AaABAg
@illpunchyouintheface9094,UgzW4XLnvOAuR5O18dR4AaABAg.AJyRERfvJO9AJya-hSjbkS
@Grzelopak,Ugz6iTfvkYGnQqAb5At4AaABAg
@illpunchyouintheface9094,Ugz6iTfvkYGnQqAb5At4AaABAg.AJyN0bZPA1jAJya4lLpuls
@illpunchyouintheface9094,UgysZ6RE6pK5oXsDaSN4AaABAg.AJyMbzs4yR6AJya6bEhYLb
@nobody7817,UgxRMmErKJSvhQR93M94AaABAg
@nobody7817,UgyNfjiZCc3Yxhusg5J4AaABAg
@nobody7817,UgyzwofoLEDA9G8S66Z4AaABAg
@nobody7817,UgxE6qo0cwwPHuBcYo54AaABAg
@nobody7817,Ugw1Ya_LT8nsAFaGNGV4AaABAg
@Grzelopak,UgzbWQuOdpqbNPpxj5p4AaABAg
@illpunchyouintheface9094,Ugz2QkJ4-FW3qjNHNyp4AaABAg
@Grzelopak,Ugz2QkJ4-FW3qjNHNyp4AaABAg.AJyFjNZLIXMAJyIcLNSUUp
@Grzelopak,Ugwi1O4AshnJvfloH254AaABAg
@illpunchyouintheface9094,Ugwi1O4AshnJvfloH254AaABAg.AJyBv2YxczuAJyFqAtj2MJ
@Grzelopak,Ugwi1O4AshnJvfloH254AaABAg.AJyBv2YxczuAJyHq6pHr90
@illpunchyouintheface9094,UgxAAal6ZeS_VzYkZ1N4AaABAg.AJy8AHLbBXJAJyFvI3cs6l
@Grzelopak,UgxAAal6ZeS_VzYkZ1N4AaABAg.AJy8AHLbBXJAJyHyOnkYn7
@illpunchyouintheface9094,UgzF_TWNbXJzgyfCooN4AaABAg.AJy6SgsFH01AJyFyRGs9_8
@Grzelopak,UgxGyvutrMx5RYY7hMB4AaABAg
@illpunchyouintheface9094,UgxGyvutrMx5RYY7hMB4AaABAg.AJy5C-w6iUPAJyG0FjpSrz
@Grzelopak,UgzsCbPgCZyepbce4Bd4AaABAg.AJy4vEw7l2PAJyAeWEe17G
@illpunchyouintheface9094,UgzsCbPgCZyepbce4Bd4AaABAg.AJy4vEw7l2PAJyG6S-rjIQ
@Grzelopak,UgyuIjiPzFG8Wg4WFyl4AaABAg
@illpunchyouintheface9094,UgyvdcjaPZN2ieNmAel4AaABAg
@Grzelopak,UgzUGp1V95rg1llgfot4AaABAg
@illpunchyouintheface9094,UgzUGp1V95rg1llgfot4AaABAg.AJxu5c_3CvmAJxx6zRmcXm
@aryobimo2199,UgymLPJEr9hMzr-eVVZ4AaABAg.AJxiLPOYF6tAJxjF1JqCci
@Grzelopak,UgwVF7cOYJo-zzVt8B14AaABAg
@Grzelopak,UgyMMwKpEN8N_gdojAR4AaABAg.AJwsnQ69s4GAJwtSfP_XCt
@Grzelopak,Ugyb2SokmiKuPdnX8-h4AaABAg.AJwrwMptjTJAJwtXVisb4P
@RadinWaves,UgxKAFLbhJ6Yg4UCtj14AaABAg.AJwjj-TKC-LAJxJPd4M6FI
@krtirtho,Ugw68SIBJjvxrBp-h_54AaABAg
@Grzelopak,UgxbIUCYMWEHhlK3gEp4AaABAg.AJwa8TIPCopAJwtuW03ih1
@RadinWaves,Ugxc92zUDD_1yMdnNcJ4AaABAg.AJwZK1fgywMAJxJXuLPovl
@Grzelopak,Ugzh8LD0SK25qNS0luN4AaABAg.AJwVhY268ulAJwu0cePFT9
@RadinWaves,UgxeJbPt7nn1Ap04gbp4AaABAg.AJwIj3Jl6crAJxNcc7GjVr
@Grzelopak,UgwjsDQPf8_7vanRwxt4AaABAg.AJwClmv4p8wAJwEYh5PHgC
@Grzelopak,UgwjsDQPf8_7vanRwxt4AaABAg.AJwClmv4p8wAJy7KWrR7re
@Grzelopak,UgyfGCVf86Kwx_XS5BR4AaABAg
@RadinWaves,Ugw5n5J7YOT3Ap3cMc54AaABAg.AJw9OVwvzHAAJxNo4bo55n
@zenlettering,UgxIOQImaF0hWCbbWnl4AaABAg
@RadinWaves,Ugyxdqic52zZx-dtmr94AaABAg.AJw63uJ4fHWAJxO5iM_-2V
@Grzelopak,Ugx4GDkrfRUnxwKiMjZ4AaABAg
@Grzelopak,UgzYuVTbNq9molTcr6h4AaABAg.AJw1UBNMdxAAJw3jyoja23
@Grzelopak,UgxzQN6FNLsZOYhURo14AaABAg
@Grzelopak,Ugyb5LRsAs3E0RkMPUR4AaABAg.AJvz-KMy4stAJw-wpTXSk6
@Grzelopak,UgxSfA-QS0TlbETNuJJ4AaABAg
@Grzelopak,UgxjB7u_eJsJMdugWv14AaABAg.AJvuYR_A-V6AJvveaqqNTq
@Grzelopak,Ugxwr1VSaF2Ftup3rtF4AaABAg
@Grzelopak,Ugz2U6F7kspU84FKM5p4AaABAg
@Grzelopak,Ugxg2LR8-BeuXYHmmKp4AaABAg
@illpunchyouintheface9094,UgxqvksOCAEF1QATtnJ4AaABAg.AJve5uWkcJrAJvfM2KjY3P
@Grzelopak,UgwoAq-SXORxGk1z1ER4AaABAg
@illpunchyouintheface9094,UgwoAq-SXORxGk1z1ER4AaABAg.AJvbqLIROTvAJvc32bpqaU
@Grzelopak,UgwoAq-SXORxGk1z1ER4AaABAg.AJvbqLIROTvAJveKXKSSRW
@Grzelopak,UgwMYbwz3IJAzYeN9h54AaABAg
@illpunchyouintheface9094,UgzCgM-TPDYkSVExmPR4AaABAg
@Grzelopak,UgzCgM-TPDYkSVExmPR4AaABAg.AJvZfa-4kp0AJvaGcBo-XK
@Grzelopak,UgzAIXtBm_DLEwHTtd54AaABAg
@illpunchyouintheface9094,UgzAIXtBm_DLEwHTtd54AaABAg.AJvXByJ9yQQAJvZnslx48x
@Grzelopak,UgxID8BoyGt6L3rlkVp4AaABAg.AJvWu7r3o1jAJvX36tIfA1
@illpunchyouintheface9094,UgxID8BoyGt6L3rlkVp4AaABAg.AJvWu7r3o1jAJvZlI312iZ
@Grzelopak,UgxID8BoyGt6L3rlkVp4AaABAg.AJvWu7r3o1jAJwwFTvAnk7
@RadinWaves,Ugx9oxrHfKZjz923jYZ4AaABAg.AJvWV0BAPWhAJxOpAp2UPf
@illpunchyouintheface9094,Ugx_4HHBxgypgr3eiMF4AaABAg.AJvSbBl1vprAJvZxNpNTLY
@Grzelopak,Ugw68Y47sfUEc2FBD9V4AaABAg
@illpunchyouintheface9094,Ugw68Y47sfUEc2FBD9V4AaABAg.AJvSXOKW4mxAJvZz89K1iI
@RadinWaves,Ugz5TtS6DAkaX__mXV94AaABAg.AJvPdzNTBQJAJxPEIqJwws
@RadinWaves,UgxwpkXQciU8Jpxj-Et4AaABAg.AJvOvWme22gAJxPIel317D
@aryobimo2199,UgwwNet_ORcGYRLau3t4AaABAg.AJvGvi13YTCAJvHYK3qlsn
@Kovman9,Ugyyi83N7X2lHCo367l4AaABAg
@RadinWaves,UgzUcJakKjSsZIx0MjF4AaABAg.AJv0q3-pt56AJv6jtNQcJ3
@m4rt_,UgzivQPrj4XYL_uSklt4AaABAg
@Grzelopak,Ugy76G8By6dRiTOBn5J4AaABAg
@Ruiner89,UgzapUsNBjit_Jd8zb14AaABAg
@Ruiner89,UgyyzAhX2vjPIppSOCt4AaABAg
@Ruiner89,UgzEFu3bFuBXSCpwF3t4AaABAg
@m4rt_,UgyDYsfp-DyKyV8jDVx4AaABAg
@Ruiner89,UgypJTN_um-z5T3bAgN4AaABAg
@Danielsheinkman,UgxRea2ATorPp9np3A14AaABAg
@ZennExile,UgymkK7-KEF3ygIzSIl4AaABAg
@aryobimo2199,UgwRX30c2L7dHCcoYuN4AaABAg
@anyoldthing,Ugwi6_qnBIzO58Gue-14AaABAg
@kawaiichamoyada,Ugwif6meqOF9K8CHoKl4AaABAg
@kawaiichamoyada,Ugwyr2gOf_MroLXz3H54AaABAg
@aryobimo2199,Ugz0Wp0nmju9qOq0iWt4AaABAg.AJtWHKa3qC6AJtWKajybgV
@JoshHarris-i6q,UgyAchlhlGDZv0I_FPt4AaABAg
@JoshHarris-i6q,Ugx2me6pawgCgHrb-eB4AaABAg
@RadinWaves,Ugzf5DDZRc8Yp_r21SV4AaABAg.AJtPf_GyqDyAJtPyL9osfJ
@RadinWaves,Ugw2LQJYvsKPKn9ey4Z4AaABAg.AJtPRZSziYuAJtQ76aszRx
@RadinWaves,UgwXTdYYEFZHzX6tYDx4AaABAg.AJtLtKbnfQVAJtMoYF0-yX
@RadinWaves,Ugwdmhg5yMkwZhdd8g94AaABAg.AJtL5bdj65xAJtMw9Rpf5l
@RadinWaves,UgxGYouSC5aplW3yXHJ4AaABAg.AJtICQlXP66AJtN5_GcGMc
@aryobimo2199,UgxAGPKhNwmQuSoJHid4AaABAg.AJtGuD0_7FsAJtZVjXzZoJ
@RadinWaves,UgzSmIk-CS-JspjcsAN4AaABAg.AJtDrF7dWM3AJtNPMRcjPN
@anibration,Ugwe5C6zWuNOfsvmn2B4AaABAg.AJtAOYkFNN4AJtAb1B9ScD
@anibration,UgyYbvksaSL6HdUp7Ip4AaABAg.AJt9niJYeYSAJtA78D8dq0
@anibration,UgyKMAon2qlVeOvGnVd4AaABAg.AJt9AYCCwjSAJt9LXXFpQx
@Luzgar,UgxgUoon4h_63hlpXJ94AaABAg
@Blaisesvids,UgyWXKDWcSO0CN3J1b94AaABAg.AJt8q7Rl9qNAJt8rx-prFp
@anibration,Ugyj2mdn-7iWwch1C6p4AaABAg.AJt8ky6qi_BAJt99CcpYMW
@Blaisesvids,UgzRuB1zv6LBgClH9qh4AaABAg
@Luzgar,UgzFSYkr_sfMNfgALJR4AaABAg
@Blaisesvids,UgwCAs_uy0q1f85e00l4AaABAg
@Blaisesvids,Ugw4iPhM3WPPI4w9sz94AaABAg
@anibration,UgybuT6hGkjJvTtFw8Z4AaABAg.AJt8-pfaQuzAJt8L0IvKwJ
@RadinWaves,UgybuT6hGkjJvTtFw8Z4AaABAg.AJt8-pfaQuzAJtNhrO8cs0
@Blaisesvids,UgzU0nzWpjzHwRWjX3h4AaABAg.AJt7y5y0KkLAJt87mpGpN8
@Blaisesvids,Ugx-KkwGzCIDt2XTPBN4AaABAg
@Blaisesvids,UgxBRjSGgaCbG7CByqZ4AaABAg
@anibration,UgzzS4NkgL85Ak8xX-V4AaABAg.AJt6ztRrFnsAJt7NB_2FQt
@RadinWaves,Ugwif9HJj50l6nmGVoN4AaABAg.AJt60FLqD-QAJtNpd12mMU
@RadinWaves,Ugy3h9KI8RAf1nxTULF4AaABAg.AJt4fpEVmElAJtNxDZB0Dz
@leshommesdupilly,UgzWU4-XOVZV_hliT3R4AaABAg
@Azarilh,UgzmLXj3tkycke_MefN4AaABAg.AJt3PkOpE6iAJt526dCqTh
@Azarilh,UgyAWAmnXbBkRT0BWoR4AaABAg.AJt34cbcG0DAJt5N9SaocE
@Azarilh,UgyAWAmnXbBkRT0BWoR4AaABAg.AJt34cbcG0DAJtDRafB2y0
@anibration,UgxUn5tgOnQ4Bd-xyil4AaABAg.AJt2sbSinn6AJt39gIAci9
@anibration,UgztqaCFVhtWiCpZg894AaABAg.AJt2q8hWjoGAJt3Em08kNF
@Azarilh,UgztqaCFVhtWiCpZg894AaABAg.AJt2q8hWjoGAJt5XtHSDEm
@Azarilh,Ugy8CKWNOAziSsTQClR4AaABAg.AJt2keKmM7rAJt5c8QdjvB
@Azarilh,Ugy8CKWNOAziSsTQClR4AaABAg.AJt2keKmM7rAJtDHtCTYsv
@leshommesdupilly,UgyGtorNaye0I10QbPl4AaABAg
@anibration,UgzUo1sO_j-yvmsNkkV4AaABAg.AJt2DjNUzebAJt2QuBC_ay
@Azarilh,UgxYgTKfifzLxeFlrP94AaABAg
@RadinWaves,Ugy0OckdL0NnTTdKuWB4AaABAg.AJt1SReu0AJAJtOOnNWNT-
@anibration,UgyHuzkz5Oyxv629mzl4AaABAg.AJt0kzHLk0uAJt0yB8-jom
@RadinWaves,UgybBCRtnB_1KQgjngh4AaABAg.AJt-TdGpCwMAJtOXx5ji8e
@RadinWaves,UgwGT4lWqapu7BcTrfR4AaABAg.AJt-CHskiG4AJtOa-Qs4IK
@RadinWaves,Ugy0ozJ-FaX4TYMwHmN4AaABAg.AJszUBl86C_AJtOdTQkdPk
@anibration,UgzCA-yx4teZHotenCt4AaABAg.AJsyze0zseZAJt0784hAX7
@anibration,Ugx9NQZSpcpblG2GUzR4AaABAg.AJsymtnbSRNAJt0AKiCmJO
@anibration,UgwTpA6Nh8RtpVdo3MR4AaABAg.AJswwPK32rmAJt0N8ct7xc
@Danielsheinkman,UgwvVzxp91E6g7Tb1RV4AaABAg.AJswQCuXvH3AJswXvwKY-D
@Azarilh,Ugwjr9fDQc7Y8790sSt4AaABAg
@Danielsheinkman,UgzHzSzKlWOcfxZOCgd4AaABAg.AJsvy1UM0dsAJsw_PSRRQi
@Azarilh,UgzOppakX0OJM9NAAkp4AaABAg
@Azarilh,UgyUMimDSKsC5bYbJCZ4AaABAg
@Danielsheinkman,UgzhnyEXVLdq2rMkgL14AaABAg.AJsvA18iQI8AJswdYXptJD
@RadinWaves,UgzdENlVteiwNuXbvuV4AaABAg.AJsufaIvqvnAJtPMStkM2g
@RadinWaves,UgzTqL-J4Vpo-4lrfw54AaABAg.AJssdhbsRDsAJtPUlhKvm6
@aryobimo2199,UgwsqbaiO-Iza7S9Dvd4AaABAg.AJsqcUvrIhJAJsr-sYx91k
@Danielsheinkman,Ugxu_L_JwpfPFnVZ1Hd4AaABAg.AJsq8oIZjPaAJsqI2_pKHW
@Danielsheinkman,UgzCT2g7BXOLCqJIZhR4AaABAg.AJsq7S0ClMUAJsx2NcHDVD
@Danielsheinkman,UgzCT2g7BXOLCqJIZhR4AaABAg.AJsq7S0ClMUAJsx3OpzOdZ
@Danielsheinkman,UgzqlS6z1DByNV4KO_x4AaABAg
@Danielsheinkman,UgwSKGm05YPcLdtptu14AaABAg.AJsovr4LdigAJspNG1AF0M
@RadinWaves,Ugwdsy9CyukW8vPqVAp4AaABAg.AJsn19hM2_NAJtPiRl6KOV
@Julio_kYT,Ugw3JY1ojBsMGdm-2xV4AaABAg.AJsgY_BuOwYAJsgg7hUzYQ
@Julio_kYT,Ugw3JY1ojBsMGdm-2xV4AaABAg.AJsgY_BuOwYAJsggaruLuI
@Julio_kYT,UgwLa_0KFD5MMECcEm94AaABAg.AJsgYAVQ6uGAJsgg3Ad-ax
@Julio_kYT,Ugy5k743riQ-Khz8qfN4AaABAg.AJsgY1z62ZXAJsgg-qLfg7
@Julio_kYT,UgwS8FI66Evcga3tSdp4AaABAg.AJsgXFsMmuTAJsgfvctYZh
@Julio_kYT,UgwXN8vUauh1_RgUAM14AaABAg.AJsgVaJXHC3AJsgfsOpE9I
@Julio_kYT,UgwHc0VKN9dHxTzUoG14AaABAg.AJsgUqpuHhJAJsgd7gv9j1
@Julio_kYT,Ugz4i2m1u6GVJeGgT314AaABAg.AJsgQduGzr_AJsgVFf29DY
@Julio_kYT,Ugx785iubLGMtdR_wgN4AaABAg.AJsgQZXBtI_AJsgVxVn-um
@Julio_kYT,UgwHhkzp4BoNI4iAY554AaABAg.AJsgPs0j7XvAJsgWUeT9N1
@Julio_kYT,UgwBmn34fHRKA_YPg6t4AaABAg.AJsgOtkUTHXAJsgX6rL6oh
@Julio_kYT,UgwU2Fdv_c7FAuIDdJJ4AaABAg.AJsgN5GNAWgAJsgY6WRbyd
@Julio_kYT,Ugzw733Sk4mazUet7GR4AaABAg.AJsgMgDxSJhAJsgYwc8Q3f
@Julio_kYT,UgzWMzISb7TAsKAZ48B4AaABAg.AJsgMLZ6uzWAJsgZjVmgUG
@Julio_kYT,Ugyj6bQdP1e3is693Eh4AaABAg.AJsgLB584S3AJsg_S2vKK6
@Julio_kYT,UgyqD6D8afgvhF9oIq94AaABAg.AJsgJZe4FMjAJsgL0tTbcq
@Julio_kYT,UgzI5CIU6t046GGSLZJ4AaABAg.AJsgITlhcnWAJsgL_efG4J
@Julio_kYT,UgwajzYebyxzXSX11194AaABAg.AJsgFA1p4onAJsgNRoSYXo
@Julio_kYT,Ugz0fzH-5oo4bDH58bd4AaABAg.AJsgF4KK_D6AJsgNw3ClNB
@Julio_kYT,UgyGhm1rSHwQ6xM-Ulp4AaABAg.AJsgEi2HqOqAJsgOveAqtK
@Julio_kYT,UgxIAU0_X4TmhATuOn94AaABAg.AJsgDTpEsusAJsgPQpoxu_
@Julio_kYT,UgzIEkoTqBp-mm6cl3J4AaABAg.AJsgBzHQgBLAJsgQLkVvIP
@Julio_kYT,UgywiRopmV4aOdL0Vst4AaABAg.AJsgBTpdJJ2AJsgQnhe2I3
@Julio_kYT,Ugyjd0JZWcqGrPdBMH14AaABAg.AJsgBHLfL5GAJsgRKtZeCs
@Julio_kYT,UgxjFIvmC36TTqLx9LZ4AaABAg.AJsg91sjs5aAJsgBE0Xxog
@Julio_kYT,UgxjFIvmC36TTqLx9LZ4AaABAg.AJsg91sjs5aAJsgRxQ-z-v
@Julio_kYT,UgwmAYR12V425Rx3aQZ4AaABAg.AJsg70JdEd6AJsgBkcYrjY
@Julio_kYT,Ugzv_lcRUNcJmaiVZ9Z4AaABAg.AJsg6Z2zcY5AJsgCaVKlKB
@Julio_kYT,UgxVFTWpgt4WDLA-BTV4AaABAg.AJsg34ezChbAJsgFgnYNId
@Julio_kYT,Ugzxx5pNUrPlraci8nt4AaABAg.AJsg2KKnYd-AJsgGpWmwCz
@Twiliqhtly,UgzMaHeR6hcquqnaESV4AaABAg
@Mikael-uk7rv,Ugxoo4GznC9PrCDpHbZ4AaABAg.AJse7PaWEwsAJseR7B0ZAu
@user-qu2bp8zt6f,UgxFPlukvQjjc1-vUh54AaABAg
@DeterminismisFreedom,Ugxf852CMa55vyT7AnV4AaABAg.AJs_nRTrJWqAJsaKXRNpyC
@Julio_kYT,UgxH5JVhNEACfKJ9TP54AaABAg.AJs_gvjaZwhAJsg7TrCX15
@Julio_kYT,UgwrdIvp0Oo3xWZ7rhl4AaABAg.AJsZGPLvg4aAJsg5TWiQ3T
@DeterminismisFreedom,UgxdBl6H4z1s9NMk1CJ4AaABAg.AJsZAzOjQPBAJsaBd9u8EJ
@Drama_Queef,UgyfasZpbEvEboJMU114AaABAg.AJsY0pxQXglAJs_oYhZesz
@aryobimo2199,UgzdZETpxDVvTmJrYlB4AaABAg.AJsVXhbyU6hAJsXK1cA0MB
@tutacat,UgxPEFicl6bqLUNAYzV4AaABAg
@tutacat,Ugy68vqksQAlS3XE5uJ4AaABAg
@tutacat,Ugx9szX-tz1em_swbyd4AaABAg
@tutacat,UgxWBbLV620y9DU84EN4AaABAg
@nightgamer_399,UgyQrRqyDaCDXFrplzd4AaABAg
@aryobimo2199,Ugy46Xu6bW6QNNqFWZB4AaABAg.AJsUTrerlPQAJsXxR7WPw3
@DeterminismisFreedom,UgxHwlxtTBrSfMwH-fJ4AaABAg.AJsUOkqp-OnAJsa7xYFTcM
@Julio_kYT,UgxHwlxtTBrSfMwH-fJ4AaABAg.AJsUOkqp-OnAJsgADU6rl8
@tutacat,UgymoTQ-Gueaf-OgvtV4AaABAg
@DeterminismisFreedom,Ugz7o-JFp6HMF-ZVI7t4AaABAg.AJsSvFEcWCXAJsa9BtA6fI
@DeterminismisFreedom,Ugw0KBsimCA-h4LOcgd4AaABAg.AJsSWfnM0NvAJsaAMVr2Tq
@simlei5475,Ugw2q3Il0uMGZt2TFPF4AaABAg
@Guus115,UgzFxnC9sP9sIkcTjcF4AaABAg
@w-Nicksen,UgznziKLMVtTrJeBODJ4AaABAg
@Guus115,UgxLeja99Vuo33xTmiJ4AaABAg
@Julzaa,Ugy5TtlY-dZyOrql8I54AaABAg
@Julzaa,UgxHcxkeOhC4UV8CyPp4AaABAg
@Julzaa,Ugz44vUNiTNhNn0gyn14AaABAg
@DeterminismisFreedom,Ugzf8vNDPdkDkU4hh1h4AaABAg.AJsNYgTM_EPAJsa5bCzEeG
@jewelkendallschmidt,Ugxhq3aN3SpqiHOI8iB4AaABAg
@DeterminismisFreedom,UgzbCnmP8yQx4-Z30RB4AaABAg.AJsNWMSY7VxAJsaI033REk
@jewelkendallschmidt,UgxWMvRicqTUUdyBvzR4AaABAg
@hoofhearted4,UgwrAyRfPn_YgI5hSHx4AaABAg
@aryobimo2199,Ugz4wy8IeD5u1EbIY4B4AaABAg.AJsIweOEiLiAJsMNDufYZO
@DeterminismisFreedom,UgyD9_SIKytwmbdRJd14AaABAg.AJsIw6XOM_sAJsa6eHhnmK
@aryobimo2199,UgxwqIqsvXJJGzlPGyN4AaABAg.AJsIYZswaqzAJsOOT74Bjj
@aryobimo2199,UgzQtNXCPb3Aa6OALZ54AaABAg.AJsILdnSpy4AJsV8cAgOWM
@Danielsheinkman,UgxEdc4y1ARu_vtZcdR4AaABAg
@init_yeah,UgzCrtY7nfTRGqa87694AaABAg
@hassaan1670,UgwLOWEMfCDUyXTEwdx4AaABAg
@hassaan1670,Ugw21KDbhGlKR-3No3R4AaABAg
@Barmetler,UgwJt_bd55_mN86aCmd4AaABAg
@hassaan1670,UgzGvmoZ_LF95zJMSLx4AaABAg
@dannydanny9875,Ugz9ZJkx64EoRM1X76p4AaABAg
@pif5023,UgzhFAS9nc0GbDpPzCF4AaABAg
@Daniel-wn5ye,Ugwo8j0qXLxTrRFPVel4AaABAg.AJs1z3x_n4xAJs36H6WNhO
@Barmetler,UgxqSlX9cWkBFzWuT1d4AaABAg
@MWDiss,UgyjO_vJBzdgDLbvu614AaABAg
@Barmetler,Ugwil3HPickxu4Uj49F4AaABAg
@Barmetler,UgyOM-Glr7WIRFRtmDF4AaABAg
@Daniel-wn5ye,UgyZTwgpgWAztqu50fh4AaABAg
@vood__3,Ugywniv-39lQ1GSko2R4AaABAg
@vood__3,Ugywniv-39lQ1GSko2R4AaABAg.AJs00dKqMEnAJtG7CAUjzS
@pif5023,Ugz9uwutogKLBPQIR1N4AaABAg
@oldman_eleven,Ugwi5CvdNc23_JNreK54AaABAg.AJrx4ZeDrVWAJrxQojy-Dx
@oldman_eleven,Ugwi5CvdNc23_JNreK54AaABAg.AJrx4ZeDrVWAJsastFOCms
@oldman_eleven,UgxksCfAHow_t0rOZvx4AaABAg.AJrwysABYgPAJrxfGYWDEb
@Daniel-wn5ye,UgwIlfBxEe4Jb_Oz5S54AaABAg.AJrv951M_yFAJs22jg4Wzz
@anibration,UgxWPdMKMsH8oXYKKvZ4AaABAg.AJrt5kIVeQAAJrtArqr-5y
@paolalovescats,UgxntjT-vVOf2ihtyVJ4AaABAg
@oldman_eleven,UgwAApMt2r_ETd0s6p14AaABAg.AJrs0FLtdINAJrsO_LFOjE
@anibration,Ugy8Z-Lh4_R3BRvXE1N4AaABAg.AJrrs3TUn2qAJrs5e5Anw1
@oldman_eleven,Ugy8Z-Lh4_R3BRvXE1N4AaABAg.AJrrs3TUn2qAJrseW9RrLh
@anibration,UgyCMXcBlTcYiv28IL14AaABAg.AJrrhXrGD2lAJrrq6wsrGz
@anibration,Ugw--H7pZNcft71bx694AaABAg.AJrrd5ZnSUWAJrsKBF8qjP
@oldman_eleven,Ugy6l4WAZZuyPCaoCHB4AaABAg.AJrrDwm_P-9AJrraMOEo13
@oldman_eleven,UgzvSBM90LhfLOz39Ox4AaABAg.AJrr6hnTDAzAJrrjat4AOb
@oldman_eleven,UgwAsqZRcaB-w2uHM5R4AaABAg.AJrqvMlHutDAJrrusy3uHL
@oldman_eleven,Ugwg8m6kCDbiDLB4NWh4AaABAg.AJrquSXmZI3AJrs0S0GaYI
@anibration,UgwFYqdPj2evBLV72gl4AaABAg.AJrqmlMS4fPAJrrcQHhMQB
@anibration,UgzxJvRoCNSo5IptlKh4AaABAg.AJrpKEPxrizAJrpnFK-o3b
@anibration,UgzI0ugPIbjOET3rcEh4AaABAg.AJrojta8_FjAJrp_BiOunc
@anibration,UgzPX6fzUzOEw1qQss14AaABAg.AJroW3sUlndAJrq5avA2_U
@oldman_eleven,UgzPX6fzUzOEw1qQss14AaABAg.AJroW3sUlndAJrqMHgiVfa
@oldman_eleven,Ugxnfuxt_tk-TdeyxdJ4AaABAg.AJroVqW22qwAJrqcMX7EiJ
@DeterminismisFreedom,UgwPXiPP2dbIjf87IH54AaABAg.AJroQgG1COuAJsaJJT7JqQ
@paolalovescats,UgzevjpBYaLBsfJW6594AaABAg
@oldman_eleven,Ugz8W0E39v19LrL3xGR4AaABAg.AJroCO4mZ27AJrrMmN5v2Y
@simlei5475,Ugx_TlEZcwJMUoOUIlR4AaABAg
@anibration,Ugxc2XnQ_OwH1YWnv0d4AaABAg.AJrm7h7HuyOAJrmLSHX3LD
@Memessssss,UgxvG5-ejJehK6e5bc14AaABAg
@vustvaleo8068,UgwT4iwFtguwyIawvCl4AaABAg
@anibration,UgwNuIorgIzyXXEL3KN4AaABAg.AJrlHy_aAAeAJrm3luqPei
@anibration,Ugz8D9MnI7-LsgYNEOx4AaABAg.AJrk53JrWqKAJrl5Gfr_cy
@anibration,UgwumFixrERuUWMK0dt4AaABAg.AJrjIQNWA-DAJrjZt3TYyJ
@oldman_eleven,UgyQIucQxjtB2w18XcJ4AaABAg.AJrivN77cM4AJrjWBiqB98
@oldman_eleven,UgyzWO1eaY7EqzFnvjN4AaABAg.AJrimtffKivAJrjm5lBION
@oldman_eleven,UgziQyskgJBAPavuqql4AaABAg.AJrilGnSFA7AJrjsrad-NM
@oldman_eleven,UgxtYVm4LaYQkTQNYE54AaABAg.AJridGDq9j6AJrjvnqc5Vz
@oldman_eleven,UgxAz0tiW0EIxLr4_Ch4AaABAg.AJribT1qPMRAJrk52Ro_It
@oldman_eleven,Ugz1LsZ7-MpHdrc3Gcd4AaABAg.AJriYXP1EuBAJrkHDjan6i
@oldman_eleven,UgzJv_GEVHm59NhdV1N4AaABAg.AJriWtZb90YAJrkNknQ_oD
@oldman_eleven,UgzJv_GEVHm59NhdV1N4AaABAg.AJriWtZb90YAJrneHBv47y
@oldman_eleven,UgxWKl5UrVOb7d-M2B94AaABAg.AJriWA1Wx6WAJrkS3wNV5S
@oldman_eleven,UgzELkqwpmr8xptEqGp4AaABAg.AJriMhQbyW4AJrkYW5eikM
@oldman_eleven,UgwE1imD2IuycIRn5PJ4AaABAg.AJriMWotJAQAJrkayHQAb8
@oldman_eleven,Ugy7d3TzKOmpuNMW4yp4AaABAg.AJri6iax5T5AJriEJ7p2NE
@oldman_eleven,UgxqjAoOutqLHTEXg794AaABAg.AJri5kLZOPYAJriMIjFS8m
@anibration,Ugx_mskae_6cQFXpU0N4AaABAg.AJrhXNbsq2XAJriGPhV0vp
@newbie4789,UgxM9p7aupPnpKu_QMV4AaABAg
@anibration,UgwVq4esUsOpHJzhJVt4AaABAg.AJrgrdPyGz9AJrh2RBhyQc
@anibration,UgygSYACTF6Kt16ZrnJ4AaABAg.AJrgkcZt1tMAJrhagn0BGS
@phoenix_random,UgzG-_5t1lgIdfENPnF4AaABAg
@phoenix_random,Ugx1siLoVLM5SZZbiwR4AaABAg
@Kovman9,UgwsVSoPDIeN7qjClJB4AaABAg
@anibration,UgxSoJvJtrEQF01u4jl4AaABAg.AJreqgqLSCXAJrfV4MDlSk
@Kovman9,Ugyd8rJ8kzgB6R4KzrJ4AaABAg
@anibration,UgyxgqYVjo7GDzFFiaJ4AaABAg.AJrdCu0fnkvAJrdNquZmAT
@Twiliqhtly,Ugyib1Pn_Hsmj5t20lt4AaABAg
@aryobimo2199,Ugy1zESf0aGWMDKtksx4AaABAg.AJrcHsbYB-qAJrd6CjljKY
@anibration,UgzLsQELsJvHmDcp0oR4AaABAg.AJrbqbQOxcyAJrcvURC6b9
@anibration,Ugx3PlJBlc5VD_xgz1F4AaABAg.AJrbhAjnQAYAJrdqipYO2d
@anibration,Ugw68jm9kjnXqBmpi154AaABAg.AJr_SqCH1-6AJr_esgcPUe
@anibration,Ugzkx4W-pW-kEGGFdrB4AaABAg.AJrZwaJdU53AJr_Yy4aosw
@anibration,Ugwf9ROizRGknq-JRm94AaABAg.AJrZT5ZfDUeAJr_OT8tGjS
@anibration,UgxOt2r7CFblRHGXBJB4AaABAg.AJrXa04V72dAJraO5Qkrvs
@paolalovescats,Ugw92h93dVUsot8ky0V4AaABAg.AJrT2FsmCW_AJrpvhcvJDu
@haruyu123,UgwDRBBTQdzhbCZ9Hod4AaABAg.AJrSRNy-K3_AK3ZtTTkbt1
@illpunchyouintheface9094,UgxUjMamei2V95J1iLJ4AaABAg
@Scorch428,UgyhW_b1gKyPAggQa4d4AaABAg
@Twiliqhtly,UgzWDJ9kEQNW2u2sZxV4AaABAg.AJrQpIipsciAJrcoS_tvu_
@clashcon11,UgwrKUd2Xfhf-_keA214AaABAg
@TheRealHolySpirit,Ugzht22Xl1K2OZ0sbIp4AaABAg
@clashcon11,Ugy3vBeysi88NEZ4ash4AaABAg
@clashcon11,Ugw9kL4KhGfz67GD6-h4AaABAg
@Scorch428,UgxHEHxqr-1K7rUlx6p4AaABAg.AJrO4dmIS1IAJrS12x2Wge
@Blaisesvids,Ugx_UctlrsMc4BKmN-14AaABAg
@DeterminismisFreedom,UgyQChwq5BG4iYkybBp4AaABAg.AJrKwMDE8_wAJsaCswj4bD
@revemb4653,UgwujMPcO-Ywf6z0QKp4AaABAg
@revemb4653,UgyTpzMCvq3CSOtSREh4AaABAg
@la5369,UgycEMSqG4WMmMKaY2B4AaABAg
@sandboy5880,UgzfUF9VrCfOzh8bj4x4AaABAg
@sandboy5880,UgwB4guf9T6AuB-1PhV4AaABAg
@ucngominh3354,Ugyq-ynaJZk70bBYPcx4AaABAg
@Chuck8541,UgxTQgWlqHWZ8i4Kz0R4AaABAg
@naptimusnapolyus1227,Ugxx3sQKvIwCtZU2_PV4AaABAg
@fuzzy-02,Ugx3TULljTrnFtDXecZ4AaABAg
@Daniel-wn5ye,UgzambBsUkxRGeMN4rV4AaABAg.AJr2nJZ--sAAJs1vg4uSC_
@deleted-something,UgyTmZBFdzq2S8-NIH54AaABAg
@MelroyvandenBerg,UgxR8MFHCI7mDwMFVg14AaABAg
@naptimusnapolyus1227,UgxqBzVh4tgCQ_qvlYd4AaABAg
@MelroyvandenBerg,UgwotLf8PF1FGOXfNe54AaABAg
@Matt561,UgwziAGuTe81E-Dmse54AaABAg
@Julzaa,UgwoeP2H0aTV9lkh_oV4AaABAg
@vood__3,Ugx33fu1y3cVpLlu-C14AaABAg
@SwitchFBproductions,Ugy-go_mCJh6aW_qQsZ4AaABAg
@SwitchFBproductions,Ugy-go_mCJh6aW_qQsZ4AaABAg.AJqqvWLZilsAJqr-gl5ERy
@SwitchFBproductions,Ugy-go_mCJh6aW_qQsZ4AaABAg.AJqqvWLZilsAJqvUitPqMd
@vood__3,UgzU086d4rVQPYAJQLd4AaABAg
@fancen,UgzB9p1VRcnJ7d5Jv4d4AaABAg
@ShadowByNine,Ugxo14qeKZL4deq77kl4AaABAg
@crazychicken8290,UgyIEXO8UFe6FxXx-4J4AaABAg
@ShadowByNine,Ugx4iCPLmLl-DmJrym94AaABAg
@ShadowByNine,UgwlJeOCaU-Xxs9ZjMB4AaABAg
@1pcfred,UgxmZvLNHWzvqfHacHB4AaABAg.AJqn-HxFEVmAJqrPvVSI5-
@1pcfred,UgxtWlySA3NXaXxwXKh4AaABAg.AJqmZVYXUAmAJqpifnWCCC
@ShadowByNine,UgxtEzImkWuGC2T-RgV4AaABAg
@ashleyr6809,Ugw6i1ENpcdVIzDFx4t4AaABAg.AJqlsYiku_GAJqm6_5XecX
@littlefrank90,UgxF6UjMLc0uO3qSI6F4AaABAg
@ShadowByNine,UgwSe9Ji9Un-RiNKcqp4AaABAg
@RenderingUser,Ugxb-BXQb1zlnD56q1l4AaABAg
@TheBooker66,Ugzuq_xCSO62hXGkmkl4AaABAg
@thrillvilled111,UgyXeFZ-F-zVX1c2lm54AaABAg
@ashleyr6809,UgyxfS6ubXT7AiBgOo54AaABAg.AJqlJk8tbhmAJqmbwJdH_H
@k1ng_chicken,UgxtS5L2jEWaKTEc-W94AaABAg
@littlefrank90,Ugw_hisR_34Mnfd1j0V4AaABAg.AJqkt_UxGRmAJqmGl4ddZh
@1pcfred,UgykPSW1IRXm7IaQmyd4AaABAg.AJqkfWbWdU0AJqr7rqDZIA
@littlefrank90,UgyrU2ZCIJbudCc2UFd4AaABAg
@littlefrank90,UgzCRIkyCynSClexjR94AaABAg.AJqkYG3fSxpAJqmQgc1IQY
@aryobimo2199,UgzuU7Rc6eEnND0N4pp4AaABAg.AJqkK1BnUJpAJql6iesBFn
@RenderingUser,Ugw9tEhuQ1Zpieq5aQx4AaABAg
@thrillvilled111,UgyOWEqTsLLJGH0bnXN4AaABAg
@1pcfred,UgzGr5zos5HmzBm8pap4AaABAg.AJqjaLr4ACSAJqmg_M64PM
@k1ng_chicken,Ugzbrkh8W-CaOAmW9Gp4AaABAg
@1pcfred,UgxnsznukQiMDF-CqTB4AaABAg.AJqhmb1pwa3AJqpKyMFteW
@rfltyt,Ugym2si875yHrQiuPGV4AaABAg
@Croco_G,Ugxcovk2CQnE5c1ek5J4AaABAg
@_-7310,UgxO8rPl7C_NtrAu4Qx4AaABAg
@_-7310,UgzHBAOZzyX8T8d6jZh4AaABAg
@aryobimo2199,Ugy678vFkDM_bm60rzd4AaABAg.AJqh6rpG34MAJqhQjVcMwH
@Kovman9,Ugy7P8J4UXfbjnd_An54AaABAg
@_-7310,UgzhPcT3dvYeg8dMayV4AaABAg
@aryobimo2199,Ugz5wu41j1JKV40cvwx4AaABAg.AJqh-O4qo0wAJqhehkn4LM
@k1ng_chicken,UgwFDnKab2QeWvjxyFN4AaABAg
@aryobimo2199,Ugzw1DDHIp5UX_J88N14AaABAg.AJqgwuEs_5MAJqhtsVLuCO
@BiG_Brain13,UgzfBJMvVAykNkwUMJF4AaABAg
@Mikael-uk7rv,UgwfnNYKMoELXHztG9B4AaABAg.AJqgZdSxn8GAJqgl0p08aB
@Mikael-uk7rv,Ugwcfx7gtTEkNxtyCCV4AaABAg.AJqgYfm01YOAJqh3je8gvz
@1pcfred,UgxExKaTWXllZuvJhXl4AaABAg.AJqgF-hJp4rAJqnOe4fECS
@BiG_Brain13,Ugz1k2o8cpZpiaI5P0J4AaABAg
@_-7310,UgyBVi5dYxlsT5Wvg3F4AaABAg
@EyesOfByes,UgzAAxpiXHfM4UiX4p94AaABAg
@BiG_Brain13,UgyF5Us_N8xySNjGmjB4AaABAg
@1pcfred,Ugw6C3gp9wPq18nabW94AaABAg.AJqfbI7dhOeAJqrLeJzLeT
@Daniel-wn5ye,UgyCIbHKmEYZNCiIcdR4AaABAg.AJqfWueiXFpAJs1ot5_4LA
@_-7310,UgxTe1BgA5uBggYvIBx4AaABAg
@_-7310,UgzusbBBzZjyuuwTSFp4AaABAg
@aryobimo2199,Ugw2wZRENrQ22qbZzNh4AaABAg.AJqfBsBJK6DAJqgqCtUCpu
@EyesOfByes,Ugz8C8SPe4ALKmlKdT54AaABAg
@RadinWaves,UgwAOX57RBFs52S7uex4AaABAg.AJqeFM4nilDAJqgDIbRjQB
@EyesOfByes,UgxSpzkE_D-CBjgsD9J4AaABAg
@RadinWaves,UgzBgqUjBBc4Ui8Ke0h4AaABAg.AJqe3dZK453AJqg9Mje7VQ
@RadinWaves,UgxHOskzsv6PaobmRCZ4AaABAg.AJqdfHPWiSYAJqgKKlHC9B
@watcherManu,UgwUCWlPNrMJVsByUzt4AaABAg
@RadinWaves,Ugz1INIlzDtY4i8Ihyl4AaABAg.AJqdeG3zzjbAJqfdw7mr6n
@k1ng_chicken,UgwenD_MCB21JunbRnl4AaABAg.AJqddfNHmtQAJqfosZJOcu
@EyesOfByes,UgwYtn7yWRd-0uJvk2N4AaABAg
@RadinWaves,Ugx1F-P-YyJqQPZuuPZ4AaABAg.AJqdZLLBQFGAJqgOYJdRr0
@1pcfred,UgxjSAY-rctkcx7Iltd4AaABAg.AJqdYTIeInpAJqn18ebvxH
@Somejerk87778,UgxJUdgHOnqBFVOHP214AaABAg
@Somejerk87778,UgxJUdgHOnqBFVOHP214AaABAg.AJqdY8dz0ClAJqdbHMFTOd
@EyesOfByes,UgymYFXJ3AG27aoegyF4AaABAg
@Daniel-wn5ye,UgxZtBwIiRvbikhezgZ4AaABAg.AJqdBNdOm3-AJs2OsAdKWm
@NostraDavid2,UgxQmKzW4qkv6cChQS94AaABAg
@NostraDavid2,UgyZn54QZsDw_tq18y94AaABAg
@NostraDavid2,UgyZn54QZsDw_tq18y94AaABAg.AJqcmeBFqTZAJqcp9xa6rl
@RadinWaves,UgwwmtKMCPpPNryyOUt4AaABAg.AJqckkoAJisAJqgu9pCnBh
@RadinWaves,UgymLDxJXLebBeQoAf54AaABAg.AJqcT7OPtWeAJqhK-e1HL8
@JMPT,UgxPewmWhV3MUQHmUFh4AaABAg
@k1ng_chicken,UgxnZGUhOd0AesYnW-R4AaABAg.AJqcSsHsII2AJqjoE2GsfT
@RadinWaves,UgxN54u3ywqGpxb4DZZ4AaABAg.AJqc6G1AMflAJqhZV-uNXK
@RadinWaves,Ugx5V46v4VBFgBiFaYN4AaABAg.AJqbxi9NnjDAJqcWxhGzyr
@RadinWaves,UgwbutFEKcIdIyXm7KB4AaABAg.AJqbwKTt9amAJqcoR88-BI
@RadinWaves,Ugz862isRviIhZoqZ9F4AaABAg.AJqbtah_x3PAJqhhB0xIf-
@RadinWaves,Ugzk7ZvkRz694S3MO6N4AaABAg.AJqbqcCDFjuAJqhkab-glA
@aryobimo2199,UgyPDrZb9O3Uz1oJzYR4AaABAg.AJqbowOBQoVAJqcWstdkKd
@RadinWaves,UgyPDrZb9O3Uz1oJzYR4AaABAg.AJqbowOBQoVAJqcyrkqtvH
@RadinWaves,UgxZqRLWITGX03cCWth4AaABAg.AJqbjy248qzAJqhqkCSiou
@sloth021,UgwoE132wfA5sfq50wt4AaABAg.AJqbfbknQPvAJqbmsk0AYu
@sloth021,Ugx-ObLyd8m_hytPWKZ4AaABAg.AJqbf5CkC9pAJqbpTa9Ztf
@sloth021,UgxSCJCrUiJSzdHvovJ4AaABAg.AJqbdls03UhAJqbwE40iG8
@sloth021,UgxSCJCrUiJSzdHvovJ4AaABAg.AJqbdls03UhAJs2rjb5v6f
@sloth021,Ugx0Bb4TaohBUFWl0Tp4AaABAg.AJqbbGbSzKzAJqc7876MNl
@sloth021,Ugw0wXPfNoFrGEOfDzF4AaABAg.AJqbaVCfegtAJqc9Q4j8ky
@RadinWaves,Ugw0wXPfNoFrGEOfDzF4AaABAg.AJqbaVCfegtAJqi20c2NWF
@sloth021,Ugyx3p0m0ZUuSkRv6FB4AaABAg.AJqb_oa_U5jAJqcBTpop7Q
@RadinWaves,UgyDz6UbWEOuT--bYAp4AaABAg.AJqbXdJX0jAAJqi6XQhXi7
@MrKentoNion,UgxRq9Ny-FfGXNB8nPV4AaABAg
@RadinWaves,Ugy3WuzsPYZuUF3gZPB4AaABAg.AJqbUH2-FUpAJqi8GU1RkF
@RadinWaves,UgwAO3vYIMRKQK3gmpJ4AaABAg.AJqbRn1la0YAJqiBR2XFK0
@RadinWaves,UgzusKv-D_ovZwAmpAJ4AaABAg.AJqbMNUdajcAJqiEW_aFv0
@RadinWaves,UgzVm1rk1fKM9I_ECdd4AaABAg.AJqbLHS5vKdAJqd9ez3Ia6
@MrKentoNion,UgzMTZrjWPgd8oDQc914AaABAg
@RadinWaves,UgxvYdoj1xPKdNihR1V4AaABAg.AJqb3wHcO33AJqimpTCzcP
@SoggyCat-b2n,UgwiKkOmfx79YgRvufF4AaABAg
@Grzelopak,Ugx6zNMDsEf31NS470V4AaABAg
@TheBooker66,UgwAFm-cuc8OLZoXxTt4AaABAg.AJqaYuD3-ImAJqbMSJEmQV
@LKD70,UgwAFm-cuc8OLZoXxTt4AaABAg.AJqaYuD3-ImAJqc2FBIRP6
@sloth021,Ugyis-0mSe_8QPn-a8l4AaABAg.AJqa7Vydu96AJqaW_HN-X2
@sloth021,UgzdhLGN2hPDcUtiz7V4AaABAg.AJqa7-jHRr0AJqaZEP_dxn
@sloth021,Ugxhhg7en7LyNudSAjx4AaABAg.AJqa6REvENcAJqaagP1ROA
@sloth021,UgyipsV2SoyiDeiCa8h4AaABAg.AJqa6L4EMAtAJqaf98ZVZJ
@sloth021,UgyOGhuh7_WbyT6lgXR4AaABAg.AJqa5ge4wQ4AJqakG1JDOn
@sloth021,Ugy3qqzlSzMw5moI4XB4AaABAg.AJqa593KzkgAJqapJZRpLd
@sloth021,UgydJVIr-lC56g2mxON4AaABAg.AJqa4TPAU-PAJqasQ3AbjM
@sloth021,UgyqEsjzoWbi4sUpSF94AaABAg.AJqa4HH2olsAJqav5uLPVv
@sloth021,Ugxl-LoIOSn2U82iDwZ4AaABAg.AJqa10WotawAJqbBgkzdlg
@sloth021,UgyCDCKntUDwtYX0JQZ4AaABAg.AJqa0P5MzSvAJqbFCPUXZt
@sloth021,UgwNHgxybzxglUhBsG14AaABAg.AJqa04r33YRAJqbNMLrWlL
@sloth021,Ugz9iyoCDgi3dhKNcdZ4AaABAg.AJq_ya7wTV9AJqbacbPGqP
@hadesgirld5145,UgxOHOeQfPYEqTm-d514AaABAg
@sloth021,UgxVJYQVSYX13HeBK4R4AaABAg
@emma_nutella58,UgxiYaLnL_z43EOrnf54AaABAg
@SoggyCat-b2n,UgzboLKUMZ4HdXjxQu54AaABAg
@SoggyCat-b2n,Ugxup5j1V1QCW0IXUL94AaABAg
@kawaiichamoyada,Ugw0R7u2nWX4LifuIEh4AaABAg
@SoggyCat-b2n,UgxQWClpsXhnBzhy9dh4AaABAg
@TomNook.,UgwdcIu69DddPOLsned4AaABAg
@hadesgirld5145,Ugw9DZ4fD1PzrXmNnnt4AaABAg
@1pcfred,UgyVGnEPPPTY6Vs0JEt4AaABAg.AJqZDNhE9WQAJqqLrxaMcj
@Snipsnapsnep,Ugyuxtl14aOH1flXMmp4AaABAg
@TomNook.,UgxgyypAuGcbDn8-o-54AaABAg
@Daniel-wn5ye,UgxDg1h_QbMI3IFwH-t4AaABAg.AJqYW1y9HrJAJs2GjvUrsl
@webverse700,UgyBzySZxm11IJ-9I0l4AaABAg
@removechan10298,UgxYl6_7ryGxGxwpjGF4AaABAg
@SuperNASCARrocks,UgxBq0U6HrSBeJclkNt4AaABAg
@BakercalledGhost,Ugy_HRB1_6mhtS75s6p4AaABAg
@LKD70,Ugw8quEnJhOdKJO4QdB4AaABAg
@BakercalledGhost,UgyjdUGTSovXZdlXILx4AaABAg
@LKD70,UgyNcxcHCXUrobPQZxd4AaABAg
@TomNook.,UgzwiOP_GPdTnc6z0Bx4AaABAg
@llfalldown,Ugx3O22_I8NHz1-WHz94AaABAg
@LKD70,UgxW8mj1HknT-w5FcNR4AaABAg
@LKD70,UgyJaaDeLH-hdRaPyGV4AaABAg
@LKD70,UgzAjZ-kZfDgCyGzqXx4AaABAg
@LKD70,UgyG9UXfvFsvNqX2ziF4AaABAg
@LKD70,UgwKSvC5wEl2EMYxpdp4AaABAg
@LKD70,Ugw5ektVrbNd5MgWwRp4AaABAg
@Kizerayn,UgysP_7YHTPW5cQErjd4AaABAg
@UTTPOFFICERFINKLEBERRY,UgysP_7YHTPW5cQErjd4AaABAg.AJqWfl8arIlAJqWrX3cI4F
@UTTPOFFICERFINKLEBERRY,UgysP_7YHTPW5cQErjd4AaABAg.AJqWfl8arIlAJqWsAKI587
@LKD70,Ugwhnww-tranFZ5U4Ft4AaABAg
@UTTPOFFICERFINKLEBERRY,Ugw52ILkKnGy-n5RCVt4AaABAg.AJqWQrUKpnHAJqWZYwiuds
@LKD70,Ugw3JmP61NrM45QbImV4AaABAg
@UTTPOFFICERFINKLEBERRY,Ugyb6AxWHiw9kLW5oh94AaABAg.AJqWLiycy6WAJqW_w27GkE
@UTTPOFFICERFINKLEBERRY,Ugyb6AxWHiw9kLW5oh94AaABAg.AJqWLiycy6WAJqWaSzjpSk
@llfalldown,UgyP6fNM3b4rjG9eS3x4AaABAg
@UTTPOFFICERFINKLEBERRY,UgzCipYjUHdZlsW8CKp4AaABAg.AJqWKPSqOayAJqWyxnVkne
@UTTPOFFICERFINKLEBERRY,UgzCipYjUHdZlsW8CKp4AaABAg.AJqWKPSqOayAJqWzSNgNk5
@LKD70,UgwuksD4dKq3Lyt4kB94AaABAg
@UTTPOFFICERFINKLEBERRY,UgwuksD4dKq3Lyt4kB94AaABAg.AJqWJub_rvJAJqW_HupMm0
@UTTPOFFICERFINKLEBERRY,UgwuksD4dKq3Lyt4kB94AaABAg.AJqWJub_rvJAJqWdrxAS_Y
@LKD70,UgyEEAs4w8Lubwv-rb14AaABAg
@LKD70,UgxPX6NvErlsVS8VNTt4AaABAg
@llfalldown,UgyF09MugOD_6V5WaxB4AaABAg
@LKD70,Ugxh2-h_S92A6YmGLF14AaABAg
@UTTPOFFICERFINKLEBERRY,UgysztgYaoBCehwLK9d4AaABAg.AJqW4iydU7PAJqWqJ_bkdS
@UTTPOFFICERFINKLEBERRY,UgysztgYaoBCehwLK9d4AaABAg.AJqW4iydU7PAJqWqwrKRBs
@UTTPOFFICERFINKLEBERRY,Ugz9SJwt4iFHBzJD3tJ4AaABAg.AJqW2S-HzXEAJqWszCnZVf
@UTTPOFFICERFINKLEBERRY,Ugz9SJwt4iFHBzJD3tJ4AaABAg.AJqW2S-HzXEAJqWtZTYBHa
@HeisenbergFam,UgxY2c7aeriJbNSieod4AaABAg
@UTTPOFFICERFINKLEBERRY,UgxY2c7aeriJbNSieod4AaABAg.AJqW0M7wSI0AJqWYHGucwN
@Snipsnapsnep,Ugyw5sMJK0TZf4JiLF14AaABAg
@Daniel-wn5ye,Ugx1Mp-f1VzOGYbmLCF4AaABAg.AJqVtrmcRpjAJs29-1YjwC
@ehtech_,Ugzbrff7JG4PRjOxaUp4AaABAg
@ehtech_,Ugz6rnSS6Ac0z2BXgW94AaABAg.AJqVsrZ_VNoAJqWPGITTTl
@ehtech_,UgwBl7BQjO0BG3yT2mx4AaABAg.AJqVsbup7-aAJqWM5wIgUQ
@ehtech_,UgyBmR2lfLlpyn3ATbV4AaABAg.AJqVsG0rQWAAJqWJv5IBfk
@ehtech_,Ugx4N9AWsoiAh9je7sl4AaABAg.AJqVrCLlxLmAJqWBPOAVbO
@ehtech_,UgxqTA5UqxbSxz6JpuR4AaABAg.AJqVqxHAa5FAJqW9O2HhPd
@ehtech_,UgwxHCrTei6lVgtuU0Z4AaABAg.AJqVq1TKfnfAJqW84y8RF4
@ehtech_,UgydL8ooLM3K9st2BSt4AaABAg.AJqVptm3R7SAJqW2ydrLJa
@ehtech_,UgxQQzjMwxu4BZPt0AB4AaABAg.AJqVpntlPwkAJqW1ACmzxB
@ehtech_,UgyyvZ_KhKvgN2E9NWZ4AaABAg.AJqVpfWtRcYAJqW-_0yHwH
@ehtech_,UgyJUVVFvh5Zu-G4jSV4AaABAg.AJqVpbrLRtCAJqVxZe9Ihi
@ehtech_,UgwfJ5EVqgPkEv8JZJ94AaABAg.AJqVpSuWqCmAJqVwQbCzUx
@ehtech_,Ugw56cSHFmauTD020wV4AaABAg.AJqVoapfMtRAJqVurDKdCR
@TammyHiland,UgyYE2sIn7Xj8TpDLSx4AaABAg
@TammyHiland,Ugx_HajlxBN3Njioznt4AaABAg
@superjumpbros64,Ugw-aB8skBnG2mYwaeB4AaABAg
@aryobimo2199,UgyJK6wdQqcB0FK5D2d4AaABAg.AK9NkN33SETAK9tCAsWBDD
@hadesgirld5145,UgzbK05qTB7tlFr1it14AaABAg
@hadesgirld5145,UgwQ_scCX8Y25S04h754AaABAg
@Drama_Queef,Ugx2Xk6vFN6lbqtwxFR4AaABAg.AJxe7L43eoIAJyjU3qI_ig
@konradfesk,Ugyqs5p6IvczPQmlfSR4AaABAg
@konradfesk,UgzaSYu0VWscLax6N9F4AaABAg
@anyoldthing,Ugwjgy_mN05wpumE_J14AaABAg
@haruyu123,UgyVf29pmdIVkU_isu54AaABAg.AJs7sjVUhMZAJsgZF2XO9N
@dannydanny9875,UgwmoThjFE3Lz5Nubht4AaABAg
@matterhadness,Ugz5_sDDV5YXtCQXxGx4AaABAg
@JMPT,UgzhBLnkZebVDowIKih4AaABAg
@Drama_Queef,Ugz_UXeAAedJElurgfp4AaABAg.AJqe-kZEegeAJyjtH_DlIV
@Drama_Queef,UgwlN69-X66VkOSAi2l4AaABAg.AJpmLT_QjnhAJpvROBmORt
@Drama_Queef,UgwlN69-X66VkOSAi2l4AaABAg.AJpmLT_QjnhAJpwxty_6t-
@Snipsnapsnep,Ugyv2bIXRra8qT0Hos94AaABAg
@Drama_Queef,UgwpV8O_07JmsX4a4UB4AaABAg.AJmsKFVNcj1AJnLbJZ4I3B
@Drama_Queef,UgzUTOK66mQkmdiqL4h4AaABAg.AJmbsvYvLMeAJnLm1EcMx_
@Drama_Queef,UgwcDC5GTfykg1zjONZ4AaABAg.AJlkGE6eLbJAJnM3lSaF5O
@Drama_Queef,UgxpkOX5tnyWq53Tqtl4AaABAg.AJlcfhCWMoVAJldiDXjplY
@Drama_Queef,Ugy6vJY6iTFUMbr2Vcp4AaABAg.AJlFJv4t9paAJlIt076THG
@Drama_Queef,UgwMz7WWCDi5tJzwLfZ4AaABAg.AJl0obOOZpdAJlIztcOdJ9
@Drama_Queef,Ugx_Fu3COoUmyl8J74F4AaABAg.AJkcc7BRol4AJlJErqO7N-
@Drama_Queef,Ugx_Fu3COoUmyl8J74F4AaABAg.AJkcc7BRol4AJlSPmB3Xvg
@Drama_Queef,Ugx3LBm8Z2S3XR0wBc54AaABAg.AJjHs7GpcUsAJjYnZOPc5B
@Drama_Queef,Ugz5zDYsBLB-wyadgnl4AaABAg.AJgaB4rUHc5AJjZE8XM458
@nightgamer_399,UgzlJC9CIrGROzpKbsx4AaABAg
@Drama_Queef,Ugykde4Vtn3Ozqn9Vip4AaABAg.AJcTJoA69cQAJjZuHd_aKL
@aryobimo2199,UgxCUTF85oXuf_581gp4AaABAg.AJcJgRp0b01AJcg1aTwaoi
@Drama_Queef,UgxErhVIBetCOKeXIod4AaABAg.AJbsRS59hWpAJj_64KPBQc
@hadesgirld5145,Ugy-Pd0tz3byfXaz6HV4AaABAg
@Drama_Queef,Ugxaf8xM6YOOvYZWw7R4AaABAg.AJZ6jqHgJQiAJZ6pOkkme5
@Somejerk87778,UgwkaxAwu621K8RxGXd4AaABAg
@TheBooker66,UgzYchs9679zrdJJGrd4AaABAg
@LKD70,UgzdRWqrvv4Pnmxa2Tl4AaABAg
@JOTARIBRAJOHH-u5r,UgzTvrAIgCRhI18qU_Z4AaABAg
@JOTARIBRAJOHH-u5r,Ugy_TT_RVVX0tCzpsTl4AaABAg
@JOTARIBRAJOHH-u5r,Ugy0QyJQrb0-3KAdFwl4AaABAg
@JOTARIBRAJOHH-u5r,UgzZ3Ab1aUM-ursATnR4AaABAg
@JOTARIBRAJOHH-u5r,UgwHi5IRM3p4n-j6AE54AaABAg
@JOTARIBRAJOHH-u5r,UgwzGEO5QMt9bUd_4SR4AaABAg
@JOTARIBRAJOHH-u5r,UgzVlEuVe6tXp0lmXW94AaABAg
@JOTARIBRAJOHH-u5r,UgwIxc_3FfVXWoscxpp4AaABAg
@JOTARIBRAJOHH-u5r,UgwDFJmigMPdXwekIcV4AaABAg
@JOTARIBRAJOHH-u5r,UgyvDJhm0nale5uVBPJ4AaABAg
@JOTARIBRAJOHH-u5r,Ugyfi7HIqVMhSs-6O-R4AaABAg
@JOTARIBRAJOHH-u5r,UgyxgKzVoO0lgt6VzOJ4AaABAg
@JOTARIBRAJOHH-u5r,UgwMho7-jSTyDx3jKr54AaABAg
@JOTARIBRAJOHH-u5r,Ugyx74YlbkUJcDqOuct4AaABAg
@JOTARIBRAJOHH-u5r,UgzdrSJUQSu2yGIuEMl4AaABAg
@JOTARIBRAJOHH-u5r,UgxZwwk8pU0OiPHzS854AaABAg
@JOTARIBRAJOHH-u5r,UgwXNRNcKtAnmsWWhRd4AaABAg
@JOTARIBRAJOHH-u5r,UgyNynY1yNgF0VUDf9V4AaABAg
@BakercalledGhost,UgxGHe7SvwiS_jI0V3t4AaABAg
@hassaan1670,Ugyx6m8KqLxQ480xoth4AaABAg
@Somejerk87778,UgwD3w3t4yQp6Ijcf5J4AaABAg
@Somejerk87778,UgyGE9dDuWbtsu7xstt4AaABAg
@Somejerk87778,UgxxaTr9acoyWmH-RYJ4AaABAg
@Somejerk87778,Ugz_oW9DR8sIJ7wQj7R4AaABAg
@Somejerk87778,UgwuJKrUps7BchzeqWd4AaABAg
@Somejerk87778,Ugw9Uhl6pu-2HwIcmBF4AaABAg
@Somejerk87778,Ugzr_oWrXHeGqY67TU14AaABAg
@cocleum,UgxtIst6BgQrW8J81FB4AaABAg
@Mikael-uk7rv,UgxhO_wXZ32eXaxkLXN4AaABAg.AJROe3qOSf6AJRPXHs-NgK
@SwitchFBproductions,Ugyd1HiZcaCKRJMayq94AaABAg
@llfalldown,UgzNmygCHAh-RAw4Vj54AaABAg
@llfalldown,UgxmuvdtEMrWeDn75mR4AaABAg
@hamza-chaudhry,UgzzsXT6nB8NzQ-OuXV4AaABAg
@rustyudder,UgyFOsr4Bc7sHtWPk154AaABAg
@swedishZ0mBi3,Ugx2HBqWgw0OuQKOf2d4AaABAg
@himaririku9254,UgxemWHazBPslDJDuql4AaABAg.AJP526nuL2jAJPdRoIFh1N
@vustvaleo8068,Ugx6q7jIzH-LLmx13P54AaABAg
@la5369,UgwvcHHVP0j9ZUxqzod4AaABAg
@Guus115,UgxR8AQNfpi0S8nidth4AaABAg
@Guus115,Ugw4LsQGHDz35FVXtIh4AaABAg
@jewelkendallschmidt,UgyGmVdGOI-mOu3Odup4AaABAg
@aryobimo2199,UgyGmVdGOI-mOu3Odup4AaABAg.AJOWlmxn1WxAJOoKXbV4Th
@BleepBlop-rh9lm,UgzmcRzjLh8KWZy0m514AaABAg
@itijikqabl8108,UgyAMyOtx6vDRxTq-Ot4AaABAg
@itijikqabl8108,UgyAMyOtx6vDRxTq-Ot4AaABAg.AJONUhidt5mAJOPRgbj9cj
@itijikqabl8108,UgyAMyOtx6vDRxTq-Ot4AaABAg.AJONUhidt5mAJOR1cX3g1y
@simlei5475,UgwrwH_gya4N-O8L-_h4AaABAg
@littlefrank90,UgxGJEGKVBbBgbWjtUh4AaABAg
@aryobimo2199,Ugygylz0Crl1IoVCxZx4AaABAg.AJO52cEHxv5AJOqZyDcFgp
@watcherManu,Ugxw80K7C5ymvVzvYVJ4AaABAg
@rfltyt,UgzKwHeXYs4YGMn9zSN4AaABAg
@watcherManu,Ugwh0yemz3-MUIBQDId4AaABAg
@rfltyt,Ugyc8i74vUkrrAlF4MZ4AaABAg
@ucngominh3354,UgxUu1WPYoE_vKa9HYJ4AaABAg
@aryobimo2199,UgzNfKXKd56ZK1cTD6t4AaABAg.AJNv-JT-biUAJOrMo1ZFci
@watcherManu,UgyRp0rYoMxZN3DwYzd4AaABAg
@emma_nutella58,UgwZ_LP1CXdQDitdWmV4AaABAg
@himaririku9254,UgwZ_LP1CXdQDitdWmV4AaABAg.AJNg6uqXGr7AJPcp1NoZ21
@SuperNASCARrocks,UgxxYFnCuSOSL1E8qUF4AaABAg
@himaririku9254,UgyRBvF59VwtuHS6g7J4AaABAg.AJNdAiffeUyAJPcwFvCrt2
@Zwolfe8,UgzNHMdCwtxOKMh1XdZ4AaABAg
@Zwolfe8,UgxJ1NkJ-2WVR-xkcQJ4AaABAg.AJNWRa2_LDpAJNX-90gCJk
@Twiliqhtly,Ugy7Feb8bdMQNL8t_Ft4AaABAg.AJNUg8x8k1XAJNhfLxPuWR
@Zwolfe8,UgyxZOsdJSLC8wPs0d14AaABAg.AJNUdU6F1TXAJNX1rOK7fR
@Zwolfe8,UgyHAmkAzqQTcJhBlep4AaABAg.AJNTtLtfyJnAJNWE_MGHOs
@Croco_G,UgyC4OITiLmIfkQ16oR4AaABAg.AJNQYBR_5glAJNpjvwhjCE
@Zwolfe8,UgyNJ4s3wmX-q5i1lRB4AaABAg.AJNQX-BO1J8AJNV73vSejt
@webverse700,Ugw0DJqClEoAPc5dco54AaABAg
@Zwolfe8,UgwLPQXUt6PmELn_0Y54AaABAg.AJNPls3y8UbAJNVI450JjO
@la5369,UgwLPQXUt6PmELn_0Y54AaABAg.AJNPls3y8UbAJOoPfZNwDm
@Zwolfe8,Ugz5yI62pnR_l2lNk7d4AaABAg.AJNP6SQiHEXAJNWZfdUBTZ
@Zwolfe8,UgyYFpckfsHk4PsDp4l4AaABAg.AJNP0jf3qecAJNX4HcLtnE
@Zwolfe8,Ugx9AkSFuoYA-ixuol14AaABAg.AJNOpL23Yd4AJNWlkAj5M_
@Zwolfe8,Ugyak-zK3Fh-KFaWShB4AaABAg.AJNOL8yLcOYAJNXSxWwuT3
@Twiliqhtly,UgxpYhCAdZn8KSUoOqN4AaABAg
@Twiliqhtly,Ugzyv5eXbnskhnCmfiJ4AaABAg.AJNNSfotDmxAJOYFvn0j0e
@Twiliqhtly,UgzoeGxsJy34uYvsPhV4AaABAg.AJNLkTlZW86AJNOIUJXYi6
@nevergiveup5939,UgxZ9gy2J6IE-ijnwaV4AaABAg.AJNL3zSMHQEAJNLy0TWOWI
@Twiliqhtly,UgzNJt06hkvWH01i8qp4AaABAg.AJNKz2imzfxAJNOOSubEGt
@ItsNicolau,UgwAFzjlqOpH8hipCjF4AaABAg
@TFKWARRIOR2,UgyrwanqhpWCQRDoNdp4AaABAg.AJNKnWjZxCiAJNKsDQiLHe
@Zwolfe8,Ugy3BkkYUZ1eAsXHIVl4AaABAg.AJNKnREEcNmAJNWK_CjIYg
@nevergiveup5939,UgzjilDUdaTUQKGj7t14AaABAg.AJNKmqzIXOlAJNLKKG5MTH
@nevergiveup5939,UgxeFf3ZVDc-7Rlf7ox4AaABAg.AJNKmUugSPVAJNLTUXrxQ5
@nevergiveup5939,UgzK2NNeHJAdgnRVccV4AaABAg.AJNKldCKFFZAJNL_mSpikt
@nevergiveup5939,UgzcAkycCjCYXgPE_Hx4AaABAg.AJNKh-bzFhEAJNLIlgp7x2
@TFKWARRIOR2,UgzDnl3VMP7CtL8sMtt4AaABAg.AJNKfMAmBvEAJNKjjilRs7
@nevergiveup5939,UgzDnl3VMP7CtL8sMtt4AaABAg.AJNKfMAmBvEAJNLH3miG1U
@nevergiveup5939,UgwGYXLDrRpM0EwtfCt4AaABAg.AJNKev7R10yAJNLWEHLa37
@TFKWARRIOR2,Ugw-ycapAEUkI7_uO9V4AaABAg.AJNKdqoRt5kAJNKqovCRx3
@TFKWARRIOR2,UgxY8YoaFKdcuAhjfEd4AaABAg.AJNKdYQGTZfAJNKlqyPxqz
@nevergiveup5939,Ugzm4UuUrwhCTT3d8bB4AaABAg.AJNKcmo5t3cAJNLZZ-Kyr6
@aberobert7752,UgxxKAZaJG2vwB3XkZZ4AaABAg
@TFKWARRIOR2,UgywjVq7Ek-eh4rWInx4AaABAg.AJNKayWQpOqAJNKlISEdEq
@nevergiveup5939,UgywjVq7Ek-eh4rWInx4AaABAg.AJNKayWQpOqAJNLYEUjFm5
@TFKWARRIOR2,Ugw-kOb49lIbAzuD99h4AaABAg.AJNKabfk9dEAJNKersLz-p
@TFKWARRIOR2,UgwTGeuXNnm8VOMiTQN4AaABAg.AJNKaJ7YXB2AJNKpgkYGRc
@nevergiveup5939,UgwTGeuXNnm8VOMiTQN4AaABAg.AJNKaJ7YXB2AJNLOvIGvbp
@Twiliqhtly,UgwTGeuXNnm8VOMiTQN4AaABAg.AJNKaJ7YXB2AJNOEdIpJ7J
@TFKWARRIOR2,UgxWeHw8Nq9iNIj3T5h4AaABAg.AJNK_e1yYVNAJNKcTPGqq6
@TFKWARRIOR2,UgwJJoKQNRqP6eW3nXd4AaABAg.AJNK_MGiFZZAJNKcRcpj5c
@TFKWARRIOR2,Ugw1ttA4dYZ4rVk3L-14AaABAg.AJNKZuTD6I1AJNKc6FJ9Ny
@TFKWARRIOR2,Ugxa6jpnfITTa4vlF0V4AaABAg.AJNKZ6kW9gtAJNKeDwKHXP
@TFKWARRIOR2,UgyxJ-OL36O7Hff2Kqp4AaABAg.AJNKZ61sMYhAJNKeScDZ3M
@nevergiveup5939,UgyxJ-OL36O7Hff2Kqp4AaABAg.AJNKZ61sMYhAJNL3r17WAp
@TFKWARRIOR2,UgyfwIRb-M7tgjAIldp4AaABAg.AJNKYVFEwjDAJNKcVfX0ZT
@TFKWARRIOR2,UgzNDRDQXOYirb6AUCd4AaABAg.AJNKWoQ5riwAJNKbg7d5aC
@Kovman9,UgyQtsUYKWW_bnj19MJ4AaABAg
@nmypraha,Ugzw_EIwJMrCY1dnpfp4AaABAg
@rustyudder,Ugyp---doQiFmWDyIH54AaABAg
@rustyudder,UgzdN2FJ5WpfvIE3Lhl4AaABAg
@rustyudder,Ugx1euNLZW-TQ03gACx4AaABAg
@rustyudder,Ugw08pVU_0XBZHuXqpt4AaABAg
@rustyudder,UgyelhocqCVzzRvBdzZ4AaABAg
@rustyudder,Ugxq3yqu7BuJC9DpnhZ4AaABAg
@rustyudder,UgxEHSxDU9_9W4g-jPV4AaABAg
@aryobimo2199,Ugy5DM5eCRE0CHgjFSF4AaABAg.AJJTS9pCmrhAJJscXrZ0_a
@haruyu123,UgzPP5O88Ck9XHQsY_V4AaABAg
@Drama_Queef,UgyVMa_Db84uOdx1DKx4AaABAg.AJEhIXAShOVAJFo4yZRLwH
@khulhucthulhu9952,UgzAuEcA57rIgwJpgf94AaABAg
@fancen,UgxXhObSEzjc1bPzSUh4AaABAg
@aryobimo2199,UgxHuXFnArl24gtMD4h4AaABAg.AJ4Dq65BDQyAJ5nRmG3iL7
@aryobimo2199,UgwXXFdjw50C2L37olZ4AaABAg.AJ1xzCRkB-4AJ225OjIPL3
@TomNook.,UgyjcKNqpsNi1ea9oeh4AaABAg
@Drama_Queef,UgzAfdYk3WEpSvQnGq94AaABAg.AIuBTIilnK5AIvK2Kc5A_B
@user-qu2bp8zt6f,UgxsJX6OlNJWolLpXgB4AaABAg
@Somejerk87778,UgzKi-ehuC5vNxEPT894AaABAg
@Somejerk87778,UgwF9TJRL2PH3uIrOKN4AaABAg
@Drama_Queef,UgxLLGNzQHZp5f3QC-p4AaABAg.AIsqYoWV7AHAItSobGQTVX
@TheNewton,UgxQA37QRYNwr7SC7954AaABAg
@TheNewton,UgxenuDPRlpvEEOua3B4AaABAg
@m4rt_,UgwwW-3fmMAp-pFvoWV4AaABAg
@TomNook.,UgxCCsXFqBqH6HSOp3t4AaABAg.AIpgjIs8JtvAJ0k0a8Vxnx
@aryobimo2199,UgyzTOKw4Ptxkm3eLKl4AaABAg.AIpOklCmnUIAIpRt8thtKo
@Drama_Queef,Ugz5A2O3bY49IGJ9jth4AaABAg.AInWtDCtFTkAInZs3p2rIo
@revemb4653,UgwFhjd2k1fmR6FUAuJ4AaABAg
@Mikael-uk7rv,UgyAYgvcJ2vjDuxxNpJ4AaABAg.AIlCiAnDLDxAIlDoE9fULR
@revemb4653,Ugzhfihbyvv-4D49_Up4AaABAg
@Mikael-uk7rv,Ugx1K042b08GTml2rxF4AaABAg.AIl99VFtcYNAIlBVtfItJc
@Mikael-uk7rv,UgwEJSS-PdVSW_wQl-54AaABAg.AIl4SLJ6VSrAIlCYEGuRll
@eichen97,Ugyv16o50BZKupTLEix4AaABAg
@JoshHarris-i6q,UgwGYE9oCmVEu5poNHh4AaABAg
@bananamuffins582,Ugy2LFhPo7NwpqIzqGp4AaABAg
@dannydanny9875,Ugz_y8NGY1Q3lYAKl2Z4AaABAg
@bananamuffins582,UgwvECsxy0YMSQYhYYV4AaABAg
@aryobimo2199,UgyzXLkOBC75serHavp4AaABAg.AIjxXwHToKgAIjyOSzakNK
@kawaiichamoyada,UgzPAZyKbClr6W8lfvt4AaABAg
@kawaiichamoyada,UgxViAa9b2rZoFwOrd54AaABAg
@kawaiichamoyada,UgwsMGsWT43N_0Tmb9p4AaABAg
@kawaiichamoyada,UgyuOO36pjBDPX5XZ0d4AaABAg
@aryobimo2199,UgzX2kUPPJeFRruNMgh4AaABAg.AIjmGx7PkysAIjygFbQeRV
@kawaiichamoyada,Ugy5-0a117T9iTtszC94AaABAg
@kawaiichamoyada,Ugy6gW_WAwvkfVYZ9ud4AaABAg
@kawaiichamoyada,UgyiOsVvbNcGCtE5pFR4AaABAg
@kawaiichamoyada,UgxMeDEun2B1EZ-ZO114AaABAg
@kawaiichamoyada,UgyFXcF683p5RUVqUFt4AaABAg
@kawaiichamoyada,UgyhjCQisK61nUtl6FB4AaABAg
@kawaiichamoyada,UgxLHexQsZyxdqgPR754AaABAg
@kawaiichamoyada,UgxfLAO1T7oWnPegR3Z4AaABAg
@kawaiichamoyada,UgwlX4WuDfGMu5rjIUd4AaABAg
@kawaiichamoyada,UgzlZcYafsYh828kNK54AaABAg
@kawaiichamoyada,UgxDw5ftoRALZ4vq8KZ4AaABAg
@kawaiichamoyada,UgzvABfeAoIc6XJ662d4AaABAg
@kawaiichamoyada,Ugx_KcN9lssra8CbiHJ4AaABAg
@kawaiichamoyada,UgyRn0g7GXWx-eUMMK54AaABAg
@kawaiichamoyada,Ugw7Vt1hNUOAeYMJfXZ4AaABAg
@kawaiichamoyada,UgyY7Yv7ngTcuXZ4P9V4AaABAg
@Drama_Queef,UgyqcncaV_hCobnXyTZ4AaABAg.AIjMvo_y2pCAIjPNp_AF-5
@Drama_Queef,UgwLjfJzvKz-ZcBmKXZ4AaABAg.AIjBoaMHQrjAIjPeRrHGpj
@paolalovescats,Ugw4pQayOo_OLlvbxA94AaABAg
@JoshHarris-i6q,UgxGZG4EB6JEVVa78a94AaABAg
@Drama_Queef,Ugwo7tP5EOXwfQZN44l4AaABAg.AIiQ655A-WnAIia2mtNG5q
@Drama_Queef,UgxObL54RFrJu3rKfJZ4AaABAg.AIiO6Ft3GchAIiOmqAisjb
@paolalovescats,UgyQAFjMkeDd4eXwEXl4AaABAg.AIiJsvu_0SlAIjCs8Mth5O
@tutacat,UgyDEQGWQTYEvsVPoLR4AaABAg
@tutacat,UgziUOnTBU5aycyjis54AaABAg
@tutacat,UgxW97TJXsP4X7a3B014AaABAg
@aryobimo2199,UgygPA3S5sYx2OjBnTx4AaABAg.AIhuGOHwoVEAIhyH2uHaZ0
@aryobimo2199,UgzMSPIZYtNKMfAj5QJ4AaABAg.AIhstg0tnRSAIhz-CcuRUX
@sandboy5880,Ugw7md0D5xyv2tIwh6J4AaABAg
@sandboy5880,UgyHP8c0kV4UnMLAgxV4AaABAg
@sandboy5880,UgyHP8c0kV4UnMLAgxV4AaABAg.AIhoijtcOd6AIjH5KjfQTl
@aryobimo2199,UgwnxrOca0bi1yP-6H54AaABAg.AIho7ySMvFLAIi0PCrrG9S
@Chuck8541,Ugw5mWkauKQEQJ-Ji054AaABAg
@Mikael-uk7rv,Ugw5mWkauKQEQJ-Ji054AaABAg.AIhnKlx1lT8AIlB-bxoGAv
@Chuck8541,Ugw5mWkauKQEQJ-Ji054AaABAg.AIhnKlx1lT8AIm8vHRCzWF
@aryobimo2199,UgzjltJamLDzf39Ctad4AaABAg.AIhn7_zXFLNAIi0gQyzmNY
@xitzy,UgzS2T27VTWykgxwgYR4AaABAg
@MelroyvandenBerg,UgzycSEd7ZxgbELkIeR4AaABAg
@fuzzy-02,UgxTzd3FCedQ0ED0BDF4AaABAg.AIh_yD-ZrTwAIha1ajg8Mf
@fuzzy-02,Ugz1QY_nyEktwQ21SuJ4AaABAg.AIh_vaWiMbNAIha5RL9j0k
@fuzzy-02,Ugwq1731rj2v4Qo2pol4AaABAg.AIh_U4lF-3TAIhaF1L9kOZ
@fuzzy-02,UgyZs5Cdn0rdaH3t_Qd4AaABAg
@BleepBlop-rh9lm,UgyVn-yhQQp9YaE-xDR4AaABAg
@MrKentoNion,UgxalWqoSO4cDzhsKwR4AaABAg
@krtirtho,UgzwvEmg6p-vGv4D6654AaABAg
@aryobimo2199,Ugy-ZHg6PxqjwwwCOzl4AaABAg.AIhEShDXg9jAIhI8O5bvRz
@famous_status,UgwV5wubeUabGMvMrQJ4AaABAg
@famous_status,UgzdUzXT-L5M3HwZkBx4AaABAg
@famous_status,UgypmPLFtyKbOmlUElJ4AaABAg
@famous_status,Ugy7pEv-x3QyytF8ep14AaABAg
@famous_status,UgxzWvezIqH3xdcAOx54AaABAg
@famous_status,Ugxnww3p-ktv6cyQlWd4AaABAg
@famous_status,Ugx7V_jsB5SuJGgC8BR4AaABAg
@vishalkalicharan7710,Ugy8r5GpSUlGd-h405R4AaABAg
@jewelkendallschmidt,UgwcPxnapRKsvpzDdRF4AaABAg
@jewelkendallschmidt,UgyRd7OOxk5GQujW9nZ4AaABAg
@removechan10298,UgyA-khupOVPDqKRlfR4AaABAg
@anyoldthing,UgzyB886VaMxc8bpYPF4AaABAg
@aberobert7752,UgwcP4bibQtce_C4EM54AaABAg
@TheRealHolySpirit,UgxcvSSVbFZzbdajlMV4AaABAg
@TheRealHolySpirit,UgzjeykUGAqS3CMqenl4AaABAg
@ItsNicolau,UgyUpfvvJyJLr412kN94AaABAg
@TheRealHolySpirit,UgwhJpZW24y7goon9NF4AaABAg
@hamza-chaudhry,UgwrAzcmukedMQ8zTyV4AaABAg
@hamza-chaudhry,UgwrAzcmukedMQ8zTyV4AaABAg.AIgEw-m1ba8AIgHLvt2Nm9
@lucky_the_dog-v3l,UgyJZKEtl3XsahFknBZ4AaABAg
@lucky_the_dog-v3l,UgzH2u7wGJQBNoKaH9x4AaABAg
@aryobimo2199,UgwFhs7gu8GNYNUYoCF4AaABAg.AIg7msCEpUcAIgxLBM3OA4
@aryobimo2199,UgyxYGXfS1saDeMvc2J4AaABAg.AIg4a8_56CWAIgzmTMOv8Q
@pif5023,UgwSgLGuchJGI9eT4iF4AaABAg
@himaririku9254,UgwnoGUIgeaWXue_Axl4AaABAg.AIfyCJ41QQ0AIgHVUQAk6G
@ItsNicolau,UgwnoGUIgeaWXue_Axl4AaABAg.AIfyCJ41QQ0AIgIavKNpnq
@himaririku9254,UgxxSoODMoLeh1wlAzZ4AaABAg.AIfxwYFTTBRAIgHLTpqQ7F
@ItsNicolau,UgxxSoODMoLeh1wlAzZ4AaABAg.AIfxwYFTTBRAIgIhzV8OJN
@haruyu123,UgzhHv1uB-E3cUiVb954AaABAg.AIft0MHWn58AIgO9jIhnSU
@Kovman9,UgzhR68t-ThboAPeuj94AaABAg
@konradfesk,UgyrCVu6bWrXSXCCk7Z4AaABAg
@konradfesk,Ugw6eqGjTG2Ns3d7KHJ4AaABAg
@MWDiss,Ugwnyrgh5dPMY7FmHTR4AaABAg
@Barmetler,UgxzCCXIua-Tk3khYi14AaABAg
@JMPT,UgyHC0H8cCnsB0F7V-x4AaABAg
@_-7310,UgzZ45ssdyZlPECS3p54AaABAg
@_-7310,UgwqHF3i4MXs2E-yUtF4AaABAg
@vustvaleo8068,UgyXSv85OBHUtMkJ8yJ4AaABAg
@himaririku9254,Ugy6HJE8sIkFCooLXKt4AaABAg.AIffN0-qsAqAIgHnNV0dzS
@RenderingUser,UgxL3Gvz6hykThtDYQx4AaABAg
@Guus115,Ugwx4arCH1FLXvHLsd14AaABAg
@naptimusnapolyus1227,Ugyq-BaZQ0ooSsxC8mR4AaABAg
@webverse700,UgyDtQLWLYlFSJs6TZx4AaABAg
@RenderingUser,UgyYCY51sVhvLTOh48h4AaABAg
@naptimusnapolyus1227,Ugw_E56GnNplNTFD6w94AaABAg
@himaririku9254,UgyCYgO2JOs23flDiFN4AaABAg.AIfa6d0YxcVAIgHOKmDeJd
@ashleyr6809,UgyKucYJZN2XfFhcGaR4AaABAg.AIfZS3JNQMSAIf_Puzdp5w
@Darkness_Damage,UgyZRpKQVsdmsNdXXYJ4AaABAg
@Darkness_Damage,UgwnMuYix_n_KEq_USl4AaABAg
@hassaan1670,Ugw1wc3SMaOfbx1McsV4AaABAg
@Mikael-uk7rv,UgyGWTPiIyubu5h2_7Z4AaABAg.AIfX-HmtLEIAIfi0vUfBRc
@ashleyr6809,UgxcRrpX88wHX18t41h4AaABAg.AIfWyiXkuigAIf_hpzlvy4
@ashleyr6809,UgxR9QxKHgoOdR5zvWp4AaABAg.AIfWbpYkZNpAIf_5XK-O8S
@himaririku9254,Ugyre5X8J7mzbB2keV54AaABAg.AIfWK7QpR16AIgHv2HiMGE
@himaririku9254,UgwqwLIwGokSY_KpzYZ4AaABAg.AIfVvAUaT0jAIgHQfGPc-v
@himaririku9254,UgwIhHQ0crShUZnziEl4AaABAg.AIfVuFo5URwAIgI-eCHURj
@ucngominh3354,UgyUFtwHtXPY3yyY9Sh4AaABAg
@Mikael-uk7rv,UgxIPBNVw0l-w_X2OmR4AaABAg.AIfVWh3MbnWAIfWRouFuGm
@LKD70,UgxyP4jQIhZzKo2wbO54AaABAg
@LKD70,UgzlySzIpxbxm0MKRqV4AaABAg
@LKD70,Ugzi1Ht2GNgpjJDSzGR4AaABAg
@SwitchFBproductions,UgzKQAY4hKu9vPUikuB4AaABAg
@RenderingUser,UgzMdknbumfwVvmQYwV4AaABAg.AIfTrsJkpQCAIfcw77koc-
@himaririku9254,UgzmZWn4CXVJzjDHCih4AaABAg.AIfTiXgs3QrAIgHi4OCfVc
@SwitchFBproductions,UgzUHCe0OpoboipN4mx4AaABAg
@Kizerayn,Ugy0guh_IWGnOGYeKAt4AaABAg
@SuperNASCARrocks,Ugy2c4LSkJ_z-Q9jTXd4AaABAg
@SwitchFBproductions,Ugxrj-VFdjbPZESOf0J4AaABAg
@nightgamer_399,UgyBqJJzXgFiNBPbI6d4AaABAg
@LKD70,Ugz5xb2j-UJBvf_PN2x4AaABAg
@ashleyr6809,UgwLsvTxXQeeXHOsR1F4AaABAg.AIfSgMzRMWSAIf_KVpd8en
@LKD70,Ugwj1x_EStzkryGZ2KB4AaABAg
@ashleyr6809,UgxyQ0wMvooqesEHS8V4AaABAg.AIfSZam7EekAIf_LVSiDfe
@ashleyr6809,UgyebTjordPBTocQGf94AaABAg.AIfSYKYNY6iAIf_nym0_1-
@TheHydrator2003,UgyfmPCTxziukzRqyVZ4AaABAg.AIfSXPVCdlgAIfaYovM6dy
@Mikael-uk7rv,Ugy9bnaOELmrmcubn114AaABAg.AIfSVENMadlAIfx7yXKqez
@LKD70,Ugz0xbwymOx1L5gpiQ54AaABAg
@llfalldown,Ugz8_NyId2oo6TQHtTR4AaABAg
@SwitchFBproductions,UgzxiyQwZ9WcRSbSCzt4AaABAg
@llfalldown,Ugx4hRV3KXrA_avnAuF4AaABAg
@ashleyr6809,UgzY6hKigLWIi698g3R4AaABAg.AIfRrUi1kGjAIfa6B6da78
@ashleyr6809,UgxG4TLyBGlqyvJfzp94AaABAg.AIfRnpexQ43AIf_lRcKg3F
@emma_nutella58,Ugy7ssCiVa3_v_yMn0V4AaABAg
@himaririku9254,Ugw9BfR4D07f6bESLqh4AaABAg.AIfRfKvt11RAIgHxstMu9q
@HeisenbergFam,Ugz33nko7Bfm42pYkft4AaABAg
@LKD70,UgysjWpx_G0k-XNRTjB4AaABAg
@Mikael-uk7rv,UgysjWpx_G0k-XNRTjB4AaABAg.AIfRe5t-CoaAIfUCEnypRC
@ashleyr6809,UgyudQQgfgUKW-eJSxh4AaABAg.AIfRdg8KiVgAIfa1Ww3XTP
@pavelspeedrun,UgzC2hrwF0rMSwLBoeB4AaABAg
@pavelspeedrun,UgyyAAq0yBnKXq9QC6V4AaABAg
@pavelspeedrun,Ugz16VZ3MjB80KYWGTF4AaABAg
@llfalldown,Ugxyn7XqfkOTOICZVN54AaABAg
@Mikael-uk7rv,Ugz4nbWSp2Gr-lp-Xw94AaABAg.AIfR_woC9JUAIfUio3dh-O
@pavelspeedrun,UgzKOE7Oc3J-ZvibIUF4AaABAg
@pavelspeedrun,UgwJk0pXWw7e36YmQEp4AaABAg
@pavelspeedrun,Ugzqlwuyngyj-277HT54AaABAg
@himaririku9254,UgweuV_0-NOHQD_gfb54AaABAg.AIfRYP8oXfqAIgHjfguVKh
@pavelspeedrun,UgwKak_bVaQ7AtNvh454AaABAg
@pavelspeedrun,Ugyn6lrTakSt92ifa4d4AaABAg
@llfalldown,UgyXKEchS4FwCL4z0fZ4AaABAg.AIfRXManJrDAIfRmcs4H2m
@llfalldown,UgzZ3YJUNh8yZ1XojT54AaABAg.AIfRWyNiu5hAIfRp5cbAcD
@pavelspeedrun,UgwE1QGhArN9A22GzEp4AaABAg
@Mikael-uk7rv,Ugxa0nj2bjhjdAze1_14AaABAg.AIfRV0LOgExAIfTx1W-CU9
@pavelspeedrun,Ugz_Nv5AWFDMjHcsWsZ4AaABAg
@aryobimo2199,Ugz5-enX08XSMzmOYDl4AaABAg.AJ9E8s1hU4_AJ9wG-iuTC9
@dannydanny9875,UgzFA1zPAq2THg9EcQl4AaABAg
@superjumpbros64,UgxbM654QL4QbphymuV4AaABAg
@aryobimo2199,UgyVi4zTy8M_R0p8FKl4AaABAg.AIeabrjTwP1AIehV_69ZMv
@Drama_Queef,UgxxDcFCVUOU-5_wm7N4AaABAg.AIa9IOhNIcSAIaTl_klABI
@GuiDuckz,UgyZn0WReGipQBIfowl4AaABAg.AIZ-1j74BNGAIZ7NyvOpZk
@GuiDuckz,Ugx9T47vYHn3HtTsGtB4AaABAg.AIYwpjQGXQ-AIZ7PygEqiX
@GuiDuckz,UgzZsLwr_VlPwxoFAdd4AaABAg.AIYBFYrZ3vMAIZ7XQoj_MJ
@famous_status,UgyXF4BLZ50zKW_3mlB4AaABAg
@famous_status,UgxDE96pokdgUDmD-wB4AaABAg
@famous_status,UgzfFrUC1Bjk6sEC1-Z4AaABAg
@aryobimo2199,UgzC_-pqM0eQWSY4igZ4AaABAg.AIXHsSzkQ_tAIXWBKuZ4vL
@rfltyt,Ugwc9N9HQd-A88w6mF94AaABAg
@rfltyt,UgwxxAJDs8YA8-rQCyF4AaABAg
@GuiDuckz,UgwxxAJDs8YA8-rQCyF4AaABAg.AIWIWzrcUI5AIZ7e0K2v6h
@rfltyt,UgwxxAJDs8YA8-rQCyF4AaABAg.AIWIWzrcUI5AIZBbGUK-U8
@Drama_Queef,Ugz0CtGGMNTf9vuwhIp4AaABAg.AIVs-TZQC3QAIW9wnqTiT8
@Drama_Queef,UgzLJvD1st7H2IApymZ4AaABAg.AIVncw3PqvhAIWA-9GYriF
@Drama_Queef,UgxT4ioaUMpL3pOj-Vx4AaABAg.AIVl2VqYkRHAIWA3_CxumC
@GuiDuckz,UgzkRSbODt84SR0twvJ4AaABAg.AIVbZJFEI8iAIZ80H-NK8Z
@GuiDuckz,UgzBcsq5xPh570khbjV4AaABAg.AIUon-B-LAMAIZ7zVvD1e2
@Drama_Queef,UgyEjDY6ue0T7K0oV_54AaABAg.AIUbEIQnQJAAIWAFCNiRBQ
@BakercalledGhost,Ugy7cG86KL6UArp6VCt4AaABAg
@Drama_Queef,UgxuHRvRpN7YUcYh3kZ4AaABAg.AIToVtNNRPKAIWALZpkqOS
@Drama_Queef,UgzcXMnBYMbR4mbEKpt4AaABAg.AIRuDOd0ZY8AIWARxc-C_w
@Drama_Queef,UgzUggBRJdgaAUNG_3R4AaABAg.AIPI8bHknmlAIS5fWZe8cJ
@Drama_Queef,Ugyc_UOdKghnQpO6ZgZ4AaABAg.AILgW7WuaKXAIMGokZYkXa
@Mikael-uk7rv,Ugwl-RU2vwaIzWMESft4AaABAg.AIKk2SFWuk-AIP-7ZvsohU
@himaririku9254,Ugwl-RU2vwaIzWMESft4AaABAg.AIKk2SFWuk-AIPNtANNEXa
@_-7310,UgxAJwD_DXH36RpERVx4AaABAg
@Drama_Queef,UgwvACbfWgDI8t1_tNF4AaABAg.AIJ7Xf7r3NZAIJOiCQKSs0
@Drama_Queef,UgxUc6meu9-Q4Pg9HLd4AaABAg.AIJ1pcaVK_hAIJOlVq6dKr
@himaririku9254,Ugx7pMDaPBxNhw2XNeB4AaABAg.AIIXJmCnHKaAIPNrF_51Fx
@Drama_Queef,UgwDfb-7h3Vxwsc6H514AaABAg.AII8msFc81XAIJO-Jc6lHz
@la5369,UgyORw45IMfiRqYcw5t4AaABAg
@cocleum,UgzSjyIlHW9cM2PLH6N4AaABAg
@hamza-chaudhry,UgxH37D3grWbfwLTQbF4AaABAg
@hamza-chaudhry,UgzH0mgbqdlww47Byvd4AaABAg
@Guus115,Ugzqj_jD_Tkut32TiNB4AaABAg
@anyoldthing,UgzG8HborTCi32KV4jR4AaABAg
@JoshHarris-i6q,UgyluIQ_mPIDDU0ld6l4AaABAg
@aryobimo2199,Ugz5E9o1IrTCwF56o414AaABAg.AICBYAWpw1HAIChtvkd4D3
@removechan10298,UgyJMZBGO_-yTGKWzg54AaABAg
@removechan10298,UgxS3HTwEHFvoC2sexd4AaABAg
@Snipsnapsnep,UgxU3hMU6W2v26n_SyZ4AaABAg
@aberobert7752,Ugz2YYnp88m5iNR3TUR4AaABAg
@jewelkendallschmidt,UgzChoiyW3lFtkCXFXF4AaABAg
@jewelkendallschmidt,UgyJ0t-mus7E-4pJpNF4AaABAg
@aryobimo2199,Ugx2jrV2k5-kN1XRDfh4AaABAg.AIBV_84zWs_AIBmU_FLqNi
@himaririku9254,Ugw3skA5qtw13A-RSah4AaABAg.AIBCCJ2sicuAICNp_lASVy
@TheBooker66,UgxQjkbQVcfXpbcf7814AaABAg.AIBB_oZTqb5AIEc2PXJP09
@aryobimo2199,UgwcuPGVYP8jSpkuk2V4AaABAg.AIB89GCjy8FAIBhZFH5itC
@vustvaleo8068,UgwCWpnAlOyMTk4DH914AaABAg
@himaririku9254,UgxKC9WyD6kM4AfuNpF4AaABAg.AIB-I-uosKrAICNrT-7BRv
@himaririku9254,UgwarEcNSPQBvgSLw5l4AaABAg.AIAyDzRmPEfAICNtUZ_dpF
@itijikqabl8108,UgwzjbKUD10nqv77ljp4AaABAg
@Darkness_Damage,Ugxh5zEP1stXwSwR9Zh4AaABAg
@watcherManu,UgxVatROl9VbnlYi5uB4AaABAg
@watcherManu,UgyNZija1zVpBQKzCT54AaABAg
@littlefrank90,UgxXeNsO9T9dOVbWbCp4AaABAg
@watcherManu,UgwvvNOc2Z2AANjxCj94AaABAg
@mattymattffs,UgzfJZEi7mUnldgqlfp4AaABAg
@SwitchFBproductions,UgxrTPO6YZ9jtdaZyH94AaABAg
@SwitchFBproductions,Ugzb_X9LFwaOnX6J67x4AaABAg
@SwitchFBproductions,UgxFqvjQJXZnfT8oi_B4AaABAg
@SwitchFBproductions,Ugy2KuqOH8qITqjROlx4AaABAg
@aryobimo2199,Ugz92Ya10xV60Jato-R4AaABAg.AIAcVPjxu43AIBksYRoJtw
@SwitchFBproductions,Ugxgs9mSEq0bCyp-Qjt4AaABAg
@SwitchFBproductions,UgxUg1zsPgOOlNStQKB4AaABAg
@TheRealHolySpirit,UgwLnafuP5JrF7O6p2l4AaABAg
@MWDiss,UgxLsttiICjcKPX6eZR4AaABAg
@Kovman9,UgxVdMP-sBDTg-xVs2l4AaABAg
@aryobimo2199,UgwoKEi0lTojMnezP454AaABAg.AIAUjhAdmytAIAWUSuK6X-
@Darkness_Damage,UgyM3cWFZiHLBolyKGV4AaABAg
@emma_nutella58,UgzoaI9-0ZLnQWG0QMN4AaABAg
@itijikqabl8108,UgxiST2nT9BCbjwZRKl4AaABAg
@itijikqabl8108,UgxiST2nT9BCbjwZRKl4AaABAg.AIAOF5F-s7qAIApL2vtcTB
@itijikqabl8108,UgxiST2nT9BCbjwZRKl4AaABAg.AIAOF5F-s7qAIAt6D-UD6-
@itijikqabl8108,UgxiST2nT9BCbjwZRKl4AaABAg.AIAOF5F-s7qAIFIGHNhTSX
@itijikqabl8108,UgwmXcO0g2BC-r6fdmh4AaABAg.AIAM_X1BGqKAIAQVq6Mh1h
@frog8678,Ugzu_e2_zF7i5c_LMHp4AaABAg
@ucngominh3354,UgypAqsQZpEVvzxKjtF4AaABAg
@webverse700,UgxOafcQkakvxigfqxB4AaABAg
@JMPT,UgzUtc_3L0zMDZPW-th4AaABAg
@aryobimo2199,UgyZSCnBYp4djiG17w14AaABAg
@himaririku9254,Ugy7Y0c-9SfCjqNMIWt4AaABAg.AIAB_uQ8wEuAICNvAxOLsC
@frog8678,UgwF0Q3dzco97GwASDV4AaABAg.AIAASl7a5whAIALzfEB7Zo
@frog8678,UgzGRQYfKoWIDVY4-Pp4AaABAg.AIA9SBGrheOAIALmMRZEzi
@frog8678,UgzGRQYfKoWIDVY4-Pp4AaABAg.AIA9SBGrheOAIALtn7Shco
@frog8678,UgyTSlddBByi2uXmqVF4AaABAg.AIA80dwcqymAIAM1qPvSvu
@frog8678,UgyIqouqK20pdIpo8s14AaABAg.AIA7cZzYsFQAIAM3FVSwHs
@frog8678,Ugy6489HgmvJpqkt11t4AaABAg.AIA5rozPP4OAIALotFaVcm
@frog8678,UgwWTMx6xCrBDU1DtS14AaABAg.AIA5RF3sIn6AIALx6MEFV3
@frog8678,UgzeMacSKvp-8SCfCyd4AaABAg.AIA5DFJr7c5AIAM0KS9yQU
@frog8678,Ugxv-9AlglmxYBssvNZ4AaABAg.AIA4y-lRNHSAIAM3iZKnOY
@ashleyr6809,UgxJZX2F9JF32zSvws54AaABAg.AIA4_Ic1QAoAIA7WbEmGtJ
@TheUsername1536,UgxNAHHi_VgpdJ3T43l4AaABAg.AIA4E2rSe7hAIA5lx-PI-I
@ashleyr6809,UgzZvf2-HzvQ5Equlkl4AaABAg.AIA49OuHnzVAIA8GlFvJqu
@frog8678,UgwJjofeb_l4dS_8zfJ4AaABAg.AIA48R1owYEAIALsP8HWMz
@frog8678,Ugy7LRrE8BNVkRxlGyh4AaABAg.AIA4604NeSFAIAM6jExJGQ
@SuperNASCARrocks,UgyKjX2-aX3FH0QOlcl4AaABAg
@frog8678,UgybZf1OHVzuzelijB54AaABAg.AIA3u10lFYZAIAM-h_uF_M
@ashleyr6809,UgxivutLbia8mMIx7XV4AaABAg.AIA3j2GyHwpAIA7w6fC85A
@TheUsername1536,Ugwt-RemvypJ4LHTh_Z4AaABAg.AIA3c5RV0YeAIA4G8myKZf
@TheUsername1536,Ugwt-RemvypJ4LHTh_Z4AaABAg.AIA3c5RV0YeAIA8F9UI893
@TheUsername1536,UgzKQAkfOYJgVluHGFh4AaABAg.AIA3V6KcORbAIA6xsz254F
@ashleyr6809,UgxOHjrzMGfzw-Apms54AaABAg.AIA3PLAsXKSAIA7YPrVoBT
@frog8678,Ugwpzli-qKucARJ0SK14AaABAg.AIA32ad75LXAIAM2dqBzix
@frog8678,UgylvioZeePCKoaBRC14AaABAg.AIA301Lkr8mAIALv-1N8b-
@himaririku9254,UgwkWbDT3GZ5hS6Ece54AaABAg.AIA2wNiGU4LAICNSAdIFEJ
@TheUsername1536,UgyS261jtw1Nu7JsMsh4AaABAg.AIA2SsNNZ3nAIA3WOiTuRT
@himaririku9254,UgxrTFGeUhnCiblv_ld4AaABAg.AIA2JdKZDw4AICNVSQuwP1
@Drama_Queef,UgzT7FJFQ0C_sJ_bb1B4AaABAg.AIA2HixHRbGAIA3Y9wRgPy
@ashleyr6809,UgzDq1kGWlqfGeJZaFB4AaABAg.AIA20U661CZAIA7hY89BUV
@ashleyr6809,Ugx6iGUIyZvBsHWbGF94AaABAg.AIA1p-IpkxSAIA7_OrzmUI
@lucky_the_dog-v3l,UgwAxHMI4gNr2Id8E-l4AaABAg.AIA1oQgUYVQAIA22ETxpbP
@frog8678,Ugw4Xe7ZGxUmJ4TzmnR4AaABAg.AIA1oDqEO5HAIAM8TrCpT1
@himaririku9254,Ugw4Xe7ZGxUmJ4TzmnR4AaABAg.AIA1oDqEO5HAICNeKJV8gV
@lucky_the_dog-v3l,UgyTV6J7Z_ZwLj8lTHd4AaABAg.AIA1lvGHGVaAIA20tJALVV
@frog8678,UgyTV6J7Z_ZwLj8lTHd4AaABAg.AIA1lvGHGVaAIALxYFDC40
@Twiliqhtly,UgwhB2xxtV_a0Oz2Jxp4AaABAg.AIA1gfdPuwqAIAZLujlFiz
@himaririku9254,UgwhB2xxtV_a0Oz2Jxp4AaABAg.AIA1gfdPuwqAICNEWBxCfa
@ashleyr6809,UgwW1rVN_qyfKVO_rDl4AaABAg.AIA1g9ijuRNAIA77mVnEDj
@frog8678,UgwpG1rA6GH9920qeKp4AaABAg.AIA1e4cLA6TAIALvZqF-Xa
@TheUsername1536,UgxfqK1CWuYMyEgsVtF4AaABAg.AIA1bkJEst8AIA62--pHC0
@frog8678,UgzqAg6AIhCIRbeo8h54AaABAg.AIA1bJKh7YuAIALuMJoyeb
@frog8678,UgyDFcZxXX7lKMViITR4AaABAg.AIA1a_-ONyEAIALoA1pqjD
@lucky_the_dog-v3l,UgzmorY6jvLeIU8grnB4AaABAg.AIA1Zqa2xpfAIA1z8-uljp
@himaririku9254,UgzmorY6jvLeIU8grnB4AaABAg.AIA1Zqa2xpfAIA2ndqcHhN
@frog8678,UgzmorY6jvLeIU8grnB4AaABAg.AIA1Zqa2xpfAIAM6AMUnJ0
@lucky_the_dog-v3l,UgzmorY6jvLeIU8grnB4AaABAg.AIA1Zqa2xpfAIANOxS1A3o
@frog8678,UgxghDnbCcr7GHg1Ydh4AaABAg.AIA1XV5ltLBAIALn-zZvAo
@frog8678,UgxghDnbCcr7GHg1Ydh4AaABAg.AIA1XV5ltLBAIALpwU1R-o
@frog8678,UgzHJjMCeKDZRnBo9Pd4AaABAg.AIA1WUac3GPAIALt04i9FF
@Drama_Queef,Ugy0mK91sWoplK1v8YB4AaABAg.AIA1UPofzpOAIA3ihw1OuV
@TheUsername1536,Ugw2kwsxlPa0Ad3pqMJ4AaABAg.AIA1UKQ0knDAIA41HfM_bQ
@ashleyr6809,Ugw2kwsxlPa0Ad3pqMJ4AaABAg.AIA1UKQ0knDAIA7ACEM4eY
@TheUsername1536,UgwApp8N4MZQvLF-2N14AaABAg.AIA1TVJ5jPqAIA36aNBX8y
@frog8678,UgwApp8N4MZQvLF-2N14AaABAg.AIA1TVJ5jPqAIALy2m3eLJ
@itijikqabl8108,UgwApp8N4MZQvLF-2N14AaABAg.AIA1TVJ5jPqAIARGMtZB3i
@TheUsername1536,UgwApp8N4MZQvLF-2N14AaABAg.AIA1TVJ5jPqAIF1aONgS27
@ashleyr6809,UgwZgXdOB5o3KspiLCB4AaABAg.AIA1SzCcv3aAIA7lG4YqQl
@frog8678,Ugw2LYxVOPEGVxeWK-d4AaABAg.AIA1SCobEzvAIAM1GYS_6I
@frog8678,Ugzg0DjAg6-bAwWGXrx4AaABAg.AIA1S2i94iGAIAM5hVFkK0
@TheUsername1536,UgzPfTejtTfipfaw9t94AaABAg.AIA1QnS_rSpAIA7AEDNt86
@ashleyr6809,UgwCEjLx7ui8t_5p8Rt4AaABAg.AIA1QkuGbOEAIA7dKUFeQH
@TheUsername1536,UgwCOV76f5SoxfIMwSV4AaABAg.AIA1QkduXf-AIA5_bS4b-9
@lucky_the_dog-v3l,UgywpXfRS5506vqLan94AaABAg.AIA1OPquUo-AIA20PbK4Iu
@ashleyr6809,UgzTeUL29Zl3kC_EhF94AaABAg.AIA1O5BP5KMAIA7573IO22
@lucky_the_dog-v3l,UgxDvf5c6CXFQXS5mvt4AaABAg.AIA1NfsrfH4AIA1zvmGNQp
@lucky_the_dog-v3l,UgxDvf5c6CXFQXS5mvt4AaABAg.AIA1NfsrfH4AIA2-BLk84e
@lucky_the_dog-v3l,UgxDvf5c6CXFQXS5mvt4AaABAg.AIA1NfsrfH4AIA2-SA84_6
@ashleyr6809,UgxV3ISijVUOrAuLlk94AaABAg.AIA1NbSn8FAAIA76rSaA7R
@ashleyr6809,Ugyus9KR-dVNYYo2oJZ4AaABAg.AIA1Na8jfENAIA7o0op9Vv
@TheUsername1536,Ugz2d2S5fHIG7uyULh94AaABAg.AIA1LaBe1RuAIA3ocUmIq5
@frog8678,Ugz2d2S5fHIG7uyULh94AaABAg.AIA1LaBe1RuAIALye6a8Ay
@lucky_the_dog-v3l,UgyenTYYz1K94oiMqvJ4AaABAg.AIA1JdC6fX2AIA2-xVXyCP
@frog8678,UgyenTYYz1K94oiMqvJ4AaABAg.AIA1JdC6fX2AIAM4Sbh28h
@lucky_the_dog-v3l,Ugw-AJzrTqfdbVgaRCN4AaABAg
@lucky_the_dog-v3l,Ugw-AJzrTqfdbVgaRCN4AaABAg.AIA1G0dHnz8AIA48MuGZ_i
@lucky_the_dog-v3l,Ugz2-8Dl7cND_Eo4u7x4AaABAg
@lucky_the_dog-v3l,UgxiVo0-mgrZgaYt2OZ4AaABAg
@lucky_the_dog-v3l,UgxeFmrfxpo99fGpe5t4AaABAg
@thrillvilled111,UgzIo_1nAsom7-p6vsN4AaABAg
@thrillvilled111,UgwnCX09o3NgtqoB0BJ4AaABAg
@TomNook.,Ugzj1VxOq7OXtu3aLkl4AaABAg
@TomNook.,Ugy-OwzSMP3L6NdlgdZ4AaABAg.ANZ3kX2nMUeAN_kod88mA3
@thrillvilled111,UgzgdNlb5WSRVHOETIl4AaABAg
@thrillvilled111,UgwYAC85zZxIdG_ypQl4AaABAg
@thrillvilled111,UgwS3Bwm-XgHoph2LYV4AaABAg
@MrKentoNion,Ugw9whObAvxdWrziYGR4AaABAg
@Visitor______________________v,UgwaH9rX0Ojyx_RL6YJ4AaABAg
@Visitor______________________v,UgxkBWyEJtzQEI4_nxN4AaABAg
@Visitor______________________v,Ugy7ob4xDdBH5LfhVn14AaABAg.ANQnwvJKXUSANQrCcoRwuU
@mattymattffs,UgyRDuWYcZ12yFlUlop4AaABAg.ANQhZBTemJaANQnHC9soRQ
@MelroyvandenBerg,UgxMsEB3AXLPzp8DFiV4AaABAg
@EyesOfByes,UgwGJG7V37fDpvQ-Tk14AaABAg
@Visitor______________________v,Ugy71mfgekq7tl1h7Rt4AaABAg
@ThePrimeTimeagen,UgypSlTBS7dWDpTHeyx4AaABAg.ANO0A4QHoUaANO0oWh5CpC
@Visitor______________________v,Ugxy6tq9atBEPUpRPKN4AaABAg.ANNyKePjldUANO6D9A0vo5
@Visitor______________________v,UgxU0hR9BEbc4wFN0Eh4AaABAg.ANNxOS7KeKTANO6OYLftPn
@ThePrimeTimeagen,UgyHxgxBXUcd9qHai-54AaABAg
@X1ssyy,UgxEaFbffYJ6_xs-ykJ4AaABAg
@thrillvilled111,UgyGob5q50dmo7ad0Fx4AaABAg
@X1ssyy,UgzpuJe2Ll3dv3DMoAZ4AaABAg.ANNvbFAZcpHANNw6EEWe0f
@Visitor______________________v,UgxonfmXdvXuyA1S3PR4AaABAg.ANNvWnLIKUWANO5qPkRbnh
@Visitor______________________v,UgwpNFK7nVJgLWkfMzV4AaABAg
@Visitor______________________v,UgwZt0dR4475mCYX1XB4AaABAg
@ThePrimeTimeagen,Ugy1mY16ncvlzbHhaB54AaABAg.ANLMglBf8qQANLOAIMOSKq
@ThePrimeTimeagen,UgyvcgW0VvQrYxMKRmd4AaABAg.ANLFkFTFaSPANLHXGZn8gr
@mattymattffs,Ugznsxmaahn818BgdAN4AaABAg
@mattymattffs,UgxHWBZ-ycYS4Wcb1Kd4AaABAg.ANL9uuWYRjgANLACiuBhcc
@JeremyAndersonBoise,UgxZelO2o8WywxA07w94AaABAg
@JeremyAndersonBoise,UgzLCQ4WhLgjpBUTDlZ4AaABAg
@JeremyAndersonBoise,UgyD8A18qTEIZwlUPWl4AaABAg
@JeremyAndersonBoise,UgykfhroD8sRROrVGT54AaABAg.ANL7YwnUceTANLA6w1OiQD
@JeremyAndersonBoise,UgzyjFOCK348i9jbDmN4AaABAg.ANL7CrOofP0ANL8iEInabd
@X1ssyy,Ugznw4_lmGg3uEoQiAJ4AaABAg
@thrillvilled111,Ugy-VwstuiUy4N97vyh4AaABAg
@JeremyAndersonBoise,UgwsKZjt8gedKWCyigJ4AaABAg.ANL6BqKqZx9ANL9Y2Q6D0r
@mattymattffs,UgxW7nMQHSZ6KdNWqux4AaABAg.ANL6-QbXZa1ANLA5jCPfIK
@mattymattffs,UgzGzXEWXOupLv6Q6wB4AaABAg.ANL5otct0tRANL9uzzSKnj
@TheNewton,UgwQmetQjueXykqAZTZ4AaABAg
@TheNewton,UgxEcRQMu9LZ0U_7p4J4AaABAg
@m4rt_,UgwPSd1-6GkHKMiqH1Z4AaABAg
@m4rt_,UgwwZSQPrz13NxzbRct4AaABAg
@hassaan1670,UgzbfzmCH5e6_E_DL-p4AaABAg
@TheNewton,UgwO3ymFwdQl-yZhznx4AaABAg.ANIZyY7fQ5kANJ9Vbd6Ld_
@blarghblargh,UgwLaECVwkvSbC5E3lV4AaABAg.ANIQdqdwvSCANIRMRzuKv6
@blarghblargh,Ugy4jLPotQ8shz1f9Et4AaABAg.ANIP-ke4NcnANIRDX8qtNC
@blarghblargh,UgyqRX12oO7URnmvs3N4AaABAg.ANIOlP1ELgkANIQmcRKx-T
@blarghblargh,Ugy1MMiWHvgNuOD7a2Z4AaABAg.ANIOkeFV11aANIQYXLd16D
@blarghblargh,UgzBchVJCxA-wlC9WLt4AaABAg.ANIOa_mEcS6ANIPI4dk1Jz
@blarghblargh,UgxRFHPY17gWrXxrZIt4AaABAg
@TheNewton,UgxRFHPY17gWrXxrZIt4AaABAg.ANINuq8qdzpANJ9DxlUeaE
@blarghblargh,UgzGFO8iwfBe78elfP94AaABAg.ANINNL_PX6IANIPsN7M51C
@blarghblargh,Ugxaafnjy6bXgfHNu4R4AaABAg.ANIM0nVmbBmANIQSKmfcrh
@blarghblargh,Ugx72MSl4KItqz3CVCp4AaABAg.ANILXDXJbjxANIQAkGzwYJ
@blarghblargh,UgyaUDVqbA61hGrC0XV4AaABAg.ANIKvZlNHAgANIPBuGZC0Q
@pif5023,UgxdIasBfHhgmquAZSJ4AaABAg
@Jabberwockybird,UgyWiCmRU5vnBAh1ZVB4AaABAg
@Jabberwockybird,UgxpDOKIIOFDIfYKx8V4AaABAg.ANIK7a27LvkANIKiaaznFi
@ThePrimeTimeagen,UgwL8vx1oaqIBYW6KDZ4AaABAg.ANIJxaWnMRDANIK2GTVSdh
@blarghblargh,UgwfchmnQAxEh5Oq7qt4AaABAg.ANIJny-UukDANIQ0E55OrD
@Jabberwockybird,Ugwf5wxFB2dr2LWCDrF4AaABAg.ANIJa6IYtyPANILALSniwz
@blarghblargh,UgzBrCfLmA2Y-PJPO7N4AaABAg.ANIJXrunqSBANIOJu9JOwg
@Jabberwockybird,UgzJPFsPe7awBczM8b94AaABAg.ANIJI2rLQCqANIKuQiPjRr
@ThePrimeTimeagen,UgzZe0Y8kIWN8gFgeB94AaABAg.ANIJ1nkRbaxANIJz8tJti5
@Jabberwockybird,UgxuQWnYQsZ-ChYY_9x4AaABAg.ANIIhQ7aiABANIK-rBF5m1
@blarghblargh,UgxuQWnYQsZ-ChYY_9x4AaABAg.ANIIhQ7aiABANIPTWzzPQi
@Jabberwockybird,UgwkJ1u5rqsWjr2Qn1N4AaABAg.ANIIDeR_ygeANIJgZ3ctB1
@blarghblargh,UgwCh7lXfi9yyRl-UPZ4AaABAg.ANIIB6ojHpyANIR0KdnAu5
@blarghblargh,Ugx1obr-14W4BP1Q7IR4AaABAg.ANIHlYC6sM_ANIOtRwDFFi
@JeremyAndersonBoise,UgzeqFzcOJGi4ujsc2p4AaABAg.ANIHM9sZ5ogANIJw_CBDnD
@JeremyAndersonBoise,UgzmAkYQ8caxet2ZCa94AaABAg.ANIGnp7XbiVANIK0lGI92b
@ThePrimeTimeagen,UgyPT1bA14RfTGMcDft4AaABAg
@Visitor______________________v,Ugxs81Dn6_40JSxc6YV4AaABAg
@leshommesdupilly,Ugy-2j2r58LH2QTVivJ4AaABAg
@hoblon,Ugx4jaY4I-20fUNKH9R4AaABAg
@hassaan1670,Ugx9PJd7nmGaa5fxQRt4AaABAg
@hassaan1670,Ugxoe829SVZ07HoNq1V4AaABAg
@mattymattffs,UgxZFUxpq8iOBYJBGa94AaABAg
@TomNook.,Ugzj15TszuTbmWQ8V3J4AaABAg
@TomNook.,UgwTjYBJdkFV9yC9HVl4AaABAg
@MikkoRantalainen,UgyA6XRYnTG_y_WjqXh4AaABAg
@Jabberwockybird,Ugzc49nPeXAsseeTYy14AaABAg
@phoenix_random,UgzSP6v64O4Dpc3MdPB4AaABAg
@ThePrimeTimeagen,UgyIp8jtBhKQ8HUGMIZ4AaABAg.ANG0wmXcCPdANG1YoT2Ift
@ThePrimeTimeagen,UgwomNVsM1anmPV-IsB4AaABAg.ANG0XdUTkIRANG1cUliNvc
@ThePrimeTimeagen,Ugzh1K-uMXD6ZTD1X394AaABAg.ANFxmh-HmxvANFy6-JUG4Q
@ThePrimeTimeagen,UgyPT1bA14RfTGMcDft4AaABAg
@ThePrimeTimeagen,UgwZzHSIHBjXKXS1EXR4AaABAg.ANFvAzri5S3ANFvSJvoG_-
@pif5023,UgwDb4r2S7dUva8LUn14AaABAg
@thrillvilled111,UgyI7yHsPdRwQzHK8at4AaABAg
@X1ssyy,Ugw7WMb5xeHX_2iK5RV4AaABAg
@ThePrimeTimeagen,Ugy9XGkML3K2dCOz47d4AaABAg.ANFr-RUqOa5ANFrIgMDPMp
@ThePrimeTimeagen,UgxlQuSPx95V8bdNr-94AaABAg.ANFqxTmxjexANFrK-80Jw2
@ThePrimeTimeagen,Ugwftdwjo3jLRdlPvOp4AaABAg.ANFqmLAyizkANFqvKyLnXS
@X1ssyy,Ugy0Rlo9Em0ZUz2nOl54AaABAg.ANFqd2CGogCANFrDFQMwSk
@Fireship,Ugxrzl9oVck6IKwnLTh4AaABAg
@TomNook.,UgxlNsrrYm-lDp58K2Z4AaABAg
@fuzzy-02,UgzTFuENA8_Z2fRnHPt4AaABAg
@fuzzy-02,UgwpoMACU3mwD38ePrx4AaABAg
@iheartvxmpires,UgyJ3nmDmTD3Hj97QX54AaABAg
@Jabberwockybird,UgwxlAGZ3-_-lAaFC7x4AaABAg
@hassaan1670,Ugxau3m8FTivUJQOned4AaABAg
@krtirtho,UgxAGIz9VmnQpeCfLx54AaABAg
@NostraDavid2,UgxhjSeDuw-Ck1w-iGV4AaABAg
@inzaghiposumaalkahfi9650,Ugw5H4iIsa3tsyfyA9F4AaABAg
@IzzumiPoshaf,Ugw5H4iIsa3tsyfyA9F4AaABAg.ANThRBKCcTXANThzkfHUOe
@inzaghiposumaalkahfi9650,UgxV30-fnjA-jE9ja394AaABAg.ANTgka0jTvyANTiWsKZqtZ
@IzzumiPoshaf,UgxWhGDGaCwnA_qPIYF4AaABAg
@inzaghiposumaalkahfi9650,UgxWhGDGaCwnA_qPIYF4AaABAg.ANTfu8Z7GtIANTgTkELUOk
@inzaghiposumaalkahfi9650,UgznxQQ3mSdMlrtLgH94AaABAg
@IzzumiPoshaf,UgznxQQ3mSdMlrtLgH94AaABAg.ANTfif6NHSMANTgDKBqZoz
@IzzumiPoshaf,UgxEIlTrUIu4Xv54MMJ4AaABAg
@inzaghiposumaalkahfi9650,UgxEIlTrUIu4Xv54MMJ4AaABAg.ANTfPzn2JJmANTfWTu5jts
@ZennExile,UgzxPARIJjWiSdX7mFF4AaABAg
@inzaghiposumaalkahfi9650,UgxVEggUZMpO9wzv39p4AaABAg.ANTb37tmJTqANTiVJ6Jhuf
@MelroyvandenBerg,Ugyd5JpCaxsPgWYRUVp4AaABAg
@inzaghiposumaalkahfi9650,UgzUuby79EOEkMp-N0R4AaABAg.ANTVu6mKzTXANTjNQywZXu
@o1-preview,Ugya0aWXWG2KYGN2MWJ4AaABAg.ANTTcdar77zANTYH706KnX
@re4796,UgyXycI0TcWRJIeE5sR4AaABAg.ANTSx1oitIWANTTRL1NP02
@re4796,Ugyv1dEQlnaew3MczsB4AaABAg.ANTShB4wLv8ANTTTByc-Uy
@re4796,Ugy422HhnM4WU4LcQ7h4AaABAg.ANTRGsoWJOLANTTHOYArY-
@re4796,UgxeQa1f3Z4dKqzxofx4AaABAg.ANTQ1O1oUTOANTSnFER44Q
@re4796,UgxeQa1f3Z4dKqzxofx4AaABAg.ANTQ1O1oUTOANTuFcA1Ta-
@IzzumiPoshaf,UgxRxdfthOjMqPFj-9p4AaABAg.ANTPrWMm1uwANTjXBYPWdV
@re4796,UgxOiuTHPaPLAWOS9NJ4AaABAg.ANTOjAjmFfwANTT6G2GKZJ
@IzzumiPoshaf,UgzQm94CQxV80_JVxAN4AaABAg.ANTOcbACR6hANTjW_iYEt4
@crackwitz,Ugxv1vAMlWXYfTCkaF94AaABAg
@inzaghiposumaalkahfi9650,UgzzjNW1Z0bvBWKKIKV4AaABAg.ANTO1Zu7Bs2ANTjw5nm4U0
@crackwitz,UgwW_U2SQN1nfNtcWMV4AaABAg.ANTNOwRpwdZANTRL8qg-vv
@inzaghiposumaalkahfi9650,Ugz3n7PVRvbhIvQZX9t4AaABAg.ANTMhsHsDz-ANThnFhgnTn
@IzzumiPoshaf,Ugw_R6xcvb9k5tkq40t4AaABAg.ANTLss4kgH0ANTi5WdquQM
@IzzumiPoshaf,UgyJrpjeOgmWaaUBZZx4AaABAg.ANTLookfEbIANTi4uYwqvM
@inzaghiposumaalkahfi9650,UgyCRasv-J4JgjmdSwJ4AaABAg.ANTKtSYm3wmANThmfEwARU
@inzaghiposumaalkahfi9650,UgzPRVHzcx7jvAyfYbN4AaABAg.ANTKsM3doArANThntsjRXs
@pif5023,Ugz6QycaHo4l9_QH_sl4AaABAg
@pif5023,UgzL-hUst8h19cnwvTF4AaABAg
@IzzumiPoshaf,Ugxd1dfbJEnoZpun4Ot4AaABAg.ANTKegiFqLyANTi6B6Jliq
@pif5023,Ugx8jAuGgWkbvUDrWMl4AaABAg
@re4796,UgyBt30XsYdgjJX655t4AaABAg.ANTJZiSrRzJANTTWR1Z-m6
@j.21,Ugxoi_tcL4kzPuGXrMt4AaABAg
@IzzumiPoshaf,UgwkS5pnMPkndT3dZfl4AaABAg.ANTJIm7baW1ANTi7AD0Tsn
@inzaghiposumaalkahfi9650,UgybJZjop69ue0H2i394AaABAg.ANTJ6YEgIbFANThmFjFZqV
@crackwitz,UgxdbS9ErwRIahL3_Q14AaABAg.ANTIwEPq9eUANTPcwSLpJ4
@o1-preview,UgxdbS9ErwRIahL3_Q14AaABAg.ANTIwEPq9eUANTY6HOZWN7
@IzzumiPoshaf,Ugy9mv_RSDTCEyb2HoZ4AaABAg.ANTIqtjg7WaANTi6hLb8_z
@hoblon,UgyJrRThnMqKZgB44nJ4AaABAg.ANTInnbayliANTJA3fdwiO
@re4796,UgwydR3rZQhwZizyBuJ4AaABAg.ANTImOIMzXVANTTG3JwxEj
@IzzumiPoshaf,UgzEyfY79a36aDMV_P14AaABAg.ANTIQbDw8MnANTibKpX2bi
@inzaghiposumaalkahfi9650,UgwgZ7t5wJMfLkdwOnd4AaABAg.ANTINVRl_MAANTiSERsooF
@re4796,Ugx3vg6FPlb3c6arkwV4AaABAg.ANTILcOJeoCANTTZcCu_E7
@re4796,Ugx3vg6FPlb3c6arkwV4AaABAg.ANTILcOJeoCANTuOVxO8BX
@hoblon,UgzfVY1efL13CGiJyzx4AaABAg.ANTIGQirDrsANTImT_HL9O
@hoblon,Ugy27PgDiXOKSmw41oV4AaABAg.ANTI2HCqUAzANTJPLMIjEH
@re4796,Ugzkt_8gkNxBn6UyEzp4AaABAg.ANTHxYYHfW5ANTS2nfTEcp
@re4796,UgyRwScG0Lgul24AI0p4AaABAg.ANTHZSMLADCANTSXPchFJ_
@inzaghiposumaalkahfi9650,UgzULZQP-DwKQpb_ucR4AaABAg.ANTHRNV-voFANTiT9bYkAZ
@inzaghiposumaalkahfi9650,UgxkPIiJ0eWbvmZ4ax14AaABAg.ANTHJQUPU1mANTiSiASB0i
@hoblon,Ugx9GVxHoVupGcXfFwV4AaABAg.ANTGukDtDTNANTJn18w5la
@IzzumiPoshaf,Ugw9OC0iJ9vkYj_vfOJ4AaABAg.ANTGpASeXSBANTi7xR5Otj
@hoblon,UgwutUDu3Ni6VT72VpV4AaABAg.ANTGm_eSOwrANTHKikPymq
@DataIsBeautifulOfficial,Ugw1qkkIE_RclvHrXXB4AaABAg
@N0Xa880iUL,Ugw1qkkIE_RclvHrXXB4AaABAg.ANTGawO38a4ANUC0c1A13H
@hoblon,UgweoYY78YX3E_h3fNV4AaABAg.ANTGJP7be5nANTHb3a6J56
@X1ssyy,UgweoYY78YX3E_h3fNV4AaABAg.ANTGJP7be5nANTOF9ic2CO
@hoblon,UgwlFloTVcewYxAeOOF4AaABAg.ANTGCdOLrdtANTIWExDlns
@MrKentoNion,UgwlFloTVcewYxAeOOF4AaABAg.ANTGCdOLrdtANTLXYRJlau
@re4796,Ugz0eIi9FiVwHL176l14AaABAg.ANTGB8QCLI6ANTSiz2x6mF
@re4796,Ugw9nbdf0twimNZEsoh4AaABAg.ANTG7xpEZYMANTS53rCfYV
@MelroyvandenBerg,Ugwkltk6AVMxvRIh9eZ4AaABAg.ANTG6q9spJMANTZ3aMA5zt
@re4796,UgzsmzdR1W79I8Ps-sp4AaABAg.ANTG6ayL_pCANTT8jqhqUy
@hoblon,UgzPWV7Ryt7sfeymEPJ4AaABAg.ANTG10uB1nfANTKCWYltFj
@inzaghiposumaalkahfi9650,Ugyz2O8kNx3GFXieRDl4AaABAg.ANTFuTcpoB0ANTjDpST4Al
@re4796,UgxFM_zPDvWbuqYg2dl4AaABAg.ANTFro7coBHANTS11Ckbaf
@re4796,UgxB8GhCobNcaSpm9654AaABAg.ANTFh4jSMGSANTSpw-hovQ
@hoblon,Ugw8N5T9nj0lzKGv1Ql4AaABAg.ANTFgWTjRhOANTKLArCdI7
@hoblon,UgwtqOmXzWvPVvIRwKl4AaABAg.ANTFFrhS14YANTGyvu1tt-
@hoblon,UgwF3sFmuXNc2fBQqsd4AaABAg
@IzzumiPoshaf,UgwYV9n57VAQt5xKwFh4AaABAg.ANTEPUZHWzkANTgq8l5dTN
@Fireship,Ugxrzl9oVck6IKwnLTh4AaABAg
@Fireship,UgweaLf8hRSb6ze-FrV4AaABAg
@TomNook.,Ugzq8unI6cClsMRYAQx4AaABAg
@Jabberwockybird,Ugyodh_sS4D8emxrA214AaABAg
@ZennExile,UgxlZGm1sWyt-Z9QYXR4AaABAg
@j.21,UgwRVQkw08R_xjK3V1h4AaABAg
@smellthel,UgwAYWNfI6WVmDwHUnx4AaABAg
@andybaldman,Ugwajvq0WCtvSeHxcKx4AaABAg
@KX36,Ugyl93i9MlVlzLIVT8h4AaABAg
@Visitor______________________v,Ugw9nAcP-A-ecI3ACsZ4AaABAg
@4.0.4,UgzkkhcnxzMTgE47i5x4AaABAg
@haxkjh,Ugzdv-m-zkIChDFRlqt4AaABAg
@iheartvxmpires,UgxnvlPLA_CrlBMdjx54AaABAg
@Julzaa,UgxABRadXH6fRGBT1bJ4AaABAg
@DDracee,UgxXfvnkJmwGgZGTB9x4AaABAg.ANDmW1tRFMuANE-qshiFni
@inzaghiposumaalkahfi9650,Ugw3W4y0czs9mHTfwcd4AaABAg
@IzzumiPoshaf,Ugw3W4y0czs9mHTfwcd4AaABAg.ANDlfuXThCdANDlsC5hkJj
@IzzumiPoshaf,UgxAlu1CX5KpY2lozht4AaABAg
@inzaghiposumaalkahfi9650,UgxAlu1CX5KpY2lozht4AaABAg.ANDk1oE5nGIANDkns_4z_q
@o1-preview,UgwuI1-6-wRvUov5JHt4AaABAg.ANDgeUtmPAGANDizzniOkp
@o1-preview,UgzzN2NOy8jlPxBtdIh4AaABAg.ANDgWGaMpAQANDjBFZWF0K
@o1-preview,UgyaYhJqmSNPwiHem1p4AaABAg.ANDgMFM21EvANDj2sYYDcj
@o1-preview,UgyK5BBJWSuJA84aqOl4AaABAg.ANDgB42wf9PANDiw9Rx6a8
@init_yeah,UgwxBIG-FKjRUnXaPQN4AaABAg
@Fireship,UgweaLf8hRSb6ze-FrV4AaABAg
@Fireship,Ugxdd1rDpmGjorDW7yh4AaABAg
@krtirtho,UgzMKo5OFN84j3paEJB4AaABAg
@haxkjh,UgxPefvHl4wdtml1KZt4AaABAg
@clashcon11,Ugwgekz-2c4wWQWTSfB4AaABAg
@user-qu2bp8zt6f,Ugwvqi42FvJER3nJVOx4AaABAg
@haxkjh,UgxJxSBeL0g6Oee9JGF4AaABAg.ANBpXn6CRGmANDQ_NZiJHj
@haxkjh,UgxJxSBeL0g6Oee9JGF4AaABAg.ANBpXn6CRGmANHdbVUIVcf
@haxkjh,UgxJxSBeL0g6Oee9JGF4AaABAg.ANBpXn6CRGmANHe_aYz85T
@Freedomistman,UgwOvbtnTaLPTEHeRfR4AaABAg
@crackwitz,UgyD-DZUDUCH0aKZj8h4AaABAg
@4.0.4,Ugwjf9HWRZkVPjoEVaN4AaABAg
@ZennExile,Ugx7VPk8CqJ28PcMgph4AaABAg
@crackwitz,Ugw3C69tmid2k2ipHOp4AaABAg.ANBHIKQO0GTANBZW9Wr0_v
@haxkjh,Ugwn48B8c2S7nolesOl4AaABAg.ANBEc_NQ2ZiANDQQTJ6LzQ
@iheartvxmpires,Ugw0_VezbgWQFqEyJkd4AaABAg
@rumfordc,UgzVJQ_hTk3LwqIdfCB4AaABAg.ANBC1SIlrk_ANBg16zE7xh
@IzzumiPoshaf,Ugxere8GpdcJT7OpD4N4AaABAg
@inzaghiposumaalkahfi9650,Ugxere8GpdcJT7OpD4N4AaABAg.ANB3zWguWVIANB49yTZCmQ
@haxkjh,UgzlBp7YFqy03sT5jgR4AaABAg.ANB1tCT08MKANDQ0ThrUS1
@IzzumiPoshaf,Ugyoy4--RSOmyPnSeIB4AaABAg
@inzaghiposumaalkahfi9650,Ugyoy4--RSOmyPnSeIB4AaABAg.ANB1rrK2oA9ANB1zIcKTFZ
@inzaghiposumaalkahfi9650,UgzuuuCIQ6cqU5Fxk9B4AaABAg
@IzzumiPoshaf,UgzuuuCIQ6cqU5Fxk9B4AaABAg.ANB1inDE4A9ANB1pKt7NAw
@crackwitz,UgzqnL7Z9IPLCrnkXEh4AaABAg.ANB1P0-1uKjANBZnqnvW4R
@haxkjh,UgymCl38aEZD0_HQuJl4AaABAg.ANB-J51MGwXANDPwT9zFq2
@haxkjh,UgwxxK_uCMM6y6Nuysl4AaABAg.ANAzolboiAaANDQ8IqHS1I
@thrillvilled111,UgwACTPyBPp-n2DYYEp4AaABAg
@haxkjh,Ugz4SzH0aphQggcyFQR4AaABAg.ANAzMkVryPIANDPgxU65Gn
@AdvantestInc,UgxSUmPBH1wv3TpfEhF4AaABAg
@init_yeah,Ugw_Z6LIdRMjxY-eFPB4AaABAg
@Fireship,Ugxdd1rDpmGjorDW7yh4AaABAg
@Fireship,UgwwCMmxwA5x5_i00Fh4AaABAg
@zenlettering,UgyECcAS2VZ-BdQiINd4AaABAg
@Julzaa,UgxaUNYlMbww7KYhtQB4AaABAg.AMu9PLjyb6HAMvdkPHEf0o
@sayochikun3288,Ugw9HCXd4DrxgJx1z254AaABAg.AMsehe7RNFeAMsf4rDNIaS
@sayochikun3288,UgzdCNtUM3gg1-laNKZ4AaABAg.AMse5nI9IytAMsf8bTfE5x
@sayochikun3288,UgwMrn4ZytIPhwNllFh4AaABAg.AMsd1wjizsTAMsfBBRPv_u
@sayochikun3288,UgzHscKcrgeRrVqgMiJ4AaABAg.AMsbv1erUBbAMsfDIXSZeu
@sayochikun3288,UgzB2K_qQBmlmxeMqcF4AaABAg.AMsac3I4nDaAMsfFPOtbge
@danser_theplayer01,UgzWCgqNktK3ID1hsGV4AaABAg
@sayochikun3288,UgzWCgqNktK3ID1hsGV4AaABAg.AMsaOHOGO4sAMsfGuvGp4u
@danser_theplayer01,Ugx-ZpbtuQd2dr6C1oN4AaABAg
@sayochikun3288,Ugx-ZpbtuQd2dr6C1oN4AaABAg.AMs_uLwMAV8AMsfIBKAOtO
@sayochikun3288,UgyqnisFUBLrt_Zuqcx4AaABAg.AMs_iveHZvxAMsfLvgw7m1
@sayochikun3288,UgzDAYZ6cw55Xd1CnN94AaABAg.AMsXkWkiJGLAMsfOGNb867
@sayochikun3288,UgzDAYZ6cw55Xd1CnN94AaABAg.AMsXkWkiJGLAMtXnO8ff3q
@sayochikun3288,UgzTyntGans76qQ-Lzh4AaABAg.AMsVGZllcS_AMsfRIGBcVm
@sayochikun3288,UgxmS5-MTFeKOLRjdS94AaABAg.AMsUWLny4muAMsfU5IKsvK
@sayochikun3288,UgxmS5-MTFeKOLRjdS94AaABAg.AMsUWLny4muAMslxXkgFBo
@cheesebusiness,UgzRdwd6HbNyKLJmgYd4AaABAg
@MelroyvandenBerg,UgyrcE_D1QDHhBgWQgd4AaABAg
@clonkex,UgxbunbdU1Iv0A7qbq94AaABAg.AMs7jGEGdzrAMsg8Gb6PHb
@MelroyvandenBerg,UgxpPyXHQnh728xOCKx4AaABAg.AMrnfNd1FEMAMsLbeVpLk7
@JesusPlsSaveMe,UgxpPyXHQnh728xOCKx4AaABAg.AMrnfNd1FEMAMu1TJecjmk
@cheesebusiness,UgyAuw8R4VYADf9v_RZ4AaABAg.AMrljyhY787AMsSJD5_f5o
@cheesebusiness,UgyAuw8R4VYADf9v_RZ4AaABAg.AMrljyhY787AMtD1dLvfkQ
@leshommesdupilly,UgzpJyg2X7wFMcreDZh4AaABAg
@clonkex,UgwkynDrIYw5It2PC2t4AaABAg.AMriFUbraLXAMsgBzqhRRj
@clonkex,Ugy6k-cJ8-b2k9Xp-Lp4AaABAg.AMrdqBgIT7iAMse7hnOPMg
@gregorymoore2877,UgwFHBHWxccDeSXBboh4AaABAg
@MelroyvandenBerg,UgxS-zSNX763HUGwao14AaABAg.AMrb6-XaLD1AMsLnIVxeMA
@iheartvxmpires,UgwHwZ02ovntA8eP7GZ4AaABAg
@rumfordc,UgxUTX9-ZRY2b6Kkbul4AaABAg.AMrZiDssxR4AMukW3FOzh8
@clonkex,Ugx8Od1SUizwPZoGrXZ4AaABAg.AMrZ58C22MCAMseJxSkWeM
@4.0.4,UgxUf1YBDJDWNLyJ3eh4AaABAg
@CUNNYCUNNYCUNNNYY,UgydVZKaYJN3wCAmRdd4AaABAg.AMrXA1hOzOcAMwIVYixrT2
@clonkex,Ugy_tI6WwzCgl6tb3fh4AaABAg.AMrWsA6Mb-2AMsgCkjRjXY
@clonkex,Ugy_tI6WwzCgl6tb3fh4AaABAg.AMrWsA6Mb-2AMusIIuqXyQ
@clonkex,Ugy_tI6WwzCgl6tb3fh4AaABAg.AMrWsA6Mb-2AMxBlOC-oL2
@krtirtho,Ugxz-IUJhFZwv2zRCFd4AaABAg
@user-qu2bp8zt6f,Ugxdc6SB55_LxZQ6Zs94AaABAg
@clonkex,UgyB9NpxvUrdRwxVr0Z4AaABAg.AMrShgIKwPoAMseCjBqjWT
@MWDiss,Ugwtak7dZWl_KT9xG2x4AaABAg
@X1ssyy,Ugwtak7dZWl_KT9xG2x4AaABAg.AMrRM-cQANkAMrVEHjInF4
@thrillvilled111,Ugwtak7dZWl_KT9xG2x4AaABAg.AMrRM-cQANkAMrXv3l4RCV
@inzaghiposumaalkahfi9650,Ugz0n8-JyfClUeAQX2d4AaABAg
@IzzumiPoshaf,Ugz0n8-JyfClUeAQX2d4AaABAg.AMrRFs60byYAMrRSxTFRAX
@IzzumiPoshaf,Ugyz7k7bxSx7t84mg814AaABAg
@inzaghiposumaalkahfi9650,Ugyz7k7bxSx7t84mg814AaABAg.AMrQqqBSVGGAMrQygOMROl
@clonkex,UgwIDL2PwYNNdiLM78B4AaABAg.AMrQgDCxxRjAMsdcta8d1W
@init_yeah,UgwPezKaePDPRv-vStx4AaABAg
@Fireship,UgwwCMmxwA5x5_i00Fh4AaABAg
@Fireship,UgymjWul7p-2juEiiJF4AaABAg
@mattymattffs,UgwplaaTe4fQhEs_pOZ4AaABAg
@mattymattffs,UgwplaaTe4fQhEs_pOZ4AaABAg.AMk47pb7ITTAMmAFNbW_cB
@salilsingh5956,UgwslF9m7nJf0IrCAR54AaABAg.AMh63d4_E-WAMj9h2SW56c
@salilsingh5956,UgyCaHozI_7J_BjTljp4AaABAg.AMgsu75QWCWAMj8XCvbIHv
@salilsingh5956,UgxZS4SMV4ofIbG0SAt4AaABAg.AMgKSYWBYfNAMj8LCxJESM
@salilsingh5956,UgyDmX8rWSH5UHI419F4AaABAg.AMgAIBGbIQVAMj915uEczP
@salilsingh5956,UgyU6uVoqnDJz2Fsj554AaABAg.AMg7vllyfc4AMj9NqHClV7
@salilsingh5956,UgyC5Wul6EtMcOOa5Sx4AaABAg.AMfuac6GvtBAMj8bBtjc6K
@salilsingh5956,UgwZtoeUk4xlB45E8114AaABAg.AMfeAtvJTy1AMj9EAA070P
@salilsingh5956,UgwvHvQ9Rb7Ew4a9DLl4AaABAg.AMf_TEW_9E6AMjASUGObWz
@CamonaTempest,UgwNpDNoUk12tllUEY14AaABAg
@MelroyvandenBerg,Ugw9HHFv6rNi0loGKKN4AaABAg
@MelroyvandenBerg,Ugw9HHFv6rNi0loGKKN4AaABAg.AMfL1_RXwieAMfLaCB4MhX
@iheartvxmpires,UgxiOcq7mMsp-JNGCUF4AaABAg
@salilsingh5956,Ugyz6v5eKGdbS2SlFQ94AaABAg.AMfD69NQ1J2AMj8rFAy6wl
@MelroyvandenBerg,Ugyr8qicSdnfMruNYUF4AaABAg.AMfC6pggg-aAMfLsWkrOoR
@salilsingh5956,Ugwh7a4RIJwt2wJelbR4AaABAg.AMfBR6VBxrpAMj9ul1QeMM
@salilsingh5956,Ugwh7a4RIJwt2wJelbR4AaABAg.AMfBR6VBxrpAMjFSvJdWBb
@salilsingh5956,UgyJ5vPqzP69iHhTzgF4AaABAg.AMf4uhhM_JAAMj86umGsYr
@MelroyvandenBerg,Ugx2PaRzhprXEPr422p4AaABAg.AMezE0rk6elAMfM-uxoH8t
@Freedomistman,UgwNrablqje_5A1EyIx4AaABAg
@salilsingh5956,UgxCnCttXXcKAYNpEyR4AaABAg.AMeuenMdqblAMj987HSdg5
@fuzzy-02,UgwjiVeXBp9GkZUebxx4AaABAg
@fuzzy-02,Ugx8MpC-dPQkpsPbQUt4AaABAg
@crackwitz,Ugxp9f36Fo99iLO6KRN4AaABAg.AMeldDpYeMPAMepSl7eyvc
@hassaan1670,UgwUSyLHbDcDbb1k4qd4AaABAg.AMekXqYYvVlAMezTXPGPJp
@salilsingh5956,Ugxu0DfETSC1NI4av6p4AaABAg.AMej-2McM2-AMj8FtUqtCu
@hassaan1670,UgxCV0ATzi82miaQ4994AaABAg
@crackwitz,Ugycz4fXl7ceG1iUlNZ4AaABAg.AMehGp4ynEfAMepp6M452i
@Josh-ks7co,UgwWIXKIU2jT3LHaZJR4AaABAg
@Josh-ks7co,Ugz-tx1Tdul39D3u6_N4AaABAg.AMeg3DNVkbOAMej-nmnR4Y
@4.0.4,UgwM2BYgXrouB5V06mN4AaABAg
@Josh-ks7co,UgwFTs4ccsbh1lF5Ssl4AaABAg.AMeeumE7kzlAMejCEcCSkb
@Josh-ks7co,UgwFTs4ccsbh1lF5Ssl4AaABAg.AMeeumE7kzlAMf-Bd6hLBZ
@Josh-ks7co,UgwFTs4ccsbh1lF5Ssl4AaABAg.AMeeumE7kzlAMfWsTs5QO8
@Josh-ks7co,UgxvvPxmfAcyiXo9QKV4AaABAg.AMeec5930l3AMehjJsc9k3
@Josh-ks7co,UgxvvPxmfAcyiXo9QKV4AaABAg.AMeec5930l3AMek4Gazvn9
@Josh-ks7co,UgyPOKhHtYTJ-1cCxzF4AaABAg.AMea6fpJ8VUAMeiwSNVAVD
@j.21,UgxZTyvp8XtWPOtWl2h4AaABAg
@MelroyvandenBerg,UgwZ7fULn0xEBiCdH5x4AaABAg.AMeZo3TNtdmAMfLTjxBiaJ
@Kovman9,Ugye4jVolzpcNGzuraB4AaABAg
@Kovman9,UgyJWWtGhMsLbnitBTl4AaABAg
@Josh-ks7co,Ugzb-qLsmazB3gHNHZJ4AaABAg.AMeYBWITNVUAMehYI0jsNt
@inzaghiposumaalkahfi9650,Ugy6db6bgD41sZeI9xl4AaABAg
@IzzumiPoshaf,Ugy6db6bgD41sZeI9xl4AaABAg.AMeXujwpxcgAMeYCDJ7Jyv
@IzzumiPoshaf,UgyJjRBn_WnUa9-EQbh4AaABAg
@inzaghiposumaalkahfi9650,UgyJjRBn_WnUa9-EQbh4AaABAg.AMeXdqhZMWAAMeXjZ8LqeT
@krtirtho,UgwimqD7FDTW1oLg7Mp4AaABAg
@MelroyvandenBerg,UgyVgGNCsFcda2Chf8Z4AaABAg.AMeVp0TsgyyAMfLdrChSAt
@MelroyvandenBerg,UgzBbkQp3hSgbpQoVTF4AaABAg.AMeVhjCA5iVAMfLwjqO9As
@init_yeah,UgzNqbHe0cxeZb8v5tV4AaABAg
@AdvantestInc,UgxhobR4JROuDT07L_V4AaABAg
@init_yeah,Ugy5xeA1kx8Vo0JJM7N4AaABAg
@Fireship,UgymjWul7p-2juEiiJF4AaABAg
@Fireship,UgzxhyR1edGl-jNxBQR4AaABAg
@UtubeTermsOfService,UgzxhyR1edGl-jNxBQR4AaABAg.AMPtlsj8ouTAMQ2Li_nTLD
@UtubeTermsOfService,UgzxhyR1edGl-jNxBQR4AaABAg.AMPtlsj8ouTAMQ2M3SV_mT
@UtubeTermsOfService,UgzxhyR1edGl-jNxBQR4AaABAg.AMPtlsj8ouTAMQ2MOwdoA1
@Jabberwockybird,UgwP_ZAX9lM7MPtnvI94AaABAg.AMUsBYRheKaAMpORzCB4US
@TheNewton,Ugw-qgP27nA4KnHe2HF4AaABAg
@DDracee,UgxrMIE8HL_mZ8MfIV94AaABAg.AMQmQE0HRgPAMQqdrV-Z78
@j.21,UgxiwFsZ9tt1LFrh87J4AaABAg
@DDracee,UgzvJyHCZsQupik-gsV4AaABAg.AMQaTyv3DEjAMQrcmXxHX9
@iheartvxmpires,UgxaZ8H9NpCgiTFbtG54AaABAg
@cheesebusiness,UgxgT_xJ--Lgmrlffgx4AaABAg.AMQO9wfycx3AMVJKzgR8yQ
@ItsNicolau,UgzB8sRHOoiIF7tV9FV4AaABAg.AMQNf7DNmMYAMQcXsWUvXL
@rumfordc,Ugwrh8NWKGnaORZxRuR4AaABAg.AMQKhOl_u99AMQOcLtK13n
@cheesebusiness,Ugwrh8NWKGnaORZxRuR4AaABAg.AMQKhOl_u99AMVJBWa5VRs
@ZennExile,Ugwu0TejVIySd0S5L8N4AaABAg
@rumfordc,Ugyx8xdpo9xQ54Jws-l4AaABAg.AMQHVJI4sSsAMQMMnKumkO
@DDracee,UgxcpjsWZSRwODvZYpR4AaABAg.AMQGdYwp4f7AMQqVR_R1x7
@rumfordc,UgyaDhUA1aaTsaptDmR4AaABAg.AMQBmyI5bUAAMQPLNOfE_Q
@cheesebusiness,UgxK5VlW0VDpcQ75F9V4AaABAg.AMQAOygE1QVAMVJ1V3Ik5U
@JeremyAndersonBoise,UgxK5VlW0VDpcQ75F9V4AaABAg.AMQAOygE1QVAN5e-vQbp5A
@cheesebusiness,UgwUZF7Gmhqb0vd8fx94AaABAg.AMQA9cjC0TDAMVJ6RVfqBQ
@fuzzy-02,Ugw9V_hqQDSRg7H8iT14AaABAg
@rumfordc,Ugw9V_hqQDSRg7H8iT14AaABAg.AMQ9SgLoQlIAMQPbXYjWO_
@fuzzy-02,Ugw9V_hqQDSRg7H8iT14AaABAg.AMQ9SgLoQlIAMSYoLNXmxu
@CUNNYCUNNYCUNNNYY,Ugy0uDmP3HKFPu9ILX14AaABAg
@DDracee,Ugx6alrPgPxE4u5Vev94AaABAg.AMQ8j1FvUgvAMQp1pDlwPz
@DDracee,Ugz5OUyO2wL72rJusJx4AaABAg.AMQ7JZvemjQAMQqCbz1t-X
@4.0.4,UgyxnvZZGpIHSKLH33J4AaABAg
@rumfordc,UgyC5YfSSTDSfe7UR4l4AaABAg.AMQ3Br7iTwXAMQOSxGNMF-
@DDracee,Ugw1ST3kEFbrlMZBZTx4AaABAg.AMQ35FWktU-AMQr6Kl9Hol
@rumfordc,UgxsPzcnJqWWbD8yby14AaABAg.AMQ32vBcec1AMQNs3I9c0a
@rumfordc,UgwReBeFYNw9qnhTmgN4AaABAg.AMQ2xhWSnNaAMQQQ_FIu-V
@rumfordc,UgzHFzRyBegbQCr1T4t4AaABAg.AMQ2qgoLAhRAMQOCMVdkOi
@UtubeTermsOfService,UgzHCbScZJx3QUK3BvN4AaABAg.AMQ2htULbWEAMQ3Dm4uOeB
@UtubeTermsOfService,UgzHCbScZJx3QUK3BvN4AaABAg.AMQ2htULbWEAMQ3EYaoQZ3
@IzzumiPoshaf,Ugxvu3FP1ceGJJDaE1B4AaABAg
@inzaghiposumaalkahfi9650,Ugxvu3FP1ceGJJDaE1B4AaABAg.AMQ2dcDkzFcAMQ2mOVvTA6
@inzaghiposumaalkahfi9650,UgxqYem6l_mJdIRgPcZ4AaABAg
@IzzumiPoshaf,UgxqYem6l_mJdIRgPcZ4AaABAg.AMQ2ZwQwn1PAMQ2ipEmIws
@UtubeTermsOfService,UgzZOwuc-X8d4c3186h4AaABAg.AMQ2VcLPK0uAMQ3FoOMLDn
@UtubeTermsOfService,Ugy7k5KFKXgkem713Ct4AaABAg.AMQ26kr3rYnAMQ3EwE11mk
@JesusPlsSaveMe,Ugy7k5KFKXgkem713Ct4AaABAg.AMQ26kr3rYnAMV4FwnpP1y
@DataIsBeautifulOfficial,UgxEqcd6wdliWbqrhkd4AaABAg
@UtubeTermsOfService,Ugzau_dLxXGVdP8vHQ94AaABAg.AMQ21AXWtKZAMQ2O_97DLI
@UtubeTermsOfService,Ugzau_dLxXGVdP8vHQ94AaABAg.AMQ21AXWtKZAMQ2QZ0zWFR
@UtubeTermsOfService,UgzY7q5qcf88G7FYxst4AaABAg.AMQ1pov9lgYAMQ2TSUzkL6
@UtubeTermsOfService,UgzY7q5qcf88G7FYxst4AaABAg.AMQ1pov9lgYAMQ2Tlx8B4T
@Xiph1980,UgztzGlLJaSgM51U1X54AaABAg.AMQ1lPYzXyJAMQ29Uq7zdv
@rumfordc,UgztzGlLJaSgM51U1X54AaABAg.AMQ1lPYzXyJAMQNgFtCbPI
@UtubeTermsOfService,UgwViWnei4JbUz0i3154AaABAg.AMQ1iXZ84rVAMQ2P7v-9Bq
@UtubeTermsOfService,UgwViWnei4JbUz0i3154AaABAg.AMQ1iXZ84rVAMQ2PRMzM3T
@UtubeTermsOfService,UgwViWnei4JbUz0i3154AaABAg.AMQ1iXZ84rVAMQ2PjC0fFa
@UtubeTermsOfService,Ugw1S7GRHHxkoB1NJQ14AaABAg.AMQ1gnYbWmRAMQ4MQ6WCi5
@UtubeTermsOfService,Ugzglm2cYanzi5W2d4F4AaABAg.AMQ1_jOHU6vAMQ4HJ-3hUr
@UtubeTermsOfService,Ugzglm2cYanzi5W2d4F4AaABAg.AMQ1_jOHU6vAMQ4Hgg6wW_
@UtubeTermsOfService,Ugzglm2cYanzi5W2d4F4AaABAg.AMQ1_jOHU6vAMQ4I8bHJRB
@Visitor______________________v,UgzqNEJ6fxpJVVHNyz54AaABAg
@UTTPSystemHacker,UgzqNEJ6fxpJVVHNyz54AaABAg.AMQ1V_ZLVrBAMQ1fxZK6Uy
@UTTPSystemHacker,UgzqNEJ6fxpJVVHNyz54AaABAg.AMQ1V_ZLVrBAMQ1gDx0xdo
@UTTPSystemHacker,Ugw6wNnU5F2A8ZHkKkB4AaABAg.AMQ1NMZInOAAMQ1gxUwXaB
@UtubeTermsOfService,Ugw6wNnU5F2A8ZHkKkB4AaABAg.AMQ1NMZInOAAMQ3GRjhUJf
@UtubeTermsOfService,Ugw6wNnU5F2A8ZHkKkB4AaABAg.AMQ1NMZInOAAMQ3GjPXRPg
@UTTPSystemHacker,UgzvCIKgGB1DDMkVo0V4AaABAg.AMQ1Mpq4-91AMQ1VrXn8lY
@UTTPSystemHacker,UgzvCIKgGB1DDMkVo0V4AaABAg.AMQ1Mpq4-91AMQ1WpWrLjR
@UTTPSystemHacker,UgzvCIKgGB1DDMkVo0V4AaABAg.AMQ1Mpq4-91AMQ1X9AjzGQ
@thrillvilled111,Ugxw9Szhj0FNN7LpoJR4AaABAg
@UTTPSystemHacker,UgzF2_nUVsLOTd26G-h4AaABAg.AMQ1DddncUCAMQ1vYAbkeq
@UtubeTermsOfService,Ugx8ykkTzr0gRejVet94AaABAg.AMQ1CrYSMfeAMQ2NAW1ZyN
@UtubeTermsOfService,Ugx8ykkTzr0gRejVet94AaABAg.AMQ1CrYSMfeAMQ2NaO1DAs
@UtubeTermsOfService,Ugx8ykkTzr0gRejVet94AaABAg.AMQ1CrYSMfeAMQ2NyiKTOh
@UTTPSystemHacker,UgycbvZwv9IgiY7yNN94AaABAg.AMQ19UI0oqQAMQ1axjUIVM
@UTTPSystemHacker,UgycbvZwv9IgiY7yNN94AaABAg.AMQ19UI0oqQAMQ1gav8FK4
@UTTPSystemHacker,Ugzj86KOChYeGieVIJd4AaABAg.AMQ19AlCBg9AMQ1Xb01f4O
@UTTPSystemHacker,Ugzj86KOChYeGieVIJd4AaABAg.AMQ19AlCBg9AMQ1Y51QuOa
@UTTPSystemHacker,Ugw47gqI0gjzdMnEI-d4AaABAg.AMQ18ixiBS_AMQ1Yk4T-Hm
@UTTPSystemHacker,Ugw47gqI0gjzdMnEI-d4AaABAg.AMQ18ixiBS_AMQ1Z6odj1w
@UtubeTermsOfService,Ugw47gqI0gjzdMnEI-d4AaABAg.AMQ18ixiBS_AMQ2T-zLHwN
@Fireship,UgzxhyR1edGl-jNxBQR4AaABAg
@UtubeTermsOfService,UgzxhyR1edGl-jNxBQR4AaABAg.AMPtlsj8ouTAMQ2Li_nTLD
@UtubeTermsOfService,UgzxhyR1edGl-jNxBQR4AaABAg.AMPtlsj8ouTAMQ2M3SV_mT
@UtubeTermsOfService,UgzxhyR1edGl-jNxBQR4AaABAg.AMPtlsj8ouTAMQ2MOwdoA1
@Fireship,UgzY4G99Jo6ASZMRGCh4AaABAg
@user-qu2bp8zt6f,UgyLxh28y1L2PKtlRpJ4AaABAg
@iheartvxmpires,UgxzjdjZ3anNK7S6dMV4AaABAg
@krtirtho,Ugxq6T1thIvCTDkRhYZ4AaABAg
@4.0.4,Ugx59s-QU0fJkI5nZKJ4AaABAg
@gregorymoore2877,UgzHbIEtKJ2kqM3lXIt4AaABAg
@X1ssyy,UgyAXeTqifiwMv8F1cR4AaABAg
@X1ssyy,UgyAXeTqifiwMv8F1cR4AaABAg.AML80PuJN-XAMLGNzErG55
@gregorymoore2877,UgzwkgF3OSKfj5_gpXd4AaABAg.AML7QUwHn2wAMLApQOBetH
@deleted-something,Ugxw_xyhzIixTj-2QLB4AaABAg
@KX36,Ugyu3dXWPGkygNdE2MF4AaABAg
@thrillvilled111,UgxpyYqUGfiHoVARdIB4AaABAg
@gregorymoore2877,Ugz6UAod9k6R7Lx-3h54AaABAg.AML-fXeOmtmAMLBHovr342
@gregorymoore2877,UgwxNJ6c-WevkxeGryV4AaABAg.AMKz5sMIY2iAML8swPsKp5
@leshommesdupilly,UgzQku-_V0z6SwMlv5d4AaABAg
@gregorymoore2877,UgzQku-_V0z6SwMlv5d4AaABAg.AMKyyKDpT4eAML9wtnpq_9
@gregorymoore2877,UgzOC8yHCSU_Op1GafN4AaABAg.AMKy64Cf-5SAMLAwa4De2F
@JeremyAndersonBoise,UgxhlN3cceEwtjpuCVh4AaABAg.AMKx97O1szIAMKyRqltZyS
@JeremyAndersonBoise,Ugy0pMdmpXPTj2HZNdx4AaABAg.AMKwpzUPFolAMKygwLdRVW
@gregorymoore2877,Ugx0l8IGWElKq0s0AKR4AaABAg.AMKvRBzU0hiAMLBiLiONqN
@DataIsBeautifulOfficial,UgwgKsQpKaVkYfKOpct4AaABAg
@IzzumiPoshaf,UgxTdsPlBWJpqJiE7Sx4AaABAg
@inzaghiposumaalkahfi9650,UgxTdsPlBWJpqJiE7Sx4AaABAg.AMKuTF8KC9-AMKu_mRJIxo
@AdvantestInc,UgzjHZHPVsmaX7PzqkF4AaABAg
@Fireship,UgzY4G99Jo6ASZMRGCh4AaABAg
@Fireship,Ugz6GCmla5mBFsRgZAl4AaABAg
@iheartvxmpires,Ugz42qdhGCD9XTeCnHZ4AaABAg
@j.21,UgwWxuQzzz8VVN-mBHB4AaABAg
@krtirtho,UgwspAmk3tx3-r2jPDt4AaABAg
@michalw8865,UgwMaDl98JKQJQIIN5h4AaABAg
@michalw8865,UgyZj8U0AVesGJymywR4AaABAg.AMGvo-zp9mkAMH2Lv18bdF
@michalw8865,Ugx3131xMDtzUMIGj_94AaABAg.AMGnTJmSsq3AMH2ceVlgdx
@CamonaTempest,UgzfuULLmsVz1kRnkQh4AaABAg
@clashcon11,Ugz3XAL4or0KK8lNC0Z4AaABAg
@michalw8865,UgzhyWpjJ3Ic76qGZ_x4AaABAg.AMGWjj1whJ0AMH31mIOhGs
@pif5023,Ugw8tVDZk9gk9jqrn_54AaABAg
@X1ssyy,Ugw0K8O0Ng2502RTfPJ4AaABAg
@JeremyAndersonBoise,Ugxg39zzZ_I8dEJorrV4AaABAg
@KX36,UgxR3f0wWnQFiPSUMfJ4AaABAg
@pif5023,UgyP33dJIZifhz27i894AaABAg.AMGI-Hwp8O3AMGS3IEULTI
@minhuang8848,Ugyp15O0doHM_m-BtQ14AaABAg.AMGD13aYyh-AMGG-h3SOvO
@minhuang8848,Ugzw39FMrIKQKtpW6VR4AaABAg
@minhuang8848,Ugx1U4z3QfgayRbxj1l4AaABAg.AMGBTroaYRpAMGFvAyrelP
@KX36,UgwU4_WljG3ySPRKIJt4AaABAg.AMG9TmOKsadAMGLZzvUq2E
@4.0.4,Ugz6f584sR_GaG36Z594AaABAg
@michalw8865,Ugxh4b_jT6qZIucplLx4AaABAg.AMG4iSdqi3XAMH2l0vu62f
@michalw8865,UgwA6eio5aEH1dzbtwN4AaABAg.AMG4fBD9xhxAMH2HTOj_TM
@pif5023,Ugxn8zM74Cvf-oyFpG94AaABAg
@ZennExile,UgxQa2YyygWa1dJePkB4AaABAg
@Josh-ks7co,UgwoEVl8n21dyguN0Gt4AaABAg
@pif5023,Ugx4HPkR0WjeVucwyWt4AaABAg.AMG1Flt3oBSAMGEa-Esi7Y
@TomNook.,UgzheFzmssTzegQZU3d4AaABAg
@michalw8865,UgwH6RzqYZrsYPvsfVB4AaABAg.AMG-AGxJHFIAMH1uyvIPiH
@michalw8865,UgygeP3uHKhv3DyTxh54AaABAg.AMFz3VEYtJ5AMH1ZDsOtJd
@minhuang8848,Ugy6EMBhmZLTEGKUXDl4AaABAg.AMFxoQrEEX4AMGFmdkAD_0
@minhuang8848,UgyZ0Tphr0MMpxoLsv14AaABAg.AMFxBu_r-11AMGEboK0S7L
@pif5023,UgyZ0Tphr0MMpxoLsv14AaABAg.AMFxBu_r-11AMGTjtSXYtA
@pif5023,UgyZ0Tphr0MMpxoLsv14AaABAg.AMFxBu_r-11AMGU8wfxCWM
@michalw8865,UgyZ0Tphr0MMpxoLsv14AaABAg.AMFxBu_r-11AMH3dfkSRHV
@michalw8865,UgwWiB5m1Nv-wECPcO54AaABAg.AMFvWAxdf-MAMH-wJ9Ggrv
@michalw8865,UgwWiB5m1Nv-wECPcO54AaABAg.AMFvWAxdf-MAMH0kHONz4H
@michalw8865,UgyymuzpYA4aBCS1eDR4AaABAg.AMFu0_AilTzAMH238Mb3Gn
@michalw8865,UgyymuzpYA4aBCS1eDR4AaABAg.AMFu0_AilTzAMIQHsGfsyF
@CUNNYCUNNYCUNNNYY,UgzpTj-0Q5SZaML0rkV4AaABAg.AMFt70MhryRAMFtFKMhLIW
@init_yeah,UgzEhJZinciSUKJhj1l4AaABAg
@CUNNYCUNNYCUNNNYY,Ugwc9gfld8xLS2BspGF4AaABAg.AMFs5KZ0NEIAMFsqlogIur
@IzzumiPoshaf,UgxYSIPG4lVrrmcaBWh4AaABAg
@inzaghiposumaalkahfi9650,UgxYSIPG4lVrrmcaBWh4AaABAg.AMFrrB53VBKAMFrv_JxaSz
@CUNNYCUNNYCUNNNYY,UgzTHEoXyHjXgfawXEZ4AaABAg.AMFrqwLO6HpAMFsTp1wBMO
@michalw8865,UgxVg4OtFE5ftE5jfN14AaABAg.AMFrjaOPAlUAMH1SQjgQiP
@CUNNYCUNNYCUNNNYY,Ugx6GNNWQdxU6tCnVgd4AaABAg.AMFrRRuPB7GAMFsz94BEAe
@AdvantestInc,UgzPL38bmWYgF7RKV-h4AaABAg
@IzzumiPoshaf,Ugxl6n8DOe1T1pquGMh4AaABAg
@inzaghiposumaalkahfi9650,Ugxl6n8DOe1T1pquGMh4AaABAg.AMFrG7x-T4OAMFrU1E0Cl2
@HeisenbergFam,UgyTA5gpXMjXHrGTotR4AaABAg
@michalw8865,Ugw9jfOEX0DnPTBDJnp4AaABAg.AMFr2k_RQUJAMH1pg-qihd
@CUNNYCUNNYCUNNNYY,UgwUjHpFrxgMZpwjOgN4AaABAg.AMFr2iBaQ2LAMFspgZjMoQ
@CUNNYCUNNYCUNNNYY,Ugyy2tn_zCGjTyZiPJ54AaABAg.AMFqzHNiI2vAMFsOUHBW0O
@CUNNYCUNNYCUNNNYY,Ugyy2tn_zCGjTyZiPJ54AaABAg.AMFqzHNiI2vAMFtQYS3VGD
@Fireship,Ugz6GCmla5mBFsRgZAl4AaABAg
@CUNNYCUNNYCUNNNYY,UgzB9Jpyo-h2RsUaXx94AaABAg.AMFqxJ4vX9YAMFsGGojj8i
@CUNNYCUNNYCUNNNYY,UgwXDsycKnLG1iw7hrR4AaABAg.AMFqwiPpH15AMFtDGJdVyJ
@MrKentoNion,UgwSEvpinn9f13_UVlV4AaABAg
@CUNNYCUNNYCUNNNYY,UgxJWQdlpO8gooLPOTd4AaABAg.AMFqvfjKbEHAMFsIMk3n8_
@CUNNYCUNNYCUNNNYY,Ugx4Lw_SuKznki-SCbJ4AaABAg.AMFquNllYw0AMFt2KHvHA8
@MrKentoNion,UgzPvsfOHjwDxI9F_p94AaABAg
@ZennExile,UgzNQglzRGucD_JlPiJ4AaABAg
@zenlettering,Ugy8djljjVkeeg1xfuh4AaABAg
@JeremyAndersonBoise,UgyjizGU8_AbqlUYzr14AaABAg.ALqcYptAXDdALvirSijNTX
@cheesebusiness,UgyqvPxmUW35W6_jPjl4AaABAg
@CamonaTempest,UgyQEkl6V-miZiJXZOd4AaABAg
@j.21,UgwRk80Q-cskNkRPgTh4AaABAg
@iheartvxmpires,UgzKzW1xYBU6f6VrtB94AaABAg
@eichen97,Ugwbnurc9GRcipaH3Sh4AaABAg
@4.0.4,Ugx582yDNxOyZWfonjF4AaABAg.ALoie2UzT78ALoo--aKSHh
@hassaan1670,UgxBBt1wyTbQX0athpV4AaABAg
@DataIsBeautifulOfficial,UgwX-XncCEqLHQWYF2B4AaABAg
@zenlettering,UgzyXJxCZz8JcQULGTl4AaABAg.ALodCw9uxgTALqmZVc9uPI
@krtirtho,UgwZqzHERUzpcElTz-B4AaABAg
@init_yeah,UgxC0B5LCabWPLA-gXJ4AaABAg
@thrillvilled111,Ugwc3RgseFZBPg1JqyB4AaABAg
@HeisenbergFam,UgywE6PE6ly5DRj2VAl4AaABAg
@AdvantestInc,UgwHvxMXhr98LtQ-zR14AaABAg
@Fireship,UgyvbdLdYLIlc5GepgR4AaABAg
@andybaldman,Ugw_Flf8llIxucKO14J4AaABAg
@leshommesdupilly,UgxVWYjLZZQgfiw3RnZ4AaABAg
@leshommesdupilly,UgxVWYjLZZQgfiw3RnZ4AaABAg.ALdXkjm6XNXALdXqnPRABh
@leshommesdupilly,UgxVWYjLZZQgfiw3RnZ4AaABAg.ALdXkjm6XNXALdYf0kchig
@leshommesdupilly,UgxVWYjLZZQgfiw3RnZ4AaABAg.ALdXkjm6XNXALdZ4c1itic
@leshommesdupilly,UgxVWYjLZZQgfiw3RnZ4AaABAg.ALdXkjm6XNXALdZ75MMV5s
@leshommesdupilly,UgxVWYjLZZQgfiw3RnZ4AaABAg.ALdXkjm6XNXALdZI9Vq923
@ZennExile,UgwTDTG8LuiCzxr2PMN4AaABAg
@o1-preview,UgzfdcvPM8eReKriCNJ4AaABAg.AL_GAMjnPSWAL_Qaab2vsE
@MrKentoNion,Ugypk0QPAfohAch-Xat4AaABAg
@TheNewton,UgyEfdHvfcea1ulKQ5t4AaABAg.AL_Do98pc4jALceakbMlgJ
@4.0.4,UgzT1b1TTACEMnBQA0l4AaABAg
@TheNewton,UgzBjrkyaFMrbc4QNEh4AaABAg.AL_AHzVxPJWALcdxg1eXFd
@o1-preview,Ugw2vZ1kAgD3z-dV5op4AaABAg.AL_7ezD0rVeAL_PeEpg18N
@SoggyCat-b2n,Ugxbi6JLKKc3kI6ufc54AaABAg
@TheNewton,Ugz2j3rgbmELhtmqA9t4AaABAg.AL_4gGMFj5HALcfJtUvpAf
@iheartvxmpires,UgxJG_7gaVeSqLFpHgJ4AaABAg
@o1-preview,UgyZAuuRfbFo8sIm5bB4AaABAg.AL_1CG4NKnEAL_PmHjw7xP
@o1-preview,UgwZRaKpDIptHR7Bk4R4AaABAg.AL_17tk3f5qAL_PYmZF5i5
@o1-preview,Ugw9J5EEEHHEQpJiDlJ4AaABAg.AL_0ez-ktyYAL_Qqh5Zqa4
@AdvantestInc,UgwyyNiLDtIPJl1ThWx4AaABAg
@IzzumiPoshaf,UgzABRg4uwUaNRHrLe54AaABAg
@inzaghiposumaalkahfi9650,UgzABRg4uwUaNRHrLe54AaABAg.ALZzUIoavsZALZzXmnH30Y
@inzaghiposumaalkahfi9650,UgzH8VCKefj48zRxs7B4AaABAg
@IzzumiPoshaf,UgzH8VCKefj48zRxs7B4AaABAg.ALZzFGQDsi9ALZzJ4_GUmQ
@DataIsBeautifulOfficial,UgyK83Q3ngBYzFCYzyN4AaABAg
@gregorymoore2877,UgzS41D8qcvsgwUxfkZ4AaABAg
@zenlettering,UgxsHArT2t-4gQkY_S54AaABAg
@o1-preview,Ugy2N4Riju3BLpn-vdh4AaABAg.ALZyA5HT7CZAL_PuGdErQd
@inzaghiposumaalkahfi9650,UgxxogMjSfe-62KosDp4AaABAg
@IzzumiPoshaf,UgxxogMjSfe-62KosDp4AaABAg.ALZy7T358fYALZyE5R4_wG
@gregorymoore2877,Ugw6atIJXoC4-gprjsF4AaABAg.ALZxqpeTU42ALZymL3J5dY
@thrillvilled111,UgxEe-dU6xkja6vSiHt4AaABAg
@IzzumiPoshaf,UgwPZa1hSWUgDJhdI8l4AaABAg
@inzaghiposumaalkahfi9650,UgwPZa1hSWUgDJhdI8l4AaABAg.ALZx_1YogQlALZxieSCy2D
@inzaghiposumaalkahfi9650,UgwPZa1hSWUgDJhdI8l4AaABAg.ALZx_1YogQlALZyOsvugdV
@HeisenbergFam,Ugz6srsYCl2v4zetBk14AaABAg
@IzzumiPoshaf,UgztiAJakXPz3OxFQnt4AaABAg
@inzaghiposumaalkahfi9650,UgztiAJakXPz3OxFQnt4AaABAg.ALZxMnDHle0ALZxcGVLp7u
@o1-preview,Ugzb9EETz-aO-rU8Zml4AaABAg.ALZx643YzS1AL_QVJLJ1eU
@Fireship,UgyvbdLdYLIlc5GepgR4AaABAg
@Little_Smurf2,UgxNGJE-ojh7wEu31jN4AaABAg
@Little_Smurf2,Ugw5lt_VujrFlXn9YN14AaABAg
@marichkalaskova,UgxiBH33MJ4K9FE54dN4AaABAg
@marichkalaskova,Ugx5byHNG4hS0bG4Y2x4AaABAg
@marichkalaskova,UgxDL-RYfSzjo5Yqk4N4AaABAg
@marichkalaskova,UgyJs5U1bVTOe_dAdqV4AaABAg.ANRRyxo6iNJANRuPSiPj7s
@marichkalaskova,UgyCvkWtVWGZP_X8uC94AaABAg.ANOs2EeN6TfANRuMDeoTx1
@Little_Smurf2,Ugyij-6MTerlA_47Tal4AaABAg
@Little_Smurf2,UgwE0zl_-JaYSROD8614AaABAg
@marichkalaskova,UgziraIk1JBSgioglv94AaABAg.AN6NlORTcg3ANRuVz7dG1Y
@marichkalaskova,UgynGQ-Se7CsFqehNel4AaABAg.AN6LxbPIv9EANRv5Q1aKEp
@marichkalaskova,Ugx4pTH2vLufQ_QD9BJ4AaABAg.AN5zOapWcFTANRv2AjimGE
@marichkalaskova,UgzUiRjBmgOlY7czNqF4AaABAg.AN5vPdKlwzcANRu7pskElg
@IzzumiPoshaf,UgzfEvpwl5SJq2hVvsN4AaABAg
@inzaghiposumaalkahfi9650,UgzfEvpwl5SJq2hVvsN4AaABAg.AN5skiaqC5nAN5svUmjBuy
@IzzumiPoshaf,UgwBweBsqlJwZ_wJO_x4AaABAg
@inzaghiposumaalkahfi9650,UgwBweBsqlJwZ_wJO_x4AaABAg.AN5sfJpiUB0AN5sudCKItZ
@IzzumiPoshaf,UgwScXPOqclVksdkDox4AaABAg
@marichkalaskova,UgzWdsXOVglEkfVb2it4AaABAg.AN5oTt9J0I0ANRvF90HdNS
@Little_Smurf2,Ugwf0rt23xRxmOAlFr54AaABAg
@Little_Smurf2,Ugy038raHrjICrsNYh14AaABAg
@Little_Smurf2,UgyvD0m6pxnzA4zGB6Z4AaABAg.AMt4plX9YaOAMtmQf_w48S
@marichkalaskova,UgzizDK1rg_WcOsnXmF4AaABAg
@Little_Smurf2,UgwtA_lG9kAsrUSepEV4AaABAg
@IzzumiPoshaf,Ugx40uStRNz47N8Pb_N4AaABAg
@inzaghiposumaalkahfi9650,Ugx40uStRNz47N8Pb_N4AaABAg.AMrUgzVvSEJAMrUqA8MPGu
@inzaghiposumaalkahfi9650,UgxLHjmto_KOSEb2IJV4AaABAg
@IzzumiPoshaf,UgxLHjmto_KOSEb2IJV4AaABAg.AMrUITMWlR0AMrUNRm_JpC
@marichkalaskova,Ugwh_CeoqV3mtVpYRaN4AaABAg.AMp4MBd-OXUANUT5mgxxvr
@Little_Smurf2,Ugx0rOYncmer-PbQYyd4AaABAg
@Little_Smurf2,UgxMOjI2PBWtYCKFMwh4AaABAg
@Little_Smurf2,UgxEq-dZfP-9wlX8A454AaABAg
@hudsondangerw,UgwAKFrh_Z0w-RnQW5x4AaABAg
@MWDiss,Ugyqp-ErB4r7Kjj2L7t4AaABAg
@fancen,Ugx8xwsR-BuhQq2oj8h4AaABAg
@minhuang8848,Ugw7NW4IpGjukaAXA5B4AaABAg
@JMPT,UgyHYmfwuj9GqMomOkZ4AaABAg
@Xerdoz,UgyIQVUYvE7kuByq-3l4AaABAg
@Xerdoz,Ugzozo2QHZjslcIOfYt4AaABAg.ANXUbBlqLjZANXYe7JzOWb
@Xerdoz,UgyEfiJE9sjcsYlWrF94AaABAg.ANXSOTQUXFMANXYyyp0asx
@Xerdoz,UgwhZJK1CBWj8IOkyAF4AaABAg.ANXKP6sZqC-ANXYtsJ28O0
@Xerdoz,UgyRdMvKpCuXw6-SQZ54AaABAg.ANXItPh8yzcANXXqYgqcns
@minhuang8848,UgwnvZSlX8iAGSSv6yh4AaABAg.ANXD1A6SbLoANYmmv-Jn8f
@Xerdoz,UgwNyLcsjrPNdQsVkNh4AaABAg.ANX9nD2-qvpANXZDcyaW46
@Xerdoz,UgzrwX98CLTi3cLyF7V4AaABAg.ANX5CLC3e_qANXY96IGKY7
@Xerdoz,Ugx2iDox0fKZWjc28954AaABAg.ANX3UFeWDLqANXXyJr296Q
@Xerdoz,UgzuGWtxPcp-svJOrWN4AaABAg.ANX2kXm6g-KANXZ5MMNrCI
@Xerdoz,UgyMqvHzogxSAm5OnJl4AaABAg.ANX2DSfew8aANXZD2FqW_l
@Xerdoz,Ugx7BAzXY6c47gXiI7B4AaABAg.ANX20XlJie5ANXY-ilBXAV
@JMPT,UgzaD6HZc7TgQaQx_754AaABAg
@Xerdoz,UgxcCzcAlAFtnQ_Read4AaABAg
@watcherManu,UgziiI9mmlT3WsNWXpN4AaABAg
@Darkness_Damage,Ugw4WJkX3xRfhQfa_5F4AaABAg
@HeisenbergFam,UgxCDyAeV_3WGKJuDiJ4AaABAg
@gagehynes5883,UgzUJ4JatJutXQljDV94AaABAg.ANUTvsLKeCPANUUXQqIHjP
@gagehynes5883,UgwfFrgZhnvmg0iAniJ4AaABAg.ANUTjgX-7FgANUUFQbC34A
@gagehynes5883,UgwrKP4bp3Qb7yZEzLV4AaABAg.ANUTUc415QGANUTzQI_SNf
@gagehynes5883,UgxMm15-W867sUY74yh4AaABAg.ANUTU_KFF3rANUVy9_YpCZ
@gagehynes5883,UgwWkqPFQ1Xjef7h9W54AaABAg
@gagehynes5883,UgxrqzpjnlMfJtsviZl4AaABAg.ANUTJq8He_MANUU6EatdQl
@gagehynes5883,UgxrqzpjnlMfJtsviZl4AaABAg.ANUTJq8He_MANUUuZNP8gn
@gagehynes5883,UgxrqzpjnlMfJtsviZl4AaABAg.ANUTJq8He_MANUViKvZPgk
@gagehynes5883,UgylUgvFmECkEt0Dirh4AaABAg.ANUTJ1FgnfcANUUcHkZR_4
@gagehynes5883,UgyVR1PNRbHidnlAUVB4AaABAg.ANUTFVxstc7ANUTfZKX_sX
@JMPT,UgxTSLRaP8CXnRXUMhB4AaABAg
@NeetCodeIO,UgyLZ7owxTy2O4ke4Z54AaABAg
@NeetCodeIO,Ugw380-cWCmhKKEwbjt4AaABAg.AJfo41ZWqgsAJg6iFh7yRW
@NeetCodeIO,UgxfvBBnjDlye-UNT8t4AaABAg.AJdpXruTKMjAJg6sL8-4Tr
@NeetCodeIO,UgyyxBhYNQpXTllURPd4AaABAg.AJdXIgDJR3sAJde6kFPAIx
@NeetCodeIO,UgxxLwvV4ZsJxQxYI9x4AaABAg
@NeetCodeIO,Ugz6n4sB5bWq4wMQdGB4AaABAg.AJiZImt7y5NAJigkZ41NrL
@NeetCodeIO,Ugz6n4sB5bWq4wMQdGB4AaABAg.AJiZImt7y5NAJigqX9EUaM
@NeetCodeIO,UgxZZMHKVef6w098FVZ4AaABAg.AJeu8hTZKgLAJf0HAC3cf4
@NeetCodeIO,UgwdjplEedo8Ro_5ZWd4AaABAg.AJal4l7Ot4tAJapcIpp5Wa
@NeetCodeIO,UgzQz2U6gfJrJiVLP_Z4AaABAg.AJZKs6HPW8xAJ_1aiRT1xM
@NeetCodeIO,Ugy0ed3aEJM6Vb9V7ZZ4AaABAg.AJUGBEsmNl5AJUY3E_X8-3
@NeetCodeIO,UgzBNrJJc22w5T1IcHx4AaABAg.AJU7alMIu0IAJUB-LgEOuH
@NeetCodeIO,UgzBNrJJc22w5T1IcHx4AaABAg.AJU7alMIu0IAJU_8B_ywA7
@NeetCodeIO,Ugw9AM9nJj1eqyaZlwF4AaABAg.AJTwQ0kfaA1AJTxi-qoKcu
@NeetCodeIO,UgwVvTcXVakZpnLg7G54AaABAg
@NeetCodeIO,UgxFLxGXyyGbOEV9LCt4AaABAg.AIq08uO0LalAIq43X-UcQV
@NeetCodeIO,Ugxj7QIhoVCHXENUoIN4AaABAg.AInCniSoXGNAInzXLg_i2G
@NeetCodeIO,UgxITEUDDEZhrxViJyR4AaABAg.AImzN9nCPUOAInBIKufqEM
@NeetCodeIO,Ugy93h-CqC06lrK_9tt4AaABAg.AIkxMlIB48aAIkxdossJPD
@NeetCodeIO,UgwN4c7B8YIIkDb9_Z14AaABAg.AIkxFwKmFupAIkxhQv4Oyu
@NeetCodeIO,Ugzb2HfUCsxiSlYKub14AaABAg.AIkwGoWcwAmAIkwLSVB2Rq
@NeetCodeIO,UgxCruK9wUYOOhP35qV4AaABAg.AIkwAscWl7aAIkwJVqhsr6
@NeetCodeIO,Ugz_FnPnNeZ0iCbOX-x4AaABAg.AIkw7qnri-yAIkwGkuBdqa
@NeetCodeIO,Ugwm08-Ihi4zq_EofOl4AaABAg.AITnM8XriPzAIc1J66n2v9
@yassine-sa,Ugy3lhCbIz1-JL-i4Pp4AaABAg
@NeetCodeIO,UgwD4OARtPfsSULtlHx4AaABAg.AI62Baae4r4AI6bPM6Ympb
@yassine-sa,UgwnBNVkzLZWZe81TWt4AaABAg
@NeetCodeIO,Ugwdc_N5sS5cr_Obdgh4AaABAg.AI4DpMEABNkAI4LfbIh2k9
@NeetCodeIO,Ugw0PDooh32iNFbVoml4AaABAg.AI48JfpPd8DAI4MZXyZZNX
@NeetCodeIO,UgxSeNkpnwtrkrr5Li54AaABAg.AI3vaYaMnq7AI42t0hl61k
@NeetCodeIO,UgzPe7_oGjJXYGC43MF4AaABAg.AI7gCZIZokSAI94K0p6m7z
@NeetCodeIO,Ugz1nMR9YTIwsoprx0d4AaABAg.AI5KeiKigh-AI6bWMOzTH9
@NeetCodeIO,UgzRzCc6hHQGp_I6VZ14AaABAg.AI3hCax5pmuAI3ipfvtj9B
@NeetCodeIO,UgxJAVayH5YJFLVdUap4AaABAg.AI3_rN6kivQAI3cke7Srzc
@NeetCodeIO,UgzYVz1m0pmVXIAYJHB4AaABAg.AI2eUmKZ4ZHAI2fpXQOVFy
@NeetCodeIO,Ugzq6Nu_GRV_n3HDzpR4AaABAg.AI2dy8Q15ABAI2e392Ciuf
@NeetCodeIO,UgwAWc6xpwA-JXzmrth4AaABAg.AGspwW8GCYjAGsq_Z6YJao
@jessiethedude,UgzyfLO04TgYgqnoUoR4AaABAg
@jessiethedude,Ugx6zfkPpup1pLYUefN4AaABAg.AN_nwXrPOy8AN_oEbT2qUl
@Azarilh,Ugyh-IDGxDJsq33KZ0d4AaABAg
@AlanTheBeast100,UgyDfUGDL-HAt5PfRyN4AaABAg
@LinasWizz,UgxWBbMiN5SlVcAYGql4AaABAg
@vishalkalicharan7710,UgzJ7ihcogZRmkgGykt4AaABAg
@LinasWizz,UgzWoxsGKRcmdTu6lS94AaABAg
@Aagamjain-u8s,UgzA385jNXkn_OVrlg94AaABAg
@Xiph1980,Ugx7gaZHdVRfr65sTmh4AaABAg.ANZLJyDFTOHANZRBGyscIp
@LinusTechTips,UgyeYAPxoT5GzuzKzhZ4AaABAg
@stevey.iPhoneAir,UgyeYAPxoT5GzuzKzhZ4AaABAg.ANVgE2AinJzANVkE_MRgsR
@init_yeah,Ugwj55WCor2U1IuKecJ4AaABAg
@smellthel,Ugzy2S-YCSbPgKsRyVB4AaABAg
@smellthel,Ugzy2S-YCSbPgKsRyVB4AaABAg.ANWTcKGtNFWANWU94UxMqZ
@KX36,UgwhIFnroU3T3qODbl14AaABAg
@apache937,Ugw4cL8YjbzZA8kS6454AaABAg.ANW6iw3MX7TANXmQbi98f0
@ViljoVS,UgxkJ0WlhK3yBF0eEpt4AaABAg
@LinusTechTips,Ugzj3XZeh-hagYaSjm14AaABAg.ANVyYA5FguNANVyc4jsL23
@hoofhearted4,UgwpeYFMTINVZ-aa6QF4AaABAg
@EyesOfByes,UgwkTXc8fThQLJoScH14AaABAg
@stevey.iPhoneAir,UgxEld4OG1A-nIJa0Vl4AaABAg
@MikkoRantalainen,Ugy6NYr-Kb620_FGmkJ4AaABAg
@Aagamjain-u8s,UgwbGjP_Zt4h4wyDUBd4AaABAg
@DanielOliveiraViolao,Ugx0IJFNPFVCglNjyvZ4AaABAg
@LinusTechTips,UgyeYAPxoT5GzuzKzhZ4AaABAg
@stevey.iPhoneAir,UgyeYAPxoT5GzuzKzhZ4AaABAg.ANVgE2AinJzANVkE_MRgsR
@Matt561,UgxOi5BSwBgFx-7t-Px4AaABAg
@ViljoVS,Ugzw4cXZIc4DnbyCTpF4AaABAg.ANVbslsI1RFANVys3ZlBH9
@HeisenbergFam,UgyRWAC6DhW07g-K6lp4AaABAg
@phoenix_random,UgzlihwtpyGNOsvzi-t4AaABAg
@PXLame,UgyKli2tQjDhFW8h5qB4AaABAg.ANWObW2mh0KANWPJViFfb8
@PXLame,UgzvNPOGV82s9qgKP2p4AaABAg.ANVU0fPEhPQANWLH1Qx90f
@PXLame,Ugzdcwl1HV2mXQKEZA14AaABAg.ANUG_LDP2PiANWN9LdWS49
@Aagamjain-u8s,Ugw61VXykNSbUIixRlh4AaABAg
@Azarilh,Ugz1JKi5NCySk2OB6v94AaABAg
@PXLame,UgyjM4l-4_l8zsx5LfF4AaABAg.ANT34g63zGdANWLedHtOnM
@hoofhearted4,UgyjVArYLvvUQmQ4xtp4AaABAg
@hoofhearted4,UgzuBy5s1ciizT9RE1V4AaABAg
@PXLame,UgzkdDHbRIaAI_a58Nt4AaABAg.ANSHue30c_jANWPUUmMZXy
@PXLame,Ugxm3Q3rI94rCSZUZRt4AaABAg.ANSGrjfXKsRANWK0Mmn-Mq
@PXLame,UgxorgQ28fKNkl1cgqh4AaABAg.ANRuge9F7n1ANWOtDNudU1
@PXLame,Ugx8CjKIVjKr7NMBjLx4AaABAg.ANR8m9qPgwjANWKrfF9rOw
@DanielOliveiraViolao,Ugz71CItCUdoTAl1EIB4AaABAg
@PXLame,Ugx9MOvxlJp3K6ut5ZR4AaABAg.ANR0VkAg21lANWKakvb1_k
@ViljoVS,UgzsSoFfN_rWoGO6qvJ4AaABAg
@ViljoVS,Ugxi9eaKjcaZ4ug-AfR4AaABAg
@PXLame,Ugyy0PwjuwSBQU-MzV94AaABAg.ANQt7-VXtF4ANWMftQnMxT
@ViljoVS,UgxzbzrgzPFTYwYNt7x4AaABAg
@PXLame,UgwcaFnz4xuV6kr8lgR4AaABAg.ANQr1PW7h7zANWNvAz-Sqx
@PXLame,UgzQcH455_jrrfZXSXB4AaABAg.ANQokGpBpmpANWPBFksdqs
@jessiethedude,Ugy42ad7ji4zI8k2piF4AaABAg
@Aagamjain-u8s,Ugyaral53-fnmhpVxKN4AaABAg
@PXLame,UgwKLPr8JuxB0Qga4BN4AaABAg.ANQletQ2N9cANWJka7CsGL
@PXLame,UgzVfP1Xdaef3DWqLUd4AaABAg.ANQkULYwBlvANWNE4DnNYV
@PXLame,Ugw15AN0ZdMgFRZeWv54AaABAg.ANQk1Rg_dkGANWOYfggjfz
@PXLame,UgxoG46lQ4zIRpf8vBB4AaABAg.ANQiufxA_EBANWPhE7pOYs
@PXLame,UgwETMOZr0sOHXxv-6J4AaABAg.ANQidJPqL67ANWN0wdG_yG
@jessiethedude,Ugwt12yRlAj8CQpeJVV4AaABAg.ANQh5RVg1QkANQpo2Wiw2P
@PXLame,UgwH78zff5SXqqldtIx4AaABAg.ANQgENcBLdLANWKS64Yves
@PXLame,UgyLm-lCRll7V-2PATt4AaABAg.ANQdyj9C8PjANWM3nVB7pX
@PXLame,UgzXfF0bwxTBxhP7Zb14AaABAg.ANQdPikbU14ANWL3E6mQHX
@PXLame,UgxyJwLqG8UOlNcE0L94AaABAg.ANQc7eWeTclANWJSlfs6pF
@PXLame,UgwC1x1RhaQcdFGoceJ4AaABAg.ANQZpGx1dNQANWGs1foRHf
@PXLame,UgwIc9bu7DfacY04piN4AaABAg.ANQWtn0lvyJANWJZeSqAyw
@Matt561,UgwYami4fXg_gbM_OMB4AaABAg.ANQVbGdb9u9ANQXy05BFvd
@PXLame,UgypYiiNwC3CTu_RSvJ4AaABAg.ANQVXdvNswJANWKg6xhXes
@phoenix_random,Ugyqim4KryQ2mSppD5d4AaABAg
@HeisenbergFam,UgzjZ2sCHrzNuHsFB3R4AaABAg
@Matt561,UgwrOIVwA_1EXKc38rl4AaABAg.ANQTMYQCYb2ANVS8vmqACE
@Matt561,UgxN7rPutOiWILiqxs94AaABAg.ANQTMJVWvOBANVS84u9SU0
@Matt561,Ugzy2urrgrY-zySfTaR4AaABAg
@Matt561,UgzVBuuulYEIEsmuaSt4AaABAg.ANQTL3nm9ATANVS52LnrPI
@Matt561,Ugz0X7N81sDFK8KTxdV4AaABAg.ANQTKcdfg1OANVS3AB8LiN
@Matt561,UgzqXqYLauLXofZclSt4AaABAg.ANQTKO_4277ANVS1iAeNnj
@Matt561,UgxLkhYdftYiJIQWnj14AaABAg.ANQTKKV2twaANVS0qTjKSc
@Matt561,Ugz1_hfk2G3BJUwM9t14AaABAg.ANQTKICJGSkANVS-wmsq6-
@Matt561,UgzSJamK1FTRDd7I5bp4AaABAg.ANQTKGOdJk5ANVRzf_F_F0
@Matt561,Ugy-0x50S5--VynwEm94AaABAg.ANQTJcUuvzNANVRxokaip5
@DanielOliveiraViolao,UgxT0yC5j6-JwdQXSPJ4AaABAg
@hanifarroisimukhlis5989,UgyZxo7In7coFnoFEu54AaABAg
@apache937,Ugz8aWc5bClHHzvuTzR4AaABAg.ANOjW34mkwTANOoPRFDueI
@apache937,UgzMULTEkAybhi7TcH54AaABAg.ANOf79B_wrTANOoNAZFKCG
@Aagamjain-u8s,UgyV6EvuVHkD3qgFVHF4AaABAg
@apache937,Ugz0AimpOp_I6ndDqah4AaABAg.ANOa2QMYy7gANOnUVGR3Sp
@apache937,Ugz6QyylziVlC9Wifpx4AaABAg.ANOShOxQNNcANOnqizOiC1
@apache937,Ugxax8L2jkpZwuW65PV4AaABAg.ANON9-JNua8ANOoQtoVKVl
@KX36,UgyrKcyKkgvpc1TZc_54AaABAg
@apache937,UgyUMpNxIuXa8PPj_1h4AaABAg.ANOD_-OYSeMANOnIqhH2sQ
@revemb4653,UgxRI7xVcvkQs2FUZX54AaABAg
@revemb4653,Ugx3CTpCVG2_ntE0s994AaABAg
@hoofhearted4,UgzGDQFMW_uy7Kq0jz94AaABAg
@apache937,Ugy9T30aHKbm_JCcypp4AaABAg.ANO5ZinFjQCANOoK8CnZuI
@apache937,UgxAgcXmte9W_5lvrOB4AaABAg.ANO4-uJFyr0ANOnhD4LhSX
@ViljoVS,UgxFJx1vxkz59xLYF6l4AaABAg
@LinusTechTips,UgwEVhZHn3ez_j19RI94AaABAg.ANO26yp450sANO5hzuM4pR
@jessiethedude,Ugw8Ls1-yhaFg3ZdRe14AaABAg.ANO1xsyYcDsANO30ea6cjB
@jessiethedude,Ugw2Lx7T1gDKKGnlL0N4AaABAg
@khulhucthulhu9952,UgzbFy0KyEhuTfDg0Vt4AaABAg
@apache937,UgzxVj23_LeZBAi6K_N4AaABAg.ANO-w4ZcSG-ANOo3MnvUh4
@ViljoVS,UgxNxvg-g84qA2t3xSd4AaABAg
@apache937,Ugzw7geeaQ_eE12CfWR4AaABAg.ANO-9ya7lV_ANOnZmgrnUa
@Carewolf,UgwnoRcivmxcgcQcehp4AaABAg.ANNzraLCGKOANO9U9WTyr7
@apache937,UgyvCJ-X4eGFRvbiMmZ4AaABAg.ANNzX-azHQjANOnRWSLvrV
@Matt561,Ugy94Rnq5OHce0HbENZ4AaABAg
@apache937,UgzAt5FA1rtJ28_GODJ4AaABAg.ANNxGVOs0vFANOnHPFQ9Eh
@jessiethedude,UgwsSGQPVVzuWUpUYQh4AaABAg.ANNxAPmSE5WANO2sIyTKAH
@jessiethedude,UgyJl3OoRVO9UkaxNBt4AaABAg.ANNwzVdEO3rANO1DshWI-O
@hoofhearted4,UgyJl3OoRVO9UkaxNBt4AaABAg.ANNwzVdEO3rANOCBvOl_QH
@apache937,UgzgA2_QDOF6rl15io14AaABAg.ANNwOgFqwihANOo9hrnneV
@joshcryer,UgwJ7G72PpNU5a1-iN14AaABAg.ANNwMahY7n7ANO-Ulc8iy4
@apache937,Ugw8InlM4QCNLbQ0pk14AaABAg.ANNvkaMyNBKANOnKrQse0A
@ViljoVS,UgxUy-hI38nvob8gxSp4AaABAg.ANNvcz3vrnZANO-hNhdJrQ
@Matt561,UgwI7AwudHk7bsm0lYZ4AaABAg
@LinusTechTips,UgwPHHqZcghFQJfhOih4AaABAg
@LinusTechTips,UgxKXSbdkDf5zzO25uV4AaABAg.ANTLllUiOuYANToJmfoW9A
@DanielOliveiraViolao,UgwD67yC-vT1Gzgh-Dt4AaABAg
@Yoga_Tv_buying,UgxsUpgMn6O2tp3BWfN4AaABAg.ANMMTCuQ3y1ANMOfFgQaGl
@Yoga_Tv_buying,UgythTBsxvtpGTYiQi54AaABAg.ANM7Ot_RjW5ANMnKgVuF63
@LinusTechTips,UgzVqYi6FHUCUN3lBQh4AaABAg.ANM2mVpcip3ANM486RhRwT
@Aagamjain-u8s,UgwiC9UzyHaA3MoVlkd4AaABAg
@Yoga_Tv_buying,Ugx7HKYFFyB4S9RQNOF4AaABAg.ANLxAQDWvTYANM2wN9tEhx
@LinusTechTips,UgyhuInaksPSllkDtcx4AaABAg.ANLrOnsmqLKANM7PrXi2Q_
@LinusTechTips,Ugw4VIKHqjFeFw7LTcd4AaABAg.ANLajoiNfGOANLbLNlr9zG
@littlefrank90,UgwNKbUyxExfccxMSD54AaABAg
@BleepBlop-rh9lm,UgyAuJHda1MZX3Jvk4p4AaABAg
@Yoga_Tv_buying,UgwwGiPqpBHfFLrYca14AaABAg.ANKLDlEwOmkANKNVv8FHpH
@Yoga_Tv_buying,UgwvmBnrVuIaX7bFtj54AaABAg.ANKCtuY-Vi-ANKGqcjgVFZ
@Yoga_Tv_buying,UgyIzBfCR7UWR6QWJ6F4AaABAg.ANKCqAv6LcGANKHwbP51n-
@Yoga_Tv_buying,UgyIzBfCR7UWR6QWJ6F4AaABAg.ANKCqAv6LcGANKIRgai6F8
@Yoga_Tv_buying,Ugxz8uYdcPuOp7Wqzd54AaABAg.ANKBDWb1CqSANKIi8j4hjF
@vishalkalicharan7710,UgyqZ-f1XtJZ-pvFRAh4AaABAg
@Yoga_Tv_buying,UgwUDAFekIJwyxMwCDJ4AaABAg.ANK9PVa7DAIANKJ64yxJIG
@Yoga_Tv_buying,UgwUDAFekIJwyxMwCDJ4AaABAg.ANK9PVa7DAIANKJPeZTuwM
@Yoga_Tv_buying,UgwlMyXtQDbVZyk36nh4AaABAg.ANK6PyVM3dfANKKvr3nXar
@Yoga_Tv_buying,Ugx5lrmmFhz3uoYoddF4AaABAg.ANK0U-byOEfANKN6qPSSkN
@Yoga_Tv_buying,Ugz22ZGaZDmQywmNx7N4AaABAg.ANJzKzx5yBeANKNL8UP2-6
@Yoga_Tv_buying,Ugzqo16srdWQnHwvvfB4AaABAg.ANJvU6y1gPqANKQ5PWMmhw
@Yoga_Tv_buying,Ugzqo16srdWQnHwvvfB4AaABAg.ANJvU6y1gPqANKQQVVju0g
@KX36,Ugw8YBxZHzujAwELWUB4AaABAg
@LinusTechTips,UgyDEmAT9yoZEICOT314AaABAg.ANJ4-W1hejiANJ4DrL7SbQ
@LinusTechTips,UgwhdFJrOxy5oWUxm6t4AaABAg.ANIzkj5uCiPANJ-0aFsVFL
@LinusTechTips,UgzcnRpmoyGg9DbyOIl4AaABAg.ANIvVv7g0iwANJ-DxJprgM
@MikkoRantalainen,Ugy6KaW68XOtLQfTo_B4AaABAg
@Aagamjain-u8s,Ugx7wKRI2dnXGYFEH7N4AaABAg
@LinusTechTips,UgyzuehFfMMxUuw-8tR4AaABAg.ANIsM2_FeBoANJ-OGZyagN
@blairhoughton7918,UgyoBORCQ_kOGmaEQZB4AaABAg.ANIrdXzPIZnANItejf64_6
@blairhoughton7918,Ugw9doYMfer-QkJsyR54AaABAg.ANIqw8cF_SrANItw2UQj34
@blairhoughton7918,UgxX8LeO0oRI5a6bMzZ4AaABAg.ANIoQRaQQlsANIt9NORYXE
@ViljoVS,UgyMl2RRkA1PGMECnxF4AaABAg
@blairhoughton7918,Ugy6ItZmCYCrUQJk-il4AaABAg.ANIn1nZAtr2ANIqRxdO5hQ
@blairhoughton7918,Ugz1PL9hel2sNEW41pF4AaABAg
@blairhoughton7918,UgwGubKSkJvqSITx0yJ4AaABAg.ANImDvqbvUnANIrwiqBIpe
@blairhoughton7918,UgyHrUZ_-aJWCNh9NqF4AaABAg
@phoenix_random,Ugw-eJKFE7a-6sz41cR4AaABAg
@jessiethedude,Ugz87gtFTn9laWAYHcl4AaABAg
@LinusTechTips,UgxQP2SjtAD3Hrm-q4l4AaABAg.ANIl7UX6NYRANIlOogW2rd
@blairhoughton7918,Ugy0SEoAxYvBTtC8W4V4AaABAg.ANIl6fRrIucANIpXShuoUF
@phoenix_random,UgyB8m6pLFqVffUQ_el4AaABAg
@blairhoughton7918,UgysIf_g-tSX9I9mM_x4AaABAg.ANIjq8nGOrOANIquIAdheY
@blairhoughton7918,UgwXx70U2p6Xy3zzdCx4AaABAg.ANIjkhGWkaiANIseMWZuKv
@blairhoughton7918,UgxF3EYzanVZWv16gFN4AaABAg.ANIjfPhf6b5ANInXZVTHuq
@blairhoughton7918,UgylhF0XID-7H3MOzt54AaABAg.ANIj49tsXr0ANIs2RuUMj-
@blairhoughton7918,Ugw2cfSlx76rXVnx0w54AaABAg.ANIj3zjHL8IANInB3QGfg2
@blairhoughton7918,UgzBrPWR1_c0hitiOcN4AaABAg.ANIitqNxW-zANInLuZcc49
@LinusTechTips,UgwPHHqZcghFQJfhOih4AaABAg
@Xiph1980,UgxC5qm5EEh3OPItUZx4AaABAg.ANGVlxPHIe_ANGWBF0GnZr
@LinusTechTips,UgwfRUG65SPqx6CaS094AaABAg.ANKsBUBrrnvANLL8LG7l79
@LinusTechTips,UgyuS8eBaIoAIFusZDV4AaABAg.ANKdAOJ4V03ANLLN8E1iz4
@LinusTechTips,Ugx1Anu3FRm3QhP3eHN4AaABAg.ANJkmIjlthpANKG9-3DLWC
@LinusTechTips,UgxQfQAJyy3mCFJWqoZ4AaABAg.ANJhJY8MtadANKGPBbjxRQ
@eichen97,UgynPjCLHZ3wYxFyDAB4AaABAg
@LinusTechTips,UgzTgjShR0lntzPwJol4AaABAg.ANImrR9qxz3ANKGcQUOsY2
@khulhucthulhu9952,UgzsWJGK181pxUWJfJV4AaABAg
@khulhucthulhu9952,UgwUrVwhWZ7TF-dgLUt4AaABAg
@khulhucthulhu9952,UgwUrVwhWZ7TF-dgLUt4AaABAg.ANI4E1eM3sKANLYPCJRwpK
@vishalkalicharan7710,UgySZ3I7ilV6Qg22gmN4AaABAg
@blairhoughton7918,Ugx6XGY8leGWK9omPsR4AaABAg
@LinusTechTips,Ugzl4uqn70ZmF5P7swB4AaABAg.ANGxWW6TvEzANHRXF80pzu
@LinusTechTips,UgwtsxAmgQvDRA-sN-B4AaABAg.ANGxMwwoNsqANGxRoFSL0m
@LinusTechTips,UgyGssk28N9R6fx5KdZ4AaABAg.ANGwQ4TOfftANGxEqTKo1Q
@LinusTechTips,Ugy2V20HzcA6kAeornd4AaABAg.ANGvj7LIWxDANGxMVFE7tu
@khulhucthulhu9952,UgwC99t1tEfKzLextJ94AaABAg
@LinusTechTips,UgxmMdBTupUgjzYpesV4AaABAg.ANGr14K5B3iANGv_P9JR39
@LinusTechTips,Ugy2hpNCNJJBSi2wCYZ4AaABAg.ANGdZcewkm9ANGwozLgKHv
@LinusTechTips,UgyYS_WY-7YzZARIkyF4AaABAg.ANGZafXAWaEANGZpNvLDZw
@LinusTechTips,UgyYS_WY-7YzZARIkyF4AaABAg.ANGZafXAWaEANGcYJQcpg7
@LinusTechTips,UgyYS_WY-7YzZARIkyF4AaABAg.ANGZafXAWaEANGgvre29YW
@Xiph1980,Ugw5lU7J-0QMtzfqb4B4AaABAg
@Xiph1980,Ugw5lU7J-0QMtzfqb4B4AaABAg.ANGVv8rJM3sANGW2V34qOi
@Xiph1980,UgxC5qm5EEh3OPItUZx4AaABAg.ANGVlxPHIe_ANGWBF0GnZr
@LinusTechTips,Ugx0Hiw92KjBkvQ320B4AaABAg.ANGVPQydQ7dANGWb3klhNb
@LinusTechTips,UgwhUWmM2CVT8EoFuIh4AaABAg.ANGV-D0xGt_ANGWRn6gLcz
@Xiph1980,Ugwcwu8xgD3zklnNmxF4AaABAg.ANGUhRTelwhANGUrLLgsNF
@Xiph1980,Ugw38IqLRbzagO-FUP14AaABAg.ANGUf2tS5d4ANGV0utno--
@Xiph1980,Ugw38IqLRbzagO-FUP14AaABAg.ANGUf2tS5d4ANGWdinHo44
@Xiph1980,Ugzwdii3O8SbxDkRLSl4AaABAg.ANGUQrBVy95ANGVM0EqReb
@jessiethedude,UgxRC1z2FtdLGWyCylN4AaABAg.ANGUHxCWLYSANGVko4P1or
@Xiph1980,UgyTmH9Gu8qW3OtoosZ4AaABAg.ANGUCfKlEVzANGV7W1dOBK
@DanielOliveiraViolao,UgyW193ocJD2jr9N10Z4AaABAg
@ViljoVS,Ugzyhq02XAnjIB6XqPR4AaABAg
@Aagamjain-u8s,UgzCgZXUe4_Yj0FKuWt4AaABAg
@eichen97,Ugw6e3W9GQWLrc8QVb94AaABAg
@revemb4653,UgzoO3c9XiqZUw7H5Sx4AaABAg
@Aagamjain-u8s,UgzoOJQ6EGrnKxOMb4R4AaABAg
@hoofhearted4,Ugx0mXaklkM2bDrdzNV4AaABAg
@hoofhearted4,UgwzO5213jxlgt96UhZ4AaABAg
@LinusTechTips,Ugz8WEkX6c7flihaB0l4AaABAg.ANDpavBwcwAANDzaJcOjHA
@KX36,UgyvbqGGlMhMrA6_EB94AaABAg.ANDo0z05yeOANDyp2gwqOU
@LinusTechTips,UgyNSVkaiVmezCsvBjF4AaABAg.ANDnXgT7t63ANDsQ0iPttb
@LinusTechTips,UgzfXpVxPBMdvTgdgnt4AaABAg.ANDlQ8vaFt5ANE-TZJFP3g
@khulhucthulhu9952,Ugy7uuIqM3Xr6tQvFqR4AaABAg
@LinusTechTips,UgzmXEtW9k1lng2FLkd4AaABAg.ANDhrRB3bTMANDjEBXvSKs
@HeisenbergFam,UgzwKE2_DKF3nUgEn6J4AaABAg
@dannydanny9875,Ugy58Vz262UXxLqTrA94AaABAg
@DanielOliveiraViolao,UgzB7-xlZuIbTgdbYVt4AaABAg
@AlanTheBeast100,Ugze0WqNXnxrbpyMndl4AaABAg
@revemb4653,UgznRrXpT5YZqrm2Nwt4AaABAg
@vishalkalicharan7710,UgzJCRkcshtDwwvISoV4AaABAg
@LinusTechTips,UgzqTOZUPyXUWp0ITPF4AaABAg.ANBeUoaYok5ANBlksHwz8-
@Matt561,UgybWbI0O3Vg3uPgxQd4AaABAg
@Aagamjain-u8s,UgyKegWk3Jy6QyXfOHF4AaABAg
@ViljoVS,UgxAZOhoZ2qbK_YzPlp4AaABAg
@EyesOfByes,UgyIU4EUWQq13tZAXu54AaABAg
@EyesOfByes,UgxY7laqx23O-TMqrPd4AaABAg
@EyesOfByes,Ugzz1EjO4GF-4o0X1tR4AaABAg
@LinusTechTips,UgyY8jE5RF9j8rYZYjR4AaABAg.ANBGxwVXOFyANBH5hhxqkg
@LinusTechTips,UgwLMwXIVCvGC5eNri94AaABAg.ANBGvfxfaLJANBH7zJx_pm
@EyesOfByes,UgzecDZHpdefrynBRah4AaABAg
@EyesOfByes,UgyroCc-R3QFH59uyU94AaABAg
@phoenix_random,UgylheNvTkxreqag-sJ4AaABAg
@jessiethedude,UgxFghML8wuSVS3kKfB4AaABAg.ANBEph7xizOANBNEQVOzJ6
@LinusTechTips,UgxYVuBx4ZJct28FX054AaABAg.ANBEl5rN-wDANBGEmyhIST
@joshcryer,UgwO2uaUgZhyX8ZUigl4AaABAg
@jessiethedude,UgyYDBVe229hI_Zf2zl4AaABAg.ANBADOU3QsFANBNnt2iOhu
@EnglishMike,UgxAvSFxXvEcvGzNk3Z4AaABAg.ANB74rEA5nJANB8cUz9Cgb
@EnglishMike,UgzsZfAUcl82fZYbqbF4AaABAg.ANB6vsoVgevANB8hS4sAW-
@EnglishMike,UgyQ3YXO7hagFQV7jvh4AaABAg.ANB6c7EpFLpANB9OS3XWk7
@eichen97,UgwNwqufll-axiPMp5l4AaABAg
@EnglishMike,UgwNwqufll-axiPMp5l4AaABAg.ANB6XcCd5_jANB9_RSeVkt
@EnglishMike,UgwuESzNOJlcfhutwwB4AaABAg.ANB4m2yOpJOANB6T4eVLZi
@EnglishMike,UgwgEoVCIsWoMVECNiR4AaABAg.ANB4YcukaUbANB6Xf-cVZV
@EnglishMike,Ugx69L7lUz7dFyHYSjF4AaABAg.ANB3ut9Iy5PANB6hIpn2tY
@EnglishMike,Ugx69L7lUz7dFyHYSjF4AaABAg.ANB3ut9Iy5PANBAKe8hQAl
@khulhucthulhu9952,UgzJim3xgvo6awnPagB4AaABAg
@phoenix_random,UgwbITjWUc2eu9B6Xq54AaABAg
@joshcryer,Ugw3THnSq2xUaSisuPF4AaABAg.ANB3Pa6q5tFANBAN97VM57
@joshcryer,Ugw3THnSq2xUaSisuPF4AaABAg.ANB3Pa6q5tFANBCiUxkX2C
@khulhucthulhu9952,Ugyjh14uXwcTTCBw66t4AaABAg
@EnglishMike,UgwKBZLRlZeO4qVsEO14AaABAg.ANB2sxhnDLJANB7G6bEDFl
@EnglishMike,UgysjPY1hYLWdl0f3rh4AaABAg.ANB2sM901KeANB7dTbbICo
@phoenix_random,Ugzlxycq6tZG5OphaGF4AaABAg
@phoenix_random,UgymxYtwXA6PKwSeK7h4AaABAg
@AdvantestInc,Ugzh0KKAlw-XVdno8aR4AaABAg
@DanielOliveiraViolao,UgxItK0wXIPhGPHgMGl4AaABAg
@Aagamjain-u8s,UgzJkx0r1nGfF6OuWzF4AaABAg
@Aagamjain-u8s,Ugy5Kdo_qdh1zD976qd4AaABAg
@Aagamjain-u8s,Ugzi6csWKzN6qaxBiv14AaABAg
@hoofhearted4,UgxNueOr_Iky78Xyq0x4AaABAg
@vishalkalicharan7710,Ugy0sweABRlvZtfpOs54AaABAg
@stevey.iPhoneAir,UgxIbpEnJaXNmWFo1XZ4AaABAg
@stevey.iPhoneAir,Ugw0LVUwjkW8PHbL6XR4AaABAg
@stevey.iPhoneAir,UgzXcUDJdQm1tZOR2wx4AaABAg
@Matt561,UgzdeYp7tMmrcAK3Fhp4AaABAg
@Matt561,UgwLUXkgGfp5hlWH2md4AaABAg
@NexGen-3D,Ugy700T1LGrAhvfKBTF4AaABAg
@NexGen-3D,UgxiXpgiy6bf4mxOXBl4AaABAg
@Aagamjain-u8s,UgwFXoYzQHXRx-hnawZ4AaABAg
@dannydanny9875,UgyjA4nvw27raN8vU9t4AaABAg
@phoenix_random,UgwVY-bN9FNZUeGoUgJ4AaABAg
@Fungias,Ugy42rBskn3OwOms86h4AaABAg
@clashcon11,Ugwos8eU41GPr9gUlut4AaABAg
@mlggamer5296,UgwcoKz0gpIxdi12lv94AaABAg
@mlggamer5296,UgyVGXCOZMWcgn46NYF4AaABAg
@mlggamer5296,UgxXrF2ksXYPZ736UaB4AaABAg
@mlggamer5296,UgwYtXwlpSpKldR7tmV4AaABAg
@mlggamer5296,Ugz80IXmkjQCNbYNH214AaABAg
@mlggamer5296,UgyqC93BAAp-dZjPTeV4AaABAg
@mlggamer5296,Ugw0VuXQDfvWgc55efB4AaABAg
@mlggamer5296,UgzD6T3BexmTUzVbYUR4AaABAg
@mlggamer5296,UgyP8DFeq3RJllxs-tN4AaABAg
@mlggamer5296,UgxMUi_udeLq3WgFomh4AaABAg
@mlggamer5296,UgxJHpe9J9pi2s6zLXp4AaABAg
@JadenAizen,Ugzl3P4q__Qxc5BYZ7t4AaABAg
@HeisenbergFam,UgzuizK9-fYKF_BBZ8N4AaABAg
@obriwan1648,UgxRWiaUGoE0UZV3DfR4AaABAg
@obriwan1648,Ugzu2gEw75cvOiUBViF4AaABAg
@obriwan1648,Ugzpf-iIZivy5wXWfdR4AaABAg
@obriwan1648,UgxEHZd9CP95ksIpoyl4AaABAg.ANa4pydfwwQANa8AEWS90q
@obriwan1648,UgxuWrNB5I-GmspXowV4AaABAg.ANa3_NIgvNPANa97bW2vni
@mlggamer5296,Ugzc7mJzJxtX8cYU-vx4AaABAg
@mlggamer5296,UgxsdeQ9ugJISERNwjd4AaABAg
@mlggamer5296,Ugxq1-hpVSQRcLr9yad4AaABAg
@mlggamer5296,Ugy1z2lzkCcmxFiHW7B4AaABAg
@mlggamer5296,UgzJQ9odjXo6hO5S8IN4AaABAg
@mlggamer5296,UgxyuYaZ3EXXLGGPrtB4AaABAg
@mlggamer5296,UgyPlc9VakJWcZ8u0up4AaABAg
@mlggamer5296,Ugwio-nVC2MkvqLa3VR4AaABAg
@mlggamer5296,Ugy4BW9N_eRga21Z1vl4AaABAg
@mlggamer5296,Ugxl21bKY35_Fe6A-gB4AaABAg
@mlggamer5296,UgxoOcwJ1g2x_12SGgN4AaABAg.ANa0gPNbQFeANa4EQgogVt
@mlggamer5296,UgyTa1HQOVt4kWx6lGF4AaABAg
@mlggamer5296,UgzmQCwr4YOD9cNrS6V4AaABAg
@obriwan1648,Ugw3EtVlil0E6ta8Dnt4AaABAg.AN_zcHuqeN8ANa8nNkX-Jx
@obriwan1648,UgweCnL_HHUmlnKCYjd4AaABAg.AN_zTPGB9kWANa74T4aLhh
@obriwan1648,UgyGKdmLK0QGYfFbcq54AaABAg.AN_zFnL2oGtANa7zoAaFn_
@obriwan1648,UgxA2ZP3fKjsx7FMVgp4AaABAg.AN_yRxN2ZfXANa8GZ5Tw7x
@obriwan1648,UgwGcYaeb4_tos8bGbN4AaABAg.AN_y9OBJMuvANa8wCP_Q1M
@chrishenderson6445,UgzIGdiYVG8Gouv9jXp4AaABAg.AN_xMTJjbB1AN_xS9TH9Au
@chrishenderson6445,Ugy8Pl5aUjpPGoS4mzl4AaABAg.AN_xLdmDwLYAN_xNbDFhkk
@chrishenderson6445,Ugye6K0YY9tCpFT5cHZ4AaABAg.AN_xIl1jQNEAN_xLnvxCnC
@chrishenderson6445,Ugys_nGQGMRxJGkpxSR4AaABAg.AN_xEkgstd2AN_xHM0ZtEq
@chrishenderson6445,UgxAw71WShEAN_mghFF4AaABAg.AN_x5XhacvBAN_xESC9gD-
@chrishenderson6445,Ugwmu8fhnReN9SorF4J4AaABAg.AN_x4oS7n3mAN_x65kUrvx
@chrishenderson6445,Ugyl9thlX-13il_ya5N4AaABAg.AN_x4hBwluNAN_x6hAG1JD
@chrishenderson6445,Ugwch_FTB5hGl0bM-iR4AaABAg.AN_x4F3AW9CAN_x7C_vCWh
@Fungias,UgxUUzqSTIQPV9r6DSZ4AaABAg.AN_wqlTLUiQANa0w_wR9xD
@chrishenderson6445,UgwgU45gMK44xqf7LJF4AaABAg.AN_wcvHxwTHAN_wiSw8xS2
@chrishenderson6445,Ugz99LPqpnn2vvSIPfx4AaABAg.AN_wct1m4vXAN_wj9qoK8z
@chrishenderson6445,UgzeZQi37xgaN6-_yxZ4AaABAg.AN_wbzMTVt8AN_wk-owQBt
@obriwan1648,UgyBwSsdB4RLWjja3MV4AaABAg.AN_wX7Z46LpANa7tG6uzwL
@Fungias,UgwiYib6ect2MOZVhnN4AaABAg.AN_wLODg2X9ANa-T7-gqYI
@Fungias,UgzI-MmNvp1RcOPv_nF4AaABAg.AN_wGQt7vddANa0qy0oLxa
@Fungias,Ugy9crO4kQf07o_FP6R4AaABAg
@Waffie_yt,UgyIArgnz37g_a8YViN4AaABAg.AN_uFrAWIuAAN_ueF1z0PF
@spencerdunn2313,UgxZI1u1Q_HK4Dk7ADV4AaABAg
@Waffie_yt,UgzYEUA7zHfj8nhGGjp4AaABAg.AN_u7fQHUZTAN_uoeB8A9y
@Waffie_yt,UgxenipFHGv6KFy1pyV4AaABAg.AN_u0j00lrCAN_uusFgjsd
@briscoefrost8556,Ugy-Goje06AZHmuxxzd4AaABAg
@Fungias,UgzilSRQyVxMt2BDZ6V4AaABAg.AN_tsJ4BjHxANa1EXgvBfm
@spencerdunn2313,Ugw7KNOzu6yTZbcqcjd4AaABAg
@briscoefrost8556,UgxFoXGrQukxpbDz6wR4AaABAg
@briscoefrost8556,UgzrEYlCExH-tE51mE94AaABAg
@spencerdunn2313,Ugy5sKth4IWtcBNsCi54AaABAg
@spencerdunn2313,Ugzo8sPP166E9otXRz54AaABAg
@Waffie_yt,UgzPjaBRW60wyAe_kvl4AaABAg.AN_tRipW7zeAN_twWkrEyS
@briscoefrost8556,UgzDuwFazJK_Dfm2FgZ4AaABAg
@Fungias,UgziEOaMZ6wH4uzQ-1x4AaABAg.AN_tIvkOPDPANa0KWbpFmA
@Waffie_yt,UgylVkyS7HF11C55Jh94AaABAg.AN_tElqyWseAN_uCJYgN5-
@Waffie_yt,Ugz4QpePWZvsTriXqQ94AaABAg.AN_tCK7dG48AN_uFAw22yq
@briscoefrost8556,UgxkM4-gF5kfv7C-C8p4AaABAg
@briscoefrost8556,Ugz3PnwbTf87iGJKbRN4AaABAg
@briscoefrost8556,UgyYkTa3TaqIEQIvkBl4AaABAg
@spencerdunn2313,Ugzo50euGjtVoVWsGYB4AaABAg
@briscoefrost8556,UgwBwXE74wDeqomNaXd4AaABAg
@Waffie_yt,Ugzl7R6fHt9mKFA3tIJ4AaABAg.AN_t4NEyYsEAN_uNzpRTJW
@briscoefrost8556,UgxghssSLNu2NBW3PTp4AaABAg
@briscoefrost8556,UgwBf353uRv1SqCSYRR4AaABAg
@briscoefrost8556,UgxLzR1kNOwXzt-5HrV4AaABAg
@briscoefrost8556,UgwDhzR_5_NSBc7fEtV4AaABAg
@Fungias,UgzZ-alR3xJojPsqgGh4AaABAg.AN_snJ8IhWLAN_zQSedN9V
@briscoefrost8556,UgyXJFKGOyeWOuVs9GR4AaABAg
@rivanpramana7172,UgwhebbtwoLwaUoMnrh4AaABAg.AN_smeBVK13AN_thk0UEHB
@briscoefrost8556,Ugye8pFJxskFgosYeZJ4AaABAg
@briscoefrost8556,UgwAWrfJD4a5OT8bhGp4AaABAg
@briscoefrost8556,UgxZM78Oe6pztIGzAAh4AaABAg
@briscoefrost8556,UgwTWXrJZVcSHsIQ2sF4AaABAg
@briscoefrost8556,UgxGRFmjLMFbZ4q5QHd4AaABAg
@briscoefrost8556,UgwZvJXg1dOLgHuTvUt4AaABAg
@briscoefrost8556,Ugx5LzsMyssFkn7ryNJ4AaABAg
@briscoefrost8556,UgyBrQKtvFNMpWdaTOd4AaABAg
@spencerdunn2313,UgzkFkXVw0VBJ4j9F6J4AaABAg
@briscoefrost8556,UgzKrWN5lsDcxdbAGMB4AaABAg
@briscoefrost8556,Ugzynk574Z4XA_0rbFx4AaABAg
@JimmysDonuts,UgwkSonLLB8loUocqUN4AaABAg
@briscoefrost8556,Ugx1yWpIHQ-oYWXvaOR4AaABAg
@briscoefrost8556,UgwuUvEV9CQlgyi5oO94AaABAg
@briscoefrost8556,Ugy4CQBu6-eQMafDgy14AaABAg
@briscoefrost8556,Ugyp-ocNGMHfwP4gC_V4AaABAg
@briscoefrost8556,Ugxtxc1emhMAKpKDymB4AaABAg
@briscoefrost8556,UgxtHG_vEoWU1N0tL-Z4AaABAg
@briscoefrost8556,UgyigIeHWLv2ldu9S5x4AaABAg
@spencerdunn2313,UgxV5t1qFsdgkhGzlTF4AaABAg
@briscoefrost8556,UgxHEjxvHcq18954XSZ4AaABAg
@briscoefrost8556,UgzfMYujwKwDvcXNBMB4AaABAg
@briscoefrost8556,UgwzMJuEXq6MNJWvCV94AaABAg
@renjithkrishna2781,UgwvDiEtB6XpP6HN3d94AaABAg
@Fungias,Ugxjaxv0WgnWcpnyMQB4AaABAg.AN_s52ZHkjFANa1XQFWXAL
@Waffie_yt,Ugz7b_nBcdcv8IumlGB4AaABAg.AN_s4MAgz5rAN_yHoBuE4l
@UZUMAKI_edits00,UgzXPve2bkJkcs_COuF4AaABAg
@UZUMAKI_edits00,UgyubM65urMfGA9SkTR4AaABAg
@UZUMAKI_edits00,UgyxNWYD4IMKtbxW0kt4AaABAg
@obriwan1648,UgzPF3IqoV0hFcyeuPN4AaABAg.AN_ro6aNFneANa7PUSCZN9
@renjithkrishna2781,UgyQ-73ruxp1aZ-HYOV4AaABAg
@renjithkrishna2781,UgzOorDXQBQ6fE-jZb14AaABAg
@renjithkrishna2781,UgxgHAUFuBzttz2aXBx4AaABAg
@Waffie_yt,UgwYQzw_QTy5ubfcvcZ4AaABAg.AN_rgy4SEH8AN_rxicsiTq
@ThisGuyDannyyy,UgwYQzw_QTy5ubfcvcZ4AaABAg.AN_rgy4SEH8AN_sAiT4XuQ
@renjithkrishna2781,UgxhYtB-fYwftqdUOA14AaABAg
@UZUMAKI_edits00,Ugw2qeUTWRv3MELW64N4AaABAg
@UZUMAKI_edits00,Ugy4-5rCjAOPxTnDW_14AaABAg
@UZUMAKI_edits00,Ugx1GWVrAr3QTJHTLiF4AaABAg
@JadenAizen,UgwvLCY1WQXkRwOErfl4AaABAg
@UZUMAKI_edits00,UgzPOZoFCQN4hrILlXl4AaABAg
@UZUMAKI_edits00,UgwzCvC5d4T9dZy3CG94AaABAg
@UZUMAKI_edits00,UgynvOVdGx9cPWFUKyx4AaABAg
@JimmysDonuts,UgzdaioTrKTmdiUVQRl4AaABAg.AN_raawVZUIAN_s0dotvuV
@JimmysDonuts,UgzdaioTrKTmdiUVQRl4AaABAg.AN_raawVZUIANa5mZk1MDu
@renjithkrishna2781,Ugzm8-aab5R_uqQWq114AaABAg
@rivanpramana7172,Ugxb1Iy6pm-Gg-FCQF14AaABAg.AN_rUZYOhfOAN_rdaocT9X
@JimmysDonuts,UgzIV3nR48GQii8hr714AaABAg.AN_rS7tQJpVAN_roJ6lZl1
@JimmysDonuts,UgzIV3nR48GQii8hr714AaABAg.AN_rS7tQJpVANa-x1wguXw
@UZUMAKI_edits00,UgzrYErPeQZa3dsUXPp4AaABAg
@rivanpramana7172,UgzRuPYQAxTk0lvV8f14AaABAg.AN_rQKc3Fu1AN_rj3Ebj8K
@JimmysDonuts,UgzRuPYQAxTk0lvV8f14AaABAg.AN_rQKc3Fu1AN_s9CsHx27
@rivanpramana7172,UgzLHk0Uf60NbGZhdnh4AaABAg.AN_rQ1VoTnJAN_rkDpVxt_
@Fungias,Ugyf00Gglrq6RhNLUSR4AaABAg.AN_rPyCf0_yANa-fXRJsoP
@UZUMAKI_edits00,UgxgPyB9Mv7MeY0vE914AaABAg
@renjithkrishna2781,UgwMzI5It2LzPkXO2H54AaABAg
@rivanpramana7172,UgwMzI5It2LzPkXO2H54AaABAg.AN_rOZtTJVUAN_rmE09uwl
@rivanpramana7172,UgwRcQHeN5s26fvthmN4AaABAg.AN_rMjPcC8HAN_rpvhPjtP
@JimmysDonuts,Ugxv0ydyk79CU0ZLAoN4AaABAg.AN_rMdb7T6xAN_sFBYcMx7
@JimmysDonuts,UgwfVR0Hk3XreWr4U414AaABAg.AN_rLZd2ezVAN_sMDOMPCE
@JimmysDonuts,UgzeJHPCbI87yhcwn4R4AaABAg.AN_rIb7N8brAN_sQImUU35
@Fungias,UgyfjcwG3tQRJdU5mwp4AaABAg.AN_rHJOsM3ZANa1JTaoQpw
@renjithkrishna2781,UgzNtlq-za4XLcjUoC54AaABAg
@rivanpramana7172,UgzNtlq-za4XLcjUoC54AaABAg.AN_rH4dBIbpAN_ryH6Vzsr
@JimmysDonuts,UgxVMxmKbH67365NREZ4AaABAg.AN_rFcIk3dUAN_rW5pz6_X
@rivanpramana7172,UgzwqwvwbS5twVtz4VR4AaABAg.AN_rFP3x8FoAN_sFteozP0
@renjithkrishna2781,UgzrqcEThrGdkoBSmJZ4AaABAg
@renjithkrishna2781,Ugy30NJ86QYC3ePLFZh4AaABAg
@rivanpramana7172,Ugy7-E24WmVCWJeS7bF4AaABAg.AN_r9fZDMRVAN_sVYBkJgP
@rivanpramana7172,UgxmeCttDBZeJ6ueINt4AaABAg.AN_r9IXrh6XAN_sWyoDwEu
@ThisGuyDannyyy,UgxCMaKNRwZ3G8VNI0l4AaABAg.AN_r95UpEhFAN_rFf_PisQ
@rivanpramana7172,UgykTYpFfxS4B_Uop-l4AaABAg.AN_r5k05zAOAN_sZINiqJq
@rivanpramana7172,Ugxr8M9e5cMvvYFVpvl4AaABAg.AN_r47gY6l2AN_sZygAArA
@rivanpramana7172,Ugyi--RfOjygEE2b1lR4AaABAg.AN_r3du3ZItAN_s_luvpXY
@JadenAizen,Ugwl3xa9c4hU0VGy0jZ4AaABAg.AN_r0EJIiVwAN_sW9103kP
@rivanpramana7172,Ugwl3xa9c4hU0VGy0jZ4AaABAg.AN_r0EJIiVwAN_sd7D3E8O
@rivanpramana7172,UgwLZ3ZRtv5nxgz9HSR4AaABAg.AN_r07OH_7PAN_scM-hOjf
@ThisGuyDannyyy,Ugxw5hosgBbP6assPi14AaABAg.AN_r-1LE77kAN_rUjgaAhP
@rivanpramana7172,UgzaP_Z1BjDnE-g5DT14AaABAg.AN_qzb-Cx9LAN_shcmP0t6
@rivanpramana7172,UgwOB1nLQP82sV4TkM54AaABAg.AN_qzaISlD5AN_siCys4Fs
@rivanpramana7172,UgzOygslErldLbSjYXN4AaABAg.AN_qzI3eZ-8AN_sjISEfpg
@rivanpramana7172,Ugw7mLy0_tiQvs8swil4AaABAg.AN_qxf9Wc9uAN_so416UjO
@rivanpramana7172,UgzAdjXWLgi7S8MWdt54AaABAg.AN_qxSRcSVbAN_spz0k7wK
@rivanpramana7172,Ugx9OaiLz39OUXX17iN4AaABAg.AN_qwcVIv62AN_sqy2xI83
@rivanpramana7172,UgzQFw2h6M8au0CEG1J4AaABAg.AN_qwZCuB7jAN_ss9TQ8K9
@rivanpramana7172,UgzQFw2h6M8au0CEG1J4AaABAg.AN_qwZCuB7jAN_st54TfyM
@rivanpramana7172,UgzNwaVgvR1Lyslf7CJ4AaABAg.AN_qvYh2SYpAN_swAC62tT
@rivanpramana7172,UgyJ8W2lczR4zabgxDR4AaABAg.AN_qudRcMb5AN_sxY5txgx
@rivanpramana7172,UgxKwWHDBIJ4YlXah9t4AaABAg.AN_qucWc7YPAN_syENsxYj
@JadenAizen,UgzThqNQ6LRXF4jQ_lx4AaABAg.AN_qrjRIFskAN_sDMibos4
@JadenAizen,UgzThqNQ6LRXF4jQ_lx4AaABAg.AN_qrjRIFskANa0vqxEsGJ
@ThisGuyDannyyy,UgzZnfRT4L27vVSVbLZ4AaABAg
@Waffie_yt,Ugz4uTurLeQVV7UjNVh4AaABAg.AN_qm4-BgA8AN_rpr5IUmG
@HeisenbergFam,UgwHscM-hHgStV9H5Jl4AaABAg
@Waffie_yt,UgwHscM-hHgStV9H5Jl4AaABAg.AN_ql4zZuq8AN_yEZMkZoJ
@JadenAizen,Ugya7A0YhqpsFR19hj54AaABAg.AN_qidCPkPbAN_rtCxd4vm
@JadenAizen,UgzPw-EOpAjrkMyYhuF4AaABAg.AN_qhkD3SjQAN_rwEPMBfd
@ThisGuyDannyyy,UgwM0yCSZnnKx6PyeAZ4AaABAg.AN_qdyQna_tAN_qqa9ahyo
@ThisGuyDannyyy,UgwM0yCSZnnKx6PyeAZ4AaABAg.AN_qdyQna_tAN_qrsFJxkK
@Waffie_yt,UgwM0yCSZnnKx6PyeAZ4AaABAg.AN_qdyQna_tAN_t7_pN49C
@rivanpramana7172,UgwM0yCSZnnKx6PyeAZ4AaABAg.AN_qdyQna_tAN_tKtkG6XZ
@JadenAizen,UgwaH-AstAZgjlWUloJ4AaABAg.AN_qc1KW0YMAN_sHtCicR6
@NotReal4,UgwZSdNBBOADlpb6F5t4AaABAg.ANa-8H_RukBANa-wjQR5DQ
@NotReal4,Ugwt5CTq70kOEajkJEt4AaABAg.AN_zOwp9ChoANa0758-gfH
@NotReal4,UgyyXiaTg_CLrEJrsFJ4AaABAg.AN_yv6cOShnANa09r9ycv-
@NotReal4,UgwNYcr-jbicnoyRHEl4AaABAg.AN_yuwH-xNbANa-yHQYQop
@NotReal4,Ugwbp-9Y-WSebIIahQt4AaABAg.AN_y755l4OMANa0F49VLdy
@NotReal4,UgyWWPvB_nvAZmt44Ct4AaABAg.AN_y4V8WT5WANa0-VzfpxB
@Kvadrato_ignat,Ugxdv7WWwlx2x4UqJph4AaABAg.AN_xYsvvs56AN_y7jo3Wg8
@NotReal4,UgycDWMmln0Il6nMI2J4AaABAg.AN_xIYJmBTTANa-GIKcfD2
@Kvadrato_ignat,UgzJQBaxaDiby4_27pJ4AaABAg.AN_viJVOmgcAN_ypWjpSvT
@NotReal4,Ugz-P7ewlCm8H8_PG694AaABAg.AN_vPS7feDlAN_y3FFw62u
@NotReal4,UgyxCBkGjW4Lwhkh1W94AaABAg.AN_tRwhe9j9AN_wtJ0-pFU
@Kvadrato_ignat,UgxN94-7qyb5b_RWk414AaABAg.AN_tGvNOsI5AN_xBxlMMu3
@Kvadrato_ignat,UgzrzDfN93KgpW3x3SB4AaABAg.AN_sv-jlwbcAN_ySY5UClO
@NotReal4,UgydigaH3kNPXWkx_iR4AaABAg.AN_smygUdvsAN_wlHz3-Zm
@NotReal4,UgwkmtzO0f9y6wsXATl4AaABAg.AN_sk0_eZC2ANa-iSkzdVZ
@Kvadrato_ignat,Ugyxrf45wTD6zfOz6t94AaABAg.AN_sgiWYYQTAN_xhI1NqUG
@Kvadrato_ignat,Ugz4YmyPkb8FdczhfQ94AaABAg.AN_s5_6J_onAN_xSUUAA94
@NotReal4,UgxhJVbFT5bPXFf0HwB4AaABAg.AN_s3yRcltlAN_x0fmJAUI
@NotReal4,UgxsqDsfMwBWd3z27Id4AaABAg.AN_rcEZvyMMAN_xut920Zl
@Kvadrato_ignat,UgxkGr2PWyvheDEn18B4AaABAg.AN_rbipDjiNAN_yieq9Tz8
@NotReal4,UgwLp3mq47Aw1OB7v0F4AaABAg.AN_ra5I95F6ANa-Vap_gy0
@NotReal4,UgxZU9viDKqaViRPFjZ4AaABAg.AN_rPTOfcSgANa021MYGBK
@NotReal4,UgxU7MfSrjbEbCJcjBl4AaABAg.AN_rO8ar-BfAN_y5ubIyqL
@Memessssss,UgxpzFcMqzhdf29CDBF4AaABAg
@Kvadrato_ignat,UgyJoqLaHpFkUDZuMfB4AaABAg.AN_qw35cE2BAN_xKeqQEXp
@NotReal4,UgyQjs-qCZEhfv8Nqfl4AaABAg.AN_qmHZdOQFANa-jeuhuip
@Kvadrato_ignat,UgySivV4YtrSz7bDeTp4AaABAg.AN_ql0AzJ4EAN_x1Me5wP4
@NotReal4,UgwzTSLtJ_Vps590rct4AaABAg.AN_qhjXziIZAN_yI9BqElO
@clashcon11,UgxjnnvH5Pf4x6OyujZ4AaABAg
@Real-Midas-OK,UgxgIaRERol986N0bbR4AaABAg.ANa42Wr5sAtANa6G2AOsaM
@Real-Midas-OK,Ugw1E1ekNeUPecdb5-54AaABAg
@Real-Midas-OK,UgzSY8buE1DqIYpEgqJ4AaABAg
@Real-Midas-OK,UgydenTdrugOvvKmLRl4AaABAg.ANa1r3Q2f6nANa6PmR9Ed6
@Real-Midas-OK,Ugw5fYdGMIIrTfa1R6p4AaABAg.ANa0HXS207JANa5z8-fmz0
@Real-Midas-OK,UgxTBF4zwd5FxM1MaeV4AaABAg.ANa02cEqm9LANa4jm_9Gjk
@Real-Midas-OK,Ugwj109WNseRZVI48214AaABAg.ANa-Q-4Af4bANa6bFZxEKu
@Real-Midas-OK,Ugxo-axpHKKYSk7WX6V4AaABAg.AN_yAOba9Z6ANa6N8rykoD
@Real-Midas-OK,UgxGm6ujUDeepzle3r94AaABAg.AN_xdE_U5SbANa6YmVDaCx
@JadenAizen,UgyunkQXEgJ-AiWc2WF4AaABAg.AN_ww6aNVx3ANa3W7vBZVI
@Real-Midas-OK,UgxuohMk2zlUjgfbRax4AaABAg.AN_vlvvkhHeANa3gs6DVxI
@Real-Midas-OK,UgxuohMk2zlUjgfbRax4AaABAg.AN_vlvvkhHeANaEbhQBy_l
@Real-Midas-OK,UgyvdnEbZcIXRPG3RwF4AaABAg.AN_vbgq2rJ5ANa6KLG3FvF
@Real-Midas-OK,Ugw8WWIGTLRcxjWeq_h4AaABAg.AN_v1ap0w9GANa60oyYWfH
@Real-Midas-OK,UgzqnfgE-C9aLHvhlIx4AaABAg.AN_uAA07dfGANa5onkGCWX
@JimmysDonuts,UgzIjvZSbvYzHJD5pYx4AaABAg
@ken6056,UgxmqbOSc67QJps4qx14AaABAg.AN_sZLo9-9gAN_t3WLuTco
@ken6056,UgwymZrTapsNwYd_cnl4AaABAg.AN_sL9hye7TAN_tNJxYCrg
@ken6056,Ugwry6k3RYptoo2B83B4AaABAg.AN_sJdSbhGsAN_tP9Tdfx0
@ken6056,Ugy5b4dHHunEKyHllRZ4AaABAg.AN_sJ0zoErPAN_tRwXbixU
@ken6056,UgzIttHfdCP9y4WbEix4AaABAg.AN_sHNkhPN7AN_taPqjVPQ
@ken6056,UgwCeGAtVtZZT2vUWCJ4AaABAg.AN_sHDpoFd_AN_tfHepJ2Z
@Real-Midas-OK,Ugw7Qa8j2yNvEKebt3d4AaABAg.AN_ruNFGwZFANa4bWg9Za6
@ken6056,UgyqbRGhhTWlxNHQ6794AaABAg.AN_rdF6vineAN_sXY1QZVn
@Real-Midas-OK,UgxDuRxG3L0_LkkWq554AaABAg.AN_rab-rzROANa5Q3cEmF-
@Memessssss,Ugx1lVG2cDAh9KkogeJ4AaABAg
@ken6056,Ugy3bgC5N7mINwzfWJl4AaABAg.AN_rL4pyUHNAN_rixPlcAx
@ken6056,UgwQSl6go0HDSjbpes14AaABAg.AN_rG-1wE8dAN_rurLr-Wq
@HeisenbergFam,UgzhIM2dSyNvNqzTFyx4AaABAg
@JimmysDonuts,Ugyvo1Of-ftwz1GcbAl4AaABAg.AN_r4HHsVJNAN_t-97yUwP
@Kvadrato_ignat,UgwiOy8506TJSNlEtax4AaABAg
@ken6056,UgxuY4AguwuAkjQ246V4AaABAg.AN_qpkENkMKAN_uHh9-1cr
@clashcon11,UgxOFaY-WHMTwm4RChF4AaABAg
@Lod_THE_WOLF,UgySNI8L5N4wQ2tHAm14AaABAg.AN_wkZx0Tt7AN_wqlCN9o5
@Lod_THE_WOLF,UgxxsPQRbWMWFPn49RN4AaABAg.AN_v6uXyF5tAN_w_-1BB5R
@Lod_THE_WOLF,UgwwKqg0jZG_1AM1ufV4AaABAg.AN_tb_4dA2eAN_vq-0QQLh
@Lod_THE_WOLF,UgwNJH89_SZkC25Q1ih4AaABAg.AN_tQVeFMz2AN_w3if1I-O
@Lod_THE_WOLF,UgzgZfZgWSpytBDgPG14AaABAg.AN_sh1VWTanAN_ugxTqSIo
@Lod_THE_WOLF,Ugx1wgEs7oyxMqst7cV4AaABAg.AN_s4aBGld9AN_uZsWgClJ
@Memessssss,UgwxJ2jTi5EiZFSjixN4AaABAg
@Lod_THE_WOLF,UgxD_Zcxg5BeL2OQh294AaABAg.AN_rWLrNPVeAN_tonOmnUg
@Lod_THE_WOLF,UgwbjoqyTHJcMbJz2vl4AaABAg.AN_r9TXYHdEAN_tNXgW1x3
@Lod_THE_WOLF,Ugw-jldtZn4-GhCVUj14AaABAg.AN_qn1E6_dSAN_sLn7guzk
@Lod_THE_WOLF,UgwuLBZE9ujz-AIvrVF4AaABAg.AN_qgRVKb6IAN_xKPUdkf6
@Lod_THE_WOLF,UgxjW1vz1wuAtDLiv1B4AaABAg.AN_qd3UuyihAN_whCvRjpQ
@Kvadrato_ignat,UgxE9XHd0OSjZFx3Ma54AaABAg
@DanielOliveiraViolao,Ugxxn0Z_zwKOeO2NtU54AaABAg
@mlggamer5296,Ugx9jp9xKs8kjuJl0W94AaABAg
@mlggamer5296,Ugz0xMkNyNDiUyVcAdR4AaABAg
@ThisGuyDannyyy,Ugy00vUcWb9hxgbfAgR4AaABAg.AN_YesJvYuoAN__8t4WcWY
@NotReal4,Ugw50JRrNZHqmGqJMUZ4AaABAg.AN_Ydhj6sTkAN_bs4Vn5Uw
@jitenkumarsatapathy7970,UgwLl0EGbELhiWOoTS54AaABAg
@jitenkumarsatapathy7970,UgzmPcqVEpXba0Bx18t4AaABAg
@jitenkumarsatapathy7970,UgwGpGZsLGNnZCCqSFB4AaABAg
@jitenkumarsatapathy7970,UgyJZWxkA3pPezV2QoV4AaABAg
@jitenkumarsatapathy7970,Ugxjssf3Qmcwm1M2ttJ4AaABAg
@jitenkumarsatapathy7970,UgyQunAlKq7qzdk2C-54AaABAg
@jitenkumarsatapathy7970,UgwNDNnS6Kz8KVCoRQx4AaABAg
@jitenkumarsatapathy7970,UgxxBdOGXjiRzmQcxoV4AaABAg
@jitenkumarsatapathy7970,UgwleBtj-BByIliM6Kp4AaABAg
@jitenkumarsatapathy7970,Ugx6lQmq4_vOtfpsQXl4AaABAg
@jitenkumarsatapathy7970,Ugx_K7Riihtim1EMLux4AaABAg
@jitenkumarsatapathy7970,Ugy1nhGHgPJsQNiIXF14AaABAg
@jitenkumarsatapathy7970,Ugz7MNjyZbcB5TaCwH54AaABAg
@DanielOliveiraViolao,UgxPWARytaV96FDI05J4AaABAg
@JadenAizen,Ugx7b5ruxNmtdZPtpb54AaABAg
@JaydatGusai,UgxpHEPwBjJDo8DT_oh4AaABAg
@JaydatGusai,Ugytnv9c4Xr8QDhoZix4AaABAg
@JaydatGusai,Ugx0N2YAkggbscN9neB4AaABAg
@JaydatGusai,Ugwjcps0eus5Dm9ffNJ4AaABAg
@JaydatGusai,UgwpOg-6XUY-adIufnd4AaABAg
@JaydatGusai,Ugz8cMYZYmDDs4s2VLZ4AaABAg
@JaydatGusai,UgzdmmCn5HwXvRubM8Z4AaABAg
@JaydatGusai,Ugzt6U3XrlbgImkYXnJ4AaABAg
@JaydatGusai,UgzqHhI_JfWpfhhLsZR4AaABAg
@JaydatGusai,UgzpkbMcfDPMFAlfv414AaABAg
@Memessssss,UgyJY-6g-R9vnB7OEsp4AaABAg
@GovindSurve-n3n,UgxPlk9vpuLk_LAmtKl4AaABAg
@GovindSurve-n3n,UgxETT0cLrlv_5SytOF4AaABAg
@GovindSurve-n3n,UgzxmmThX0EyLEfyGjx4AaABAg
@GovindSurve-n3n,UgyXX-dnZTYQEbMvC794AaABAg
@GovindSurve-n3n,Ugy8Xps4RMNCU3Flyqd4AaABAg
@ThisGuyDannyyy,UgxaqypDlqQMGF5-9Ht4AaABAg.ANXzoG61sKaANY-yK1V1CK
@NotReal4,UgxaqypDlqQMGF5-9Ht4AaABAg.ANXzoG61sKaANY0UqdjyZB
@ThisGuyDannyyy,UgxCt82wSHpiMz9xVLl4AaABAg.ANXyYEwmlJMANY-w0i2gT4
@ThisGuyDannyyy,UgyzjnMYBPYMlxOEZ-B4AaABAg.ANXyVRcIdWOANY-uZK_vw6
@GovindSurve-n3n,Ugw9NUX6ss2jI1isxIN4AaABAg
@GovindSurve-n3n,UgzN82b5EcvQJ_harw94AaABAg
@GovindSurve-n3n,UgzesqbBKnGOT0xlXtV4AaABAg
@GovindSurve-n3n,UgzMS_P0cN5x2VzOWrh4AaABAg
@GovindSurve-n3n,UgwSAtCS3Dm8q2jGWHt4AaABAg
@GovindSurve-n3n,Ugy1G0CgetzAOc99fhd4AaABAg
@Memessssss,UgxLauYb9HSpF54vHXx4AaABAg
@DanielOliveiraViolao,UgzV7Tawkenfr6551GV4AaABAg
@NotReal4,UgxpGDw7h1wTf8WOFuN4AaABAg.ANVPbf955mIANVQOScSVRc
@NotReal4,UgyP5cdiYnp5tkFc4Bd4AaABAg.ANVOtdw4ssmANVQqlCLq_C
@CamonaTempest,UgxCa_mY2SbbABYGTvp4AaABAg
@CamonaTempest,Ugxj4YbUj3YYc01jmW54AaABAg
@EyesOfByes,UgwYoc8_DI7tYMMnfLd4AaABAg
@RealEngineering,UgwjMdXlLn0f-qCDS614AaABAg
@Machines.In.Action,UgzxCiafjVnX3xJb3tN4AaABAg
@Julzaa,UgxCB_1WAloC--wXPOx4AaABAg
@AugmentedGravity,UgwnOgPOIWzdrAeoGLx4AaABAg
@FentonTheIIIV,UgyIfMJbC08gCseGCqp4AaABAg.ANNod30LPF3ANYdqgSAMaX
@FentonTheIIIV,UgwQO67pF2Ot2qEukZN4AaABAg.ANMyDzCamJ3ANYem98BQ7x
@FentonTheIIIV,Ugz08859E5eVX7P4v_t4AaABAg.ANM5ClOFYwgANYeNmoBxSI
@FentonTheIIIV,Ugz08859E5eVX7P4v_t4AaABAg.ANM5ClOFYwgANZMSfDX6kk
@FentonTheIIIV,UgzuWVpM1KkUs8_clPx4AaABAg.ANM40zup_kDANYe9hDr4Xz
@logitech4873,UgwJWAgRTkcVASK7_U54AaABAg.ANLva06YsAJANLypPoaCcA
@logitech4873,Ugy9aNQiJa9YHnZSF1l4AaABAg.ANLqrFaQ5stANLzDy8xBaG
@JesusPlsSaveMe,Ugy9aNQiJa9YHnZSF1l4AaABAg.ANLqrFaQ5stANQLFaSF4UW
@FentonTheIIIV,UgzCFUiAOW2XQEMUOyN4AaABAg.ANLOMNyLaXLANYe-gaZ1y8
@Machines.In.Action,Ugz4MyGeFSPQquiWUrZ4AaABAg
@JesusPlsSaveMe,Ugz4MyGeFSPQquiWUrZ4AaABAg.ANLJzM9r0L_ANQLB-pNoAm
@FentonTheIIIV,UgzExsEGsjmdeaiaR1R4AaABAg.ANLJ_GVF2MfANYeSKFEFvX
@logitech4873,UgzrbVGC_spQ_NKOgyl4AaABAg.ANLF-ghBJYrANLyXw1UJlJ
@FentonTheIIIV,UgxVkniGHwA3HiozwcJ4AaABAg.ANODTal83NSANOkkWxNv7Z
@RealEngineering,UgyPBvjmUN9Wyu8CwzB4AaABAg.ANNxzACM1tdANO2YQ1LnZ0
@RealEngineering,UgwnW4S_-4Cbe2_txkB4AaABAg.ANNxihtb4GsANNy2WDs4tF
@FentonTheIIIV,UgyAoFg7WTzjDF_h7594AaABAg.ANNZZsTuVUdANOl2RC4E3n
@FentonTheIIIV,UgzNkHhLo36v27cAqdd4AaABAg.ANNACTXRoikANOlHmxv9CO
@FentonTheIIIV,Ugw4Dy5dPZrOQmHOtll4AaABAg.ANMAJUPxfhuANOl_o8C2BE
@khulhucthulhu9952,UgxZ634npV466vk4-tN4AaABAg
@AugmentedGravity,Ugwe1N-B6F0zal3tA0R4AaABAg
@FentonTheIIIV,Ugwj6LKSTttQOU9q8tp4AaABAg.ANLlqTDRJa0ANOllPpv8I0
@Visitor______________________v,Ugwq2QdK6ohJVGjZPzV4AaABAg
@ZennExile,UgxT0im1cnaTJLd5e9Z4AaABAg
@SoggyCat-b2n,Ugw7hM3ifK-m_nFJiJ54AaABAg
@RealEngineering,UgzeWIF1NV6lF7yk3bN4AaABAg.ANL3AB3PH6_ANL9BGqrEK5
@FentonTheIIIV,UgzeWIF1NV6lF7yk3bN4AaABAg.ANL3AB3PH6_ANOmN70IUMq
@FentonTheIIIV,Ugx46ZNIaDD5-XBe5px4AaABAg.ANKzBzrz1MQANOmUp-ZsQU
@FentonTheIIIV,UgxgZESmbbFdKxuVgWx4AaABAg.ANKih2mLfZNANOmmBPxJaM
@FentonTheIIIV,UgxxqLgPcWplv3FKL214AaABAg.ANKbY2SJVeVANOmqKXQHzD
@user-oy4lk7fd9w,Ugx-q-hwnLExaqzKFv94AaABAg
@johanntiu4162,UgzEV6cRpKh_t659hkp4AaABAg
@NexGen-3D,UgxeLQFawjMiIgP4WYR4AaABAg
@Julzaa,UgzYjg_HVdS3rdE13Hl4AaABAg
@singular9,Ugxl-ptG54JddvItZg54AaABAg
@Machines.In.Action,UgxK1KwDgC9weXUiZap4AaABAg
@Freedomistman,UgykgzBxFrC5m4iQ3694AaABAg
@Freedomistman,UgykgzBxFrC5m4iQ3694AaABAg.ANJNFYXXxQzANM3G0BDENL
@Memessssss,UgzTNgbG1jI6RocHonF4AaABAg
@sandboy5880,UgxZ0yrFgxNecSfCFM94AaABAg.ANJIgpboieIANJh9efJo7Z
@andrasbiro3007,UgxzytqGdofIjKp_ffh4AaABAg
@peeperleviathan2839,UgzHIxqhko-_432orM54AaABAg.ANJ0ntBJa_aANJ4SOC1Sww
@peeperleviathan2839,UgzHIxqhko-_432orM54AaABAg.ANJ0ntBJa_aANJ4TgTpBXW
@RealEngineering,UgyJkyerrnq6OZD9Yhx4AaABAg.ANIytJGYWKmANJ-LMrsfbl
@peeperleviathan2839,Ugxzewag_AqwvZ3FNT14AaABAg.ANIobmQ-5uqANIppjRLeZz
@peeperleviathan2839,UgzY8FL8Ox0R1vs0M254AaABAg.ANIn5FEIQ32ANIqCEPOmhD
@LinasWizz,UgxtWRbGbqMRXKUrVRZ4AaABAg
@peeperleviathan2839,Ugz2Bw0O60tl76vrRSB4AaABAg.ANIm6BSAt6kANIqJvllcHo
@peeperleviathan2839,UgykguyzisJzihZQg1J4AaABAg.ANIkpF40EzXANIqTz2cGC4
@andrasbiro3007,Ugx0hMVheOC4QKy-Hv94AaABAg.ANIk6c4OGiHANJAmjy9d0h
@Tahoza,Ugz8efS6oVPHOQPym8N4AaABAg
@Tahoza,Ugz3dlpgtpUVnqvESQx4AaABAg.ANIdhTzL-nTANIkJh68M7w
@peeperleviathan2839,Ugy9yHHURsrZSPGlcSN4AaABAg.ANIcuw8RrATANIqouiXZ4g
@peeperleviathan2839,UgyCD1tczQHuAoP_A1l4AaABAg.ANIcXJdWrDMANIr3rq3Nqg
@peeperleviathan2839,UgykKjeGF6I0EJ0ICJp4AaABAg.ANIa1FX1pfPANIrEOclP7l
@RealEngineering,UgyXAh_A7kcVxGBQ5DN4AaABAg.ANI_Oi5MYawANIblXWzpyk
@AugmentedGravity,UgxeJCdjLcQMAqr1lOl4AaABAg
@AugmentedGravity,UgwJYlrzHeUcGgf7Gt14AaABAg
@AugmentedGravity,Ugzd8uaA1JGP19S7OCl4AaABAg.AMuVi_GU3VFAMvzCnnTsJh
@Machines.In.Action,Ugx-QjUP3xulD2J724V4AaABAg
@iTeerRex,Ugy3ePKH-DEnLyFtEu54AaABAg
@Orbital_Inclination,UgyXunW4Zj1Cobfs5s94AaABAg.AN5W8V4BIyUAN6VewlezSO
@Orbital_Inclination,UgxHZ8D1fHGmdnyRLVB4AaABAg.AN-5s0GOFzjAN6Vk82oKox
@Orbital_Inclination,UgyUOKEqmV9UbdyAOjZ4AaABAg.AMylXdg_QviAN6Vut8w2gX
@puffinjuice,UgwNUB4eAUj_ldhJUWd4AaABAg
@RealEngineering,UgwlRDZqhHbJrzNJMVN4AaABAg.AMtTN3-m4ucAMtYxPiF03m
@AugmentedGravity,UgwkHvUplOobDM5PTjR4AaABAg
@AugmentedGravity,UgzMB3zSihJUDqD_VLZ4AaABAg
@Orbital_Inclination,UgyxGnE2O7UWy4Os-eN4AaABAg.AMs-oK8NgN-AMs4FlPzW_w
@Orbital_Inclination,UgycrX2C6U6aFZunASl4AaABAg.AMs-Pt_7ZatAMs-Yen6ipb
@Orbital_Inclination,UgzkEpjQUvKfVgiClHN4AaABAg.AMryzKrdbIuAMs-gE2g_jS
@user-oy4lk7fd9w,Ugzj2ecnl568nnh4-2B4AaABAg
@Orbital_Inclination,UgwS78mg3Pn3QujsUfx4AaABAg.AMrvqAmyY1OAMs-lzqEPaL
@Orbital_Inclination,UgwOfpDSguUaCbTAmCt4AaABAg.AMrsVFi_qNuAMs-s3T8cWo
@Orbital_Inclination,UgwOfpDSguUaCbTAmCt4AaABAg.AMrsVFi_qNuAMs2Msj9Xo7
@Orbital_Inclination,Ugzpbtf5j3vpEgok3TV4AaABAg.AMrqx0o2ipVAMs-wnMaKhe
@iTeerRex,UgwVKsc8LprxEb9lQkx4AaABAg
@Machines.In.Action,Ugyrg1QhcEF7nx4Ae154AaABAg
@JesusPlsSaveMe,UgzKVlPt203pK0_yKnZ4AaABAg.AMrbearb-XgAMtRDiKXker
@MostlyPennyCat,UgyQrxEyl0weZCUlaxd4AaABAg.AMrTOu6nGInAMrWXMylmaP
@Unknown-g7w,UgzeNIH5UTp4RFVmk1J4AaABAg.AMoqxNvesyJAMos2quSiBN
@Unknown-g7w,UgyTjXyUsNryXV0GBft4AaABAg.AMolUCZYb8fAMos4WaetMC
@Unknown-g7w,Ugy5_ReYUI4t1UYawuV4AaABAg.AMojfMlWyKDAMos5sAp_9b
@Unknown-g7w,UgxgR8u77kYt3l4cL-14AaABAg.AMoiHdyCP3VAMos7hzxeXr
@Machines.In.Action,UgxOBGT13mAidxxIwil4AaABAg
@willythemailboy2,UgwMp2Qm8EKDC_dyEgN4AaABAg.AMoZ96iD4CsAMpoCJOQ-8r
@Unknown-g7w,Ugw0HEG781ALySOfR_R4AaABAg.AMoWOqR9ivFAMosDFWWeHy
@RealEngineering,Ugwdpf4BDl2ZyV5-IzZ4AaABAg.AMoWGwMjnueAMoXqrdTQsK
@Unknown-g7w,Ugw9sWE3k3gPX4elWdh4AaABAg.AMoSEwVcrRFAMosFhYl-X2
@RealEngineering,Ugx7cVQ0KzViVdiNmjp4AaABAg.AMoQL4DIVxZAMoQPxrF9bD
@LinasWizz,UgwB6Ai5KF1lvXBC2q94AaABAg
@user-oy4lk7fd9w,UgzYYA9lS-gVZwrLREB4AaABAg.AMnRjukDQN-ANLyTd-MqDK
@MostlyPennyCat,UgyZHAQt5fprCjhqf7t4AaABAg
@MostlyPennyCat,UgyRJjEQ8pVl8znl28Z4AaABAg.AMnIwatXSYUAMnQvXq-k_7
@pseudotasuki,Ugz_Ll83edVE-CCBJER4AaABAg.AMmq4K6u2_vAMmvS8TVNf8
@cerealport2726,UgxIjnvsIW4MLcfC7WZ4AaABAg.AMmpEspULilAMn8FsBQX48
@Unknown-g7w,Ugyv_eWcDRhpxm8Xfgx4AaABAg.AMmnhUOerNcAMmnjX81UAI
@Unknown-g7w,Ugyv_eWcDRhpxm8Xfgx4AaABAg.AMmnhUOerNcAMn6p5mtULp
@skpince,UgyOh9Kf8NxJF06033B4AaABAg
@Unknown-g7w,UgyOh9Kf8NxJF06033B4AaABAg.AMmncDYystTAMmnlOJhb6E
@skpince,UgyOh9Kf8NxJF06033B4AaABAg.AMmncDYystTAMmopVkmIeJ
@skpince,UgyOh9Kf8NxJF06033B4AaABAg.AMmncDYystTAMmphLds80Z
@skpince,UgyOh9Kf8NxJF06033B4AaABAg.AMmncDYystTAMmtpB-fo7A
@Unknown-g7w,UgyawIo6tTtJ7roTSL54AaABAg.AMmnYOR7cySAMmnnlbAb2e
@user-oy4lk7fd9w,UgxUdD7h86alepIPHxF4AaABAg.AMmnXcUPCcLAMmsv6EaZtC
@user-oy4lk7fd9w,UgxUdD7h86alepIPHxF4AaABAg.AMmnXcUPCcLAMmyg4B2l6g
@Unknown-g7w,UgyvDX1dJ4rHpbDuHCV4AaABAg.AMmmuVZltNzAMmnrgrApu2
@Unknown-g7w,UgyvDX1dJ4rHpbDuHCV4AaABAg.AMmmuVZltNzAMn6jnXsx2I
@Unknown-g7w,UgyAeo40ldrOqv1qCcV4AaABAg.AMmmU7wNZMaAMmnt0TRAkt
@Unknown-g7w,UgyxvDnggLlyjb_7fxN4AaABAg.AMmm6egnrPoAMmnwlvw6iv
@Machines.In.Action,UgyUrhm9iZ7NM-rzXwV4AaABAg
@user-oy4lk7fd9w,UgwT6jvHyiI8IaJZ5CR4AaABAg.AMmjwJrfaWUAMmssXDLgBM
@JesusPlsSaveMe,Ugz4Nv8bh9tI9TFNVHN4AaABAg.AMmQR2S0nhxAMoNbcUpKfB
@RealEngineering,UgxAlLhHuF6Nwvm4S3F4AaABAg.AMlieaGul0qAMlj2bvyrYc
@RealEngineering,Ugy0KSi7hROT4UVc64l4AaABAg.AMlhO1336WwAMlj67scfAQ
@Machines.In.Action,UgwR6F4TeigGukL5KWp4AaABAg
@JesusPlsSaveMe,UgzgA_8LfslrhQVMRUt4AaABAg.AMkJcORHrjsAMoN_IXOM5l
@JordanBeagle,UgwwQmknI5GS8TdpXLV4AaABAg.AMjrRHpa6RpAMkOUs8DI5e
@iTeerRex,UgxPP7gLT2N2FNGyQKV4AaABAg
@cerealport2726,Ugxogx_MVCpgiNV3q1l4AaABAg
@cerealport2726,Ugxogx_MVCpgiNV3q1l4AaABAg.AMjnI0SOd2DAMjwYBZ4LEy
@cerealport2726,Ugyg8XssP-P_f8rzm_h4AaABAg.AMjkZ8rcS-lAMjyD_4RiKA
@cerealport2726,Ugw8EGO1_24GTF9c4dh4AaABAg.AMjk2FeBG6AAMjxhMUaqi9
@JesusPlsSaveMe,Ugxs8iuoXuLSQhxgCbJ4AaABAg.AMphlITzUPeANIGd6v0SVy
@willythemailboy2,UgzQVWnNp_Ew29gc1pF4AaABAg
@willythemailboy2,UgyBCC4eMKyxj-46Q0R4AaABAg.AMoWWHvG6r7AMpSKF3iuR0
@willythemailboy2,Ugzc4HH8AWUAljzYgWl4AaABAg.AMnFPtMDpHyAMpSiIy5ap7
@JesusPlsSaveMe,UgyrVlWByy0ncXWQaqZ4AaABAg.AMmc0Bda1dSANIGbdejC0Q
@willythemailboy2,UgzP0qsCnmVvIMJPkhR4AaABAg.AMmTcHj8-2bAMpSzxBPhIy
@willythemailboy2,Ugw_Nk2mK1w11tXBgb14AaABAg.AMlb8LgKTEcAMpTmgoyR4u
@willythemailboy2,Ugw_Nk2mK1w11tXBgb14AaABAg.AMlb8LgKTEcAMqNpbl9zaI
@user-oy4lk7fd9w,UgxCdWl4ceXpOeKdiLV4AaABAg
@MostlyPennyCat,UgxMFe_J_V24ubdlost4AaABAg
@willythemailboy2,UgybPPNlNMntJBJcRdh4AaABAg.AMjKpch7nxfAMpUe6ohMmM
@willythemailboy2,UgybPPNlNMntJBJcRdh4AaABAg.AMjKpch7nxfAMpqdE8GthT
@willythemailboy2,UgwbIA1BYfdvCLT8L394AaABAg.AMikjsWse87AMpVGxZmLhb
@willythemailboy2,Ugx_fvyEu38iJnajGsF4AaABAg.AMi8TACrFDIAMpVaPN9CNc
@willythemailboy2,UgzeOAmwmpW2VMG0Ez94AaABAg.AMi-DytwQeOAMpVti86CWT
@Unknown-g7w,Ugxyv0LEuZdmuCTT-j14AaABAg.AMhgtcChznQAMhkW3AYV1f
@Unknown-g7w,Ugz0nWBzaXxoncD23pd4AaABAg.AMhcYK3K9OKAMhkaHF2sGY
@Unknown-g7w,UgxNFtPfVsVqLAtNhPh4AaABAg.AMhalBRq26LAMhkc7gbBxQ
@Unknown-g7w,UgxIdTfq5iLf4YtObqR4AaABAg.AMhZlN6_0FnAMhkeyZYksm
@Unknown-g7w,UgzmWFJi0qnUaHwr9qZ4AaABAg.AMhYMj3kSaSAMhkgYpeTVm
@Unknown-g7w,Ugy8J-BP0lXxN_TpwpB4AaABAg.AMhTZWDqburAMhkhzj_5Qh
@Unknown-g7w,Ugy6KqLvRJzMKrvqzdl4AaABAg.AMhTWGljhgDAMhkiqoVxGQ
@Unknown-g7w,Ugx9p3ytKQUykLdDm8h4AaABAg.AMhRDIglm47AMhknzxGTPv
@Unknown-g7w,UgxfAiqKqJ7AFlG9-Mh4AaABAg.AMhCOAUyssrAMhkryW9Rkq
@Unknown-g7w,Ugwb581EjySg1FVlrxN4AaABAg.AMh27x9jGnlAMhl-mTyapQ
@willythemailboy2,Ugx43Y8boM-IaEFD5rp4AaABAg.AMh-rBfUYv_AMh5mNzhhPS
@willythemailboy2,Ugxgvx-zvjx4f_q3d9F4AaABAg.AMgybqf8E5jAMh5xFdJFlP
@RealEngineering,UgyO32Ocaz63xoYKSo14AaABAg.AMgySek1rctAMh3Vd0j4LJ
@Unknown-g7w,UgyO32Ocaz63xoYKSo14AaABAg.AMgySek1rctAMhl7Fl1tb4
@JordanBeagle,UgxknnRln4zPBVk23i94AaABAg
@1986DarkStalker,UgyaaE_Xccuzj5nmI9J4AaABAg.AMhdh9_BxPGAMhfHkY7vD8
@1986DarkStalker,UgxP125PbfjQELykWb54AaABAg.AMhchbQpC39AMhfKJPZtmd
@1986DarkStalker,Ugyw9r2YJKZnLDpwlwt4AaABAg.AMhax7p6QsAAMhfOGQrL32
@1986DarkStalker,Ugyw9r2YJKZnLDpwlwt4AaABAg.AMhax7p6QsAAMhiRtfKXJj
@1986DarkStalker,UgzYc78zVObr6cUrZVJ4AaABAg.AMhYMaup690AMhfUdx7DaN
@1986DarkStalker,UgzYc78zVObr6cUrZVJ4AaABAg.AMhYMaup690AMiN9QHQA18
@TheUsername1536,Ugy_iRWYCwuGBH3EEjF4AaABAg
@1986DarkStalker,UgwH1wy-f-xhGh0sQb14AaABAg.AMhP1i5OWqvAMhfkT6V_LL
@1986DarkStalker,UgysATNZdpg-z3QEyI94AaABAg.AMhEUrCCg6lAMhfw_RCQeT
@1986DarkStalker,Ugw9b-kN0aqlgeP51XZ4AaABAg.AMhBBt-oGwVAMhiD03fgLo
@1986DarkStalker,Ugw6ykFOu-up1W73XJZ4AaABAg.AMh5XG6FO1CAMhg-sIfU_F
@1986DarkStalker,Ugw6ykFOu-up1W73XJZ4AaABAg.AMh5XG6FO1CAMiMyWY8jKT
@KaosProject21,UgzeH1cmgzvXSyBsGch4AaABAg
@KaosProject21,UgzeH1cmgzvXSyBsGch4AaABAg.AMgyGhYN_b7AMgyLw5-agQ
@1986DarkStalker,UgwB99CMONE59YG8ed94AaABAg.AMggBj1HByHAMhgW-YFEMx
@1986DarkStalker,UgwwJECuEKJclPQznKZ4AaABAg.AMgPMdsaD3cAMhguMopsRP
@1986DarkStalker,UgwwJECuEKJclPQznKZ4AaABAg.AMgPMdsaD3cAMiqsJU_-6X
@1986DarkStalker,UgwwJECuEKJclPQznKZ4AaABAg.AMgPMdsaD3cAMj28AefbVD
@1986DarkStalker,Ugzzsw1vZs3xCAlYcfZ4AaABAg.AMg19VslMz7AMhh66kSAV5
@Machines.In.Action,UgyhuJh9_AXyNTKXOGZ4AaABAg
@1986DarkStalker,UgwzAKXNtwVNtq4KhUx4AaABAg.AMfzFCdzpZaAMhhEE3Jdfh
@1986DarkStalker,UgybMwYF54jA6775JA94AaABAg.AMfyPxCIklkAMhhJBViH_p
@1986DarkStalker,UgwtqnqCw5cKs5KLRxF4AaABAg.AMfrlKygK4lAMhhcYt7BKU
@JesusPlsSaveMe,UgwQ28V7B8vpJEPpXAl4AaABAg.AMezN9y_hXOAMjJrOvMrHg
@3blue1brown,UgwqpOEMejHdTK9SJWN4AaABAg
@Verrisin,Ugy-8frzbECUDko3LFJ4AaABAg
@N0Xa880iUL,UgyWvPBCFLe7YuegmrN4AaABAg
@N0Xa880iUL,Ugy5lztX3Vubd8hXRNZ4AaABAg
@jaspermcjasper3672,UgxQ-9hVK-FiY4KMFt14AaABAg
@jaspermcjasper3672,UgxQ-9hVK-FiY4KMFt14AaABAg.ANOGDuMR7X7ANOGy6fwiob
@Punch_xor_judy,UgyvcgDOsHlKX78YeUp4AaABAg.ANNuKyCogQXANPqkozIMe9
@Punch_xor_judy,Ugy6PsrxpQJeK7UY9Zt4AaABAg.ANMs_k2L90PANPqvqmwyVp
@jaspermcjasper3672,Ugw-UBGfhFA32CRFIEd4AaABAg
@Punch_xor_judy,Ugw-UBGfhFA32CRFIEd4AaABAg.ANLcS8ewdDMANPrXCLgsng
@jaspermcjasper3672,UgwniwnIkYfHbdwyNB94AaABAg
@jaspermcjasper3672,UgwniwnIkYfHbdwyNB94AaABAg.ANLc2R6fg3SANMtYM66XZm
@jaspermcjasper3672,UgxvOgtTuNQq0gizscF4AaABAg
@jaspermcjasper3672,UgzfSIjVmw43OywXt0F4AaABAg
@jaspermcjasper3672,UgzaZNLqTDQPOQU_omN4AaABAg
@j.21,UgwfA6L48MTrmGGgZzl4AaABAg
@bensyversen,UgxKkptz7SdnvNp3NTB4AaABAg.ANJ67PR-u3xANJS25h5OCj
@bensyversen,Ugyz4HCb8Ab3C0s1iF14AaABAg.ANIYXJn-Bw7ANJ_2MZmUgT
@bensyversen,Ugz_XUtWt5f0ZShRtWJ4AaABAg.ANIWr92c7AKANJ_c_hxS6Q
@bensyversen,Ugz_XUtWt5f0ZShRtWJ4AaABAg.ANIWr92c7AKANLvkCDJSE1
@bensyversen,Ugwyh__TtRhRXYv8g1p4AaABAg.ANIMlxYX_BHANJSc8ms9g8
@PeterMoore-q5k,UgwBuit-5tnhXVFccI94AaABAg
@bensyversen,UgxGf0JDWXde26bGUKp4AaABAg.ANGIcGmvoTIANJTY5hqpmx
@bensyversen,UgzbXk6Nqbvdfmw2qkN4AaABAg.ANFuTyjuVp4ANJTjfmF2rH
@bensyversen,UgyHSv5tt2Fq7tWviTx4AaABAg.ANFoFa0Grt_ANJVZ5IoyYk
@bensyversen,UgwvbioeGjmIOr4dtVV4AaABAg.ANFmJ1BRVseANJ_h7yyhiQ
@bensyversen,UgwHQgQYt3NQV-W7PSd4AaABAg.ANFknbH5FZgANJaXb2pbR9
@flibbertigibbet-at-arms,Ugwmq4cGwPV_oF20yH14AaABAg
@bensyversen,UgwmC1Xqn3VhOrRASWB4AaABAg.ANFS5tqGenWANJSSGbQe44
@bensyversen,UgwyKJlC4yToLYBCEQt4AaABAg.ANF9bVqa-V5ANJSfFu7fQ0
@bensyversen,UgzdCXR2TcYpiV5E83p4AaABAg.ANF91Hr2uoyANJ_fjBndOo
@flibbertigibbet-at-arms,UgzpEUXesm1TVshPCkp4AaABAg.ANEy7C26PL4ANF_YWbb-cw
@bensyversen,Ugzmx8bwzfiKiV4TmtJ4AaABAg.ANETEQyUybrANEamD582Xu
@bensyversen,UgzoeSpCXzu9uslseu54AaABAg.ANEAds7NusIANJZSNp0RIh
@bensyversen,Ugw4Z__h3VNfnYip-494AaABAg.ANE8in_hheBANEabohDJjf
@bensyversen,Ugw4Z__h3VNfnYip-494AaABAg.ANE8in_hheBANEdtsd5YuA
@bensyversen,UgxlFo43KZ-rdzcI8jF4AaABAg.ANE6bK64OPEANEbr1mYN2h
@bensyversen,Ugyqt7FlReMSmR5Fkid4AaABAg.ANDvwETb_vgANEcCzwoAuI
@bensyversen,UgzYWSoZn2T0pUJbFDt4AaABAg.ANDqndw2_Y-ANJVjxFzafq
@bensyversen,Ugykw_RqdOFdALYnGe94AaABAg.ANDonYP36DvANEdOa5scDj
@bensyversen,UgzJltAFj4hqJ9pxbGB4AaABAg.ANDo-7SCoQZANEawA1WkhW
@bensyversen,UgxjwHrqKy3VQ-D9tqt4AaABAg.ANDmyLlVSIRANEan06eYJS
@bensyversen,UgwUjUnsrVHod6qdN7d4AaABAg.ANDgA6f95osANEbg2EDHOQ
@bensyversen,Ugyl6PlPvzJ3p40nRkd4AaABAg.ANDfsTdQo2LANEbb5p2uiT
@bensyversen,Ugyl6PlPvzJ3p40nRkd4AaABAg.ANDfsTdQo2LANFfV_-056F
@bensyversen,Ugwyw93hyIA-NyGLu1Z4AaABAg.ANDfpPIqwu6ANJTlTjME7D
@bensyversen,UgzgDM6IASvsNNTsM3V4AaABAg.ANDb2fvnxkFANDe-MdP9fp
@johnchessant3012,UgzCOJPCJEC2zDQrinh4AaABAg
@johnchessant3012,UgxSDZ2-nLLHp-YGeAd4AaABAg
@bensyversen,UgyBhG5TcDWH8zxUPnJ4AaABAg.ANDT8SDjpRvANJ_m5b4vNV
@bensyversen,Ugy9hVZq4Rwa8-WNia94AaABAg.ANDRMjAQj7eANDS_UqYA6W
@bensyversen,Ugzf0Gz9uNMcGv6MNiB4AaABAg.ANDQI1aMsy8ANDR4uN4WGV
@bensyversen,Ugzf0Gz9uNMcGv6MNiB4AaABAg.ANDQI1aMsy8ANESacVlzrN
@bensyversen,UgxL9H1m6sPOY4_3Smp4AaABAg.ANDO1VLjQbyANDP45l0TAz
@bensyversen,UgxL9H1m6sPOY4_3Smp4AaABAg.ANDO1VLjQbyANDQnSyrG4d
@bensyversen,Ugy2S32cy2UhmLLJE494AaABAg.ANDNbskb3VMANDOjDcSZpA
@deleted-something,Ugz-s6NTMTZ8-NKnnuR4AaABAg
@bensyversen,UgwaS_kdSLOedXUrblR4AaABAg.ANDM37G8zTXANDSWVpqRPo
@bensyversen,UgxB6YnWoPsqG1iLKQ94AaABAg.ANDKk23FadCANDMBuliOIJ
@bensyversen,UgxB6YnWoPsqG1iLKQ94AaABAg.ANDKk23FadCANDa2_XoV1H
@3blue1brown,UgwqpOEMejHdTK9SJWN4AaABAg
@bensyversen,UgxX_FYDygFB0BKe7I94AaABAg.ANDIC4uiaEIANDJKvxJkBY
@GooogleGoglee,UgwlFzj-rpSma8AJ52t4AaABAg.ANDHinemHSvANDNslrW3WL
@IwantA5090,Ugy7qYrDiniomhDKdgV4AaABAg
@N0Xa880iUL,UgwSRjzgCDt15Xu3H7t4AaABAg.ANKgDH-rf5qANNUIxZMz3U
@3blue1brown,UgwnrliTyJiR4tCtJi14AaABAg
@N0Xa880iUL,UgyL3aSE3fUU-U6PGmp4AaABAg
@N0Xa880iUL,UgxLko8Nh_rAUyJlVoB4AaABAg
@N0Xa880iUL,UgwPQHWMba5v4a30MPp4AaABAg
@3blue1brown,UgwfOeLGVTwqEDqQf_l4AaABAg.AN0xQiYt5-wAN15_KLJ-x2
@TheBooker66,UgzmKSNLjpefT-27-gJ4AaABAg
@IwantA5090,Ugx_UmH-GuIAcElQNCV4AaABAg
@ucngominh3354,UgyfhkHJA061DSPA_FF4AaABAg
@cheesebusiness,UgyMiFoNQKKizr0H-Wh4AaABAg
@cheesebusiness,Ugw8Z5z2Q5w20EgZrfl4AaABAg
@rfltyt,Ugw9mIFKIiD7SxYTBid4AaABAg
@flibbertigibbet-at-arms,UgxuRH9sB80_Xw_igGp4AaABAg
@jaspermcjasper3672,UgxJPudJaenApbQrb4Z4AaABAg
@deleted-something,Ugz9fT7kqwISRBPoDmR4AaABAg
@minhuang8848,UgwJ8iCSl7fYE1pERIV4AaABAg
@johnchessant3012,Ugw_TvBTt7SH6ZNycNB4AaABAg
@3blue1brown,Ugx3ENjqdC9X5TzlMVh4AaABAg.AMmEgdl0ez8AMmPafm5Tm7
@jursamaj,UgxUOrb3iZyDb3pOSqd4AaABAg.AMm4-TBtqkEAMmUvJYPocd
@deleted-something,UgxUOrb3iZyDb3pOSqd4AaABAg.AMm4-TBtqkEAMmdZDz1wwq
@flibbertigibbet-at-arms,UgzJA3pulZy6Qwn7clx4AaABAg.AMm-TVUopiDAMnlwmbfD_n
@3blue1brown,UgylQRQqJ5igCoaCJXx4AaABAg.AMlxTfzRp77AMlyQd7lkxe
@Punch_xor_judy,UgyTDVfFrwUNU8KsBGB4AaABAg.AMlsoIL7ERDAMm9kATs_gG
@yassine-sa,UgyyVi8HGTQ8XuhRJZJ4AaABAg
@IwantA5090,Ugy8MJXYtDVzH7Eh-cV4AaABAg
@3blue1brown,UgwnrliTyJiR4tCtJi14AaABAg
@3blue1brown,UgwcnAlIZDtWd3GZGXp4AaABAg
@Barmetler,UgzkCjlEJMvqzOkEgwd4AaABAg
@JamesD2957,UgxyqOL9Qn1BgdIeGA54AaABAg
@SpectralCollective,UgwxOncyh24SJ9gAfTl4AaABAg.AMmRC1EJzp5AMng7oicLSN
@SpectralCollective,UgzFtIj_vzr5oW4LiNJ4AaABAg.AMmHEdkfT5fAMng41hATHp
@badabing3391,UgwKZ-4spbZTD-9gFl54AaABAg
@SpectralCollective,UgwxlXoUmexUTRel9ql4AaABAg.AMaxrBHmxA0AMb6iTDMyIk
@SpectralCollective,UgzgdCcbKDzSxS1vqh94AaABAg.AMYPnyK05hkAMZGu1bOngg
@TheBooker66,UgzvRAn_zXuM2ZeQ3Op4AaABAg
@o1-preview,UgzeGY8PXGUb_8OzbRl4AaABAg
@badabing3391,UgxdP8Z-SwzI0dLyr1N4AaABAg.AMS_FW4ExE3AMmXksrz71n
@badabing3391,UgxdP8Z-SwzI0dLyr1N4AaABAg.AMS_FW4ExE3AMn2q8evt2h
@SoggyCat-b2n,Ugx4cNJ7kaeE2cTsw1p4AaABAg
@user-qu2bp8zt6f,UgwE5R0BKgrtnVViUcp4AaABAg
@SpectralCollective,UgxdzSIynYc7lcqdVPl4AaABAg.AMOjrVZ49dLAMOxp2Btiyc
@SpectralCollective,UgwWi2caRWVYGeO6_1l4AaABAg.AMOIM-lmhl5AMOKk4upvtu
@SpectralCollective,UgyMD3DxJOO6m477w5x4AaABAg.AMOCGzElRr0AMOEJfIN6rs
@SpectralCollective,Ugxvuh8YPsGbarNinZR4AaABAg.AMOBUSBgl2_AMOEXkxttQK
@SpectralCollective,UgxfCHX1lKxEvJ5_hhB4AaABAg.AMO2ClMFUhCAMOEmHIxH5n
@TheBooker66,UgyO_FUDbqXDzCWbB1N4AaABAg.AMNmGoXGSnyAMUkaMtSzh3
@SpectralCollective,UgzbjHMND-yybzHAnUR4AaABAg.AMNU-eBMvHCAMNVjm1r-Lb
@SpectralCollective,UgwNikIxceJ0uTN0PxB4AaABAg.AMNRtstevsuAMNTK1fFHUE
@deleted-something,UgxoqjOuXoQg1dIhbop4AaABAg
@SpectralCollective,UgwpqhvYsxcWltfdPqJ4AaABAg.AMNOjgSGTKtAMNPbglBXDK
@SpectralCollective,UgwzIrki8dvMSN4hXzN4AaABAg.AMNOahjBqIFAMNPtruSB0a
@ucngominh3354,UgwTKiIUVqn1Fj1DaZ94AaABAg
@SpectralCollective,UgwpLM4V8iSzFQr0UlV4AaABAg.AMNLmbDQcjwAMNOcZZrIv0
@SpectralCollective,UgzMIT1iB8d-CGSQjtV4AaABAg.AMNJfFval1DAMNKyQApded
@SpectralCollective,UgyaFN63CpBXEUWN09h4AaABAg.AMNJNysk9OdAMNKudz3pue
@SpectralCollective,UgwzHz6cXdCdGZqbQMl4AaABAg.AMNIrxClb8kAMNLS2LJBf4
@SpectralCollective,UgwwpJDQkdtl5CKfrE54AaABAg.AMNIWqUpbdZAMNJFPbpxiq
@SpectralCollective,UgwnvfCK1npYaFuuo7F4AaABAg.AMNIH-2ImPOAMNL222hHfk
@AlanTheBeast100,Ugza2kQ0vQKx1uyg1dp4AaABAg
@SpectralCollective,Ugz1Bc8AUQQtoPuQJnV4AaABAg.AMNHdBaKx74AMNL8JK8ucS
@flibbertigibbet-at-arms,UgxHoNvIbwKfwksysyt4AaABAg
@johnchessant3012,Ugx6c-2RZneXGEchuxB4AaABAg
@SpectralCollective,UgwZZnVVv7XVfZWGpxF4AaABAg.AMNEczsLo2RAMNIycXYNIe
@SpectralCollective,UgwZZnVVv7XVfZWGpxF4AaABAg.AMNEczsLo2RAMOWNWXlbQE
@SpectralCollective,UgwbC0GThKKYbkaodMl4AaABAg.AMNEUK8LEnnAMNHm_OjG1Y
@IwantA5090,UgxnAbZC492xw2R08pV4AaABAg
@3blue1brown,UgwzxxL-Q4S0wUCA-bR4AaABAg.AMNCB7PdU4ZAMNEQ0vlGXR
@3blue1brown,UgwcnAlIZDtWd3GZGXp4AaABAg
@orangedog343,UgxBI5ucfIwZDMlHBmZ4AaABAg.AMNBdwMokzcAMNBniDkl81
@3blue1brown,UgwvLNdSxQt1GsjBsUV4AaABAg
@3blue1brown,Ugz4BAieKsMg2xK2tUp4AaABAg
@orangedog343,Ugz4BAieKsMg2xK2tUp4AaABAg.ALvjM00fZHaALvlgxTC4vr
@clonkex,Ugy_HMVq2yKyBs2QgSh4AaABAg
@badabing3391,UgxIlJKZDca8_OoXAeZ4AaABAg.ALyJpKse46NAM3gveerBb1
@Punch_xor_judy,UgypsYjQmBSh1C7k2ph4AaABAg.ALxT4xyPFu_ALxjubksbPd
@attattatt-y3h,UgwsFL4travkoVfgQM94AaABAg.ALx3f7-0vNQALx8UMSaaEA
@attattatt-y3h,UgynQSOOg8CGtHqDXTd4AaABAg.ALwMUPalVKDALx7v0OxhCA
@Punch_xor_judy,Ugw36Mc2-eq2sloh5aB4AaABAg.ALwBqSlCgmoALwCevRjyx5
@Punch_xor_judy,Ugw36Mc2-eq2sloh5aB4AaABAg.ALwBqSlCgmoALwJ2brfg73
@Punch_xor_judy,UgzoPDNfemMQhSfjfVd4AaABAg.ALwB2Qx7N92ALwCulPX9LT
@Punch_xor_judy,UgzoPDNfemMQhSfjfVd4AaABAg.ALwB2Qx7N92ALxbE4b0luX
@johnchessant3012,UgwBpHO-01mOn7erW1B4AaABAg
@Punch_xor_judy,Ugz9t0WwBKcVBJ47wlR4AaABAg.ALw8XPjure1ALwDaeB6IAF
@Punch_xor_judy,Ugz9t0WwBKcVBJ47wlR4AaABAg.ALw8XPjure1ALwFvdJJ17x
@Punch_xor_judy,UgwHDcr8nRMJASd7p_F4AaABAg.ALw7rTbQQnLALwDgZWlFrh
@Punch_xor_judy,UgxGa4-zxr_hX0obZNV4AaABAg.ALw6v69N373ALwDlKSjrJi
@Punch_xor_judy,UgwyilHizYh0VwH4O8x4AaABAg.ALw5LK4c9_LALwDtCSdvb_
@Punch_xor_judy,UgwyilHizYh0VwH4O8x4AaABAg.ALw5LK4c9_LALwF3YcitPP
@badabing3391,UgznCT8qmfH7ETnHzI54AaABAg.ALw555m-qNOAM3ga4tTQ7i
@flibbertigibbet-at-arms,UgzBzC7lr7Lj_kMKJHh4AaABAg.ALw32RYxwYaALwTOzcCZut
@Punch_xor_judy,Ugx2wvonjy5L2GqjZht4AaABAg.ALw2isJR9CUALwEOUP6bZu
@Punch_xor_judy,Ugx2wvonjy5L2GqjZht4AaABAg.ALw2isJR9CUALxa_eOYpdl
@Punch_xor_judy,UgyGMlY6CNoG6NZgjsp4AaABAg.ALw2hn19rRbALwEVbOwG8z
@Punch_xor_judy,UgwgzfAWzXVOw-EsHkJ4AaABAg.ALw26X5qvx6ALwE_QFYd_2
@Punch_xor_judy,UgwgzfAWzXVOw-EsHkJ4AaABAg.ALw26X5qvx6ALwHdLaqh3l
@Punch_xor_judy,UgybE_R_e3bykKQeVwN4AaABAg.ALw0FTKkH_iALwEwK79Yzu
@Punch_xor_judy,UgybE_R_e3bykKQeVwN4AaABAg.ALw0FTKkH_iALxdXZtd6d1
@Punch_xor_judy,UgybE_R_e3bykKQeVwN4AaABAg.ALw0FTKkH_iALyYVL6byCG
@yassine-sa,UgyaGTZ1gcggDQmHRhJ4AaABAg
@yassine-sa,Ugyry10CNrFWONMJHgJ4AaABAg
@badabing3391,UgziyZ0mKXl8NqnYCax4AaABAg.ALvypYzZlQPAM3jRj8-n6v
@Punch_xor_judy,Ugz3PysGjY9wBHA-adp4AaABAg.ALvyd0V-OEVALwFI-l2VK9
@Punch_xor_judy,Ugz3PysGjY9wBHA-adp4AaABAg.ALvyd0V-OEVALwH5qrWkOj
@flibbertigibbet-at-arms,UgxqIpwByDgWDwgVBEZ4AaABAg
@Punch_xor_judy,UgxqIpwByDgWDwgVBEZ4AaABAg.ALvy_NQ37lAALwFPVHBav9
@flibbertigibbet-at-arms,UgxqIpwByDgWDwgVBEZ4AaABAg.ALvy_NQ37lAALwVqbnQWFY
@Punch_xor_judy,UgxqIpwByDgWDwgVBEZ4AaABAg.ALvy_NQ37lAALxbUv22hBp
@flibbertigibbet-at-arms,UgxqIpwByDgWDwgVBEZ4AaABAg.ALvy_NQ37lAALyWlLdXXkp
@Punch_xor_judy,UgxWIrUnU3VU15XBR6V4AaABAg.ALvyN8hoL9AALwFYqtpHn3
@Punch_xor_judy,UgxuoafF2N89fSbsf2J4AaABAg.ALvyJs1d8lvALwFVtTIM9_
@Punch_xor_judy,UgyHWDhm2izgHcwpWUp4AaABAg.ALvxASfppJjALwGJAXIkpv
@jursamaj,UgyahDch5zwleg_LCFF4AaABAg
@flibbertigibbet-at-arms,Ugwwgb35fTI8JriqLlZ4AaABAg
@Punch_xor_judy,UgymV95mipDJK5WNRxF4AaABAg.ALvtVlvmfpYALwGVRyB3Ui
@ДмитроПрищепа-д3я,Ugye52DVHeRfTTeQF2p4AaABAg.ALvtMZNMOOUALvtfEjig7F
@badabing3391,Ugz9B5Fi3KtjBsuotl94AaABAg
@badabing3391,UgygPoTRTRstt-iuOa94AaABAg.ALvs33eJpeOALvtdPosWw2
@badabing3391,UgygPoTRTRstt-iuOa94AaABAg.ALvs33eJpeOALwJKrCCYm5
@flibbertigibbet-at-arms,Ugw2JobwtoNE93hLZZF4AaABAg.ALvqzOWmUjgALwTq7NZqQy
@j.21,UgztkCkPN6k57d3iEbN4AaABAg
@flibbertigibbet-at-arms,UgxUcmtFiQVwuejFZBJ4AaABAg.ALvpFwn_9S2ALvwvEqcIA4
@flibbertigibbet-at-arms,UgxUcmtFiQVwuejFZBJ4AaABAg.ALvpFwn_9S2ALw8iyB8mWG
@flibbertigibbet-at-arms,Ugz81aRm1nfUOcDI_5p4AaABAg.ALvp5Esrn8mALvwkWK2m5I
@deleted-something,Ugxox7Sw89iNoVIv5cF4AaABAg
@IwantA5090,Ugwd0z-bBE5_wXZAWKJ4AaABAg
@badabing3391,Ugz-jCyC8edBsgclLpl4AaABAg.ALvoP0eD1W7ALvtG1ltajc
@IwantA5090,UgxytLqDYP1xTatA3C94AaABAg
@badabing3391,UgyZeLpP5i5-rRiFvLJ4AaABAg.ALvnjmlFrJ2AM3ishqJpHE
@badabing3391,UgwNIVf7KIna-HBt5iZ4AaABAg.ALvnZBdhd9AALvu3UhYY8P
@badabing3391,UgwNIVf7KIna-HBt5iZ4AaABAg.ALvnZBdhd9AALwJZdIrCeW
@ZennExile,Ugwiuq0O17WtF5VfyGl4AaABAg
@orangedog343,Ugx_Vkk0XEMs5dZ7NRR4AaABAg
@orangedog343,Ugx_Vkk0XEMs5dZ7NRR4AaABAg.ALvlpVPwO1VALvpngi9hRE
@orangedog343,Ugx_Vkk0XEMs5dZ7NRR4AaABAg.ALvlpVPwO1VALvq-yKO7AK
@orangedog343,Ugx_Vkk0XEMs5dZ7NRR4AaABAg.ALvlpVPwO1VALvqOtWioO9
@3blue1brown,Ugz4BAieKsMg2xK2tUp4AaABAg
@orangedog343,Ugz4BAieKsMg2xK2tUp4AaABAg.ALvjM00fZHaALvlgxTC4vr
@snowthemegaabsol6819,UgzyMChJoe2dcHfSBP14AaABAg.ANNmwT0JaY0ANYRWe9cVFg
@JordanBeagle,UgyaECinezq_VuKTk3N4AaABAg
@JordanBeagle,UgwOEEjH6ptkl-d-e7l4AaABAg
@JordanBeagle,UgzJtF8BJWBfQ99ThIt4AaABAg
@JordanBeagle,UgzDmm1GYwPGmnLMdhN4AaABAg
@JordanBeagle,UgyyGJ2wUWYqQyWmxCx4AaABAg
@JordanBeagle,UgxxXsSxrL-FwNKjnPF4AaABAg
@JordanBeagle,UgyEfClcAfhz4rWGFX94AaABAg
@JordanBeagle,Ugymu_1VLo9GyA0Z9Oh4AaABAg
@JordanBeagle,UgwYHcQjq4Ttz5G-Dw54AaABAg
@JordanBeagle,UgwqI9IIDUIPK-lqmNR4AaABAg
@JordanBeagle,UgxXr6_wyIK2TG-Vv2l4AaABAg
@snowthemegaabsol6819,UgwqJXW0tMBxkn4w56F4AaABAg.ANHJNaOfLSOANYRgNS7nL6
@snowthemegaabsol6819,UgyFynFA2uAwN9BOpxp4AaABAg.AN4iVh0AiWvAN8E2AKJW9W
@SoggyCat-b2n,UgypZU5vpPVx8P16o-B4AaABAg
@SoggyCat-b2n,UgxaZxtWKOCHSc2thMZ4AaABAg
@SoggyCat-b2n,UgyFu5MN32f_XgSp8Vd4AaABAg
@snowthemegaabsol6819,UgxT4DIg7FX--cvChkt4AaABAg.AMpsecM66KLAN8F09nnN-h
@snowthemegaabsol6819,UgyXXe0itReNlRr9fkd4AaABAg.AM2g-czKCLgAM4WAaXqs-0
@snowthemegaabsol6819,Ugwgv3MJ3SEfh3nRo4l4AaABAg.ALwcc7v29hKALwpWcE19Gh
@snowthemegaabsol6819,UgwCwBsRITADkpQvSmZ4AaABAg.ALq7cX5YhEaALrSNxf3-Ab
@snowthemegaabsol6819,UgyiMFFBJvxXxkmA7lN4AaABAg.ALh8s35QTL5ALrTHCGCTvE
@snowthemegaabsol6819,UgwvLAsx74bT8jQeOrp4AaABAg.ALU-1o5Zp5oALU6KAacJYM
@4.0.4,UgyhSDYWcomEfzVB_UF4AaABAg
@snowthemegaabsol6819,UgyHvmm5g5Z9Aw5XQsd4AaABAg.ALSIA4BMNF6ALU76uYKMh7
@renakunisaki,Ugz9ytJlOgdyok5RzYN4AaABAg
@snowthemegaabsol6819,Ugz9ytJlOgdyok5RzYN4AaABAg.ALPZsmfwFZwALPg3e5A-dD
@3blue1brown,Ugz9ytJlOgdyok5RzYN4AaABAg.ALPZsmfwFZwALPn-O-xWRd
@attattatt-y3h,UgzlFTZAWd1cV8Pa-oN4AaABAg.ALOjnCZJc1AANQNCLIiAw3
@snowthemegaabsol6819,UgxBPl9M5zrKHDQF1v14AaABAg.ALMdcAoOyJoALN69z5H-2G
@renakunisaki,Ugxh8c4JSn41Pu1H9_V4AaABAg.ALMaPqqzvmsALPXvpx3vJ_
@snowthemegaabsol6819,UgybprAKrJVyl37Lpvp4AaABAg.ALLwB3WfynyALM1xtLXUPG
@renakunisaki,UgySziTNy5HKDNObgE14AaABAg.ALIdjkRj55fALPVt1gKrIq
@renakunisaki,Ugx7-Q5JE0N8rZIxruh4AaABAg.ALDdyCkKxAQALPYSv-U2Aj
@snowthemegaabsol6819,UgxP1IKlHTZOJCPqMUB4AaABAg.ALCdyqV82RwALDNbVCeuej
@snowthemegaabsol6819,Ugz0UHb_sO-bzg8D2pd4AaABAg.ALB8B46yz8LALNaCFrfhYJ
@Visitor______________________v,UgyXSZKRIvgH9GEFKql4AaABAg
@jursamaj,Ugyt6kGpYeTSZL71TXl4AaABAg
@snowthemegaabsol6819,UgzeZI9sEHwLc_xgxst4AaABAg.AL81m0Zqyx6AL9zmiEW6hx
@user-qu2bp8zt6f,UgxBIO-cgg_BW8bT8Ol4AaABAg
@snowthemegaabsol6819,Ugygh5C6qn9u63fpVY54AaABAg.AL60rdiodwlALAMOIDSRVs
@ucngominh3354,UgwGmJTOIkgFEsNhtDR4AaABAg
@snowthemegaabsol6819,UgwO1W5RRjrWvZhMwVd4AaABAg.AL4rnKjeH3dALCS49F3AVb
@renakunisaki,UgyLAODSt9rvZMSOmQh4AaABAg.AL46IlsHbUBALPWMFS6ZWv
@renakunisaki,Ugz2EXcq0q8DXHIMwQN4AaABAg.AL3QrFksA8wALP_KGwmSsO
@renakunisaki,UgwsfZlb6UNq1prZT314AaABAg.AL2VIwL8wQuALPWn3OfJ-g
@smellthel,UgzpJNL3u2Z1OwYPu6p4AaABAg
@ZennExile,UgxPN80DSuWFCKKldst4AaABAg
@TheBooker66,Ugw-2TG300OeAC_xW0N4AaABAg
@TheBooker66,Ugw-2TG300OeAC_xW0N4AaABAg.AL0SYk3qmi9AL4pbauTS71
@TheBooker66,Ugw-2TG300OeAC_xW0N4AaABAg.AL0SYk3qmi9ALAX7RSBVAB
@renakunisaki,UgzdBro5uU-7TcjHX5d4AaABAg.AL0NJu_Hoa-ALPYEiXweZ0
@Sammysapphira,UgxTxuNWmRkRW7m8s054AaABAg.AL0Kq8TKpJCAL0ZhxXAWn_
@Sammysapphira,UgzOijMbsjxRdChlcGZ4AaABAg.AL0EnHjt5JEAL0ZDBMPBXo
@attattatt-y3h,UgzOijMbsjxRdChlcGZ4AaABAg.AL0EnHjt5JEANQKxyzessP
@renakunisaki,UgyyDeLwBbbVoPlWE5F4AaABAg.AL0D4omUzf8ALPZQYgFQjr
@renakunisaki,UgwQGaDRNSQyWAPsDwR4AaABAg.AL0C9CvylziALPYkPlKZ62
@3blue1brown,UgyQI6eNgyJlXDVtGNN4AaABAg.AL05fssKp6gAL0Aa3_iIcF
@deleted-something,UgzcNATh70cGAf9eAmJ4AaABAg
@Sammysapphira,UgytRzXlHM6X3YDZkyt4AaABAg.AL00mwjgn4fAL0ZY0liDKb
@deleted-something,UgyXXXUZLSx4YgKe8LB4AaABAg
@minhuang8848,UgxzsJriU_l_6PWjHb54AaABAg.AL-t85Vq4X8AL-zCVnQzeP
@johnchessant3012,UgypYKy2xzbqXXF-pDd4AaABAg
@johnchessant3012,UgxovPcBWi7owvF_ZYN4AaABAg
@renakunisaki,Ugx9R91sSoDRdGdsTkN4AaABAg.AL-qF-DvHfFALPYagGdypD
@renakunisaki,UgyhWKQiRSAbuTqwiFp4AaABAg.AL-msYGudHQALPXZqPbB63
@renakunisaki,Ugy22tWSfcH3taUZvhR4AaABAg.AL-i59RkhjyALPWsUIg-Qv
@renakunisaki,UgzVHPheyhCOQRgTv9t4AaABAg.AL-h5HkMeimALPXjA9L7Gz
@renakunisaki,UgwvYWo31Zsl9Z5HqLF4AaABAg.AL-gXdYa59IALPZZ4uwc60
@CamonaTempest,UgxtxYWkkfDdWZi9u9x4AaABAg
@TheBooker66,Ugz1DqWGXlnJKZVwM654AaABAg.AL-d4JkhbZgAL-y0XVw_2J
@AdvantestInc,UgzNW7xwh1TQzqFkyFV4AaABAg
@renakunisaki,UgzHHAB0phrgok9RqU14AaABAg.AL-a6ru1OeNALPW9DHnrVM
@AlanTheBeast100,UgzVvUb3dSx66vMPv0V4AaABAg
@renakunisaki,Ugxv-93Hz_nRGzjsLd14AaABAg.AL-Xe0aZ70uALPWwYL8-fg
@Sammysapphira,UgxxF8zQo0gxE0VKoVV4AaABAg.AL-XdtKMjTTAL0_2bqy-Bu
@attattatt-y3h,UgxxF8zQo0gxE0VKoVV4AaABAg.AL-XdtKMjTTANQLt-GRZ7m
@renakunisaki,Ugywt_RyxAqg6rBkHhh4AaABAg.AL-XByYIHb8ALPZ9LFpBMr
@renakunisaki,Ugwf_E1RI2a9DDvb03x4AaABAg.AL-X0bWGQLqALPZBuofCHy
@RenderingUser,UgyuEAHrymkjdhufiFh4AaABAg
@RenderingUser,UgwMIL0QYnHa16KwOFl4AaABAg
@3blue1brown,UgwIIY5T31fe55Llt-54AaABAg.AL-TfzrK7fpAL-UVTHNM6S
@orangedog343,UgxLrmZoMZqu_HmD9FR4AaABAg
@orangedog343,UgyzaIUrmrUY1ibxuVp4AaABAg.AL-SL2N4YThAL-SV0xjUDt
@3blue1brown,UgxB1o7t2iPFoGwHC9d4AaABAg
@KipIngram,Ugw-xG2qbWcJBbG8qSN4AaABAg
@KipIngram,Ugycb0QERDG9QAnc7q94AaABAg
@KipIngram,UgyrKYJuD6QWQJnGltB4AaABAg
@KipIngram,Ugy9TXlsnOLyqh3f--h4AaABAg
@3blue1brown,Ugxq3VucfE3td8Y5CqR4AaABAg.AJa_Du5PjyOAJajKYChyiv
@lunkel8108,UgxgnEsJEZLWLfb2wXB4AaABAg.AHqrGlJO7vxAHs6E7JebmH
@lunkel8108,UgzsrpJM3RpCErxck4B4AaABAg.AHnHc2ronbuAHpVYg0pBEi
@lunkel8108,UgzsrpJM3RpCErxck4B4AaABAg.AHnHc2ronbuAHpbpif3ee2
@ai3t86,UgypNvFsh2jMFcPdtBd4AaABAg.AHn0F3WrD2XAHnG_unVDAr
@KohuGaly,UgzfFrHVNT4Z1McldwV4AaABAg.AHkZHa_RmgPAHkfxiUCmhk
@KohuGaly,UgyixHoxIG949HGub3Z4AaABAg.AHkY3ea154CAHkhGN3b6Dh
@KohuGaly,UgwgHBpxbn_bjsBoF6p4AaABAg.AHkXwfq1RA4AHkhasqxA7n
@KohuGaly,UgzkpOBekSIOVN8YaO94AaABAg.AHkQP4eATqcAHkj2rvpYDb
@KohuGaly,Ugxulmy2IyBhSP41PUx4AaABAg.AHkLGhAeq7LAHkmQ2WoGUD
@KohuGaly,Ugz5TJ0O8yqzV9M0KXp4AaABAg.AHkGeXwCwFMAHkn7TWTtdp
@PeterMoore-q5k,UgyU9q-L9ozFmis9hNJ4AaABAg
@lunkel8108,Ugz_io0jH1Lg6x61zFF4AaABAg.AHjm631fTwrAHk6w-rh1T6
@lunkel8108,Ugz_io0jH1Lg6x61zFF4AaABAg.AHjm631fTwrAHkAE8R561A
@lunkel8108,UgzHAaSvglYmBJqnKg54AaABAg.AHjWNho2b6kAHk8dSAhGrj
@Gnoza_,UgxlvMin4bJ2eyd3Fwd4AaABAg.AHjWJ_McfoXAHju7-KkQnW
@Gnoza_,Ugx30DM_0osB8eQ2S-B4AaABAg.AHjR-VCSJZqAHjwHAYb4zM
@Gnoza_,UgxUiRtCeuQRwr-IljZ4AaABAg.AHiz6QXSg5SAHjvdQPnhAS
@Josh-ks7co,UgxnduN74hFZkQ0v-tN4AaABAg
@Gnoza_,Ugz7hl8K6IqPR8Dg7WR4AaABAg.AHiu3SvFenrAHjuYhNn6rS
@Gnoza_,Ugxthtq9E5vqNjpAqQt4AaABAg.AHifjl5RG4TAHjwc7pSKTL
@Gnoza_,UgzhbIahoAMTvApP5dt4AaABAg.AHif3gvRkxfAHjuBSZ6rZG
@ai3t86,Ugxjt2kE4W7IJRUutwF4AaABAg.AHiZv6S7FCHAHialbmAPaH
@ai3t86,UgyWXqqhDf6TysdkIaF4AaABAg
@ai3t86,Ugyd3juAfat5Fi2Itah4AaABAg.AHiYhdPjf_vAHiZtsSxhXR
@ai3t86,Ugw1kLF_ACkHx7Xaydl4AaABAg.AHiXnKJppBgAHi_9DBF7sK
@ai3t86,Ugz8agnw8NKvo-AdVQl4AaABAg.AHiVLLKEvSfAHidgT5BD-C
@ai3t86,UgwQIIz6zOhvKqJaBJZ4AaABAg.AHiP_8aZdyYAHiedTi6G8Q
@ai3t86,UgwdkSn-Csnf_ck7aHp4AaABAg.AHiOX5uZKoNAHif-CrJxko
@Barmetler,UgyA-lxWMuYvFM1dvnh4AaABAg
@ai3t86,UgyA-lxWMuYvFM1dvnh4AaABAg.AHiNFBQpvXlAHifJaLhqQy
@Barmetler,UgyA-lxWMuYvFM1dvnh4AaABAg.AHiNFBQpvXlAHkzEca9x06
@ai3t86,UgzDMPGT02ExYAFpmqh4AaABAg.AHiMMPYgHNBAHifXHWzdMd
@ai3t86,Ugyl5WYZub74Tzmj1o54AaABAg.AHiLFL8eU_kAHig8X43ibH
@ai3t86,UgzN8Hxh-2yibk6kyEp4AaABAg.AHiJxav4vhgAHigM9xvfBm
@ai3t86,UgzN8Hxh-2yibk6kyEp4AaABAg.AHiJxav4vhgAHigRuedKob
@ai3t86,UgxQC2b3DeAtdeEbbyd4AaABAg.AHiJQY_-zj_AHigi7VgFkC
@ai3t86,Ugzvt5InqJh1ALgcpyV4AaABAg.AHiIkK6i7C2AHih3OD-p8p
@ai3t86,UgwCSTHJ2g5_lLgMNjh4AaABAg.AHiFAkf5yHzAHihQvJ-wP1
@ai3t86,UgwvuHreKnXAaIJ9K414AaABAg.AHiF88PHjNJAHihcJpGM9_
@ai3t86,UgyYBMmn9JGyulyBBx54AaABAg.AHiF2x4R5bZAHihm3-yik7
@ai3t86,UgwIyiDQdJ6ByjTlH5B4AaABAg.AHiEnUGryZwAHiiDAiuEB2
@ai3t86,Ugx9ZZg0C2DS3Mxauwd4AaABAg.AHiDGGeOaOzAHiisbAEFWx
@ai3t86,Ugx-C6S6DfaEwun4fl14AaABAg.AHiD8GNpKRVAHijX2nhK2p
@ai3t86,Ugx-C6S6DfaEwun4fl14AaABAg.AHiD8GNpKRVAHkx9YoW2PJ
@ai3t86,UgxMosLh_N2QiajEB694AaABAg.AHi8kmMTnmqAHik5yUcsTh
@ai3t86,Ugynho0JITiCifueWZF4AaABAg.AHi8O6wdARtAHik_zBrctH
@ai3t86,Ugynho0JITiCifueWZF4AaABAg.AHi8O6wdARtAHo2fAgP5xa
@johnchessant3012,UgzPaVypTyVvYj9FSF54AaABAg
@4.0.4,UgzrfdWI3Jjvz6DBaNZ4AaABAg
@PhysicsPolice,UgyDJUQm8X7eMFjCjLJ4AaABAg
@Gnoza_,UgyDmcHDP0UNVS4DSZl4AaABAg.AHho4GU3AJZAHjwtPO2gkr
@newbie4789,UgxWRSsBF_fzNChpFa14AaABAg
@Gnoza_,UgzEoU4OVLyi1PW0z8J4AaABAg.AHhly22rzoGAHjv8VC96CV
@Gnoza_,UgzEoU4OVLyi1PW0z8J4AaABAg.AHhly22rzoGAHm015TAlus
@kylebowles9820,UgzSaRwEtpjAkZftvAt4AaABAg
@kylebowles9820,Ugw-RNH9GhC2W2IVTl54AaABAg.AHhgYCsQoaNAHhjSOX0yFg
@kylebowles9820,UgzMdbeBvSV8mEvTyF54AaABAg.AHhfaF5-8j_AHhjtDph-bz
@kylebowles9820,Ugx5oFUJWjkSKHB9HWd4AaABAg.AHheH2FKQbjAHhh8OAAO74
@ai3t86,Ugzh-Ilx01b6peslnTt4AaABAg.AHh_LRpQ2LOAHiDBF6hxtO
@ai3t86,Ugzh-Ilx01b6peslnTt4AaABAg.AHh_LRpQ2LOAHiPSDMDXEJ
@ucngominh3354,Ugxiz_0ipMMii2EPyAZ4AaABAg
@Gnoza_,UgwZB7DK56hdtXXFFVl4AaABAg.AHhXfFSxJLgAHjwyI0bEO2
@3blue1brown,UgzP_JGwJ-3WUy91C5B4AaABAg.AHhWMPNku2RAHhXJCY-wi4
@kylebowles9820,Ugyi_MiaDUdDQ30nDuh4AaABAg.AHhWJfKy-mEAHhle3WfX00
@3blue1brown,UgzWu-1mzvMBjuA0vmB4AaABAg.AHhVg4r7Yd7AHhZ3LT7opX
@mb2776,UgwcFkjthiKxruezDct4AaABAg.AHhRoyqGiRzAHhSQJgxrRj
@kylebowles9820,Ugw86d9uEDAnoU3WL-J4AaABAg.AHhR_mUfsxDAHhfLd4Jn5f
@kylebowles9820,Ugw86d9uEDAnoU3WL-J4AaABAg.AHhR_mUfsxDAHhniXWOxDd
@mb2776,UgwTvcKN2anEEkCq6414AaABAg.AHhRHu7TUInAHhS6-txnvM
@mb2776,UgwTvcKN2anEEkCq6414AaABAg.AHhRHu7TUInAHhW7eytCL_
@mb2776,UgwTvcKN2anEEkCq6414AaABAg.AHhRHu7TUInAHhYxvuZrGp
@KohuGaly,UgwgRASUXhgmz-J48Cx4AaABAg.AHhQwNUbeW0AHhX7CsgzUo
@KohuGaly,UgwgRASUXhgmz-J48Cx4AaABAg.AHhQwNUbeW0AHjNi-LrVpB
@KohuGaly,UgxfRyw1Zn6kiwicUGt4AaABAg.AHhQgOl1XhCAHhXbIDUTFm
@mb2776,Ugwnr0lc4IQ3w-kpi294AaABAg.AHhQK95IrU3AHhRjfiVzSq
@mb2776,Ugwnr0lc4IQ3w-kpi294AaABAg.AHhQK95IrU3AHhVvK9Im0Y
@mb2776,UgwJHWZsFU0bQbqWwBZ4AaABAg.AHhQEsddfsGAHhRcpWkU-0
@KohuGaly,UgwwKIT8JMF26sTfFVV4AaABAg.AHhQ7tuF3AeAHh_QMcRTmJ
@KohuGaly,UgxbAfqq5fcLG8U55EB4AaABAg.AHhQ4JI1EqNAHha-TPi4_4
@mb2776,UgyDFzs_cRu7CTXGZOV4AaABAg.AHhQ051BWKdAHhQdRB2CTt
@KohuGaly,UgxWeATATr5Fb_WLKr94AaABAg.AHhPlYdFR9BAHhcIzyD4Vn
@mb2776,UgwqoE85K9ErpjymMAd4AaABAg.AHhPYRe-V0qAHhQQ-ZrFYA
@3blue1brown,Ugyg40WuGMLmoErhzT94AaABAg.AHhPRSR_U2EAHhPjVzBWUP
@mb2776,Ugx_gH7fLareg7K3LVB4AaABAg.AHhP8eAfGkZAHhQ14nE1ej
@movitoviscyrinxed446,UgxEwFhw2cE3gr2S27V4AaABAg
@mb2776,UgwzZJsvGZr1OQ69wTR4AaABAg.AHhOrJZRO6wAHhPOrGJuDT
@mb2776,UgzTQUgnVi555Z7vpF94AaABAg.AHhOPTvl8lSAHhPd05g5MS
@mb2776,Ugx6ECuj92dpF5VZnY14AaABAg.AHhNqLUIXdWAHhR11vonn6
@lunkel8108,Ugz5BnZcTsKBh52R6h94AaABAg.AHhMsd5V0CUAHhNxUFt1hK
@ДмитроПрищепа-д3я,UgzJUw3fszuWJEUzBKp4AaABAg.AHhMW54Mhh1AHhMoVKGSzb
@mb2776,UgxaPH7D586atf8G5cl4AaABAg.AHhMC0ku5M4AHhO_tnnmP6
@lunkel8108,UgyPWPMk-EQgyu0nAXh4AaABAg.AHhM4eDRcn2AHhNg4yfpPH
@smellthel,UgwGraoKdcwjtLa6rpt4AaABAg
@smellthel,UgwMyNLS5NAj_XrMUIp4AaABAg
@mb2776,UgyCoZ8RMW4YKbT9dtR4AaABAg.AHhL8y3EFAgAHhOK3OuEZW
@hanifarroisimukhlis5989,UgwduYgDEp-2mUNE_GB4AaABAg.AHhKxaL7UA4AHhLMbuuBbu
@mb2776,UgwduYgDEp-2mUNE_GB4AaABAg.AHhKxaL7UA4AHhOl_lYRUl
@mb2776,UgwWcixtZ_YPZc6w_rB4AaABAg.AHhKvApGWxpAHhSlR4KS4k
@kylebowles9820,UgxUlqzyjRirS0rnWIF4AaABAg.AHhKEoWq4leAHhg8K1Gdif
@mb2776,UgxShJ8qhixSI0MW8bZ4AaABAg.AHhJsWfgKDKAHhOrleep96
@PeterMoore-q5k,UgyjNFskQhcjon04VzZ4AaABAg
@3blue1brown,UgxB1o7t2iPFoGwHC9d4AaABAg
@lunkel8108,UgxiLJK1YKZLjIFe85R4AaABAg.AHhJ8vgfkwGAHhL8rEaqyP
@hanifarroisimukhlis5989,UgwHBPw2Fx0TJvlICB94AaABAg.AHhJ4ttmnpDAHhLEVw1yrk
@mb2776,UgxSoQUButhYFbXCyoR4AaABAg.AHhIvJsK9emAHhSfiN_Qss
@hanifarroisimukhlis5989,UgzfXvlHUcIPheBoqkF4AaABAg.AHhIjeYqgxTAHhJBA6Z05c
@mb2776,UgzfXvlHUcIPheBoqkF4AaABAg.AHhIjeYqgxTAHhQHPnOPQe
@hanifarroisimukhlis5989,UgxnvYYt7S6SQmZpDj14AaABAg.AHhId-dSBr9AHhJ0FrRqMY
@hanifarroisimukhlis5989,UgxnvYYt7S6SQmZpDj14AaABAg.AHhId-dSBr9AHhKIsCH2Ky
@3blue1brown,UgxnvYYt7S6SQmZpDj14AaABAg.AHhId-dSBr9AHhKki92Th8
@mb2776,UgxRiJ5H9SUWTP8p4Bh4AaABAg.AHhIcN-wsDUAHhT3xqO_7G
@hanifarroisimukhlis5989,Ugz1OrPgpia0Ach5uUx4AaABAg.AHhIYehr-13AHhIfCqam7S
@mb2776,UgwYtB5FVpmE94k4psN4AaABAg.AHhISgCQFl8AHhNzvcsx0V
@hanifarroisimukhlis5989,Ugyb1TrbZf8lIC9ElyF4AaABAg.AHhI5BU4B-_AHhIt-GanFW
@minhuang8848,Ugyb1TrbZf8lIC9ElyF4AaABAg.AHhI5BU4B-_AHhJ-SqCH69
@hanifarroisimukhlis5989,UgzEgkYHBaFxIKlL2Ep4AaABAg
@RenderingUser,UgzAVgJbL373NoDDWyZ4AaABAg
@3blue1brown,UgyVfazJsqhBSApDeel4AaABAg
@JesusPlsSaveMe,Ugxwq3OBjEfFCmyFU1J4AaABAg.ANMb88n5QBYANQWTYT5RH-
@KipIngram,Ugw8p2IVskwGnxLoLtd4AaABAg
@KipIngram,Ugw_ij5uBBg4LAGlZr94AaABAg
@KipIngram,UgxyF2PVE_FTFkwqLUB4AaABAg
@hassaan1670,UgztOHneH_DN5HRwd0l4AaABAg
@renakunisaki,UgxA09Cu0v_IXd-zcEh4AaABAg
@3blue1brown,Ugxm0Rt2n_wes0lf3dV4AaABAg.AHmfraTHTJFAHmgurHtZkr
@3blue1brown,UgwxtMmYm6y-c81eHfJ4AaABAg.AHj7gzzqjYlAHjCYAQeiTE
@3blue1brown,UgwP9w0Behfmxi1m3Zd4AaABAg.AHhP3jiuCBcAHhQ0u72OLb
@ucngominh3354,Ugzz50bYhe4SOmrNizx4AaABAg
@clonkex,Ugzj19xvLJlNfwoqyQV4AaABAg
@IwantA5090,UgzpT--imtwz5pZq4Ax4AaABAg
@TheBooker66,UgwmO_S2qZnwtwxM1Sp4AaABAg
@lunkel8108,Ugxls7PGqkpkX8jf7nV4AaABAg.AH_ftU45iNQAH_kmM6Gb7i
@lunkel8108,Ugxls7PGqkpkX8jf7nV4AaABAg.AH_ftU45iNQAH_omitlP8a
@lunkel8108,UgyE7cHN5jxafEjMFgp4AaABAg.AH_XD04ez_FAH_lL2r8Yi8
@mb2776,UgyO_thKeZ0fBy21JS94AaABAg
@mb2776,UgzGSvlGTTmPgjV7Cqp4AaABAg
@Verrisin,Ugysy4L6lGXcLNJwQBF4AaABAg
@Verrisin,Ugysy4L6lGXcLNJwQBF4AaABAg.AH_FNUFEbZyAH_F_SKaM_M
@Verrisin,Ugysy4L6lGXcLNJwQBF4AaABAg.AH_FNUFEbZyAH_FfdJBjHF
@lunkel8108,UgxO6LQWHn9RKSXCmxV4AaABAg.AHZj3xwz1nHAHZmc7nxF_o
@lunkel8108,UgzSl9vVTMXuSfCMJkx4AaABAg.AHZidbxjYBzAHZnUDM5btd
@johnchessant3012,UgylwOav209MnVSgsZp4AaABAg
@3blue1brown,UgwxLbeWCVq0V6xfkP54AaABAg.AHZLdZIYz6kAHZOEsQYqJa
@yassine-sa,Ugzwm9Qyz6Q-UvLrGqd4AaABAg
@yassine-sa,UgzZSr0Oo6bi2ERng-94AaABAg
@3blue1brown,UgwaxtISxvz6L4hh_th4AaABAg.AHYyzOjtPNKAHZ0UAs7OwH
@GuiDuckz,Ugy6Ldl7HgIBa7p6sTl4AaABAg
@3blue1brown,UgzYbTjKjgSLAxqJWex4AaABAg.AHYr-pAdedWAHYutKZ9kzg
@3blue1brown,UgxUWdnRPCV_On1xP414AaABAg.AHYoxu7i7r5AHYpL7qlhsT
@3blue1brown,Ugxi-ukJj_pZC3RUbf54AaABAg.AHYnp8p_QOMAHYpXfZ04cm
@3blue1brown,UgzERJvynh55Y2XDdW94AaABAg.AHYnao7H7jlAHYpgNySbqj
@removechan10298,UgxSov3xuVTWD0POxL94AaABAg
@3blue1brown,UgxwaNz1zoV54BsFykB4AaABAg.AHYlCQWq-MzAHYlZ5dMwJa
@3blue1brown,UgzRe6LIaAzHeCDU8vt4AaABAg.AHYk37Fvg8WAHYmSWGX0o0
@3blue1brown,UgwgymV8obAnZJRs_hp4AaABAg.AHYjA3mfCzWAHYkVKigPWx
@lunkel8108,UgzZSz46e_4OTJyf1I54AaABAg.AHYe09p5J5EAHYhtv9S-Wo
@deleted-something,Ugykg7NYvqUNVKKh0T94AaABAg
@ucngominh3354,UgxpBnV3Qdcbh6zynbJ4AaABAg
@PeterMoore-q5k,UgwJAylcjMTO643ZkDB4AaABAg.AHYXbjPTPRDAHYZFjo_Bnx
@lunkel8108,UgwrSB4s3ncl64pyazl4AaABAg.AHYT8AlzDdrAHYYEaTTxdT
@lunkel8108,UgwrSB4s3ncl64pyazl4AaABAg.AHYT8AlzDdrAHZkVb83BXI
@newbie4789,UgypcOs5K7lelm4tJ7p4AaABAg
@ai3t86,UgxDvZp3csZlWj3e4AZ4AaABAg.AHYQSA4acj7AHYVknsgv87
@3blue1brown,Ugygtdl7S8uH-48JdE94AaABAg.AHYPi0BHEReAHYQVceX253
@kylebowles9820,Ugwfp_hKRJide34eW6l4AaABAg
@ai3t86,UgwmI-HsAzK2tgf9ard4AaABAg
@ai3t86,Ugz6ZbIeCkyefOA1e6p4AaABAg.AHYLnSIh_L5AHYUfAJOjSm
@3blue1brown,UgxFQld5tS7UJhtNoPV4AaABAg.AHYLdYTYJAwAHYRvELHJTU
@kylebowles9820,UgzJ1QLrII3XUhUGsIF4AaABAg
@lunkel8108,UgwLPTmEmYcs0ke1P2N4AaABAg.AHYKhANv5vLAHYLu7FPnSR
@3blue1brown,UgyVfazJsqhBSApDeel4AaABAg
@lunkel8108,Ugx3mVhHBEQ6JNzK0td4AaABAg.AHYJYqXs0fRAHYNy94G5dn
@3blue1brown,UgyCUiWsihwIZr8mgvF4AaABAg.AHYIsshj4LfAHYMaSqeNg3
@orangedog343,UgyCUiWsihwIZr8mgvF4AaABAg.AHYIsshj4LfAHYq8cYIXMD
@RenderingUser,UgyVbk5IswVuaXs8ry14AaABAg
@movitoviscyrinxed446,UgwaHQFw_Z8QJstoGzJ4AaABAg.AHYHBf-On0qAHYI6kyTgny
@movitoviscyrinxed446,UgyKZ9MH-ENGmvSeitV4AaABAg.AHYH81MffhUAHYI8jn2JJ-
@movitoviscyrinxed446,UgyIjFUdETveDVsbot94AaABAg.AHYGdtZR7dpAHYGtFanrAm
@movitoviscyrinxed446,UgzwRcvMeJoQrt8EGVh4AaABAg.AHYGdLGKrwZAHYGxm3f5z7
@movitoviscyrinxed446,UgwO-CMVGKP0up3uQ3R4AaABAg.AHYGcE1hb1_AHYH-VtDPkc
@movitoviscyrinxed446,UgwUKRSp5MHA2uPu0Ah4AaABAg
@UnCavi,UgwUKRSp5MHA2uPu0Ah4AaABAg.AHYG9wk1IFEAHYGtr0WEm5
@movitoviscyrinxed446,UgwUKRSp5MHA2uPu0Ah4AaABAg.AHYG9wk1IFEAHYIKA_LMCp
@UnCavi,UgwUKRSp5MHA2uPu0Ah4AaABAg.AHYG9wk1IFEAHYJeFqzYbp
@kylebowles9820,Ugw0CG2dj2xmnWcTj094AaABAg.AHYG05EOBGdAHYR06AgELZ
@kylebowles9820,Ugw0CG2dj2xmnWcTj094AaABAg.AHYG05EOBGdAHZi5CMyF4y
@UnCavi,UgwDO3dSyyAVkOpaA1h4AaABAg.AHYFOosv9IZAHYHbRToBZw
@lunkel8108,UgwDO3dSyyAVkOpaA1h4AaABAg.AHYFOosv9IZAHYIlFYM6LG
@UnCavi,Ugyo68y4Ai2ntaOOchR4AaABAg.AHYEx9uyTXYAHYIEExWEh7
@UnCavi,UgwM5Vls5OU4nu-ACut4AaABAg.AHYEQvMj_QHAHYIMT9RHj2
@lunkel8108,UgwM5Vls5OU4nu-ACut4AaABAg.AHYEQvMj_QHAHYJl01aOTY
@danser_theplayer01,UgzeUe_MZAtfQG-W9p14AaABAg
@UnCavi,UgzbdZmndJq5bdLgeu94AaABAg.AHYE9GIFjhfAHYIU4--Tu_
@movitoviscyrinxed446,Ugws6tEQCTGFjJj9V8V4AaABAg.AHYE8P0fG0cAHYH38y4MK_
@UnCavi,Ugws6tEQCTGFjJj9V8V4AaABAg.AHYE8P0fG0cAHYIcJNjBFu
@UnCavi,Ugwk5RN92Ee3LfdPg214AaABAg.AHYE7E38WN-AHYIg7M2qtV
@UnCavi,Ugwgo7_525XxobmnWsB4AaABAg.AHYE3GVO75aAHYIub-imz4
@UnCavi,Ugwgo7_525XxobmnWsB4AaABAg.AHYE3GVO75aAHZ09tpmvcE
@UnCavi,Ugwgo7_525XxobmnWsB4AaABAg.AHYE3GVO75aAHZF8yfp7SM
@3blue1brown,UgxFarfqKpd5hhwtwr54AaABAg.AHYDQtTDwPlAHYHb0RRINr
@3blue1brown,Ugwi-pQLJ7l79hhkAtB4AaABAg.AHYD4X_hn4LAHYHBUFc-LN
@lunkel8108,UgzFz_0OWwMKJ1o-NV54AaABAg.AHYCeGPse02AHYKt4YCwiS
@UnCavi,UgyiLCh5lnAHfLygDrR4AaABAg.AHYBfj4wPFKAHYJUFrP0zr
@UnCavi,UgyiLCh5lnAHfLygDrR4AaABAg.AHYBfj4wPFKAHYyaSf24XJ
@N0Xa880iUL,UgyA0yU4m5cORGqZYQh4AaABAg
@j.21,UgydgIsRKkDhc0A5SF94AaABAg
@j.21,UgydgIsRKkDhc0A5SF94AaABAg.AHYAM9OLsVrAHYAw0nSe04
@movitoviscyrinxed446,UgyW-EwnB8YuusCH6gF4AaABAg.AHY9B-_eLUKAHYH6wySjq-
@IwantA5090,UgwgfVJnEHqpsgQaLPN4AaABAg
@hanifarroisimukhlis5989,UgwKB6Ysh2yiZnjT4nt4AaABAg.AHY8V8QE4XwAHYEDibHQRG
@ai3t86,Ugxsihziu6kkYc246554AaABAg.AHY8QE8iUW_AHYQhikX_Vd
@ai3t86,Ugw7sf9c2zijwVv6et54AaABAg.AHY77plpBSvAHYIoo6yeWI
@GuiDuckz,UgzM2YSTotzwAhSjWHF4AaABAg.AI-nP2u-PDWAI9EYO876vl
@ДмитроПрищепа-д3я,UgyKfWTlS7kgp_NZ1-Z4AaABAg.AHYXhiKcSY3AH_3JLAxWco
@veritasium,UgwqZQn4Fd3wwaVERMN4AaABAg
@naptimusnapolyus1227,UgxEfKFYvrN1TdSHwqN4AaABAg
@MichaelSavoji1987,UgxZ2Rwrp5TnerfZ7L94AaABAg
@MichaelSavoji1987,UgyQXynUcSwj-iJB4NB4AaABAg
@MichaelSavoji1987,UgxWdqwb-xqfys1FiLN4AaABAg
@MichaelSavoji1987,Ugx941pFvmTSQXdodTl4AaABAg
@MichaelSavoji1987,UgyfRpYpvD-hP533YnR4AaABAg
@MichaelSavoji1987,Ugy2LooK64j2Xerko0N4AaABAg
@MichaelSavoji1987,UgyH6EhCk0N1_wQTmmJ4AaABAg
@MichaelSavoji1987,Ugz8mXTgJ1gE0tuyzjx4AaABAg
@MichaelSavoji1987,Ugw-ub0IkDcWjj3yd-p4AaABAg
@MichaelSavoji1987,Ugz3h10zB2fwQyYW5tF4AaABAg
@tst_09,Ugwc3JNoII0G0bSxNJt4AaABAg
@suicideghostftp,UgwgMw1FlhqZ2-nT95l4AaABAg
@suicideghostftp,UgwxjSYbRz9VU4yZuZJ4AaABAg
@suicideghostftp,UgyM7WN3rY-p231V2j94AaABAg
@suicideghostftp,UgxtTDRassgtbsGpR_94AaABAg
@suicideghostftp,Ugzs4Rhuu0Rw0fgDtip4AaABAg
@suicideghostftp,UgxlAxJFIib7RXw4PIJ4AaABAg
@suicideghostftp,Ugz36RQ8bvyfEfoLGM14AaABAg
@yassine-sa,UgzRE0pipH7KSlZkT0R4AaABAg
@danser_theplayer01,UgzHvCp8yxmt79PSqdp4AaABAg
@danser_theplayer01,UgxipG928DsmcAQv8ER4AaABAg
@danser_theplayer01,UgykHTz-l_7jrrAGAf54AaABAg
@Ezboy666z,UgwwcnoY3yiHTfEY-kN4AaABAg.ANRfOd_dT81ANRuAJcRcx7
@Ezboy666z,UgyRnGMPlaYNPXSeL6p4AaABAg.ANRfExoS1aKANRuFW53sn2
@Ezboy666z,UgzMVWAOd7BJAnpldQN4AaABAg.ANRcXvVQR_VANRuMVj1nY9
@Ezboy666z,UgyIGYA1UkmwKkTVprN4AaABAg.ANRZYEHkei6ANRuUjxboII
@Ezboy666z,UgyZGnWherrg_8tQxHR4AaABAg.ANRXM875r1MANRuaXBVO-I
@PeterMoore-q5k,Ugz5K9MCV59cN_gF2Yd4AaABAg
@Ezboy666z,Ugz0o3aWE3r73EY_B3F4AaABAg.ANRHy3d4Tf3ANRv-zOSi2y
@Ezboy666z,UgwPDnZwxdM4h_wxTa14AaABAg.ANRFRDt_ZTGANRv86ZUR86
@Ezboy666z,UgxRuEjgsDUczrOJHR94AaABAg.ANR4LN3IdtbANRvLcR3hI9
@Ezboy666z,Ugzinweor3Im6oaC5fp4AaABAg.ANQvlpxniYNANRvbeA9WZf
@Ezboy666z,UgyuDYKCtJuTm-PTOwZ4AaABAg.ANQp-D4QcfBANRvmnQKx89
@Ezboy666z,UgzFFNEDALn42W8bAmB4AaABAg.ANQoWuxCgaoANRvrh1PPV1
@Ezboy666z,UgxwZf6sWWabzZxPgR54AaABAg.ANQmzZK4Cx-ANRvx5wVPIf
@Ezboy666z,UgwLQPGCFbLyoX3abD94AaABAg.ANQcyR4CqVOANRw6Cx6RCS
@Ezboy666z,UgzBPoWWT1VDJTvdBRB4AaABAg.ANQYpsgjp9tANRwMWac-RI
@Ezboy666z,Ugy7EgkRCLo67m5XlpZ4AaABAg.ANQYEOkR7QsANRwj3xR1OZ
@Ezboy666z,UgwBy6QBJzIGzDJPUJd4AaABAg.ANQOowy6CwYANRx8pAEW_F
@zenlettering,UgwPUO0GLEIhn7g_R0V4AaABAg
@Ezboy666z,Ugwf3_QuiM4caL4QlTV4AaABAg.ANQMXC26QZHANRxQjkLYU9
@Julzaa,Ugxn6aYxWOEQkg3pHph4AaABAg
@Kyojinsei,UgzFMQGY2IvUnGmsgd14AaABAg
@thaddaus_mizgata,UgzMf5fJ3OLfnS5fwtR4AaABAg
@nunisworld7475,Ugy48TZPApdCnGb3qB94AaABAg.ANNrcgsIpvvANPNgcvvvsi
@ShadowByNine,UgxSbrEfp3Sr41Fx4MZ4AaABAg
@BiG_Brain13,UgzkOtb_Vy6F4rV_Z0x4AaABAg
@nunisworld7475,Ugyp8eR5zvCXKBX0Zu14AaABAg.ANNjafqKA8QANPNH2gB23g
@attattatt-y3h,UgzEoQTTc80NY_ONjzR4AaABAg.ANNdag9UeHQANQ2Yte1yvj
@attattatt-y3h,UgzEoQTTc80NY_ONjzR4AaABAg.ANNdag9UeHQANREa7zcKGp
@JeremyAndersonBoise,UgxyS2HwaWOUJVvwgRZ4AaABAg.ANNc2VlDqmJANNtAuaa2mZ
@LinasWizz,UgzarRt6rdH_JUxFE8x4AaABAg
@andrewzhuk8713,Ugwvud4MR-9VyQwc1-p4AaABAg
@attattatt-y3h,UgzYuNEHY_ZTjmbvUPF4AaABAg.ANNaFyX8IKrANQ25aSu1M4
@Ezboy666z,UgzYuNEHY_ZTjmbvUPF4AaABAg.ANNaFyX8IKrANRtlYASdpt
@LinasWizz,UgxfE3N0bXjXdQFwAs14AaABAg
@LinasWizz,Ugz9eoA8hTcf2O4_5PN4AaABAg
@andrewzhuk8713,Ugx_eCnADN8JHmrvkTt4AaABAg
@andrewzhuk8713,UgxPdmCE7MtXnOg0QkV4AaABAg
@andrewzhuk8713,UgxTM5IzvbOw6HGYcrB4AaABAg
@LinasWizz,UgwVYHv_FkecSvv3bwZ4AaABAg
@CamonaTempest,UgyJb77wTbLDuirB5qN4AaABAg
@veritasium,Ugxag9scdzxo5RWTO8x4AaABAg.ANN19Y9jEk5ANPUBJ15uxq
@nunisworld7475,UgyiLAJU-UzQgWzR1QF4AaABAg.ANN-pbMTZUFANN2owW6TWl
@nunisworld7475,UgyxcH8oEC3hmwhtXxh4AaABAg
@N0Xa880iUL,UgyjdG4BMzRUpZQ1sHd4AaABAg
@nunisworld7475,Ugwvt8HG9oB4FNwWIEx4AaABAg.ANMsORWqMixANMzDImBkG_
@nunisworld7475,UgxfOkMMxao9ezWs-K14AaABAg.ANMrudMP8WRANMzisMm0vP
@JordanBeagle,UgxX57zr7xaYvAQfZTV4AaABAg
@JordanBeagle,UgwSKVEMFn5FQHHSS9J4AaABAg
@JordanBeagle,Ugy1kTGTk98tHeAqEsx4AaABAg
@JordanBeagle,UgzCQP3vhtfjPk0InT94AaABAg
@JordanBeagle,UgwmMDkpCp6sKmMabMd4AaABAg
@JordanBeagle,Ugw4QgktVuxOEMIZewR4AaABAg
@a_ggghost,UgyMZGo6z9k-mwKzyw94AaABAg.ANMfag0ujTpANMmaN_z7uF
@a_ggghost,UgyMZGo6z9k-mwKzyw94AaABAg.ANMfag0ujTpANN2iZvm_Ic
@veritasium,Ugydu8KmNIAYtujY0YF4AaABAg.ANMf8277TwJANPUUZgqIGc
@GrimJackal,UgzSvi1JN3RlOxr3QKh4AaABAg.ANMdOjFCIp2ANMdvVBY3Bc
@nunisworld7475,UgyrgdgDzweTo4RdMyB4AaABAg.ANMd0vK9et7ANPNis2R75g
@attattatt-y3h,UgyrgdgDzweTo4RdMyB4AaABAg.ANMd0vK9et7ANQ3GI-ylda
@nunisworld7475,UgxDH2975vyB9gSTPp54AaABAg.ANMcoQcpjoHANMyLypMnhc
@nunisworld7475,UgxDH2975vyB9gSTPp54AaABAg.ANMcoQcpjoHANPNeiJKugE
@nunisworld7475,Ugw12qr1KwytGdfN3Z54AaABAg.ANMbgAXvhRmANN0F-34ufu
@nunisworld7475,Ugw12qr1KwytGdfN3Z54AaABAg.ANMbgAXvhRmANPNfUs_-rj
@nunisworld7475,Ugw12qr1KwytGdfN3Z54AaABAg.ANMbgAXvhRmANQo119IBVP
@thaddaus_mizgata,Ugw2mNieG5ubBCm55Ot4AaABAg.ANMaVZb0UIWANN9bkljhGd
@nunisworld7475,UgxVr_8JUNj57Z8QHEh4AaABAg.ANMY6wxEba5ANMzM9et6PQ
@dw620,Ugz8v00OxPMmjTCFXFx4AaABAg.ANMUux9zQ-_ANNrRGdIMqq
@attattatt-y3h,Ugz8v00OxPMmjTCFXFx4AaABAg.ANMUux9zQ-_ANQ4oihyExy
@stevengill1736,UgwoSsuhdu16Bc5rZ914AaABAg.ANMPoh6MgqpANMUWw_TlPb
@johanntiu4162,Ugz2lkAw1kFETHqLqN14AaABAg
@johanntiu4162,UgzML-GSjsFl_uH1vk94AaABAg
@thaddaus_mizgata,Ugx6BXoweq6syBCs4Jl4AaABAg.ANMNme5ONmPANN9BOFO2x9
@johanntiu4162,Ugw9azv4J3ROmhb2r1d4AaABAg
@nunisworld7475,UgwJTX1nqoqAKVxsdkt4AaABAg.ANMMnDB-R2nANMzv4ITlVn
@nunisworld7475,UgwkZO_KCLfDz1lHqwd4AaABAg.ANMMiW5ffE3ANN1aEp9ssx
@johanntiu4162,UgwlW5_x3je9nJgO3Op4AaABAg
@johanntiu4162,Ugz-Otr5FzkXL02BGZx4AaABAg
@johanntiu4162,UgzrRJ4hAIFXTWv31mx4AaABAg
@johanntiu4162,UgzImRZf-N5viLXPWHh4AaABAg
@kylebowles9820,Ugyae3UqWJS9UqQR4fp4AaABAg
@johanntiu4162,UgzDufwZKMsWdmitRDt4AaABAg
@thaddaus_mizgata,Ugz7O5OhVtgXI1mizbV4AaABAg
@thaddaus_mizgata,Ugz7O5OhVtgXI1mizbV4AaABAg.ANMFxWQXh4RANMH8k2rpBU
@JordanBeagle,UgyoUoZ-bhLQUAMOpe14AaABAg
@JordanBeagle,UgxXye115w_wvupXc494AaABAg
@thaddaus_mizgata,UgzY7l5AD8rzHU7-BMV4AaABAg
@fancen,UgynRho9EeG2BWQU1EN4AaABAg
@thaddaus_mizgata,UgzdVWRSzgXXwQ224fx4AaABAg
@thaddaus_mizgata,UgyWV1mzv6bBeoWpb454AaABAg.ANMCNy2eKg2ANMCbRjSN8D
@thaddaus_mizgata,UgyWV1mzv6bBeoWpb454AaABAg.ANMCNy2eKg2ANMMc7rXIpm
@ucngominh3354,UgwWdzLjQRmhv36e9E94AaABAg
@puffinjuice,UgwWoXl5y1Nyp5gqM6V4AaABAg
@dw620,UgwWoXl5y1Nyp5gqM6V4AaABAg.ANM9F9w4a19ANNqsrbfFsh
@a_ggghost,Ugw-jH8D3bAKreGSjhl4AaABAg.ANM8NQLhO4iANMp7yn5RMU
@puffinjuice,Ugx_CP0meBJa6PxSCF54AaABAg
@nunisworld7475,UgwWTJzn2sQ5_PHEPb54AaABAg.ANM7RM3Iw7GANPNZcJhchn
@nunisworld7475,UgxxI-41kWGWl41cWvh4AaABAg.ANM580BJFhrANN-_6f1dAr
@nunisworld7475,Ugyj3hXAmhb5lB0o9vl4AaABAg.ANM4Xf_nfIdANMyBdjcxf9
@nunisworld7475,Ugyj3hXAmhb5lB0o9vl4AaABAg.ANM4Xf_nfIdANMyGhy5RAj
@nunisworld7475,UgxK5zHrvxUjYDzJzXV4AaABAg.ANM2g0Or-fJANMz6HORRk5
@a_ggghost,UgyF9D0QU_tcbc0Zq9p4AaABAg.ANLwOCdJwKyANMqK9a-YXV
@thaddaus_mizgata,UgwZRYGEqjKZOhN0jx94AaABAg
@thaddaus_mizgata,UgwZRYGEqjKZOhN0jx94AaABAg.ANLwGOlzYteANM1f4TNYRB
@a_ggghost,UgxDwdEUxm3nT8m5plx4AaABAg.ANLvXvNCksVANM9XaHUupn
@nunisworld7475,UgxDwdEUxm3nT8m5plx4AaABAg.ANLvXvNCksVANN1rU2A781
@AlanTheBeast100,Ugz_RouJK91o7Vtq2Gp4AaABAg
@nunisworld7475,Ugw6x3WGFV_jqHkRV594AaABAg.ANLt_j7EiPDANN-xszYMQX
@Ezboy666z,Ugw6x3WGFV_jqHkRV594AaABAg.ANLt_j7EiPDANRtsQkzBqt
@a_ggghost,UgxhaL0-wnYFl1Wax294AaABAg.ANLqe4qgQHSANMQ75uWip5
@a_ggghost,UgxhaL0-wnYFl1Wax294AaABAg.ANLqe4qgQHSANMr5TXMZoq
@nunisworld7475,UgyMRUhwLlpr7klZDPh4AaABAg.ANLpv0md-MEANPNbcXfnQ5
@a_ggghost,UgxqDN-xPS-9uTBA92B4AaABAg.ANLntrEcBbfANMF2G3PGdR
@dw620,UgyLacP7QQ9zgKhls3J4AaABAg.ANLlSyhbkq8ANNr9rtL0u5
@dw620,UgyLacP7QQ9zgKhls3J4AaABAg.ANLlSyhbkq8ANO4XRJmIUz
@a_ggghost,UgxXU2VDzbC2geWsB0t4AaABAg.ANLjAgM1JZ7ANM5rBDVjkq
@nunisworld7475,UgxyYiIKtH5e4B6So0F4AaABAg.ANLisgcjMgrANMxNgH3LWv
@nunisworld7475,Ugw90za22RYKOMMpQcZ4AaABAg.ANLiNO1jUt4ANMxrcqwe8o
@nunisworld7475,Ugw90za22RYKOMMpQcZ4AaABAg.ANLiNO1jUt4ANPNNs3wgKe
@nunisworld7475,UgyZWngsI051or8WEYd4AaABAg.ANLhc5I6gAWANN0okfCc8N
@nunisworld7475,UgyZWngsI051or8WEYd4AaABAg.ANLhc5I6gAWANPNUodoLwK
@dw620,Ugy7Ckz3xRaTXdYucyt4AaABAg.ANLgiPcOT8WANNnodTefh1
@MikkoRantalainen,Ugw5gz2zRVjeT3goRoR4AaABAg
@MikkoRantalainen,Ugw5gz2zRVjeT3goRoR4AaABAg.ANLgC-NUcryANN18xY4sNk
@attattatt-y3h,Ugyu8uCL5KY1yH-n9SN4AaABAg.ANLg18iBLWvANQ2qvHAaYL
@ZennExile,Ugz96qEjCZ_K7nFPxqx4AaABAg
@ataarono,UgyZ3C_ErB_BNXUYEwh4AaABAg.ANLeiie1ENiANLfuPHCMde
@ataarono,UgwkHncOVm8py4Mq0uV4AaABAg.ANLeiLyQQSlANLgxcNAChl
@ataarono,UgxKHCIh1esTH9qMBft4AaABAg.ANLef3H_32WANLhGFQ1a4l
@ataarono,UgzzF8Y0uoFFg49PF0F4AaABAg.ANLeGCfPMHtANLhYamYuc9
@ataarono,UgwvRkuaUH79LL7Qf5p4AaABAg.ANLeFma1IBmANLiFcNIIxe
@ataarono,UgyHr6287ZrJrVAvFAF4AaABAg.ANLdpr4fzW-ANLiRztvG_T
@MikkoRantalainen,UgwaA17gSmrUh5Y1SR94AaABAg
@MikkoRantalainen,Ugy__BWhww_mPMzDC1h4AaABAg
@ataarono,Ugyk-GK0aZlVPCr2WlF4AaABAg.ANLcYNaDg0BANLkRFjsEWF
@a_ggghost,UgxiGjw9NQeHntMUZEl4AaABAg.ANLc6luRuObANMFzcldezl
@ataarono,Ugw3VmFRIYHv3iif9Fd4AaABAg.ANLbyavLRnhANLksWhDOb5
@nunisworld7475,UgxNDtV6UlEcNjlw29B4AaABAg.ANLb7vzFaEPANN0u2GkOoR
@ataarono,UgySEVihfHbzyWK4WpV4AaABAg.ANLb-KbHZRwANLmDHr621n
@ataarono,UgzVhMoxCJaBz6VzHJt4AaABAg.ANLaZk8jrHGANLn-ZaukB7
@ataarono,Ugwg_1ZgvdTfBl4ppwB4AaABAg.ANLaOf54-GqANLp8mJNPgC
@ataarono,Ugwg_1ZgvdTfBl4ppwB4AaABAg.ANLaOf54-GqANMNSZhFYT-
@ataarono,UgxSJ2z90ys8fqZYYHZ4AaABAg.ANLaJeiDI1WANLpSoCTQAo
@ataarono,UgyRYGFwgg_OSTs5zTB4AaABAg.ANLaHuvEN2oANLpcFcCmTm
@ataarono,Ugw6r32hyp3rDRhwrrR4AaABAg.ANLaCWexWQIANLpeOroyg3
@newbie4789,Ugwd9XKP7RUNLvORSqJ4AaABAg
@nunisworld7475,UgwGCjke781C_YhwF654AaABAg.ANL_ch64Y5NANN-9o9wTeM
@m4rt_,UgzQk2eLkaUTAv8x56t4AaABAg
@ataarono,Ugz7Oan471GOLdF50_F4AaABAg.ANL_NO1wb8EANLpujapFcy
@ataarono,UgwNRLFa-Q6Ic9SbvRJ4AaABAg.ANL_HwM5axxANLpzJeTrNL
@Xiph1980,Ugy1OFpTThTMeKkzI454AaABAg.ANLZjgaAgkTANLaYyT3BDU
@a_ggghost,UgzAFXSORccSu9-nCfB4AaABAg.ANLZEvH3hV9ANLsbwq8NWC
@nunisworld7475,Ugy3hqQcfVsoSt8lm-N4AaABAg.ANLYugkFlPwANMzThGKP1W
@m4rt_,UgzjlTuIm6IRopHSsk14AaABAg
@Xiph1980,UgyP-BB-2DFller0MMx4AaABAg.ANLXH_PtRt4ANLa6AzgNQi
@nunisworld7475,UgyPhhLUX4Zfb6KHffl4AaABAg.ANLWGqt4z9oANN-Gr0ICOU
@dw620,UgyPhhLUX4Zfb6KHffl4AaABAg.ANLWGqt4z9oANNpu7dYOO9
@nunisworld7475,UgxW7QC1YNJ_7DPIzTR4AaABAg.ANLVYDHEkwwANN1IEGpV2x
@Xiph1980,Ugyk1lTPsXyt5KwM-hB4AaABAg.ANLUi8k-VAeANLazlN_yuv
@cerealport2726,UgyNzvGvBswLLP_-1794AaABAg.ANLU0lf5GwBANLc4Jcjxik
@cerealport2726,UgyNzvGvBswLLP_-1794AaABAg.ANLU0lf5GwBANM8FEhmHcU
@johanntiu4162,UgygJdyTCCBApTTaVy54AaABAg.ANLTw_Ri_8oANMHpt4PhYR
@cerealport2726,UgxBgACctHWRMUUCI7p4AaABAg.ANLTYYiD9XgANLaS18FiTZ
@cerealport2726,UgxBgACctHWRMUUCI7p4AaABAg.ANLTYYiD9XgANM8Li6igb4
@nunisworld7475,UgxBgACctHWRMUUCI7p4AaABAg.ANLTYYiD9XgANN12Dsuyr-
@Xiph1980,UgyaSJt-j24roD46EqB4AaABAg.ANLT4shyTD5ANLbCDpbQPG
@veritasium,UgxLITYa-JbXydf3VF94AaABAg.ANLRtVImj0aANPURXghZQh
@veritasium,UgwxOrnTwVR4jqZmjWJ4AaABAg.ANLRbbMSus8ANPUC89sEI1
@SNEAKYHOLY-j7h,UgzA22Xw3eIRlKqL9HR4AaABAg.ANLRKjhcZguANOMX8QQY0n
@johanntiu4162,Ugx3KAnI7zRY1MHMTnp4AaABAg.ANLR6eO7XHZANMGoapfxk1
@Xiph1980,UgxLXvLHaHlH5jgHRGF4AaABAg.ANLP02dx9zUANLb472BKuL
@Xiph1980,Ugz1PpjUwITU2t36dYh4AaABAg.ANLOgLdbct0ANLahAGrmsL
@dw620,UgyhFyjTx4pwl-RZvzZ4AaABAg.ANLNmA25ZGgANNpd_yyxBZ
@nunisworld7475,UgyhFyjTx4pwl-RZvzZ4AaABAg.ANLNmA25ZGgANPNPFbuvwt
@nunisworld7475,Ugx5qKU4uqV06ewDIJ14AaABAg.ANLNHTVSDgiANPN_LZWMG8
@daleolson3506,UgxeblvBwwsxrpbtBhx4AaABAg
@NostraDavid2,UgyPCsAUuXvihW3nkjx4AaABAg
@NostraDavid2,Ugx6scTgC7LfNKBJe-V4AaABAg
@JoeyJoJoJrShabbado,Ugz38elVnjHgllRalHl4AaABAg
@JoeyJoJoJrShabbado,UgxpVSguld6ArE5yrHh4AaABAg.ANLLVuwEj75ANLLh2zFg-i
@nunisworld7475,UgzGzZsY3d0LL6Wu74h4AaABAg.ANLLJfjw6kCANPN_x2BFFz
@nunisworld7475,UgzV9dk6MoNUFeNffq54AaABAg.ANLKTMqhhdVANN1CiESZXf
@Ezboy666z,UgzV9dk6MoNUFeNffq54AaABAg.ANLKTMqhhdVANRte1ZhrTY
@JadenAizen,UgyDomwD2VkVVzdgjiN4AaABAg
@veritasium,UgzaZuQdB_3xwBTHv7x4AaABAg.ANLJGi8TbxIANPUQMFQpcl
@Scorch428,Ugx2_1AcWlN1orqkxeJ4AaABAg
@nunisworld7475,Ugy6PckhBVIkEb-5_6F4AaABAg.ANLIFtO67OMANN05ONW90d
@dw620,Ugy6PckhBVIkEb-5_6F4AaABAg.ANLIFtO67OMANNs317T5Bv
@dw620,Ugy6PckhBVIkEb-5_6F4AaABAg.ANLIFtO67OMANO34XiTdGD
@CC3GROUNDZERO,UgxVwj9YQAiPI1NElQd4AaABAg.ANLHrOVcdafANLIfbsE8e_
@galileo_rs,UgwkLJIg7OC_89Q_X6B4AaABAg
@raymondqiu8202,Ugxy_76zzWRIG68KAYN4AaABAg.ANLGLtdnItAANLHF1rBRBd
@Scorch428,Ugxy_76zzWRIG68KAYN4AaABAg.ANLGLtdnItAANLJvMXUjbV
@johnchessant3012,UgysB0C10rvDGyBt5VJ4AaABAg
@raymondqiu8202,UgzPG7MLRMp56pkoPmh4AaABAg.ANLFmUV2kStANLJ15sPbOo
@hassaan1670,Ugxim02dLQLlKVHbQJp4AaABAg
@hassaan1670,Ugx7edq8wXuHKL7bVod4AaABAg
@nunisworld7475,UgxS3Ku5nKDJALj4Tex4AaABAg.ANLCxAREI-vANN0NJhH_Jo
@raymondqiu8202,UgzU2rxwc5EH4uzfH0h4AaABAg.ANLCx3Wcd99ANLDLon0YP2
@raymondqiu8202,UgzWFPdiKPM4nl0-mih4AaABAg.ANLCi-7iQ-AANLGmQumSAA
@dw620,Ugx6v7OV83a3xyLZtWt4AaABAg.ANLCX-ME2-RANNqaSGjYcc
@raymondqiu8202,Ugx-gad62c0vLe63GVB4AaABAg.ANLBjMX1eEgANLCfK7oKvY
@raymondqiu8202,UgylqsDRsYJ51lnW8Vh4AaABAg.ANLBWzWNBboANLGZPehS49
@raymondqiu8202,Ugybxb9mhI5_I7JBjch4AaABAg.ANLBPObK2ByANLGqyeP3HO
@raymondqiu8202,Ugx7wNxcu19Lw36PYW94AaABAg.ANLB1SjppYqANLDCcwYh-N
@Poorexampeofhuman,UgzrgMANIPhofyMvLJl4AaABAg
@deleted-something,Ugz8rxuf5VWxfj6p8vd4AaABAg
@Poorexampeofhuman,Ugyl-8e_n9DYIwqUDxp4AaABAg
@nunisworld7475,UgzaggB5DqrU1p2p2614AaABAg.ANL9BckaPNwANN-NrhbgCL
@Poorexampeofhuman,Ugz_fLTOHO9WVQfoGe94AaABAg
@Poorexampeofhuman,UgyCF3muott4rhrEVyR4AaABAg
@Poorexampeofhuman,UgxpLQMKfSvdfBiRN9l4AaABAg
@Poorexampeofhuman,UgzEb3xo4gPEYumZYlV4AaABAg
@raymondqiu8202,UgzRPhZmP0_z63MghGV4AaABAg.ANL8PVcq5FrANLGQGOmzPk
@raymondqiu8202,UgzTZsBWKetF4hv-MQd4AaABAg.ANL8INx5w1jANL8iXph53V
@Scorch428,UgwxpnKUB4D5OflHrLd4AaABAg.ANL84R5rYt1ANLK7JFKz3Z
@dw620,UgwxpnKUB4D5OflHrLd4AaABAg.ANL84R5rYt1ANNqEDUxsmA
@Poorexampeofhuman,UgwlNtBQnbafwQLtJjJ4AaABAg
@Xerdoz,UgyCVVyZFY7lOTVHF014AaABAg
@raymondqiu8202,UgzdWHlZAO8Ja51A50d4AaABAg.ANL6lupeQ8MANLH71tSsUr
@Poorexampeofhuman,Ugxm2_UfZg0N5OIU2Dl4AaABAg
@daleolson3506,UgyHfEjXpSoLhU8fkCB4AaABAg.ANL6P0h7x8oANLKsitTYCe
@raymondqiu8202,Ugwfq62Lcd-Bny_8aGp4AaABAg.ANL5eAX23XaANL8ZcjWYm_
@Poorexampeofhuman,UgxoRgkYadiZ6Zc157x4AaABAg
@xitzy,UgyVCq4Xi7BxDLXvzcJ4AaABAg
@j.21,UgyqMofQ7G7JX-_p-6l4AaABAg
@raymondqiu8202,UgxSqWCAy8Bagett17F4AaABAg.ANL3xSKPpcrANLNmYVJyQS
@jmmjmmjmmjmm,UgyLJ-JUlzgb8YqLoP94AaABAg
@jmmjmmjmmjmm,UgzEGSwQeYnV9_5TKkF4AaABAg
@jmmjmmjmmjmm,UgxDQV_yZ8gQvv_8SbJ4AaABAg
@jmmjmmjmmjmm,UgxDQV_yZ8gQvv_8SbJ4AaABAg.ANL3D7IrKYrANLAfF3yD27
@cerealport2726,UgxDQV_yZ8gQvv_8SbJ4AaABAg.ANL3D7IrKYrANLaiQBp4PM
@jmmjmmjmmjmm,UgxB45YatYmWAsjkHX54AaABAg
@jmmjmmjmmjmm,UgxB45YatYmWAsjkHX54AaABAg.ANL2q__UEUUANLFFZLAzHB
@jmmjmmjmmjmm,UgziureIZsyYTsOw4bF4AaABAg
@Machines.In.Action,UgyZKXB4n3guFLuBBQZ4AaABAg
@Machines.In.Action,UgyZKXB4n3guFLuBBQZ4AaABAg.ANL1v5nI7JlANL6TTZD4fI
@iTeerRex,Ugy9tk_afWkfQEyp1rh4AaABAg
@Scorch428,Ugy9tk_afWkfQEyp1rh4AaABAg.ANL1mapN4LeANLK1iq7KBl
@DataIsBeautifulOfficial,UgygdvZSbUNqp94508F4AaABAg
@raymondqiu8202,Ugwsi4QPTl9-kaJuqBR4AaABAg.ANL0xioNJpAANL6WIpSXJc
@joshcryer,UgymB_Ey__A-qxC-DAZ4AaABAg.ANL0mkara1qANLYA4XDu2Z
@joshcryer,UgymB_Ey__A-qxC-DAZ4AaABAg.ANL0mkara1qANLYWZ_BM2_
@joshcryer,UgymB_Ey__A-qxC-DAZ4AaABAg.ANL0mkara1qANLYYne9WW_
@HeisenbergFam,Ugz-cqS5SLDkQKChGtx4AaABAg
@raymondqiu8202,Ugx9Ck2xUM3cbjtHZBt4AaABAg.ANL0WertA2VANLFL9vB2rj
@raymondqiu8202,UgzWCJJTFzUItP_nESJ4AaABAg.ANL0PtJOSqPANL85qpz3rf
@cerealport2726,UgzWCJJTFzUItP_nESJ4AaABAg.ANL0PtJOSqPANLb6dAFyaH
@raymondqiu8202,UgxHggjHNYeQBO7rPL54AaABAg.ANL0NDP9BEMANL8TK7RLAB
@FentonTheIIIV,UgxlakhbUB7ShPsrtfF4AaABAg.ANL0H3l3NXPANL0l54qCMT
@raymondqiu8202,UgwOQaZgYPEWsGHPzop4AaABAg.ANL0EQcisIKANL8sFNMYpF
@nunisworld7475,UgwUFOnDeoiDO-9wO3l4AaABAg.ANL086MeOMKANN1kzkMflP
@init_yeah,UgxAWVoE0NHynMMzhw14AaABAg
@veritasium,UgwqZQn4Fd3wwaVERMN4AaABAg
@RenderingUser,UgwyBnwb9y31hprShwl4AaABAg
@tst_09,UgyilCPIaDD2lfhrJEd4AaABAg
@eichen97,UgwwedQADezXgHrZjfx4AaABAg
@Julzaa,UgyE9PE2pnFm8-oa3Gp4AaABAg
@jursamaj,UgwYKEJt7yIeWGDuLr54AaABAg.ANDdBkxfNn-ANFwhM4WqaG
@jursamaj,UgwYKEJt7yIeWGDuLr54AaABAg.ANDdBkxfNn-ANGF7oWYS19
@jursamaj,UgwYKEJt7yIeWGDuLr54AaABAg.ANDdBkxfNn-ANIXC0qNisd
@Verrisin,Ugx1hCeQmB9PpUN3CSR4AaABAg
@Verrisin,UgxMwah-KZ1G8PCLyS94AaABAg
@jursamaj,Ugx8CbFNX-a_L9g1i9V4AaABAg.ANDHXMI42-4ANFw5AHaCgD
@Verrisin,UgwkKwYwNU7KdHVrOzZ4AaABAg.ANDH4v6ShU8ANDXR16RNh4
@Machines.In.Action,Ugzz0M2c46aEX4bf2Ut4AaABAg
@Machines.In.Action,Ugzz0M2c46aEX4bf2Ut4AaABAg.ANDDHugYYRWANDFufuPvHl
@Machines.In.Action,Ugzz0M2c46aEX4bf2Ut4AaABAg.ANDDHugYYRWANDK62y32Hh
@xitzy,UgxFh7ozuotj7yuGE1Z4AaABAg
@HeisenbergFam,UgxAXIcB36SE-ihEiqV4AaABAg
@crackwitz,UgyqkNutE5IzJfJf7zZ4AaABAg
@Julzaa,UgyixIMuOFYFJ-zFby14AaABAg.AN3DLawOWteAN47RqsOHKC
@leemcdonald1342,UgxuHsN1ZdwfGkFGy_h4AaABAg
@leemcdonald1342,UgyMUHCzcJrbTnJs3zV4AaABAg.AN33bDWGG6FAN33i8-JkGc
@leemcdonald1342,UgyLZAx6ltRlaTMAg394AaABAg.AN335PX2lrZAN33_9KsSQ8
@leemcdonald1342,UgyLZAx6ltRlaTMAg394AaABAg.AN335PX2lrZAN35D8_UIqw
@leemcdonald1342,UgzrU91TQXXrYu8ZUWx4AaABAg.AN31rkjqObOAN327YIVSf0
@june9914,UgwqqKT524o4OVo_KBd4AaABAg
@leemcdonald1342,Ugxb4iOHkeL0hNsbKDB4AaABAg.AN31LPvPSdDAN3238L29bm
@june9914,UgwNZAZEEGeYVsNM-xZ4AaABAg.AN3-M6JChmLAN30aoRjnbz
@june9914,UgwBE-C6AJ_12eFkiKd4AaABAg.AN2zlGcU0lhAN30xiS_BlN
@leemcdonald1342,Ugz3RxSZIIi_59laPOt4AaABAg.AN2zIBi4L8dAN31xoyc2Du
@jursamaj,UgxyG6yHHvM0qCGF7f14AaABAg.AN2z042jPxkAN33N2YDfDk
@leemcdonald1342,UgxaW39tdwJMOOaS0iZ4AaABAg.AN2xnicmOw9AN32h7xykU5
@leemcdonald1342,Ugx0nbDdWErVs806I6h4AaABAg.AN2w1__2uKpAN32lxaLV4S
@tst_09,Ugy6HAlTTITHebX_-ut4AaABAg
@xitzy,UgzjalKt-UzSUeoK8ad4AaABAg
@leemcdonald1342,Ugy7KFhfObyWrpyHGPp4AaABAg.AN2sy2QigpUAN32btwEdAG
@Machines.In.Action,UgzsIlr3wOyVvrzfVSt4AaABAg
@jursamaj,UgxE17tJO8zFg5igDG94AaABAg.AN2s49nW1S5AN33H0nozNc
@HeisenbergFam,UgyS_0xgEtFURqdQkTN4AaABAg
@SoggyCat-b2n,UgxGux0P31RDMEJ8ac94AaABAg
@SoggyCat-b2n,UgzMpl8n7zsaaJoh3DR4AaABAg
@veritasium,UgxUy92zp1TzLy1RHXR4AaABAg.ANBwVZ8geVyANCR2wqOSm1
@jaspermcjasper3672,Ugwg_RisfI3aN7wKW6J4AaABAg
@jaspermcjasper3672,UgypSB-XRGWeUrIbc0B4AaABAg
@jaspermcjasper3672,Ugyt2i6x5q7s_rPjH_Z4AaABAg
@Memessssss,UgxTEPsL2RkRDltSHeB4AaABAg
@Julzaa,UgyCyfs1xDDmvT8NbUx4AaABAg
@Julzaa,Ugx7TF6bWJy556vkQIB4AaABAg
@dimitar4y,UgyqR_p-dxLYHZZRgMt4AaABAg
@phoenix_random,UgxyzDD5TD8CneaXVfx4AaABAg
@phoenix_random,UgziTB0H74hRiggQKe54AaABAg
@AugmentedGravity,Ugy7v5-CRrp6rSSOTlp4AaABAg
@Sammysapphira,Ugzc6InFy3kj9BLjlhR4AaABAg
@tst_09,UgykiSh5YcetKoYXXrp4AaABAg
@andrewzhuk8713,UgzSn-hGdeCHq-hROup4AaABAg
@GetMoGaming,UgwefjreIGzEEa-JAJR4AaABAg
@GetMoGaming,UgzKAUeA-WPhAOkwe2N4AaABAg
@veritasium,UgzRXW7ur3krKCec5Rh4AaABAg.AN0FV96rddEAN51lkT3bVD
@CamonaTempest,Ugy10XLPmSy0jh-K4NV4AaABAg
@fuzzy-02,UgyvkC78ot1IHsr6gcx4AaABAg
@GooogleGoglee,Ugw-x_1V2sccrqDQIhJ4AaABAg.AMzSVnjMijNAMzUqDdn9KR
@GooogleGoglee,UgyNPvznY_Y0ah1uiA54AaABAg.AMzQAhKR3K2AMzVJpGk0o8
@GooogleGoglee,UgzFL42gjE1Q7vv_Cvd4AaABAg.AMzPp_oxXHOAMzVM6sS_DW
@GooogleGoglee,Ugw00MkISkdNDzr1DJ14AaABAg.AMzPo1kijyKAMzVXnBdolN
@GooogleGoglee,Ugw23Dqw09sbPa3EGsB4AaABAg.AMzNhWW7stPAMzVewGUPor
@GooogleGoglee,Ugz0k_idEYb9KdtP-Np4AaABAg.AMzMyH5VwE4AMzVoqJZe_t
@sayochikun3288,UgzbAEd3lTZ4Gf_Y3yx4AaABAg
@GuiDuckz,Ugxd-Q6XEN2-64R0qpZ4AaABAg
@GuiDuckz,UgyYfdBvWUkUKxlywGd4AaABAg.AMywicyJpVsAMyxm1djkzW
@GuiDuckz,UgyYfdBvWUkUKxlywGd4AaABAg.AMywicyJpVsAN-_6N16Xwy
@GuiDuckz,UgyYfdBvWUkUKxlywGd4AaABAg.AMywicyJpVsAN03mVY_ntu
@RawbLV,UgyNO8e6eigdW7uL_7l4AaABAg.AMyem1aPkagAMyiyKYKCU9
@tutacat,UgyfhyBandv9r--IEvZ4AaABAg
@cheesebusiness,UgyIA_9YAFtKRk-SMJZ4AaABAg
@AlanTheBeast100,UgwWnFXw1qvCFBVqFlF4AaABAg.AMyLl3pMqPKAMzAZct84qF
@SNEAKYHOLY-j7h,UgxLrpRCOPYxH4Y7Nit4AaABAg.AMyJPgjoTQcAMyujO8dNVd
@SNEAKYHOLY-j7h,UgxLrpRCOPYxH4Y7Nit4AaABAg.AMyJPgjoTQcAMzCSfy_bZK
@zenlettering,UgwnwS4VSK4yExSt6oZ4AaABAg
@puffinjuice,UgzjfT9ZkfdG-6Kcm014AaABAg
@tst_09,Ugw6dxPKJRw5bUpR1y54AaABAg
@kylebowles9820,Ugyt01lsilUKfwOGkJJ4AaABAg
@therealax6,UgwPTttGteBJnwPbbyx4AaABAg.AMxmRENrLMFAMyzPJ0I8n8
@veritasium,UgwU1mFp4fq2M5t2F0F4AaABAg.AMxm4FxkFiVAMxoQmijxPT
@smellthel,Ugyz-k_5UbeoFCANuHN4AaABAg
@smellthel,Ugx1T7JvyTXQpqns1-V4AaABAg
@xitzy,UgwVp2zaMzkh9TRBSY94AaABAg
@carultch,Ugw1MS8Sh3D_KWfQLzF4AaABAg.AMxBqrRN_SYAMxECu8oT7Y
@johanntiu4162,UgzOpJzIlLpqyuu0XOZ4AaABAg
@fancen,UgyTyxcYBNLTqufZZy54AaABAg
@carultch,UgzWvz3CVxJrcONPN4F4AaABAg.AMx9AdhsusyAMxA1uavDOV
@carultch,UgxY81NHmlwDdc6sdid4AaABAg
@carultch,UgwmewlsrVJggB04fpt4AaABAg.AMx8Bd94jcAAMx8zZdZiio
@carultch,Ugy9Mtp2i_jGP2SrZVx4AaABAg.AMx6BnN_x_kAMxAbSgMO1E
@carultch,UgwYJinQ8M88sYo8s8t4AaABAg.AMx5CcXaV-fAMxEaIIv2rT
@carultch,UgyWZPK84eIynulw7sV4AaABAg.AMx2fm9MQXMAMxDi0seAp5
@carultch,UgwDZvxzVQvnnb3puiV4AaABAg.AMx0SdoqC-sAMxBVCHk7Vw
@carultch,UgyxKVOMfFYf-yhZHDl4AaABAg.AMx0BXyrK8kAMxEuYmDVxM
@suicideghostftp,UgzkPkhvgTFq7O5_YNF4AaABAg
@NostraDavid2,UgyagIVwz0oVo7O_YuB4AaABAg
@KipIngram,Ugz3zE0bn8VlvgINe-x4AaABAg
@PeterMoore-q5k,UgwAGNVN-POaxcSGboR4AaABAg
@carultch,UgxUNXUaqsH8IY8Y4_x4AaABAg.AMwyNmzYeLzAMxDwvvSx-3
@AlanTheBeast100,UgyL0BmJMyNXSIeqDX14AaABAg
@carultch,UgyL0BmJMyNXSIeqDX14AaABAg.AMwy57IbPo4AMx9kYDSpIo
@carultch,UgyL0BmJMyNXSIeqDX14AaABAg.AMwy57IbPo4AMx9vYVSbxS
@AlanTheBeast100,UgyL0BmJMyNXSIeqDX14AaABAg.AMwy57IbPo4AMzA7neVZq_
@KipIngram,UgzXRmlKu36hsvo6lcJ4AaABAg
@johanntiu4162,UgzXRmlKu36hsvo6lcJ4AaABAg.AMwxidEmMz7AMxFITYRKYp
@carultch,Ugxr9h-v3JElyHClbQJ4AaABAg.AMwwthFqBv_AMxCmAExhcH
@KipIngram,UgwqUR6qTaYyPCcChkl4AaABAg
@PeterMoore-q5k,UgwQgBOnyh6uWC7DbpN4AaABAg
@PeterMoore-q5k,Ugzu3Nba8qMYLXLn32l4AaABAg
@PeterMoore-q5k,Ugx6FwgAU01oZFi_7rd4AaABAg
@carultch,UgwgbgfoyBPsi_RPI9h4AaABAg.AMwtFcWAXlEAMxBalUprmo
@Poorexampeofhuman,UgyI4ard-hR7Dvn-kN94AaABAg
@Machines.In.Action,UgyepSp0qvwa5GL5UQx4AaABAg
@puffinjuice,UgxazRkMfJwGJ7cKNqd4AaABAg
@KaosProject21,UgxZL1Xo61nALC_6Gzp4AaABAg
@Kragatar,UgyZMMCq3c0fssb7QUR4AaABAg.AMwq7ZiRbQCAMx2sQP4G7_
@carultch,UgyJ48aCfhMbNzhDyxN4AaABAg.AMwprrTIoYGAMxD6Xs8raF
@KaosProject21,UgySxYqWjMu3605uZ9B4AaABAg
@KaosProject21,UgySxYqWjMu3605uZ9B4AaABAg.AMwogSXTdPKAMwp8g_kAAg
@KaosProject21,UgySxYqWjMu3605uZ9B4AaABAg.AMwogSXTdPKAMwpFUJqzzM
@crackwitz,UgwV0Jw-l5brLGqGsSJ4AaABAg
@newbie4789,UgxZS5-loqrIUHSLimd4AaABAg
@hassaan1670,UgyUIHyjbjYBEPC_4sJ4AaABAg
@MikkoRantalainen,UgznfbN4iqSDq4rrx6h4AaABAg
@MikkoRantalainen,Ugw4N8-pzHZX_DRqcAR4AaABAg
@mb2776,UgzUe5swqrgZtaeuxWZ4AaABAg
@crazychicken8290,Ugy8Fvybpq_y0V3Ory54AaABAg
@HelloKittyFanMan,Ugzf-dOanv_kxEG3Cx54AaABAg.AMwixr0zLAEAMwj9_6xX6W
@HelloKittyFanMan,UgzVw0_ClDtRxjGEm0h4AaABAg.AMwixA0F4bmAMwjBIKtrS3
@HelloKittyFanMan,UgzVw0_ClDtRxjGEm0h4AaABAg.AMwixA0F4bmAMwnA87maBm
@HelloKittyFanMan,Ugxo1MO2epk5YV-b6214AaABAg
@HelloKittyFanMan,UgyKprYQyEEnypxb2NZ4AaABAg
@HelloKittyFanMan,UgxjPJxykCJj1v1HS_h4AaABAg
@HelloKittyFanMan,Ugx8C8kTWbCYzeygVBJ4AaABAg
@user-qu2bp8zt6f,UgxrwTYlxV4aoy1efut4AaABAg
@HelloKittyFanMan,UgweyPyxCA_CNBkiT_R4AaABAg
@MostlyPennyCat,UgwDAwEZpJYc8M7NGup4AaABAg
@MostlyPennyCat,UgwDAwEZpJYc8M7NGup4AaABAg.AMwedZbF3rsAMwf9BOz1bN
@jmmjmmjmmjmm,UgwtQukz9K7ndUK8ZEp4AaABAg
@veritasium,UgwfaVN19Frcarb7ctR4AaABAg.AMw_CezM7p6AMy0v0p8V4w
@LubomirKubasdQw4w9WgXcQ,UgxdLkdwPAkNqcTfqrh4AaABAg
@LubomirKubasdQw4w9WgXcQ,UgxdLkdwPAkNqcTfqrh4AaABAg.AMwXyTEzALsAMwY-LQ2iEL
@danser_theplayer01,Ugxv1rmzZejP8mmKQeN4AaABAg
@danser_theplayer01,UgwQKTVIEcCkWJcrIXJ4AaABAg
@LubomirKubasdQw4w9WgXcQ,UgzY88QuJlLbIyZJQ_14AaABAg
@LubomirKubasdQw4w9WgXcQ,UgyxLMX-oGt1X0enK154AaABAg
@m4rt_,Ugx3jFkPewLifhE7T994AaABAg
@LubomirKubasdQw4w9WgXcQ,Ugx7WMpzUx-5beuq28p4AaABAg
@johanntiu4162,UgyBs101rzQBaiZFdXd4AaABAg.AMwUogwN70rAMxDEbDYXQH
@veritasium,Ugz2evKK4OpFQ6dgR6d4AaABAg.AMwU48YuOc8AMwkWv3rOAN
@MostlyPennyCat,Ugx36Ehu9sVME3gXP0V4AaABAg.AMwTBKB3034AMwdZExYrft
@SNEAKYHOLY-j7h,Ugyt0UKgXOAcBAPGhMJ4AaABAg.AMwSgKL8hycAMyuQLgjzi4
@LinasWizz,Ugw2c5zOp0ttGSdSlkl4AaABAg
@LinasWizz,Ugw2c5zOp0ttGSdSlkl4AaABAg.AMwS6MC4fcLAMw_klx_GNw
@Carewolf,UgyVuBnSdXuKlUzdUhF4AaABAg
@Carewolf,UgyVuBnSdXuKlUzdUhF4AaABAg.AMwR_qdln-vAMwSEPB7ESu
@xitzy,Ugw6oalbzVLQtKNbMTh4AaABAg
@GooogleGoglee,Ugyam37PFL1YaIrdDIF4AaABAg
@Carewolf,UgxzWnQwcRB9hWz1J0B4AaABAg.AMwPelacON5AMwSeAU470l
@TheBooker66,UgysVWDQXK1BOqqs0D94AaABAg
@Kragatar,UgyJxHq6qeGvfGP6oYx4AaABAg
@Carewolf,UgxUCZ8sr_ZnuEmvJYd4AaABAg.AMwO48sQEIHAMwSwqR29nc
@Carewolf,UgxUCZ8sr_ZnuEmvJYd4AaABAg.AMwO48sQEIHAMwTOBrhOzj
@Carewolf,UgxUCZ8sr_ZnuEmvJYd4AaABAg.AMwO48sQEIHAMwqHu3IlE0
@xitzy,UgxdmaoCGVrLeqVcSdR4AaABAg
@Kragatar,UgwVQWLtI1A_-GmmrDB4AaABAg
@phoenix_random,Ugxl89LrLrKehULctwx4AaABAg
@raymondqiu8202,UgzSKoxGSV6AuchSV494AaABAg
@JoeyJoJoJrShabbado,UgxCtX4wqDlOzFNOTZR4AaABAg
@JoeyJoJoJrShabbado,Ugzm7vO35dcy-yqmK7R4AaABAg.AMwKrwO-SYcAMwKyw4CTP6
@xitzy,Ugz0xW7O9DVmJG3bdyh4AaABAg
@JoeyJoJoJrShabbado,Ugz9x6gq9TFeBtcQBTd4AaABAg
@JoeyJoJoJrShabbado,UgwaO5_vhN9XZQX8RL94AaABAg.AMwK3hWnVXVAMwKCNylL4N
@JoeyJoJoJrShabbado,Ugyzc0iDxyAAQoLE3bN4AaABAg
@raymondqiu8202,Ugz4xdyseTAgPfjFmq54AaABAg.AMwJzE2oiaaAMx29hyJ5SI
@JoeyJoJoJrShabbado,UgxQbGpLC1GlZrEgwCt4AaABAg
@Carewolf,UgxGZ5flelXa86uDr4N4AaABAg.AMwJZfVOkY0AMwRm354Qao
@Carewolf,UgxGZ5flelXa86uDr4N4AaABAg.AMwJZfVOkY0AMwTbinduYR
@JoeyJoJoJrShabbado,UgwvcmTyYpFFa1wbLpl4AaABAg
@JoeyJoJoJrShabbado,UgwtH5VK8GjhFw3D3SV4AaABAg
@JoeyJoJoJrShabbado,UgwtH5VK8GjhFw3D3SV4AaABAg.AMwJBFNG4sLAMwTgW8lXeu
@ucngominh3354,UgxmGG3zw18MCZGZ4th4AaABAg
@JoeyJoJoJrShabbado,UgwHoIF2W0IU21KoVCF4AaABAg
@DataIsBeautifulOfficial,Ugx0xpQOR5gfnZ9sFed4AaABAg
@daleolson3506,UgyHIBXMFH8Hoq09hJJ4AaABAg
@AdvantestInc,UgyYsKgiDorqs9qC3y14AaABAg
@daleolson3506,UgwLWYfLarrVajK7eQt4AaABAg
@HeisenbergFam,Ugzpjte2bSsbW_un0rt4AaABAg
@init_yeah,UgzO4JVpi_O_bI9sMYl4AaABAg
@veritasium,UgzaCWjLLw3-pZhqSvt4AaABAg
@deleted-something,UgzaCWjLLw3-pZhqSvt4AaABAg.AMVBuEMQFzoAMVW-8eYX_t
@swedishZ0mBi3,UgzaCWjLLw3-pZhqSvt4AaABAg.AMVBuEMQFzoAMVWGo6mWbM
@Layde30s,UgxjjKTIkt8Xf8wZDRZ4AaABAg
@Layde30s,UgxM_LVdeydZH6uhSJF4AaABAg.ANXbDlehQzaANXdvQmJTP-
@Layde30s,UgxXlnZEdJaFqztAjHN4AaABAg.ANX6NUOFRAZANXeOn6M9pz
@Layde30s,UgyP2V7zyjFaxJaeSPh4AaABAg.ANWxBu953cSANXed3rgO3d
@veritasium,UgzWndgG4A7ZQ4SjoGd4AaABAg.ANQAVItyPnwANQF3IYP-9G
@Natalibalyuchka,Ugz-i5k31hChX5j-pKN4AaABAg.ANN-Q2MxeuDANN5ih1m1MP
@Natalibalyuchka,Ugz-i5k31hChX5j-pKN4AaABAg.ANN-Q2MxeuDANN5sAXFYCp
@Natalibalyuchka,Ugz9ASbhGpXUED5XpiB4AaABAg.ANMrOHePqCxANNAZq_xNMY
@Natalibalyuchka,Ugzdzf780emfUb2gvOF4AaABAg.ANMPTLJQ6BWANNBaWKxJJr
@Natalibalyuchka,Ugwdc1cl0VIPYgMVsL54AaABAg.ANMGD9FhPeaANNBpTwlp5z
@Natalibalyuchka,UgyhtfXm5KNJRhaCeP54AaABAg.ANM9offGC0NANNCHkctbTR
@Natalibalyuchka,Ugyl0Kq4yAs242I2kN94AaABAg.ANM8stFXurmANNCSVghAH-
@Natalibalyuchka,UgzbAEXANJrwulfAJtx4AaABAg.ANLs1tOH0dcANND911c2Qv
@Natalibalyuchka,UgxrNwZQ1S9QlO6fnfl4AaABAg
@Natalibalyuchka,Ugwfy6Ig2e7VdJTO5o54AaABAg.ANLQCLTsqhUANNENxq35tw
@milkywayflat,Ugxoowa7Fos9_bqr1ut4AaABAg.ANLFL4TDqv_ANLH5KWnJGn
@milkywayflat,Ugx0Z1YtfSS1Go3QsKV4AaABAg.ANLDAXauceNANLHABzWk71
@milkywayflat,UgyL0TTCF90bXTrO_Cp4AaABAg.ANLBNuGlgSjANLHIcTIdC2
@milkywayflat,UgzCQ0wp_9GyesVHmqN4AaABAg.ANL86vm5nvRANLHM1b_qD8
@milkywayflat,UgyctwYjbKA-iT9NqWV4AaABAg.ANL1PrlEhOWANLHU4eqSLS
@milkywayflat,Ugx9y1mjqgl-RY2V6rl4AaABAg.ANKzTjIvPcvANLHe8ZxmYr
@milkywayflat,Ugyi1DTv5KkPaWU45o54AaABAg.ANKh9PV2MDAANLHlXPNbRw
@milkywayflat,UgwmftEnk5Wt5UvMvQ94AaABAg.ANKT9_51GBDANLHrINx_CA
@milkywayflat,UgwmftEnk5Wt5UvMvQ94AaABAg.ANKT9_51GBDANLZ4TQCu0p
@milkywayflat,Ugy6hr49pTiplAP17_h4AaABAg.ANJNBcOUS3XANLHwh7iJqU
@milkywayflat,UgxuNXqFUC_aic-18V94AaABAg.ANJFZ2XBsdRANLHyegOu8Z
@veritasium,UgyeCDQaiaxV7R_Vqx54AaABAg.ANGMOoKY0o5ANL2HoOQoyT
@Luzgar,UgwWjLeQxbbK7bYrSE54AaABAg
@veritasium,UgwyJ1RqHb5Vx20Iw7F4AaABAg.AMzmPbeaiR_AN51mYSsJoV
@veritasium,Ugw04lhNnHQWvSpTdrt4AaABAg.AMwzY43yCJdAMy0wi3g2PH
@veritasium,UgwKdfqO1tL9PLtipft4AaABAg.AMtfMZZWWVQAMtxA4vhBcy
@veritasium,Ugyr2DbiE92KI1VGXed4AaABAg.AMt-NVrn1FkAMtYm67yrX8
@ДмитроПрищепа-д3я,UgznFzlvPV-GNfagMY14AaABAg.AMrWuLwg2N_AMrXeqtIjTU
@ДмитроПрищепа-д3я,UgyPBsHArwekuEMfrah4AaABAg.AMrW600WyVyAMrXmIGObvI
@ДмитроПрищепа-д3я,Ugw05Wnc2Yd7DWPVVKx4AaABAg.AMrP78RBDS1AMrYChJ6AMS
@ДмитроПрищепа-д3я,UgwzpehkP5NPqrohvtF4AaABAg.AMrNi8ybPPnAMrYK0wK2YB
@ДмитроПрищепа-д3я,Ugx10F_e1HRab4Uk6I14AaABAg.AMrJn3Vge6GAMrYY95Zx3u
@ДмитроПрищепа-д3я,UgyXKPbq7hVXi6mGBMR4AaABAg.AMr8QR3SNO5AMrF46Tfmtj
@ДмитроПрищепа-д3я,UgyXKPbq7hVXi6mGBMR4AaABAg.AMr8QR3SNO5AMrWtGGAh0q
@komninosm,UgwGezJRiIZGpiTNWzB4AaABAg.AMr5KEmNFzwAMr6RHYu20_
@ДмитроПрищепа-д3я,UgxxN9I8EZ4cGxCt_H54AaABAg.AMr5JuD9FYhAMrFMX4UgWV
@ДмитроПрищепа-д3я,UgxxN9I8EZ4cGxCt_H54AaABAg.AMr5JuD9FYhAN43PhsHtVX
@komninosm,UgwPwufEYI1ZvN1PVZt4AaABAg.AMr4RZEMbPtAMr6d7ZsQP7
@komninosm,Ugw6AbcDNFuI-OjWZfV4AaABAg.AMr4EV04_QdAMr6ljN9vwd
@komninosm,UgyRdO9dx0i4ClAT7-x4AaABAg.AMr3Un9hTZEAMr6uFYXZ-H
@komninosm,Ugz1ksRx1LJSzPNnKDV4AaABAg.AMr1e1ragVDAMr7X-1sNQ4
@komninosm,UgxCe5kQn_M1HKEa7tl4AaABAg.AMr0BnnrKiPAMr7nvRFOs9
@komninosm,Ugx5cUbeTInql5TD7V54AaABAg
@komninosm,Ugy_fBueYdAMbHIHSRZ4AaABAg.AMr-LyIWHFfAMr7y8FtVaH
@ДмитроПрищепа-д3я,UgzTiYyrgcAhFn08oQR4AaABAg.AMqwL45GmkPAMrGBfHoyP1
@komninosm,Ugy8SLyMtKp1V9mG9dN4AaABAg
@ДмитроПрищепа-д3я,UgxoMB48AGdh1EC9PP14AaABAg.AMqvzMpODmSAMrGJ1YdwcB
@komninosm,Ugwczr90MyMlnpnM20p4AaABAg.AMqvuOMRIfvAMqwq5Thviq
@komninosm,UgxrsQJns7PXSs0tMLl4AaABAg.AMqvXH0EoGXAMqwuN65SMe
@komninosm,UgxFqaTakZYUmfRh_hR4AaABAg.AMqaeo_LbdPAMr5JFWwTtc
@veritasium,UgxVKdscyqJPC6z9U2l4AaABAg.AMpj1iofFZMAMqDhxXANYx
@JohnBenjamin-ju6zd,Ugx1gmzWrZmFalrJnYB4AaABAg
@JohnBenjamin-ju6zd,UgwUo5mU-e-mopTSW6x4AaABAg
@JohnBenjamin-ju6zd,UgxuDn3JMPHZm6W7XMp4AaABAg
@JohnBenjamin-ju6zd,UgyX96arrcICElhSxkh4AaABAg
@JohnBenjamin-ju6zd,UgyS_5WYgCyhQgLLL5Z4AaABAg
@JohnBenjamin-ju6zd,Ugzz91lJ9RoYTDm3dGN4AaABAg
@JohnBenjamin-ju6zd,UgzIB0kqLI-zrXLdELV4AaABAg
@JohnBenjamin-ju6zd,UgzdBm-IzqVvQBXO_FB4AaABAg
@JohnBenjamin-ju6zd,Ugz9f7Q45AHypEBi0n14AaABAg
@JohnBenjamin-ju6zd,Ugzsxg9wM0vReqTkdFl4AaABAg
@JohnBenjamin-ju6zd,UgxBZKuJYNkqBQHyxFJ4AaABAg
@JohnBenjamin-ju6zd,UgzKagbtYOFyQPyxolR4AaABAg
@JohnBenjamin-ju6zd,UgyFc_KQv3hAIKSd5Ex4AaABAg
@JohnBenjamin-ju6zd,Ugw06qdC61PWk-RmHgZ4AaABAg
@JohnBenjamin-ju6zd,UgxN6SqDg3s58t5-5kt4AaABAg
@JohnBenjamin-ju6zd,Ugx_NqFTn7asVszp2UB4AaABAg
@JohnBenjamin-ju6zd,UgyQSApThigz4rKgY8V4AaABAg
@JohnBenjamin-ju6zd,Ugwvq6MT3GfKT2ePZLt4AaABAg
@JohnBenjamin-ju6zd,Ugy5r1Ip_aLP24YHKYR4AaABAg
@JohnBenjamin-ju6zd,UgyeXzy7JkMCm_nr82B4AaABAg
@JohnBenjamin-ju6zd,UgyTRtNEaql8qi4rowV4AaABAg
@JohnBenjamin-ju6zd,UgxnHBU0d_AQOjqjOWt4AaABAg
@JohnBenjamin-ju6zd,Ugw7PJdvvDnAvQ1Ublt4AaABAg
@JohnBenjamin-ju6zd,UgykaLi44giUxD9zBAR4AaABAg
@JohnBenjamin-ju6zd,UgzrS_jGO04YlE6QcCF4AaABAg
@JohnBenjamin-ju6zd,Ugx0k66iyJbJl7FTy6x4AaABAg
@JohnBenjamin-ju6zd,UgywcnPjUavRa3uP0kR4AaABAg
@JohnBenjamin-ju6zd,UgxIHf1ZSudsXge692F4AaABAg
@JohnBenjamin-ju6zd,UgxZXTWBF9TNYfZDXul4AaABAg
@JohnBenjamin-ju6zd,Ugz_SEbrNold2LNexbt4AaABAg
@JohnBenjamin-ju6zd,UgyQ5b35muSR4AFNka94AaABAg
@JohnBenjamin-ju6zd,UgwqhsqJCJAv_QIWcDV4AaABAg
@JohnBenjamin-ju6zd,UgwZcGAg10qfvqLaid94AaABAg
@JohnBenjamin-ju6zd,Ugx5sLXkOYW-hpfkoYd4AaABAg
@JohnBenjamin-ju6zd,UgyVv44wbUV4EdRXVWl4AaABAg
@JohnBenjamin-ju6zd,UgyXiLKtrmLTYMo65CR4AaABAg
@JohnBenjamin-ju6zd,UgzrSvuYSLi6lPqkCPJ4AaABAg
@JohnBenjamin-ju6zd,UgxSJLozxMEe2xYM23N4AaABAg
@JohnBenjamin-ju6zd,UgyoJk2kg_9Lb_4parZ4AaABAg
@JohnBenjamin-ju6zd,Ugy9TSlocAt0JMh2bnV4AaABAg
@JohnBenjamin-ju6zd,UgwBO0TD1ZeEKktUs7l4AaABAg
@JohnBenjamin-ju6zd,Ugw5T0iAMv6n1vZXvPl4AaABAg
@JohnBenjamin-ju6zd,UgxhQdrEIMioRB9_ai14AaABAg
@JohnBenjamin-ju6zd,UgxoYMb0HjzOaP9b8mZ4AaABAg
@JohnBenjamin-ju6zd,Ugw8O8HHonciXvshOcN4AaABAg
@JohnBenjamin-ju6zd,UgzaOXL1zGlqr0XyCFV4AaABAg
@JohnBenjamin-ju6zd,Ugx4Mx7XxulS8XJsU-54AaABAg
@JohnBenjamin-ju6zd,Ugyta0jxIC3Oxpt2HkZ4AaABAg
@JohnBenjamin-ju6zd,UgyQwjpTYxDVUeg5pep4AaABAg
@JohnBenjamin-ju6zd,UgyLlIhn8kOF-nUHKad4AaABAg
@JohnBenjamin-ju6zd,Ugwic0Z88_AolPJSUOZ4AaABAg
@JohnBenjamin-ju6zd,UgyRvrKTFNdH6uMtf-F4AaABAg
@JohnBenjamin-ju6zd,UgxTTG02WlK05RI9q7V4AaABAg
@JohnBenjamin-ju6zd,Ugy_qPjIzD9DX1LtcJF4AaABAg
@JohnBenjamin-ju6zd,UgxKnRf2QRW4UtevGUV4AaABAg
@JohnBenjamin-ju6zd,UgxPmNR6pmWSEl5cdat4AaABAg
@JohnBenjamin-ju6zd,UgzaN-sH2OiFJPA7jJN4AaABAg
@JohnBenjamin-ju6zd,UgxQsF6e6X3WPih22NB4AaABAg
@JohnBenjamin-ju6zd,UgxySRP273STl9ps3vF4AaABAg
@JohnBenjamin-ju6zd,UgzpMSpFL3h8LW7B7cp4AaABAg
@JohnBenjamin-ju6zd,Ugx7UUPvbfA40f00Uvp4AaABAg
@JohnBenjamin-ju6zd,UgwVQNYwGx6WNYL0Iil4AaABAg
@JohnBenjamin-ju6zd,UgzD71lLIqPgzTbMRUB4AaABAg
@JohnBenjamin-ju6zd,Ugz9rF_PIWpB3vNmKYF4AaABAg
@JohnBenjamin-ju6zd,UgzIa1dLU7CxovR-yVN4AaABAg
@JohnBenjamin-ju6zd,UgwxBMDPWwQokH7h4qt4AaABAg
@JohnBenjamin-ju6zd,UgzBq3rJHgjMBV3bz0l4AaABAg
@JohnBenjamin-ju6zd,UgwLv2gj24Zu5cR7BiR4AaABAg
@JohnBenjamin-ju6zd,UgzzYXR-Nk2pDdIQf8V4AaABAg
@k1ng_chicken,UgxQir-YPF5gZ3baaS94AaABAg
@veritasium,UgzO05eFitnvwfdi8RZ4AaABAg.AMlcfSNcWEtAMoQlGeXFj6
@ShadowBandana,UgyEN0A2sJWlGGPokwF4AaABAg.AMkjnRI32CWAMkk0lSonnO
@ShadowBandana,UgxWlK0Psnvlmc2gxgB4AaABAg.AMkjiymHsuAAMkjuU_IVRO
@ShadowBandana,UgzQXpoOxb8azL5MGAB4AaABAg.AMkiPX5kBIXAMkjrxjXQng
@salpon,UgwXFsgcGLC_RmMolJN4AaABAg.AMkh8yr7yoBAMkkkNbWFMr
@salpon,UgxWxt150xp3jb6bd4R4AaABAg.AMkgntMmTkXAMkkmg34fot
@ShadowBandana,UgwOaUBODg8zyyZC4814AaABAg.AMkfBY-IqvOAMkgKhbqCV5
@veritasium,Ugw6lgSNwDEkB_bVEgt4AaABAg.AMkeN8DVkoOAMoQWf8HeYy
@salpon,Ugy-g3YIZOk0v_z-IFh4AaABAg.AMkdy7yzHf6AMkkpPFDKK1
@ShadowBandana,UgzuZ31bH7659BeYu1p4AaABAg.AMkdu6YizZ5AMkgOuJKZ5e
@ShadowBandana,Ugypp9PA9aNUsrH9Oip4AaABAg.AMkaluXDWiIAMkgWdHCvFJ
@ShadowBandana,UgxugHvttBGglrwJV4Z4AaABAg.AMkXSyh0OtJAMkgctQBIgr
@ShadowBandana,Ugy741RJcrQwoG4xxH14AaABAg.AMkT188vgGiAMkgpzKQW8K
@ShadowBandana,UgxdQcK6lI-LLRKYfjR4AaABAg.AMkS14Xkw3LAMkgur-Gw9N
@ShadowBandana,UgzNJ9vJ_AwB8SQDERB4AaABAg.AMkRFtcykTxAMkh2CE60tu
@ShadowBandana,Ugx5-lqh-x9owTQCjlB4AaABAg.AMkR-GzfWGJAMkh5VJqNse
@ShadowBandana,UgxT7F9fBEFtDf3EmAt4AaABAg.AMkJ7tutZGWAMkhFXDxmTf
@ShadowBandana,UgzaeXv3caGBBFgyJkp4AaABAg.AMkGli8Plk8AMkhKdsLgRb
@ShadowBandana,UgwORcYlp4_J9S7bBVJ4AaABAg.AMkFqYCF2L7AMkhOPyB0fZ
@ShadowBandana,Ugz_kfZ4m6Jb1hnhtSR4AaABAg.AMkFZEM4SjVAMkhRZyNH7T
@ShadowBandana,Ugz_kfZ4m6Jb1hnhtSR4AaABAg.AMkFZEM4SjVAMkkK6NvLAT
@ShadowBandana,Ugw0pkwNKFM2OeeF6Ip4AaABAg.AMkE375eAKOAMkhVo5j6Eu
@ShadowBandana,UgwL6bYVyShzTqUEbc54AaABAg.AMkDxGg0iPmAMkh_dwExwz
@ShadowBandana,UgwIfdhlmVShP8CIUGJ4AaABAg.AMkDW9kkwfqAMkhbl0dtA-
@ShadowBandana,UgyF0coGh6AwINuXATJ4AaABAg.AMkD0GZJeTMAMkhhrYsofk
@ShadowBandana,UgyudCQrJTo6xpf-kLx4AaABAg.AMkC4ZAdOeyAMkhkomTmWB
@ShadowBandana,UgzWq2uPsoxhv4yZVtt4AaABAg.AMkBzj3_Mt_AMkhnxbaKH6
@Scorch428,UgwVCnc94e_C6iqzCS94AaABAg
@ShadowByNine,UgxfnBbKjdL3DvU_9K94AaABAg
@ShadowBandana,Ugyq185RCdDar58m28R4AaABAg.AMk0pkDIpP_AMki2r6T_iM
@ShadowBandana,Ugxi_kCELrmAYUuL5yl4AaABAg.AMk0dQ5kiUsAMki5WL124N
@ShadowBandana,Ugx8A-ieMRmJLER65jt4AaABAg.AMk-aXoSe-hAMkiB1Jxps7
@ShadowBandana,UgwkpTFmHEydX2yYzpp4AaABAg.AMjwmVmqwK9AMkiLglNTNi
@ShadowBandana,UgzrCeh6QkmSAUg3eTF4AaABAg.AMjwlTcHuPfAMkiOZ4W_ZJ
@ShadowBandana,UgwUZ40iOC9NiEZU4e94AaABAg.AMjvZXZAX_jAMkiRyZp7FR
@ShadowBandana,UgztV8-I6UVopeT30U94AaABAg.AMjv3zY_IEyAMkiXBo6h4i
@ShadowBandana,Ugx62iRa9-yj63QNG1d4AaABAg.AMjuh0zWx6TAMkiZK3bQsG
@ShadowBandana,Ugxv4ompFvirzekA0Dt4AaABAg.AMjrpifrmJ3AMkicXifWRP
@ShadowBandana,UgyYs7-e0hbPm3-PMsR4AaABAg.AMjqWjbbIXfAMkiialiWyr
@ShadowBandana,UgyQbViAa5ec-lvf0XV4AaABAg.AMjq-FI-H7iAMkilpA-Wx2
@ShadowBandana,UgwKCDhvWJ7Kkw4ljux4AaABAg.AMjplPCkyz_AMkiqyxOMZ2
@ShadowBandana,UgwKCDhvWJ7Kkw4ljux4AaABAg.AMjplPCkyz_AMkn3PxzvM2
@ShadowBandana,UgxbCVieEDgR688o7PR4AaABAg.AMjof14z-dDAMkiwgjjPH4
@ShadowBandana,UgwZd1tSF6EHfL_381x4AaABAg.AMjoZABiEx0AMkj0xpy6Ti
@ShadowBandana,Ugx0f4dVNwkHaYiZdSF4AaABAg.AMjnoXmUCdGAMkj3Ii8Z6t
@ShadowBandana,Ugyp_3frFhVE4_e0x8t4AaABAg.AMjnmECb_0cAMkj5aj-lvd
@ShadowBandana,UgzqCb_oneb2Vsv6W714AaABAg.AMjnPnDXsQSAMkjBqfZsFr
@ShadowBandana,UgwTAKg63GlJnohCL-Z4AaABAg.AMjkHA_r3_0AMkjJNm2bBJ
@ShadowBandana,UgwTAKg63GlJnohCL-Z4AaABAg.AMjkHA_r3_0AMkjLN79GUW
@ShadowBandana,UgyNt7gLVeznmlQdQYx4AaABAg.AMjjm-6vOoNAMkjO-y9zGA
@ShadowBandana,Ugx3ScfmwnUQAD5tOdN4AaABAg.AMjhdWiWogwAMkjWekiXqp
@ShadowBandana,Ugz6McyTmEMgzH_o3754AaABAg.AMjgnGi7vioAMkj_NInrS6
@ShadowBandana,UgygnTHAHbsXn0zo8Mx4AaABAg.AMjg6FEvyE4AMkjg8NpkMA
@stevengill1736,UgyEKMj4wp_UF2IXtDp4AaABAg
@Scorch428,UgyMhP3nTXC8SuXIgx14AaABAg.AMjWr3PU-CkAMk65ajH2J_
@Scorch428,UgzZjMVGmj33gUGJDpx4AaABAg.AMjKSjzrcPBAMk6QIUCoXY
@tst_09,UgyEmM8Bm6AFyKOo_W54AaABAg
@tst_09,UgzQ3TZl3oLPCRuaOex4AaABAg
@tst_09,Ugy1ln6lEs4wSI_9QpZ4AaABAg
@veritasium,UgxhwSDk1jpVykL_udR4AaABAg.AMjAQXiKLjaAMoQkm_W7H7
@cheesebusiness,UgwOQvcrwr5hLIy1BlN4AaABAg
@salpon,UgzieUSz2gYussB9fE94AaABAg.AMiB-2n3_lxAMiCIkSa_48
@salpon,UgzVIHFmD27aFCA9pwV4AaABAg.AMi9YYKO9tWAMiCPL8lkkf
@salpon,UgwQN_37joPT9hwxh0t4AaABAg.AMi9Gktr2mLAMiCTQSrgM7
@salpon,UgxpFPF4svDkO4bW3tl4AaABAg.AMi8ifE8jxLAMiCVVtdwmc
@salpon,Ugz3deaKPxyM9dTsPTh4AaABAg.AMi8V-ObehvAMiCYcRj3VT
@salpon,UgyZUMDeq5Cia4EdQ5F4AaABAg.AMi8Aq_41i3AMiCjr7h1T6
@salpon,UgxtbKUUyDhs6-zzJ7J4AaABAg.AMi84u3kd9LAMiCoiTZAcM
@salpon,UgzCFIdCGMOK9my5Q7R4AaABAg.AMi6ukXUFNfAMiCquNByWY
@salpon,Ugxi4tC_rwjGxR-OjX14AaABAg.AMi5eKhYLJeAMiCt35tA6n
@salpon,UgwQsDrrjLzwcdWqDlV4AaABAg.AMi0dTBp3D4AMiD6mI9I2-
@salpon,UgxnIyWcHv7ocCVw6md4AaABAg.AMi0U-axZDsAMiDAKHpDMP
@salpon,UgyUDCR1XTOnZ0AlZkh4AaABAg.AMi0Tt9-9ihAMiD88x1YZG
@salpon,UgyJjZAXijtnV-SFFnZ4AaABAg.AMi-mhxTh7yAMiDNjygPQz
@salpon,Ugyz4hud6uqSccY3UQN4AaABAg.AMi-drBWu09AMiDOteCb1F
@salpon,UgwGUBkvFTQDZ4fv7pB4AaABAg.AMhzoYkSeuNAMiDTTryKEb
@salpon,Ugx6QRncFf5gmC6q_1N4AaABAg.AMhxhkeFjv_AMiDgHJE2VF
@salpon,UgxjBKS9MrpNKHhzFap4AaABAg.AMhxYySj96CAMiDlBq9DQU
@salpon,UgyOuLLMg5_r3K0Ykzl4AaABAg
@salpon,UgxsllcHDSJ7Tl5NE794AaABAg.AMhwllqac1KAMiDoV3AJo0
@salpon,UgwXysQcUkYPw2RnExV4AaABAg.AMhvvH9QyJRAMiDyvip0Q4
@salpon,UgwMwfKSqM7lTS7duZx4AaABAg.AMhu8sqOh9MAMiE4FEBuOO
@salpon,UgwVeLFI2GAlNyRUt1B4AaABAg.AMhu8NNtO7EAMiE5rUWRbv
@salpon,UgxmO7xouANAx0l2RXN4AaABAg.AMhkN1LFECrAMhyfGb4d_I
@salpon,UgydEKuybWW32WC0_el4AaABAg.AMhT4v6xBdpAMhxryoZINl
@BiG_Brain13,UgzAHjofxgKjLVCa8R14AaABAg
@salpon,UgwtnvzmnIuCigmJlnd4AaABAg.AMhKU703TVOAMhxcteA6-L
@stevengill1736,UgwtnvzmnIuCigmJlnd4AaABAg.AMhKU703TVOAMjYswsk8Ol
@salpon,UgwtnvzmnIuCigmJlnd4AaABAg.AMhKU703TVOAMjfGmgqKo_
@Layde30s,UgwlfUuJwwnI0XsiKyh4AaABAg.AMh9AzcJfmiAMhFvV18zrr
@veritasium,UgxUi3mFegALzo1YPo94AaABAg.AMh4dwFEP5uAMoQjjJvXI6
@ShadowBandana,UgzIaXvlkc3uNRgLOFB4AaABAg.AMgn7OvkdzjAMkoJJTFO_o
@salpon,Ugyz-GE2IiJ-GJqgaR14AaABAg.AMgjF3a92BYAMhy6TtL9kX
@cheesebusiness,UgyVEdhYx63LPTh8KeF4AaABAg
@k1ng_chicken,Ugx23EP4mPKtnoGOQXF4AaABAg.AMgb67ITd_UAMoabAqYLBt
@salpon,UgyimOQKQrNPc0beAXh4AaABAg.AMgTqqSX1npAMhy0o1xjqk
@florianschneider3982,UgwwLfcVMU5YIR9O9FR4AaABAg.AMgMdKmdYhnAN4orYU6rFG
@yassine-sa,UgyD6K9QtdVikbMIlD54AaABAg
@yassine-sa,Ugy07F-U1FQa4LcT5Ft4AaABAg
@yassine-sa,Ugy07F-U1FQa4LcT5Ft4AaABAg.AMgI0gCo3CZAMgOLi_JK6u
@alexgis6982,UgwjsBWqlQ3-4IHlFTJ4AaABAg
@alexgis6982,UgwP7sEvpa4LEcT34lN4AaABAg
@alexgis6982,Ugz9mNL1NdiH8ESb3bx4AaABAg.AMg8-mt8GkeAMg86ZrGuD-
@salpon,UgxicsT_vzSHx5ECjjZ4AaABAg.AMg5JlrobjSAMi-CowmoSM
@alexgis6982,UgxrmCSh4CUeuJKEoQp4AaABAg.AMg1AGjXeGyAMg8QfU80Fm
@alexgis6982,UgyUbPjpgbatq4GMUvt4AaABAg.AMg0-KLkZD_AMg8Uy1zPwC
@alexgis6982,UgwD17OR6nN5EWb0uBF4AaABAg.AMfzEZtKCghAMg8_p68une
@alexgis6982,UgwD17OR6nN5EWb0uBF4AaABAg.AMfzEZtKCghAMgFOolyJ4c
@alexgis6982,UgyZe-Rj5z9971pvx3h4AaABAg.AMfx1iR2fz3AMg8d75q6Xx
@alexgis6982,UgxOAY9v5p0OibE0izx4AaABAg.AMfvhv9ulXMAMg8ljmAX2a
@alexgis6982,UgwPcwSfozMwhac5Kn54AaABAg.AMfspVd_sBJAMg8tW7w7ht
@salpon,Ugy8E-w7HIPyiI_HChp4AaABAg.AMffcjf1jocAMhzmUBFxbo
@salpon,Ugz0p26evQDIztk13Wp4AaABAg.AMffcVKQ1-1AMi-7QdpMmj
@veritasium,UgzUhNW9T-oZabrQMK14AaABAg.AMfLa75pLohAMgJhh0od_e
@JesusPlsSaveMe,UgwEMxF9fnsyuWAl_Zp4AaABAg.AMevydZnL3FAMgSw3nxTLd
@Scorch428,UgzEr3ms9eXZUmeosyp4AaABAg.AMepS5OKjS9AMk6BZ9oUtS
@ShadowBandana,UgyiSYnC6a5BD78N1bZ4AaABAg.AMeYaHIXhlkAMkkTrTEYzE
@salpon,Ugwc0C7Mktu9j2Iqc4Z4AaABAg.AMe4QQHB2Y1AMhzZs-IUSj
@veritasium,UgzfH3Y58dxtbe7btF94AaABAg.AMe-TtmGdwRAMgJkE0qCTz
@pseudotasuki,UgzFsTGW6XUykUAX5V94AaABAg.AMdjZevwCo0AMdjmgJnyLG
@pseudotasuki,UgwpDQyN_8KZ4ygBUwt4AaABAg.AMdjG27-bewAMdjrtzRgjo
@pseudotasuki,UgwS28mn6e81u429ML94AaABAg.AMdhuT1CkEJAMdkF1XaJxE
@pseudotasuki,UgwS28mn6e81u429ML94AaABAg.AMdhuT1CkEJAMdpgqyxM2s
@pseudotasuki,UgwS28mn6e81u429ML94AaABAg.AMdhuT1CkEJAMdqDBpnCiZ
@pseudotasuki,Ugx6HprecJ0m4L84W8p4AaABAg.AMdhqLg_1gTAMdkSRk885K
@pseudotasuki,Ugx6HprecJ0m4L84W8p4AaABAg.AMdhqLg_1gTAMe9r-3cv0d
@veritasium,UgwH2XGUsBHTNJQZxD94AaABAg.AMdhWeiTYWvAMdzrCuyzu1
@pseudotasuki,Ugx_D23e2FS61gS_Cup4AaABAg.AMdgLn5M-2pAMdkh_c7dUW
@pseudotasuki,UgyyWpwGABlNw-i6msF4AaABAg.AMdeDTtOCVIAMdkujIfjLs
@lloydjudd5137,UgyyWpwGABlNw-i6msF4AaABAg.AMdeDTtOCVIAMdqZKTO3oy
@pseudotasuki,UgwMg-u4ZY-tb5NRH3t4AaABAg.AMddTxmJegPAMdl8eB5R-X
@pseudotasuki,UgyYKnVe2rTcjUNopAt4AaABAg.AMddQi7gkGbAMdlKs3RXMu
@pseudotasuki,UgyIKo1C4xslxBqz6PR4AaABAg.AMddKgLOsb1AMdlSaw7LZ7
@pseudotasuki,UgyIKo1C4xslxBqz6PR4AaABAg.AMddKgLOsb1AMdlwNk9SoP
@pseudotasuki,UgwiaZOr5nN8bDngJ7F4AaABAg.AMdd37gLy4qAMdm6CT2GnX
@pseudotasuki,UgwiaZOr5nN8bDngJ7F4AaABAg.AMdd37gLy4qAMdwoHDM6Ot
@pseudotasuki,Ugxbkagkyy5ajufqdPp4AaABAg.AMdcXSscFHgAMdmChJqoaX
@pseudotasuki,UgxA9a3BoMSDjiIMJFp4AaABAg.AMdc-5lAQVQAMdmJqmqLMT
@pseudotasuki,Ugx6ycdf1uHTG1d2-Ot4AaABAg.AMdayn8q2qfAMdmcRb6h30
@salpon,UgzvwR29oHyqTJN63zN4AaABAg.AMd7eowrvqlAMhzbQlF0SZ
@florianschneider3982,UgwS4ztxJ76h8wJaGSh4AaABAg.AMd15uBu8kFAN4qlwhNb5h
@andybaldman,Ugy5Fq053jCyTIcaFRN4AaABAg
@andybaldman,UgzLfmzRqpjnAcBG4Up4AaABAg
@UrHumanShield,UgydGEdCu11YJlRBjIt4AaABAg
@veritasium,UgwvicAxnpGpifXDZ1Z4AaABAg.AMcorHpf7-qAMdzrbAPyVH
@UrHumanShield,UgzheAUBI4t8LIK1WBx4AaABAg.AMcnYqn08TGAMctV7Dy2dZ
@UrHumanShield,UgyHsLP9QWB7WLACv5d4AaABAg.AMcmCUhvFMfAMctky8wGak
@UrHumanShield,Ugzu4FdXRbUsVXuwkm94AaABAg.AMcm0icX0BBAMctvJmmjA-
@UrHumanShield,Ugxt4qmxgflk-Zq8EuB4AaABAg.AMclKkNVThJAMcu17fmbyo
@UrHumanShield,UgwIO3BVIsIDugZQz2N4AaABAg.AMckxE3D4zeAMcuFuVNpaU
@UrHumanShield,Ugx9MDYzzIU1ACd-Fzh4AaABAg.AMcktgNc74BAMcuJJJkxbL
@UrHumanShield,UgyfHUD1X1Bc54M7uYJ4AaABAg.AMckZ7eGurnAMcuT7V2RxY
@UrHumanShield,Ugy5kuqhiGPu7EBxsVR4AaABAg.AMckLEVoMMTAMcu_2PoDq6
@UrHumanShield,Ugy2-HmRZWrWQY600NN4AaABAg.AMcjZm1OOboAMcueE0OwXx
@ShadowBandana,Ugx7et6AKHlQQ-9Dt8d4AaABAg.AMca5Yc7gCbAMknJZ9t1aE
@florianschneider3982,UgzBuJZ7e2aA5_jlmcN4AaABAg.AMcGUBps9qjAN4r-H_DCcK
@veritasium,UgxP0GCQIshLQ3OmeqV4AaABAg.AMcEAqkLTR7AMe3BPYFerT
@KaosProject21,Ugxni44c2UactXrBzqJ4AaABAg
@KaosProject21,Ugxni44c2UactXrBzqJ4AaABAg.AMbsMY32R0QAMbsTG9Sz65
@KaosProject21,Ugxni44c2UactXrBzqJ4AaABAg.AMbsMY32R0QAMbsonPsTXR
@ShadowBandana,UgwSJupZzXfEo0ZL_fp4AaABAg.AMbrKmHyLP2AMkoeVBTg2N
@myboysd5772,UgxrdIvgIUrt3RQspHJ4AaABAg.AMbqeYP2JbYAMbt0smLRFT
@myboysd5772,UgwI3EztkLPyOMouMl94AaABAg.AMbpvJZ9Uy_AMbtBwOiFKL
@ShadowBandana,UgzDQh3j96vfQGCZpdp4AaABAg.AMbpgnDjbJAAMknHejUH0j
@myboysd5772,UgypwzIkTumcbOyDzmF4AaABAg.AMbpC2wgUQKAMbpRrcXhEb
@veritasium,UgzEEWD7jiE1uRlx5zV4AaABAg.AMbk9FA7ICWAMdzsRriWbn
@phoenix_random,Ugw24yWqCXNaIf4sCdh4AaABAg
@pseudotasuki,UgwOZNgq5y1aadBku694AaABAg.AMbeDNkdw0DAMbejlWDgkH
@veritasium,UgxYEBsDY00cpTHHc-t4AaABAg.AMbbix11FzKAMdzspuVksX
@veritasium,UgzKK6-VeHg8H9CQkFd4AaABAg.AMbZ_EgldbNAMdztFTvIpe
@SimoneCarp,UgwSQXxx2auBGZojrXx4AaABAg
@SimoneCarp,Ugx8wIEWIhpDpVBQC6h4AaABAg.AMbWP2fO55qAMbWZ1PWNut
@SimoneCarp,Ugx8wIEWIhpDpVBQC6h4AaABAg.AMbWP2fO55qAMbW_IrnFHr
@SimoneCarp,Ugx8wIEWIhpDpVBQC6h4AaABAg.AMbWP2fO55qAMbWb8x2Vvc
@SimoneCarp,UgwqUeSdhby9pAGuMUB4AaABAg.AMbWALDGmnXAMbWgwWeOkS
@SimoneCarp,UgwqUeSdhby9pAGuMUB4AaABAg.AMbWALDGmnXAMbd767O8S1
@SimoneCarp,UgxQwONtDwbHEw13TpZ4AaABAg.AMbVZNqJ1mrAMbXVoxMuTo
@SimoneCarp,Ugx6_U2spUQj6e0Jk5F4AaABAg.AMbTEJovckiAMbYASi6s6H
@SimoneCarp,UgxqlS5xS3yqfioqWNh4AaABAg.AMbS6HXyxJoAMbYFCm9YvR
@justinbustin677,UgyyFWkwE6acTj61-tZ4AaABAg
@SimoneCarp,UgxOr3Y_pLGov0OqrMF4AaABAg.AMbQgdJtEqkAMbYubGz4jo
@veritasium,UgxVLImKM_FMavMbxXl4AaABAg.AMbQLZhrAK2AMbVY8ytpqI
@justinbustin677,Ugz0DOkRyi4DOGsvpop4AaABAg
@SimoneCarp,UgzU3BNhla7nZtcQUrd4AaABAg.AMbPLDbvPxHAMbZJfHzsuS
@crazychicken8290,UgyCgyKcyym5gxDZmh14AaABAg
@crazychicken8290,UgxnsEP_qXdCjQwiNdd4AaABAg
@Carewolf,UgzPU2s78R915JEGbmx4AaABAg.AMb1azC1XzOAMbADgqONfA
@PhysicsPolice,UgwfXul4iRT3lNOv5eh4AaABAg.AMazUxQva1gAMb-itHwwvZ
@PhysicsPolice,Ugz6rKOees5RuwxZxvt4AaABAg.AMaxM_tScCoAMayAZkeiEH
@PhysicsPolice,UgzqS_35JCJ3y7Gs49N4AaABAg
@PhysicsPolice,UgzqS_35JCJ3y7Gs49N4AaABAg.AMauAiiBJ15AMawv_B8EuJ
@PhysicsPolice,Ugzf_IOdEMm5ByOTgTp4AaABAg.AMasljI71qZAMayRvb6TUy
@Freedomistman,UgyiScSQv3sKn4a6oqB4AaABAg
@PhysicsPolice,UgyTLzDjIWbf4bCtLoJ4AaABAg.AMarpOl7i3BAMaupmI4uuH
@PhysicsPolice,Ugz59TtV3EFcv9tLuVV4AaABAg.AMarDZsnpXUAMav1aWeJpD
@PhysicsPolice,Ugz59TtV3EFcv9tLuVV4AaABAg.AMarDZsnpXUAMfhWqGHQkW
@salpon,UgzbgKpSrO_85umVTcp4AaABAg.AMaqo-A_tpPAMi-RAhCnkq
@PhysicsPolice,UgwUWkkDgW5igGG12Ct4AaABAg.AMapJ9QCzrmAMavPKRx93-
@PhysicsPolice,UgzeKTSfuYTDZFGsvuV4AaABAg.AMapG8DsZg0AMavYl-e3cp
@PhysicsPolice,UgyPC3Lt6s9uNhdYsVZ4AaABAg.AMaoaqF--xlAMavjaofSEY
@PhysicsPolice,UgxlFVpKOREXaKPLqid4AaABAg.AManKIcU6ueAMaw3k4cTgn
@PhysicsPolice,UgzlFs2-bkzuxMpFBd54AaABAg.AMaliJfqefDAMawQETb6rF
@PhysicsPolice,Ugym_37mIqg5y1H9Bit4AaABAg.AMajSJdwd0qAMayiGg6zwB
@veritasium,UgxRS20-NxSahRO4NlB4AaABAg.AMajNMrFq5LAMb9pXhL1G-
@veritasium,Ugxa6C5OV5z3Y-FMUbh4AaABAg.AMai0pmO1DgAMb9wQghze2
@PhysicsPolice,Ugw6lFnBG3ZKvNEC3XR4AaABAg.AMafomP7lADAMaytqXfnNU
@PhysicsPolice,UgyKMBdgdTeisuIAAah4AaABAg.AMafn96HsrAAMazbLkHU4E
@PhysicsPolice,UgwCmUG3ljqbX0-8FgV4AaABAg.AMaeGZDBoQ_AMazmf2tOPD
@PhysicsPolice,UgyDeZXVhIlXPT_AxVJ4AaABAg.AMaduYbt-r7AMazrqik4Ng
@Kragatar,Ugzvi64KA3NTOBcZ87p4AaABAg
@Kragatar,UgzQkRyxH3RyFYawcFt4AaABAg
@Kragatar,UgxPgV3KSICYkrqmOsV4AaABAg
@veritasium,Ugy89cwuGove6ZADSEV4AaABAg.AMaDtOlxwvkAMbA330LTeq
@SimoneCarp,Ugy41Vws8tkJlbhsxw94AaABAg.AM_pzzDgSEEAM_q6W8eFBj
@SimoneCarp,Ugzkn8nIQoXCz52V-4p4AaABAg
@Tahoza,UgyOIPnU1FnjRE2xSxp4AaABAg.AM_mv8Bwx2fAM_nsjQK5hJ
@Tahoza,UgwrMkUJsIeDpL9t8Lp4AaABAg.AM_m9Kr20kkAM_oFVafSgD
@Freedomistman,UgwpChmk4f9wBEBlScZ4AaABAg.AM_l5HXK4N4AMav9iFhCLe
@justinbustin677,UgweQpygvz18IZF476x4AaABAg
@justinbustin677,Ugx7cc2TtDbsP6jNeSN4AaABAg
@SimoneCarp,UgwNtTZIUvAtmIy0DFd4AaABAg.AM_SCwUba15AM_qkBgtEJV
@tutacat,UgwqebAeDi8hc0QiISV4AaABAg.AM_HsSdTux8AM_zuPE_MHp
@veritasium,UgzueUX8Wi60oFaRGM94AaABAg.AM_9hRPZL4vAMbA3d-AZ6f
@myboysd5772,Ugx5WJ0sAsP0_XcGQo94AaABAg.AM_6yGpLVqpAM_GGzcPo-j
@CamonaTempest,UgwY_GWMPXQ0rRO5aFV4AaABAg
@myboysd5772,Ugx8xMWpjt2uWB1sCIF4AaABAg.AMZpSft6_yhAM_HFiNXIMH
@myboysd5772,UgxuCwQwpRUgUiB9N3F4AaABAg.AMZnBl95O9VAMZp2WdPkN-
@sadqqwwqeq4175,UgwBRkazVv1NrEfvkL14AaABAg
@sadqqwwqeq4175,UgzOUTS37xw5jEh-gfB4AaABAg.AMZlYsGJaTOAMZnN_lMnny
@tutacat,Ugy0XW95JsGOm8RtGIh4AaABAg.AMZjfOt2geBAM_zh7hByH-
@veritasium,UgxRPHdE7kKJImBloTF4AaABAg.AMZhs5ffQ-kAMbA54mATj1
@myboysd5772,Ugz8CvYNji4W4rESlI54AaABAg.AMZh2VXnWCzAMZkjceRER1
@Kragatar,UgwWeP4_g8oe-WrIXOt4AaABAg
@tutacat,UgxgiHuew4WOb4ZBt5t4AaABAg.AMZcowC5JhZAM_xyQKnPdm
@myboysd5772,UgzMem2HerQ3j_xxh-h4AaABAg.AMZcnTkAgSwAMZjtL4d983
@NexGen-3D,Ugw9scCs8SEvEHBJ5w54AaABAg
@myboysd5772,UgyQrFq2TOxXNwlotZh4AaABAg.AMZZQpBNY9ZAMZk9iai8fn
@andybaldman,UgzYTCSpVVd4JMc1Eut4AaABAg
@andybaldman,UgzmrsM0biLVFto4AKF4AaABAg
@andybaldman,UgzmrsM0biLVFto4AKF4AaABAg.AMZX1QDSwlaAM_vkh_2fJH
@andybaldman,UgzmrsM0biLVFto4AKF4AaABAg.AMZX1QDSwlaAM_vpCQrUWt
@sadqqwwqeq4175,UgwoulFSNyjG6VJAMlV4AaABAg.AMZW1_2g9uGAMZnyEL8eUz
@solgato5186,UgyCb-8Be8rsQFq-i_h4AaABAg
@andybaldman,UgwOBgrEY8wlcb-aich4AaABAg
@solgato5186,UgwOBgrEY8wlcb-aich4AaABAg.AMZUQzDKNVTAMZW2K1gIW6
@andybaldman,UgwOBgrEY8wlcb-aich4AaABAg.AMZUQzDKNVTAM_vx0SZdno
@solgato5186,UgwnQrrGDOdnLdOq5X94AaABAg.AMZUNlqJj3bAMZW6pZ0L35
@solgato5186,UgxOWwpOfeaQCT5R6894AaABAg.AMZUM67s1QlAMZWBkl7ZLf
@myboysd5772,UgxOWwpOfeaQCT5R6894AaABAg.AMZUM67s1QlAMZkL1f7Wpq
@solgato5186,Ugz2QgP3w1LKLKLW5u54AaABAg.AMZUL_dRg1zAMZWLpW0jc-
@solgato5186,UgyhrrowbC1TlJ2TI254AaABAg.AMZUAN6q9n_AMZWq6-nRXc
@solgato5186,UgyoukcLBeCiXLZkJTh4AaABAg.AMZU0VG4UT9AMZX-ZIGTbw
@sadqqwwqeq4175,UgyoukcLBeCiXLZkJTh4AaABAg.AMZU0VG4UT9AMZm976-kdj
@sadqqwwqeq4175,UgyoukcLBeCiXLZkJTh4AaABAg.AMZU0VG4UT9AMZn7o3svnh
@sadqqwwqeq4175,UgyoukcLBeCiXLZkJTh4AaABAg.AMZU0VG4UT9AMZnJdKlXFY
@sadqqwwqeq4175,UgyoukcLBeCiXLZkJTh4AaABAg.AMZU0VG4UT9AMZnTYVz0F0
@solgato5186,UgzTncGlDnfIYfi4lfx4AaABAg.AMZTbs2Ndz1AMZXAMl5737
@solgato5186,Ugw2Z0AQTf4wWnf-p0h4AaABAg.AMZTQpuoTo3AMZXIVHtek4
@solgato5186,Ugxsn6lZJo4eYEuP0Z14AaABAg.AMZTMpPzoqSAMZXS8i9M81
@solgato5186,Ugysr6fus_eRfrGQSrR4AaABAg.AMZSebdHOyfAMZY8IY71DX
@solgato5186,UgyjGWtHANRgWn8G0VJ4AaABAg.AMZSUwjDvTOAMZYIU6JR7A
@solgato5186,UgwNTGo-e4m7KVePRzx4AaABAg.AMZSU_hJmXsAMZYQRoauTm
@solgato5186,UgxsewzlkIm_xkPEQEB4AaABAg.AMZSHh0VfaHAMZYVD4M_Hl
@sadqqwwqeq4175,Ugxp7oLg_RJUGu72aAJ4AaABAg.AMZJaANnfC3AMZnVs7j7wC
@myboysd5772,UgwrhIAK_45bmpg0BMx4AaABAg.AMZHmlkZoQVAMZJ2g5J6xv
@myboysd5772,UgyE5CIZPhkBXfRvVN14AaABAg.AMZFhlv_I4DAMZJBoK16lv
@myboysd5772,UgyhdpcYic79ECBY4DZ4AaABAg.AMZDkMIomXWAMZJR3U3gCh
@lloydjudd5137,UgzNBvncrS46ssyPrAh4AaABAg.AMZ9lxVWVUKAMZCNZoH-2x
@myboysd5772,Ugw11f-l5MFqXBiD5LZ4AaABAg.AMZ9bab9-BmAMZJm8rrNzI
@lloydjudd5137,Ugyn4L1cNuFkby-92Pt4AaABAg.AMZ62oeMyVJAMZD09h5O3J
@myboysd5772,UgzZVnZSTUCiijWnxed4AaABAg.AMZ599hJAa-AMZK7q-CwEk
@lloydjudd5137,UgyGpZCECQOhJGdYxpR4AaABAg.AMZ2e_qCeydAMZ3m4gVmeN
@myboysd5772,UgyGpZCECQOhJGdYxpR4AaABAg.AMZ2e_qCeydAMZKUzV0odi
@lloydjudd5137,UgxGFsHhIcGTRl9v7Xh4AaABAg.AMZ2CgAI5FjAMZDZoZ5qYT
@lloydjudd5137,UgwPb-KocB5k2xiE6VJ4AaABAg.AMZ1MTVqbt2AMZ4FGLmbBM
@sadqqwwqeq4175,UgxY8rCzZ_IDAmVQ_014AaABAg.AMZ-IntWfFhAMZf93WeLDg
@sadqqwwqeq4175,UgxY8rCzZ_IDAmVQ_014AaABAg.AMZ-IntWfFhAMZlk5DkieO
@sadqqwwqeq4175,UgxY8rCzZ_IDAmVQ_014AaABAg.AMZ-IntWfFhAMZluUzkUAG
@lloydjudd5137,Ugxp2S8V9IGYdRWpmid4AaABAg
@lloydjudd5137,UgzKtc1xTPtxwYNCUFV4AaABAg.AMYzA6BJIiUAMZ-VP3-vL0
@lloydjudd5137,UgxA7e7dFPTIBHyVoNV4AaABAg.AMYyTu5jUP-AMZ-sb7yyE2
@lloydjudd5137,Ugybadk8qfmMMbeL6Ed4AaABAg.AMYy3U2VpFdAMZ04ghQuIE
@sadqqwwqeq4175,UgzMCGiVb2jcAWubj654AaABAg.AMYxlmtYGR4AMZnGCXNebz
@sadqqwwqeq4175,UgzMCGiVb2jcAWubj654AaABAg.AMYxlmtYGR4AMZnmnOtxqW
@sadqqwwqeq4175,UgzMCGiVb2jcAWubj654AaABAg.AMYxlmtYGR4AMZnzisL7PC
@lloydjudd5137,Ugydj7h71-zrWQiBqUt4AaABAg.AMYxeYwO7vEAMZ0IxlrlcP
@lloydjudd5137,Ugydj7h71-zrWQiBqUt4AaABAg.AMYxeYwO7vEAMZ4pMBzWMp
@lloydjudd5137,Ugydj7h71-zrWQiBqUt4AaABAg.AMYxeYwO7vEAMZEwe2yS4_
@lloydjudd5137,UgxERhUhNykpE5rV1uJ4AaABAg.AMYx07YRZmyAMZ0vwJUics
@lloydjudd5137,UgwTeNICZNy8F5BJ6Vt4AaABAg.AMYwdmqSnGbAMZ1H0m5B4F
@lloydjudd5137,UgwTeNICZNy8F5BJ6Vt4AaABAg.AMYwdmqSnGbAMZ5RZYoSIo
@lloydjudd5137,UgyiyeKPp_p5tQbd3gB4AaABAg.AMYwIufsJbKAMZ1VH5l608
@lloydjudd5137,UgydiUl0fsz__YwEQd94AaABAg.AMYw5_r8QT6AMZ1ePUlEwT
@lloydjudd5137,UgwH2FuUR3RaRAlvhvR4AaABAg.AMYqCLgVp7tAMZFSdm9b53
@lloydjudd5137,UgzhPEVLfoZcf_JfOn14AaABAg.AMYpw0xSE-5AMZFe3KP2CG
@lloydjudd5137,Ugx54YBwwKW1Y5KtMfp4AaABAg.AMYo8Cfl9klAMZG1C4b3aP
@lloydjudd5137,UgwgcHpS8eS0yqQb0Yt4AaABAg.AMYnVxg1ia7AMZGEjPJmII
@Sammysapphira,UgwFZoi-hxjZ9kaDpO94AaABAg
@Sammysapphira,Ugx6ToLqSd2R05-W-x54AaABAg.AMYiwA7kpr4AMYjHdh1Rjz
@qman8816,UgwZyocHlmTtoHDliVp4AaABAg.AMYhgFH5124AMYiRXbjtJE
@qman8816,UgxCmcEM8Evpy_uZvMd4AaABAg.AMYglox8aTEAMYjcJLODet
@Sammysapphira,UgxeNFpVD2GI3G4QIdZ4AaABAg.AMYgc7Mrq9hAMYjc3hTrZX
@qman8816,Ugzw1jEqlFLZGVxUxQ14AaABAg.AMYgU1OHg2dAMYkc6X5AbA
@Sammysapphira,Ugy5FQgFNP0DyhMSXsJ4AaABAg.AMYgNnfLgJNAMYjhkMu2lt
@qman8816,UgyxOgYoIC3OLvVTTB94AaABAg.AMYgN9BR7ICAMYl2Wf3mxH
@qman8816,UgxGFmICHWjFnupgxUR4AaABAg.AMYgHOqBa3hAMYl9AWneiE
@Sammysapphira,UgwemrWTTutiof3A1F54AaABAg.AMYfn80wJGhAMYjsLXcsk4
@qman8816,Ugz4u4IdOy_tHa0r4MN4AaABAg.AMYfSl-0RwwAMYmwp_qTq-
@dsndicmsa7141,UgzS6TRp6cJlP3wMSGd4AaABAg.AMYfLbDdGgsAMYg6_R1wrq
@Sammysapphira,UgzS6TRp6cJlP3wMSGd4AaABAg.AMYfLbDdGgsAMYjwj7PCWD
@dsndicmsa7141,UgzcxfcVsuqsUBtWx4x4AaABAg.AMYf4pdsQU0AMYgE4usENl
@dsndicmsa7141,UgzcxfcVsuqsUBtWx4x4AaABAg.AMYf4pdsQU0AMYi5OWiA2m
@dsndicmsa7141,UgzcxfcVsuqsUBtWx4x4AaABAg.AMYf4pdsQU0AMYlYcKbfPK
@dsndicmsa7141,UgwkhpSbpNSKHfuQqrJ4AaABAg.AMYetyFFAOaAMYgIfi3siM
@dsndicmsa7141,UgwkhpSbpNSKHfuQqrJ4AaABAg.AMYetyFFAOaAMYwkt6o0SZ
@qman8816,Ugyu8hbV20ffR-N7zV14AaABAg.AMYep0pY_FLAMYpC-Oy_T3
@dsndicmsa7141,UgxWs611qq5Knr5OHO94AaABAg.AMYek8fSqbBAMYgUsrJ3m6
@dsndicmsa7141,UgxWs611qq5Knr5OHO94AaABAg.AMYek8fSqbBAMYiIFu_Lbp
@dsndicmsa7141,UgxWs611qq5Knr5OHO94AaABAg.AMYek8fSqbBAMYj05ECL0y
@dsndicmsa7141,UgyDnsMJDo6H2fX77yN4AaABAg.AMYefEQBT-RAMYgZINIUoc
@dsndicmsa7141,UgzgaU8zMCdiw4WH_ah4AaABAg.AMYeUs-ICpzAMYgdqmc--_
@dsndicmsa7141,UgwTPM7D7Hbr0mnuzt94AaABAg.AMYePeSII91AMYgh49J1eN
@dsndicmsa7141,Ugz1mwrOnjg52EWPUDF4AaABAg.AMYeNCqjjWVAMYgkMt3qE1
@dsndicmsa7141,UgzZhN0v5lWic4vbZ_B4AaABAg.AMYeLslJCamAMYgqm1EM7f
@dsndicmsa7141,UgzBqrVrssIUrKtMheB4AaABAg.AMYeKcCgk16AMYh2RRA3Pw
@dsndicmsa7141,Ugz2HM_XcvzDB7KTsgh4AaABAg.AMYeElVniCxAMYhJnTXg4L
@dsndicmsa7141,UgxOw9_QcPlQvFKSUrB4AaABAg.AMYe6YmPHV0AMYhQ_itXZ8
@qman8816,UgxOw9_QcPlQvFKSUrB4AaABAg.AMYe6YmPHV0AMYrLl1ECJS
@dsndicmsa7141,UgzCMUWMLm5pY-fPkgp4AaABAg.AMYe4ekVWEMAMYheSgB6PC
@qman8816,UgysUqrtVdgM0w57_kV4AaABAg.AMYe2NFrJeKAMYrypJfjps
@dsndicmsa7141,Ugzo9KZou4TqRA-igwB4AaABAg.AMYduiVuWBmAMYhiHy95AU
@dsndicmsa7141,Ugx8Y5uhgVp4iu_gyUF4AaABAg.AMYdrFfHqeVAMYhkYOzjVD
@dsndicmsa7141,Ugx8Y5uhgVp4iu_gyUF4AaABAg.AMYdrFfHqeVAMZVAcrC2Cy
@dsndicmsa7141,Ugx8Y5uhgVp4iu_gyUF4AaABAg.AMYdrFfHqeVAMZcfPtN_DQ
@dsndicmsa7141,UgyefHYi0wuExmVnY5V4AaABAg.AMYdfspYIQgAMYhozJpH9X
@tutacat,UgxnXb1fWC5FOBIWbWh4AaABAg.AMYcNPDg0XpAM_yuGmTwfS
@KX36,Ugzx_7L_HawlN0vWojt4AaABAg
@lloydjudd5137,UgzUO2z6tGendGnuhRh4AaABAg.AMYYeL2Zxx8AMZHxvaeavK
@veritasium,Ugy2bCMi-447AbdBsfR4AaABAg.AMYTQm1cQQUAMZX3armmgY
@superjumpbros64,UgwQf1pi97izj0PB53J4AaABAg
@sadqqwwqeq4175,UgxFTCxhnk1BTYfRfYp4AaABAg.AMYSPTiOkgeAMZnCOv-hEA
@qman8816,Ugwp8mooHsuYgLPXaGZ4AaABAg
@danser_theplayer01,UgwFbCmDx4gPI7095fN4AaABAg
@danser_theplayer01,Ugw5AfjEu8lJqcCPPOJ4AaABAg
@ChristineWilson-n6g,Ugzeg3lGkGhBpM70EMx4AaABAg.AMYNBiMS5aZAMYYhVgQd-O
@ChristineWilson-n6g,Ugzeg3lGkGhBpM70EMx4AaABAg.AMYNBiMS5aZAMYYsKvb4b7
@ChristineWilson-n6g,Ugwg-KG8H27imi1Eent4AaABAg.AMYLFvZBzh1AMYYVq9UdpO
@qman8816,UgwszBlq2kg_fzyE1e94AaABAg
@thaddaus_mizgata,UgxoPFheIR7cvyK7P9J4AaABAg
@veritasium,UgyEGZQtxl6DC7qEjNR4AaABAg.AMYKNWEmjMtAMZX4TdLZWr
@eat_ze_bugs,Ugx1HzpZNPmdCJpZsnF4AaABAg.AMYJq8nxEsUAMYKCODFDmf
@child666able,Ugx1HzpZNPmdCJpZsnF4AaABAg.AMYJq8nxEsUAMYKE9rtMnv
@child666able,UgxKuF8Xsm3s9b-jXZx4AaABAg.AMYJnYXAMZQAMYKDX6v_Cy
@child666able,Ugxvy-6yUlGqxUZaoaJ4AaABAg.AMYJkk1O2_-AMYKCu78a58
@qman8816,UgwNJKaqRwuMLf485694AaABAg.AMYJU-Zft7GAMYPxu41utY
@child666able,UgxV1-t7j_Et28oT4X14AaABAg.AMYJFbCjuFXAMYKQDa_gGe
@qman8816,Ugw5ExqqrIved03zDMR4AaABAg.AMYJ9vgRpSLAMYKjQnAynQ
@qman8816,UgwMC-1tIxgQhrWNdi54AaABAg.AMYJ98CbrBFAMYL1m89y61
@eat_ze_bugs,UgwMC-1tIxgQhrWNdi54AaABAg.AMYJ98CbrBFAMYLxrDPyAY
@qman8816,UgyC0YQ1QrC805zUBDx4AaABAg.AMYJ4RaFksgAMYQMceDa3O
@eat_ze_bugs,Ugywj7Nzp-VAClrjMe54AaABAg.AMYJ-3UfjAsAMYOYh3KKXB
@qman8816,Ugywj7Nzp-VAClrjMe54AaABAg.AMYJ-3UfjAsAMYQXXaeDAR
@child666able,UgxDPjcks6iNke1X4j54AaABAg.AMYIkQCyEwQAMYKk-Emraq
@qman8816,UgxDPjcks6iNke1X4j54AaABAg.AMYIkQCyEwQAMYR564-pma
@qman8816,Ugw-PA9Lv0rz_-abZ9V4AaABAg.AMYIiDz0jycAMYRTLUi_f4
@child666able,UgwBi73zsVFOBdF57LR4AaABAg.AMYIgia7WqaAMYKqeAIZfx
@eat_ze_bugs,UgwBi73zsVFOBdF57LR4AaABAg.AMYIgia7WqaAMYQWu0aLci
@qman8816,UgwBi73zsVFOBdF57LR4AaABAg.AMYIgia7WqaAMYS35epNjO
@eat_ze_bugs,UgwBi73zsVFOBdF57LR4AaABAg.AMYIgia7WqaAMYSTP6phrq
@Layde30s,UgzXLw8w3-tpKWT3vpR4AaABAg.AMYIZLSyN8WAMhBBy0YSNl
@qman8816,UgzSodhvTgCx2vbjwed4AaABAg.AMYIJro5wD0AMYSxVALoLs
@qman8816,Ugyo8UIjzU74Q6COL9B4AaABAg.AMYIGPZ8EXEAMYT43xAHf4
@qman8816,Ugyo8UIjzU74Q6COL9B4AaABAg.AMYIGPZ8EXEAMYTEfOwoFG
@qman8816,UgxsgyyGSy3HEc74saN4AaABAg.AMYIEayOniKAMYTJcoWvXK
@qman8816,UgxT0o6K9RAcDrfvIWl4AaABAg.AMYICiDmgb3AMYTYH0SZQc
@qman8816,UgxzobBNprwoKSX6hLp4AaABAg.AMYIBG2CsW0AMYTddGw3t8
@child666able,UgxNb4tXa31kqx8kJ0h4AaABAg.AMYI3s-J8WmAMYL1J5YJPm
@qman8816,Ugyza0GnGFGxIa73vgl4AaABAg.AMYI1GZjL-nAMYUm5ajX7n
@child666able,UgyPG4kfl5_a_U3TmNB4AaABAg.AMYHxRR5PPGAMYLATdvQVG
@child666able,UgxgWHv7cGL8ZIFZBrh4AaABAg.AMYHufDWe2zAMYLClFyODo
@qman8816,UgxgWHv7cGL8ZIFZBrh4AaABAg.AMYHufDWe2zAMYVBwNBDVp
@qman8816,UgwjtPNQnKe9skBAz8V4AaABAg.AMYHswX1R9xAMYVS9p8A5v
@qman8816,UgwSH8BTq6Yrnn5DO2Z4AaABAg.AMYHXMe2jh7AMYWtfFw5Vh
@thaddaus_mizgata,Ugzqerur-wU46lqDQSJ4AaABAg.AMYH29xq_mmAMYHXCXyeDJ
@thaddaus_mizgata,UgxOcRZp8xXtGenMYHZ4AaABAg.AMYGvLIVMFcAMYHrlc0tIH
@thaddaus_mizgata,UgxOcRZp8xXtGenMYHZ4AaABAg.AMYGvLIVMFcAMYQHMgk7BZ
@child666able,UgwWbvn9kQeLqxTl8sp4AaABAg.AMYGjAUcxt2AMYLMmBieAN
@sadqqwwqeq4175,UgwVVhjY_C4RPKnXcCt4AaABAg.AMYGaXCTIoGAMZnBfgoYVX
@sadqqwwqeq4175,UgwVVhjY_C4RPKnXcCt4AaABAg.AMYGaXCTIoGAMZo-c86gI2
@thaddaus_mizgata,UgxK7CdDsZRkE8bVond4AaABAg.AMYGRu2teadAMYINcGWMuL
@thaddaus_mizgata,UgypmyLgueCV-umWZkZ4AaABAg.AMYGPUfM6LOAMYI_JY5tPP
@eat_ze_bugs,UgxvKVSzGRHklWqNNMd4AaABAg
@eat_ze_bugs,UgxvKVSzGRHklWqNNMd4AaABAg.AMYGPCUWx7qAMYHqXopNQj
@veritasium,UgwL9xz-whBmSS-4X5d4AaABAg.AMYGBpBAbo5AMZX5XWSyDO
@child666able,UgxWFxYlp-HxIkXKrpd4AaABAg.AMYFmgulaeQAMYL_pbnXm-
@child666able,UgyZavqOHxT-hMHlpgR4AaABAg.AMYFg_OiYJBAMYLeficCkB
@child666able,Ugz9uq4JtXP5oMuWbfN4AaABAg.AMYFJEoFWMWAMYLlfAg1vP
@child666able,UgwZ7WR0rA3Y3zJH_Fd4AaABAg.AMYFAgFdz8tAMYLoBcDMzg
@MikkoRantalainen,UgwIEqNAoYo3hOTsaBd4AaABAg
@eat_ze_bugs,UgwdnxetJXZEuBuKvtd4AaABAg.AMYDjX2uQbSAMYI8CCAv0L
@eat_ze_bugs,UgwJaE5yv7wd0SIlSnh4AaABAg.AMYDea0B__-AMYH82zImTy
@KaosProject21,UgwiaEpC7qGlji69o9t4AaABAg
@eat_ze_bugs,Ugz95G7UMEQZa9nKJ6x4AaABAg
@eat_ze_bugs,UgybSw98zCSLP1hINWt4AaABAg.AMYBX4PfEL2AMYHII2gVb5
@BleepBlop-rh9lm,UgwpMnoQO5QFlqU96Xl4AaABAg
@veritasium,UgwltQTOnCLI8QJEOWt4AaABAg.AMY6odKpJ2hAMZX64zQP7u
@veritasium,Ugz18GO9mfvuJ22iSet4AaABAg.AMY5cCEQmXTAMZX6cVLyzB
@puffinjuice,UgzPtInNRZb493bUBvt4AaABAg
@veritasium,Ugy2su1zYpZAtOIAvdV4AaABAg.AMY32IQLb6IAMZXIkxpmoF
@aRealAndHumanManThing,Ugy5xhAJdPKIHU6Z6Qx4AaABAg.AMY1YJw6mokAMY1onr7lzC
@aRealAndHumanManThing,UgxYtz640e5qTShBQnl4AaABAg.AMY1HzSXhnYAMY3iXC5gP1
@aRealAndHumanManThing,Ugyyn1LIcXXZkchuIy94AaABAg.AMY0usD2m4jAMY4yEEKxqs
@aRealAndHumanManThing,UgwfrXHe2do3gSN_4M54AaABAg.AMY0ZtN-VHiAMY5HJSbimV
@Poorexampeofhuman,Ugy7cDlfmRYkG6t8-7d4AaABAg
@Poorexampeofhuman,UgwiF2Es-GFmri4Kh6t4AaABAg
@aRealAndHumanManThing,UgyqhBIi9-7xbxxLKIl4AaABAg.AMY-zoOi2ZlAMY5xvXLSk0
@aRealAndHumanManThing,UgzQghBM8h9GyAOjKwF4AaABAg.AMY-TwJWC9fAMYA13WiWLz
@aRealAndHumanManThing,Ugz_RsSnLND9fvJ7FcN4AaABAg.AMY-A21TK6NAMYAWqIB24X
@aRealAndHumanManThing,UgxBCV9JGcyoDrE-sCF4AaABAg.AMXzriGBtN1AMYBOVwJS1Y
@aRealAndHumanManThing,UgzpB35jZMhDEhl4Cox4AaABAg.AMXzhZinUDAAMYBqb5P2aK
@aRealAndHumanManThing,UgyEgO4M6HllsAcpRXh4AaABAg.AMXz_Qc8fDfAMYC1M_4cid
@aRealAndHumanManThing,Ugz0rwMKWTmChKBJkVR4AaABAg.AMXzZWO439cAMYCA6kYPn_
@aRealAndHumanManThing,UgwPfvOATl23OMgxsi54AaABAg.AMXzLSOdcaPAMYCLp_demq
@aRealAndHumanManThing,Ugw5yrqi7ElU4Vjg3nN4AaABAg.AMXz4L0c6OfAMYChCBuEM7
@aRealAndHumanManThing,UgxLRUk3ScTB6uZfUY14AaABAg.AMXyyqdGAMkAMYCq4Bo6y8
@florianschneider3982,UgyGRpnY88g6RE9kcep4AaABAg.AMXynSSe6K1AN4qwKkfeax
@Poorexampeofhuman,UgwyBqZDzli-V4Sk9ax4AaABAg
@Poorexampeofhuman,UgzUzuvzzvXhmI-GgYF4AaABAg
@user-oy4lk7fd9w,UgycgZ35iabRsuuDlMN4AaABAg
@fancen,Ugz77sygPs-Fwce79TZ4AaABAg
@myboysd5772,Ugz__xdSbnum-UkoDP54AaABAg.AMXrkfl_zvTAMXsPCCaDZI
@ShadowBandana,UgzB1ZJr2dAHgJ_p4Qt4AaABAg.AMXrAJDjJGKAMknj6XETFW
@veritasium,UgyxrP9ghjr-feh2Bcx4AaABAg.AMXqrYCxRL7AMZXJFUhmFk
@thaddaus_mizgata,UgxFKRU5pKuiOS98rNJ4AaABAg
@raymondqiu8202,Ugyw87GFfdCfhwU48kF4AaABAg.AMXlwyPYr2aANM08z7RbYR
@myboysd5772,Ugw_ifsiBoLXhkJP9nx4AaABAg.AMXk59TpXl4AMXsikY7Bgi
@ChristineWilson-n6g,Ugw5uQ5HReHDVd6mqXd4AaABAg.AMXk-v9T4okAMY_A-b5rwa
@myboysd5772,Ugxfe8rH_QyzJdf4KwB4AaABAg.AMXjQydrSz0AMXst415nT1
@ChristineWilson-n6g,UgxAo2AFod-zxlhZmHF4AaABAg.AMXipATMXNlAMYafV7l0ti
@ChristineWilson-n6g,UgyzITb4zr7EI0CedNp4AaABAg.AMXhmCJHzY6AMYXbAGWZ8M
@veritasium,UgyBQ9MFy2NYXWxOlut4AaABAg.AMXhY3LuNM8AMZXKS2RCEC
@ataarono,UgxCDuG-8UuF4yCAc754AaABAg.AMXhK1_qVl7AMXiCM0IcVV
@ataarono,UgzcQ0_U2LaY62F-g_J4AaABAg.AMXhK2BoSKyAMXjeBI3lSk
@ataarono,UgyVF0F6qHtkFHc6Q2V4AaABAg.AMXhIzmdBmeAMXjzB0ucI6
@ataarono,UgyHxka4yztETUmOJ194AaABAg.AMXhIl9DTgdAMXk7fwRe3l
@ataarono,UgwklrmvxbkmPS--ezR4AaABAg.AMXhHV7qsWfAMXkB9dyVfK
@ataarono,UgwDKkIVgSDeVN4-Jy94AaABAg.AMXhDkpwDyUAMXkltccLNa
@ataarono,UgySy-S4CvDvZPRyZXZ4AaABAg.AMXhDAWTp_BAMXkydcfQF2
@veritasium,UgzHDpL3beXWeE6-4Tl4AaABAg.AMXhCtQjOFdAMZXL16br6X
@LubomirKubasdQw4w9WgXcQ,Ugw2ThRNdeuyEx2MDJV4AaABAg
@ataarono,UgwKhZdpCIH0SogDgN54AaABAg.AMXh5Hesgg6AMXlQ_oCOWi
@ataarono,Ugx_8xwZIihA3xAljYR4AaABAg.AMXh1VbrXu8AMXmSOVundO
@ataarono,Ugw7RBtiNOJHlURkrtt4AaABAg.AMXh-jFpu-PAMXmmL376jj
@ataarono,Ugw7RBtiNOJHlURkrtt4AaABAg.AMXh-jFpu-PAMYPTlv6fS0
@ataarono,Ugw7RBtiNOJHlURkrtt4AaABAg.AMXh-jFpu-PAMZ6_gOQqyL
@ataarono,Ugy72WrhLhfMpx_R4r54AaABAg.AMXgvb-k-KcAMXmxdaT87o
@nobody7817,UgxvUwUY6N4Scq5XlOZ4AaABAg
@nobody7817,UgzkJGMaA394ixkcE8F4AaABAg
@myboysd5772,UgzUnkKhCLvI0lrvLal4AaABAg
@SimoneCarp,UgxZeriXlf9EwWj9pVV4AaABAg.AMXdNRiJQyoAM_q3PXifIq
@nobody7817,Ugw9zC0dMwNjIsaH7nR4AaABAg
@nobody7817,UgwDjok9qJOSbCL1TZ14AaABAg
@myboysd5772,Ugzc8rLncysiUA3eNuR4AaABAg.AMXayneizsxAMXcfMZ_z-H
@myboysd5772,Ugzc8rLncysiUA3eNuR4AaABAg.AMXayneizsxAMXhSU_CNq2
@tomahawkx188,Ugwi5em5TjmJAjzXsAd4AaABAg
@tomahawkx188,Ugwi5em5TjmJAjzXsAd4AaABAg.AMXasITlcZ9AMXmBni9wgM
@tomahawkx188,Ugwi5em5TjmJAjzXsAd4AaABAg.AMXasITlcZ9AMXo1MvmYqp
@tomahawkx188,Ugwi5em5TjmJAjzXsAd4AaABAg.AMXasITlcZ9AMXpWxJHRsq
@myboysd5772,Ugy2y7vKvoTT9QfjLUh4AaABAg.AMXartZ0U18AMXcl-vHThz
@myboysd5772,UgwrBr4xbE26yG4QeSh4AaABAg.AMXaotzOAW2AMXcsjEx2-K
@nobody7817,UgwsDALS6_Zlte5EiMV4AaABAg
@tomahawkx188,UgyShiRVQsvKQsnqngt4AaABAg
@ChristineWilson-n6g,UgyShiRVQsvKQsnqngt4AaABAg.AMXZdtEbFEnAMYZoBucdXJ
@tomahawkx188,UgyShiRVQsvKQsnqngt4AaABAg.AMXZdtEbFEnAMYcpHmhCUz
@tomahawkx188,UgzDJLawBjqmJ2N85nt4AaABAg
@nobody7817,UgxWfl6gF1beOJL9oWl4AaABAg
@myboysd5772,UgzUtVR1ydAus8qJ_R14AaABAg.AMXZ-GUtc5OAMXdLEw7Nm2
@veritasium,UgyAWJyDBiHXUo-s60N4AaABAg.AMXYzTgMqPmAMZXM9E3ekS
@ChristineWilson-n6g,UgxIXhCpPSLSywlUUEp4AaABAg.AMXYk1VIFWKAMYY7JWw22L
@myboysd5772,UgwmSX-hO23rHx91IwV4AaABAg.AMXXAkuR8i4AMXd_46QGRO
@andrewzhuk8713,UgxL1bZuiXyUDbGTbO54AaABAg
@andrewzhuk8713,UgxnXegfgI7w8KnEOUR4AaABAg
@DDracee,Ugymkw3uhRW84PyDnDJ4AaABAg.AMXRz4Gc2XaAMYX25veMH5
@tutacat,Ugx-guC0ZJfA1-GLZkh4AaABAg.AMXRwgohRbNAMa-Krhpkl8
@tomahawkx188,UgxTgEJyC4T6EWndq494AaABAg.AMXRNvhpF6YAMXYhzQP-el
@tomahawkx188,UgxTgEJyC4T6EWndq494AaABAg.AMXRNvhpF6YAMXb-2zicSD
@tomahawkx188,UgxTgEJyC4T6EWndq494AaABAg.AMXRNvhpF6YAMXfQvbGDh3
@ChristineWilson-n6g,UgzzFJ8vaeBGQHz7s0R4AaABAg.AMXNFwycX8IAMYaBt9LIZg
@andrewzhuk8713,UgyhMTcPoW1_V2H7hFx4AaABAg
@LinasWizz,Ugztp-WEAXf4avQYc4p4AaABAg
@veritasium,UgxqgJE-G-rErshvJgJ4AaABAg.AMXK6yBH_W7AMXLaO2J139
@SoggyCat-b2n,UgwzNbvMTf8r_ct0G414AaABAg
@PeterMoore-q5k,UgzJtakuOYH03T_b2Hx4AaABAg
@VideoHouseExtra,UgxhobX1auM8S27-V394AaABAg.AMXHhE7d7pdAMXJCYQkcLg
@VideoHouseExtra,UgzmX8gpNTNx7VlH7PB4AaABAg.AMXHdFfWGKMAMXJHjREnAf
@myboysd5772,Ugxe9RvlPosGA5MnXGF4AaABAg.AMXHaKwD8vaAMXHhwvWExh
@myboysd5772,UgyO_26VDPVj7O7JQY94AaABAg.AMXHO20bEJ0AMXHpqfdzkU
@VideoHouseExtra,Ugzh0Kcm9YfYoxzVhNx4AaABAg.AMXFDhpavX8AMXGBidW1Gr
@VideoHouseExtra,Ugws4Q8S5jAe2pTxcDR4AaABAg.AMXEo9zWSayAMXGFUz3BSC
@VideoHouseExtra,UgzvWB0wJAXzAkv6oJR4AaABAg.AMXEmr9ghSGAMXGEbJVbfX
@salpon,UgwYRfDWRt6NbMm7lU14AaABAg.AMXDSETtN38AMi-IZYYv3M
@VideoHouseExtra,UgxK8aPkDeGTatUz3454AaABAg.AMXDKG2qPBfAMXGnIIMeVy
@VideoHouseExtra,Ugz7Iyg5HeEAsVc-nUp4AaABAg.AMXCqXy2xZ3AMXDim7fpoa
@VideoHouseExtra,Ugxs2E-dMpS__FWRmo14AaABAg.AMXCZVvJ66rAMXDzWjoLSd
@VideoHouseExtra,UgzL44qfPFZLJcSaPTV4AaABAg.AMXBqjZJFKMAMXE62YsqeD
@VideoHouseExtra,UgyoIxuDUeSiQ6KLfwx4AaABAg.AMXBjCJdZ6-AMXE8lvRAo7
@VideoHouseExtra,Ugxf2Ip400aPNVVHedV4AaABAg.AMXBduYN3gCAMXCWC3Nzz8
@VideoHouseExtra,Ugz98TzP3zxIDAoahl54AaABAg.AMXAinniI2pAMXApr-0Ecy
@VideoHouseExtra,UgwgRN_0LkMzyjyQ4R54AaABAg.AMXAeyuha0jAMXAw7MmRV6
@VideoHouseExtra,UgwgRN_0LkMzyjyQ4R54AaABAg.AMXAeyuha0jAMXEIky_vRn
@VideoHouseExtra,UgwgRN_0LkMzyjyQ4R54AaABAg.AMXAeyuha0jAMXG22ayTGL
@VideoHouseExtra,UgzW1qcVPeaCOsBHD-p4AaABAg.AMXAaUtKN87AMXAxRqDVhP
@VideoHouseExtra,UgyifIrCVj6FBLuHMNd4AaABAg.AMXAT9U2GLbAMXAyZoxZHR
@VideoHouseExtra,Ugyg26w6Cf8BdScutVh4AaABAg.AMX9WCvTpOVAMXC_z8Vead
@VideoHouseExtra,UgxMbbZiCj4JCzjK9HZ4AaABAg.AMX9P8McW8IAMXCgERggVi
@VideoHouseExtra,UgynTcIBzgDov4zd_PZ4AaABAg.AMX9B05YRuWAMXB6FUdPsC
@VideoHouseExtra,UgwaqONDawXu7Sv7r_p4AaABAg.AMX96sHAY1QAMXBBRbwATI
@VideoHouseExtra,UgxookAC9uwBZ3hI-LR4AaABAg.AMX8wzMr66EAMX92-MbIIb
@VideoHouseExtra,UgxMx9yy4BpXAXlCchR4AaABAg.AMX8s-a2uIXAMX9BXI349L
@VideoHouseExtra,UgwlFXkw5HFK-DOuo0h4AaABAg.AMX8itSP0qYAMX9ZU_ta4-
@VideoHouseExtra,UgwlFXkw5HFK-DOuo0h4AaABAg.AMX8itSP0qYAMX9h4QNubU
@VideoHouseExtra,UgxEXJI-X8hypM14hjl4AaABAg.AMX8Sc-A5qsAMX9s46BKzA
@VideoHouseExtra,UgyNkHwj-yZtVEPwle94AaABAg.AMX88tRXKKhAMXA-YckLqE
@VideoHouseExtra,UgxHmvvNB-hlFK8EBQl4AaABAg.AMX7ytVqsjjAMXAC75i6q3
@VideoHouseExtra,UgxHmvvNB-hlFK8EBQl4AaABAg.AMX7ytVqsjjAMXAGZyj25I
@VideoHouseExtra,UgzP5o-h9OkwVZg9CRN4AaABAg.AMX7uCJsf2fAMXAM5ZQqxy
@VideoHouseExtra,UgwlOBBKJSa5AZ_I5rR4AaABAg.AMX7q7x6NylAMXAO-f2Ias
@VideoHouseExtra,Ugw3yRlK2zzJeFzIxNt4AaABAg.AMX7QH1LCgCAMXAdjl4rS0
@VideoHouseExtra,UgxZDV1z5XHHvqw4lq14AaABAg.AMX7L2zckpDAMXAm48U6_W
@VideoHouseExtra,UgzCeMzxPQ7vPrKU2qp4AaABAg.AMX7EiZKeBOAMXIicf9UBn
@VideoHouseExtra,Ugy6LjkpHtGZK6RhBcR4AaABAg
@puffinjuice,UgwxKpuhizQR5HtgZ454AaABAg
@VideoHouseExtra,UgyfYKGk3mJ4kxS4LUN4AaABAg
@VideoHouseExtra,UgyHV_MVvHrIR_FFgEB4AaABAg.AMX6YodAGZPAMX6yysq573
@VideoHouseExtra,UgzFVhWnn1aM6Gv8KBV4AaABAg.AMX6VSohSyzAMX72xdP9B5
@VideoHouseExtra,UgyKeU3QgxpY2Gz2XLB4AaABAg.AMX684GFGFJAMX7BLuEv6Y
@VideoHouseExtra,UgzD1FcXBAN5eDBzTfV4AaABAg.AMX621s481OAMX7Cr_n_Yj
@VideoHouseExtra,UgzD1FcXBAN5eDBzTfV4AaABAg.AMX621s481OAMX7DZVY0lH
@VideoHouseExtra,UgyWn6bQi_y7sCnjw-h4AaABAg.AMX5z1wjt-3AMX7Fj_753W
@VideoHouseExtra,Ugx0tTf_gWYF1yoCaTV4AaABAg.AMX5eZ8eyqcAMX7X1xHypI
@VideoHouseExtra,UgxhbsWbQvPJV_Tvvqt4AaABAg.AMX5bHGdw65AMX7cHsR86N
@VideoHouseExtra,UgzkwzjBzTGInIkzy7J4AaABAg.AMX5_w4PrplAMX7r8Q1zvn
@VideoHouseExtra,UgwOVvLevrfG4Gf3iyt4AaABAg.AMX5YwE3oFVAMX7un-IajI
@VideoHouseExtra,UgyvwrRS9abjBlocZ8R4AaABAg.AMX5VkEZSDIAMX7y7fuzU_
@puffinjuice,UgxWwudzxFpmrcf-4yB4AaABAg
@VideoHouseExtra,Ugyx49W8elGKPjwvOZd4AaABAg.AMX5F4VC1ZxAMX5OJJm30v
@VideoHouseExtra,UgxWb7MPIcStJ4rYvY54AaABAg
@VideoHouseExtra,Ugw8HWQNtLMnPcGafDZ4AaABAg.AMX5Cd04N9zAMX5SAIbm_4
@VideoHouseExtra,Ugw8HWQNtLMnPcGafDZ4AaABAg.AMX5Cd04N9zAMX7kQk822I
@VideoHouseExtra,UgwfumNHFAL7kOysGcp4AaABAg.AMX5BUaUiQaAMX5YNeHzwb
@VideoHouseExtra,UgzpPAqsQJaijf5OAxF4AaABAg.AMX4rbajrpOAMX5n7j5OdG
@VideoHouseExtra,Ugx_qJLmXjbvfRqMIGh4AaABAg.AMX4is23HAwAMX6CYLyFWM
@VideoHouseExtra,UgzBfgvjDpwlXSxRmh54AaABAg.AMX4cGN4gsYAMX6G2Oe0r1
@VideoHouseExtra,UgxFHspjUwfht0COUVd4AaABAg.AMX4c1yZ-uGAMX6Jn23MLY
@VideoHouseExtra,UgyoZUaKWezoAK8OZdl4AaABAg.AMX4_MYT2lgAMX6NSPQYSG
@VideoHouseExtra,UgwNgwTOhvuJQkRPpTB4AaABAg.AMX4MJco9CEAMX6Q-5q3ZE
@ucngominh3354,Ugzm55M1X1KFwq4YmOd4AaABAg
@VideoHouseExtra,UgzOsrU612UgWl_NdIR4AaABAg.AMX3U3aTtMTAMX8Lz27Xg0
@VideoHouseExtra,Ugxje_V8zv9_EeuJPxJ4AaABAg.AMX3KMDlGpFAMX8WcekmEZ
@VideoHouseExtra,UgzOgT_Gz8rtGmpk1dh4AaABAg.AMX3Be1ZBSbAMX8glqUStw
@VideoHouseExtra,Ugy-GErRHyWrnQ35Q2x4AaABAg.AMX35OqKCnCAMX8s49m5VO
@VideoHouseExtra,UgwkYrW8fyi-C-3qjQ54AaABAg.AMX2t7TgyWIAMX8x5SrIu_
@ChristineWilson-n6g,UgytxvJ8pfz_akd7v9t4AaABAg.AMX1nlBMa5TAMYZchctrKw
@ChristineWilson-n6g,Ugwf6V9Iz7WYC0g2s1Z4AaABAg.AMX1P0ivh_sAMYZEwCp186
@ChristineWilson-n6g,Ugw8XHC8Dwma-mX1rfV4AaABAg.AMX1DZK_EVuAMYZUyRv1Yn
@TheTattorack,UgyOubeVhIl1TA6FYWp4AaABAg.AMX-ujTN47zAMX0UL9ebdx
@hassaan1670,UgwrhDRkZ94N5bIwY054AaABAg
@TheTattorack,Ugyo7D0o2aaqVWZGXDV4AaABAg.AMX-nVTuzf7AMX0Z7DLKAD
@hassaan1670,UgxjIWGasGi47QteR1Z4AaABAg
@TheTattorack,UgwF0__uubMVQV3j_PF4AaABAg.AMX-ahrtALHAMX0nW3zj-z
@TheTattorack,Ugw05rla183_1sD0RnF4AaABAg.AMX-4_-iJ17AMX1B5u6ezV
@TheTattorack,Ugw05rla183_1sD0RnF4AaABAg.AMX-4_-iJ17AMX6QIBM3cc
@TheTattorack,Ugzw0mxZ8jQ6nm5ilp94AaABAg.AMWzZ_Y_-1pAMX1cc7dWvR
@TheTattorack,Ugw5he9xA7IVS5Hv5Bh4AaABAg.AMWzJwjoxgEAMX2-h-2tWS
@TheTattorack,UgzmCdF45lvLzaqbWbx4AaABAg.AMWz1lnDGIDAMX2F9ImUFX
@TheTattorack,UgxplZMRfPRvHHeA4T94AaABAg.AMWz0nXGXwMAMX2OMheFep
@TheTattorack,UgzTxMBDYE0Vf-2T-cN4AaABAg.AMWz0kSD0BRAMX2XDW6fd1
@ChristineWilson-n6g,Ugw5aUf-7fFKZAhSb4h4AaABAg.AMWy1KLfYYOAMYXT5n9cBO
@m4rt_,UgzilMmbUGv8TGNn65F4AaABAg
@hassaan1670,UgyUphHXHsfmgagJ-lB4AaABAg
@hassaan1670,UgyaA9HahaNSypZPzHJ4AaABAg
@veritasium,UgyaA9HahaNSypZPzHJ4AaABAg.AMWvQRrnx1sAMWvmOCq0fw
@newbie4789,UgyKkGtXItbvl7_8fql4AaABAg
@JamesD2957,UgxwhoCg8RuCwarh_xJ4AaABAg
@newbie4789,Ugyl6XDbFz26O1UzMwV4AaABAg
@veritasium,Ugx1yhbCG6LWHfWmNzF4AaABAg.AMWia4Tr_NRAMWw_owfrh0
@ChristineWilson-n6g,Ugzq-XdjSRz1TevDGL14AaABAg.AMWi0GoUUzqAMYYC79OXyM
@xitzy,UgyNpwLKJLQ93B0nZ254AaABAg
@Machines.In.Action,Ugxo6GMFg_Nydq5fq7d4AaABAg
@notahotshot,Ugw9QESanllbRa6dWjR4AaABAg.AMWd5ESt2f6AMWkJLVSoyI
@veritasium,UgyfF15OtmDeLD8DjQB4AaABAg.AMWcjCjxesTAMWwd3B31dk
@johanntiu4162,UgyxyG3ij5u9jJ7Y25p4AaABAg
@johanntiu4162,UgwcwhrQZ9GfE9R5vy94AaABAg
@ChristineWilson-n6g,Ugy58pWQz07FhTr-zj54AaABAg.AMW_T5jBBf3AMY_YNmDXWw
@johanntiu4162,UgwnkqvOHUyTdXXdlJ14AaABAg
@notahotshot,Ugza5Epe8bBOuvGWDQx4AaABAg.AMWZwHowe_AAMWlD_Q1ade
@ChristineWilson-n6g,UgzU19pxvEBS_mYpRpR4AaABAg.AMWYWb0wCRDAMY_xMBPk-B
@tutacat,UgwqOB-6wepgwNL6Mnx4AaABAg.AMWXeRiO0nVAM_xKA6gtsI
@tutacat,Ugy-00ElkdvreD4-VhJ4AaABAg.AMWWXd_SzbpAMa-W9mffDF
@Layde30s,Ugy-00ElkdvreD4-VhJ4AaABAg.AMWWXd_SzbpAMhBI3RAbBP
@johnchessant3012,UgzUs5Qj73XZq5_N5zR4AaABAg
@kaelanstaples,Ugxkf7YqFse_kDK9W354AaABAg.AMWPz5PsSdhAMWQb0tSclv
@johnchessant3012,UgyMbuc6HxVg2yVoWWt4AaABAg
@therealax6,UgyMbuc6HxVg2yVoWWt4AaABAg.AMWNR88oIXJAMWNd4DI2Dr
@GrimJackal,UgxU8H4BxSnUbh_Rmd54AaABAg
@kaelanstaples,UgweQgWCzXcMD13hS7d4AaABAg.AMWLueQgLydAMWPbx-AVzp
@quackelstheduck2040,UgwljL-f4POjJOgSmZ94AaABAg.AMWLJv1pv3cAMWMiULcwAe
@quackelstheduck2040,UgwBnzEphtMnVwzp_n14AaABAg.AMWKtf4OGasAMWN5lDnfwD
@quackelstheduck2040,UgzxAGprfqDhWFulolR4AaABAg.AMWKoiuz2ZnAMWNAROVXta
@quackelstheduck2040,Ugz7PY4SrcbKKNIZC194AaABAg
@quackelstheduck2040,Ugwu2ORx5EsdkkfyN3d4AaABAg.AMWKOBRFBCwAMWO8_MFpfE
@therealax6,UgzMp_DRODpsCCub0o14AaABAg.AMWKMnHgkceAMWNDiQcQWi
@ChristineWilson-n6g,UgxyQefcmZYzsncrIzR4AaABAg.AMWKBNBlclqAMYa_5EoEDl
@Kyojinsei,UgyQTcL_xYu-hUdbbzZ4AaABAg
@quackelstheduck2040,UgyQTcL_xYu-hUdbbzZ4AaABAg.AMWK3ZMA906AMWOp70uwy9
@Kyojinsei,UgyQTcL_xYu-hUdbbzZ4AaABAg.AMWK3ZMA906AMWPVGMac1f
@kaelanstaples,UgwRuKLUMmQ8z-BSTQV4AaABAg
@quackelstheduck2040,UgwGe_Pr-DnBPP7C2CR4AaABAg.AMWJqKAglktAMWOzPRSPhL
@quackelstheduck2040,UgyXK3ILljcK0Tvc07Z4AaABAg.AMWJpEj1-JtAMWPOVSC0oE
@GrimJackal,Ugz8KJvQiIzh9WBttWF4AaABAg.AMWJjkhxQqrAMWKt0aVcfN
@quackelstheduck2040,Ugz8KJvQiIzh9WBttWF4AaABAg.AMWJjkhxQqrAMWPaefjJCG
@Kyojinsei,Ugy8O0soOCrIKlT3AFt4AaABAg
@quackelstheduck2040,Ugy8O0soOCrIKlT3AFt4AaABAg.AMWJaPHg_zrAMWQOFgUK6g
@quackelstheduck2040,Ugy8O0soOCrIKlT3AFt4AaABAg.AMWJaPHg_zrAMWQSOHuFz_
@Kyojinsei,Ugy8O0soOCrIKlT3AFt4AaABAg.AMWJaPHg_zrAMWdtn50twE
@quackelstheduck2040,UgxrMy-A7kLrAk3qB7V4AaABAg.AMWJ_fDYWdbAMWQXdiz5uI
@GrimJackal,UgxxiJR9ljiY2oBPI9x4AaABAg.AMWJVqlox0LAMWL7YHVQqL
@quackelstheduck2040,Ugze_z-cKrkdOGgXgkF4AaABAg.AMWIvqXWrlqAMWR91FfMrv
@Kyojinsei,Ugzb84Yk_y-_AIfpoJt4AaABAg
@ChristineWilson-n6g,Ugw-6-yuuOJFVEsjZHJ4AaABAg.AMWIKgNygWPAMYYOVoj5pI
@quackelstheduck2040,UgzBmEcr3rvJ-3AwIHF4AaABAg.AMWIIk5yZXyAMWS7Wkbdoy
@quackelstheduck2040,UgxaoX5qyXjN0PwfVCp4AaABAg.AMWI0-CvOlrAMWSKh6wZry
@quackelstheduck2040,UgxzOZPOiUq7WxXrAVB4AaABAg.AMWHEeR6SE4AMWSZYMy6zg
@quackelstheduck2040,UgxFf7V-yAOjqI7U8Hd4AaABAg.AMWH5uKOYOVAMWT3vboc5z
@quackelstheduck2040,UgyBIMxNvMH_cgUqh9x4AaABAg.AMWH2VsoBSBAMWTIwTdr0-
@quackelstheduck2040,UgxjOW9prTA6nVZvtxZ4AaABAg.AMWGp_tUiwXAMWTVVPQ1ku
@quackelstheduck2040,UgwUUvpCJcPbpXv2Yn54AaABAg.AMWGnBY638AAMWTursFo3C
@GrimJackal,Ugzq-5Z7_pFCIpR0BpZ4AaABAg.AMWFdKZRqDBAMWLLxzQm3c
@kaelanstaples,UgyJI7WtBquaqIHlFg54AaABAg.AMWFSGULenzAMWQVNHF-cJ
@kaelanstaples,UgxUiUMnHBJuQ9N1fv54AaABAg.AMWEhVM50gnAMWQDgSvRYr
@veritasium,UgwpT_91bq_UGlDSguZ4AaABAg.AMWE-CdLd_4AMWwe5BVc7u
@dsndicmsa7141,UgxC0ZZHXe-6kIfPgCR4AaABAg.AMWDbuFHEAkAMWImZblUy-
@dsndicmsa7141,UgxC0ZZHXe-6kIfPgCR4AaABAg.AMWDbuFHEAkAMWIrbnFFWh
@tutacat,Ugy8uF-u-ZPgAtYCZ7R4AaABAg.AMWCHk9nZ0lAM_yGhCz52v
@kaelanstaples,UgxfUlYHGGh2eC4pY4d4AaABAg.AMWC9S_vq3KAMWQAX6J6WJ
@JamesD2957,UgyEEn59-U-OUL_4DQF4AaABAg
@Kyojinsei,UgxywX7_FFK6NQIIGQ14AaABAg
@JamesD2957,UgxhQf4jssp7yohtlmV4AaABAg
@kaelanstaples,UgzBC_9slnWzQxqFOvt4AaABAg.AMWBfCwCgNBAMWOrIBRf4j
@JamesD2957,Ugye1W4UVd_QKf6or8N4AaABAg
@JamesD2957,Ugye1W4UVd_QKf6or8N4AaABAg.AMWBPDEKOuBAMWnEnOD8VH
@JamesD2957,Ugye1W4UVd_QKf6or8N4AaABAg.AMWBPDEKOuBAMWnVZCnAyG
@Kyojinsei,UgwrEeJ0LZnWmkvl8uB4AaABAg
@JamesD2957,UgwC3f5l7l0k3hV82X14AaABAg
@JamesD2957,UgwC3f5l7l0k3hV82X14AaABAg.AMWAkGqkFfqAMWkqTT8Jzy
@JamesD2957,UgwC3f5l7l0k3hV82X14AaABAg.AMWAkGqkFfqAMnqG8NwOWW
@kaelanstaples,UgzeE8ttf5BM3VdClNV4AaABAg.AMW8tmsKcq-AMWQKpCYocP
@JoeyJoJoJrShabbado,Ugxr-6B0ieVzoT8KRGp4AaABAg
@galileo_rs,Ugz2dxMXYKZMrkNtCvN4AaABAg.AMW7qx15OVTAMWAc7w_xy9
@therealax6,UgyZlI1sEsUB9Hzi5h14AaABAg.AMW7_05QLi_AMWLzWvLJP2
@skpince,UgxG8yYHdAzX5L4fSYx4AaABAg
@kaelanstaples,UgyKCDzM2cEGjoKYWnJ4AaABAg.AMW6ywvlCgjAMWQMZmjeB9
@kaelanstaples,Ugx4pbgxAiiRSIkusp94AaABAg.AMW6hg3qOY6AMWOy1GD0W0
@skpince,Ugyb0rBKrWSer4ccAjR4AaABAg
@dsndicmsa7141,UgySohjewl5AApYeC7x4AaABAg.AMW6XutDyzQAMWGWNULlDq
@galileo_rs,Ugzjv6AHOu2zP5hf1ah4AaABAg
@skpince,Ugyh5bzi78rNhdCi4fl4AaABAg
@therealax6,UgwsjNnLqEDkm8UQwOp4AaABAg.AMW4JGrMWAEAMWNrCiU8aP
@w-Nicksen,UgyJxhcFtSzAvBEvkil4AaABAg
@therealax6,Ugx2nW1SEMGvZ6qrxax4AaABAg.AMW3bxv-INJAMWKgpQZFLP
@dsndicmsa7141,UgzHE5MkSS5ZnJ2JKg94AaABAg.AMW3FFXPs3oAMWHTi2XS8C
@dsndicmsa7141,UgzHE5MkSS5ZnJ2JKg94AaABAg.AMW3FFXPs3oAMWHWZQSiSz
@JoeyJoJoJrShabbado,UgwJwaVsI1wPr2r_cCx4AaABAg
@veritasium,Ugwgj7YScEFjgcvlzj14AaABAg.AMW1xeQ9P-BAMWwokiByld
@w-Nicksen,UgyfgU_u7qSggAziSTV4AaABAg
@dsndicmsa7141,UgxTM6PUPy8_KWNfvQJ4AaABAg.AMW0z51aszDAMWJJA4JjCn
@skpince,UgyudlaAXqL4mQ7avj94AaABAg
@therealax6,UgwT3RNtBNrlyFGCNOB4AaABAg.AMW0PiUGQqqAMWNMpBEEyZ
@galileo_rs,Ugz4vJoBz-Xjx2ptbh14AaABAg.AMW0MAuqM-fAMWArWf54V4
@bluefrog8u,Ugy3hZ7JVEKZm_PzGlx4AaABAg.AMW-z1w3wMDAMW03RzzthX
@veritasium,UgwrVwTUg8Iokm9tJvd4AaABAg.AMW-nqCuJT8AMWwp_g7PCK
@w-Nicksen,Ugy61w-KG5bBuou4lkx4AaABAg
@therealax6,UgyInYxnel7vWSIpQNR4AaABAg.AMW-gtsxz3nAMWJvmrc0lr
@therealax6,UgzERR1eCqkmkZ1RkOt4AaABAg.AMW-OuD_w9UAMWLnRUO_9n
@veritasium,Ugxs287w1bWGsaOmjER4AaABAg.AMW-K0wnKRrAMWwqobIHGi
@galileo_rs,UgwuTeexFJkaJtto-Wx4AaABAg.AMW-BJyhr9MAMW6_GNS-NK
@bluefrog8u,Ugzp2S63_pr52AlKI7R4AaABAg.AMW-9gNe6PjAMW-KAATnDT
@seanrrr,Ugx9h2OTs6SpTNE-b6x4AaABAg.AMW--tQzSnEAMW1uVBYSF2
@therealax6,UgxxiG2n4hcQbWBxwAJ4AaABAg.AMVzzpYKJWLAMWMgUSw3gp
@therealax6,UgxxiG2n4hcQbWBxwAJ4AaABAg.AMVzzpYKJWLAMYBqnqHI4A
@bluefrog8u,UgwIjP64hUVqvtx6woF4AaABAg.AMVzzMbbU3kAMW-TiFcEhV
@bluefrog8u,Ugyo0ltyfibtnDWmbDF4AaABAg.AMVzklweRoFAMW0FO_gJiM
@GrimJackal,Ugy1Tz3bah0ABMtuMkF4AaABAg.AMVzMQBvHgTAMWLy8RvSsO
@violetviolet888,UgwgWyxHxmStLWPRugZ4AaABAg
@raymondqiu8202,UgwgWyxHxmStLWPRugZ4AaABAg.AMVyoeoq8alAMW0l2Gb8dO
@bluefrog8u,UgwhzXusxZffAN0qLtV4AaABAg.AMVyd4N31dyAMVzOzhbA8b
@seanrrr,UgwSuIlR7Hko3B_We4h4AaABAg.AMVy-0gbca9AMW-nA0C1Ma
@galileo_rs,UgxkGz5OFGvWa0bZ4bl4AaABAg.AMVxk8dBjbQAMW9gWxR0LN
@kaelanstaples,UgxkGz5OFGvWa0bZ4bl4AaABAg.AMVxk8dBjbQAMWP4LVAW2q
@galileo_rs,UgxsGvzuFcpCXsLNVjB4AaABAg.AMVx_u7EVLxAMW9r7262au
@violetviolet888,Ugy4HZLGT67m_f5ACCJ4AaABAg
@seanrrr,UgzHgHlbRoiD6vJs_Dx4AaABAg.AMVxB9_wZQcAMW0iv-XcZh
@seanrrr,Ugxn0EEKK1pPUwbnKjR4AaABAg.AMVwdYGTH5gAMVwvAFFFvr
@seanrrr,UgwLFMKQOxaTl-Fda7Z4AaABAg.AMVvoIhkSPFAMVypi2PBBV
@galileo_rs,UgxHKqm3u929CVp2KMN4AaABAg.AMVvkFbk-RRAMWAVAl4T8J
@galileo_rs,UgyLQEF2pd3rOMQe5aZ4AaABAg.AMVvU65rEWhAMW6SC5IMmU
@violetviolet888,Ugyfkl6Tk-hKmQQ3rip4AaABAg
@bluefrog8u,Ugz_3eNi0pyfpPO0bPh4AaABAg.AMVuqlafPkpAMVzSx4B-D-
@bluefrog8u,UgyKBKMNW26ua1Aaqmd4AaABAg.AMVuCWZ967HAMVzZy5gGC8
@galileo_rs,Ugw_dGvaM4yBtzBOJa14AaABAg.AMVtdEYtSjrAMW9kPxdVn1
@bluefrog8u,Ugw-qdEse1FrYPpEJvl4AaABAg.AMVtaQdvktbAMVtzLQnOMa
@seanrrr,UgyXzSUaTReIT-jEe-N4AaABAg.AMVtO_qKlk2AMVtZB3Nump
@tutacat,UgwJFx7gSXw6tIDXQTt4AaABAg.AMVt59AfGlxAM_z_EiDvhr
@skpince,UgzEMTOy_y1fovPvfKZ4AaABAg.AMVsy4ZViV7AMW0es8DnZW
@seanrrr,UgyX96ZIjFhCMU-YH9V4AaABAg.AMVstxQ3lOjAMVu0FR7m7t
@violetviolet888,Ugz62uuVBBG5epnnQ2l4AaABAg
@seanrrr,UgyC823JukvaqpTJ9qd4AaABAg.AMVscQoxLPdAMVuVRtOavy
@bluefrog8u,Ugy63iCr06zS722fdLd4AaABAg.AMVsVNPRvh4AMVtuZ8TQIG
@veritasium,Ugy63iCr06zS722fdLd4AaABAg.AMVsVNPRvh4AMWwspqb-Cq
@seanrrr,UgwQqpP1LHYl5J1Hw3F4AaABAg.AMVsFRVkydbAMVvfIOQsa9
@formbi,Ugz37UtGDpOHqhADOBp4AaABAg.AMVr_a7Hi_zAMVy8RNfxxI
@kaelanstaples,UgyycQqG2_tMLW6EyJ14AaABAg.AMVr_AWVjifAMWQ0P8yDHY
@1DwtEaUn,UgwZiN3rQqtdXE2lztt4AaABAg.AMVrZK4_nK5AMVszbCdHbx
@bluefrog8u,UgwZiN3rQqtdXE2lztt4AaABAg.AMVrZK4_nK5AMVzpzj8uEs
@salpon,UgyzZMHBKB-7z_qhCYZ4AaABAg.AMVrRcjaLCCAMhzx-wg8Xc
@seanrrr,UgxCXaHSLLSNHYtXClt4AaABAg.AMVrJrQ8q83AMVwl-xcFdo
@bluefrog8u,UgyZWkLMTj2ptUBjt8N4AaABAg.AMVqqd0S_RoAMVzsZyjSTc
@1DwtEaUn,UgyvDjiFYaG3qlMDsRp4AaABAg.AMVqZjGP5osAMVtQ33LKJ5
@galileo_rs,Ugxbc9SMa_wsnI10vMB4AaABAg.AMVqQv12eNMAMW60U3PE5n
@LarsLarsen77,UgwnD6Yek8mXjrKN__d4AaABAg.AMVq2-SmgtHAMVrBkIBQKI
@LarsLarsen77,UgwMlS2sP43BBXkIpwF4AaABAg.AMVq0xemco4AMVr-e6_YjO
@florianschneider3982,UgzYaFoA5IfI0MU4QLt4AaABAg.AMVpuxDfaHDAN4qg2-0oyt
@LarsLarsen77,UgyV1VLE3p6K46UigQB4AaABAg.AMVpPDw6cvwAMVq5k0YV67
@violetviolet888,UgyxNOd_TZSN6BPUond4AaABAg.AMVpOntNtubAMVrwH0QLtg
@kaelanstaples,UgyxNOd_TZSN6BPUond4AaABAg.AMVpOntNtubAMWNO0ftJwC
@LarsLarsen77,UgyiwDpUtoxvoqsEoEx4AaABAg.AMVpO8-3bypAMVqEp84bOw
@ChristineWilson-n6g,UgxxE3cy0CdHYZskiIN4AaABAg.AMVpJCZu8mIAMYaKCo94ex
@GrimJackal,UgzK3rMIFOBDBmUfQLV4AaABAg
@GrimJackal,UgzK3rMIFOBDBmUfQLV4AaABAg.AMVpDCgpZqAAMVzibmS8hT
@LarsLarsen77,Ugz8PZgTznoIcru-u4h4AaABAg.AMVpCG3KH8YAMVqVY5q7XG
@kaelanstaples,Ugz8PZgTznoIcru-u4h4AaABAg.AMVpCG3KH8YAMWPFVNxqWn
@LarsLarsen77,UgxObtAljaAtt_FlYlp4AaABAg.AMVp4asqatQAMVqJAuVELc
@ChristineWilson-n6g,Ugxl0RrqAYrf8iqLhOB4AaABAg.AMVovXhiFbqAMYZ2Yvh7hm
@tutacat,UgyfIB95_210y6JLUs94AaABAg.AMVorGtK1LCAM_xaoySJ2k
@dsndicmsa7141,Ugy80xLcUuTqscAhpt94AaABAg
@LarsLarsen77,UgyO43BDuz5k6BiqxER4AaABAg.AMVocYyTMZeAMVq8jrwBNb
@LarsLarsen77,UgyK_cKA17eUixwN3z54AaABAg.AMVo4vRIJlKAMVooiRVkTy
@LarsLarsen77,UgxT0rJjhJhh0DTeBip4AaABAg.AMVnulOfXZHAMVokAc1gts
@galileo_rs,UgxT0rJjhJhh0DTeBip4AaABAg.AMVnulOfXZHAMW9SJLl9OE
@LarsLarsen77,UgwhLIpylzwcluS78q54AaABAg.AMVnS1BPXVzAMVqo7E3LD9
@GrimJackal,UgzlkOvaHxcYalBl4yF4AaABAg.AMVnNpLpdgrAMVpweBEgOw
@LarsLarsen77,UgxyuSXLxp-CMZg-cw94AaABAg.AMVnIxkJXDcAMVo4QaZEkQ
@1DwtEaUn,UgxyuSXLxp-CMZg-cw94AaABAg.AMVnIxkJXDcAMVrVnJm263
@LarsLarsen77,UgxA8MYDFPgCbvGvnYF4AaABAg.AMVnHu07Y0sAMVnvLpMKjX
@LarsLarsen77,UgxA8MYDFPgCbvGvnYF4AaABAg.AMVnHu07Y0sAMVo1uzJll3
@GrimJackal,Ugxs7lT9-hkB98xtff14AaABAg.AMVmyYErb7HAMVqYHt3lkf
@1DwtEaUn,UgxCM0kBDcRCimp5NQ54AaABAg.AMVmvQ71jCXAMVqujHCyC4
@violetviolet888,Ugy0ISwTsxP8Ni2IImx4AaABAg
@LarsLarsen77,Ugw2t0Aq1Q0E0DZz4rB4AaABAg.AMVmljXKF9MAMVqPUqLVRI
@notahotshot,Ugy98id8gbEQl2Fvve94AaABAg.AMVmh4f6yHiAMVnn3Zpmw4
@GrimJackal,Ugy98id8gbEQl2Fvve94AaABAg.AMVmh4f6yHiAMVqfHEximP
@LarsLarsen77,UgzskckYhvJbqu2sJ2R4AaABAg.AMVmgonw2AYAMVnFTOVXOY
@violetviolet888,UgzskckYhvJbqu2sJ2R4AaABAg.AMVmgonw2AYAMVq1paB7C9
@notahotshot,Ugyzxnx7TMndK3Kdu114AaABAg.AMVmf85y8b3AMVny4a9ZLT
@notahotshot,UgwUw-Fc-96sO4O-rMl4AaABAg.AMVmcRITFqKAMVo27RPZE6
@LarsLarsen77,UgymSCHa32N7UOMNlzV4AaABAg.AMVm_N4soIhAMVq_hhNgpO
@galileo_rs,UgymSCHa32N7UOMNlzV4AaABAg.AMVm_N4soIhAMW8hGhBl68
@violetviolet888,UgyNnxagIk5n735wrbh4AaABAg.AMVmX4nzHHEAMVpD6OirRl
@kaelanstaples,UgxyVEUfdWEQSnOeWCN4AaABAg.AMVmRIk2XJkAMWOX_HCByu
@LarsLarsen77,UgxX19L5iJ8Mn1WmGXh4AaABAg.AMVmLAfafaBAMVogXXK_wl
@violetviolet888,UgxX19L5iJ8Mn1WmGXh4AaABAg.AMVmLAfafaBAMVrc-QcZT3
@LarsLarsen77,UgxLXFI5IK2GuTbHOb94AaABAg.AMVm7E4v41TAMVnMggfuoi
@LarsLarsen77,UgzXon-6OuFpbL1QnpR4AaABAg.AMVm5shq9iHAMVmekrVpLV
@LarsLarsen77,UgxoFBQQyCeuqKBPj2N4AaABAg.AMVm37Z-tr3AMVnKI_cJsm
@notahotshot,UgzsmXKrJKii5B6r7eZ4AaABAg.AMVlk1At_H9AMVp4EfiWtz
@LarsLarsen77,UgzsmXKrJKii5B6r7eZ4AaABAg.AMVlk1At_H9AMVpHWpCXMD
@notahotshot,UgwFryie9PjdgM87pOp4AaABAg.AMVlIy6ugqPAMVptuM8oyz
@notahotshot,UgwoHYbk2oVk3sDXBWF4AaABAg.AMVlFrIRbo6AMVrigG-obk
@LarsLarsen77,UgwD3j8URwdo-a2gMZd4AaABAg.AMVky40y_vnAMVmKT2xOLA
@GrimJackal,UgwD3j8URwdo-a2gMZd4AaABAg.AMVky40y_vnAMW-7oFe7Ft
@LarsLarsen77,UgzEh2K_4ibGImIVmSV4AaABAg.AMVktyVSfRkAMVnjg7Dr39
@formbi,Ugw4WLhOq3TTVmsBZTR4AaABAg.AMVktad3dKqAMVzQawPEYA
@notahotshot,UgxSJdtUfExvuQbiy-94AaABAg.AMVktB-Xrd6AMVsMCEbAoI
@LarsLarsen77,Ugw-Ip5Xk0Nut6_LiSp4AaABAg.AMVksXl8mJIAMVpQktAPY3
@violetviolet888,Ugz-TJwBIeImEE4mEQx4AaABAg.AMVkGBQWHiYAMVoFxfoST5
@LarsLarsen77,UgxcC7oavIopsd1etfl4AaABAg.AMVkFEeAzCsAMVnp-XOFl2
@singular9,UgxcC7oavIopsd1etfl4AaABAg.AMVkFEeAzCsAMVoQXoV-FS
@LarsLarsen77,UgyfhjqWM0EI_v34ewd4AaABAg.AMVk6EpGf1sAMVpzjEFmcI
@notahotshot,UgzdAt9YhbLo4cyWXfB4AaABAg.AMVjspe7rVZAMVtBIOaQHE
@LarsLarsen77,UgxyBAjOmece5QXnaSN4AaABAg.AMVjkcOCiPvAMVpuUiAURX
@notahotshot,UgwJJd8qxSQYdnV_csR4AaABAg.AMVjgmrIU-JAMVtgyxremF
@dimitar4y,Ugwf0IyFJ_nNmaQddIB4AaABAg
@LarsLarsen77,UgwMPsFGjPbs0okuX6h4AaABAg.AMVjRpiqTZKAMVn9Ez8tHv
@singular9,UgxQbtQdb2cgEtrVXaZ4AaABAg
@notahotshot,UgxcXmA_-qfx7nykKD14AaABAg.AMVjPQV1VVwAMVu0Gf39Dv
@notahotshot,Ugwhg4qvp2tQgoAw1wN4AaABAg.AMVjMUBWTONAMVvDCrfoRa
@LarsLarsen77,Ugw5Lls3bvzcCgSFmkx4AaABAg.AMVjHLrelU6AMVm45yFtzt
@1DwtEaUn,Ugw5Lls3bvzcCgSFmkx4AaABAg.AMVjHLrelU6AMVpqetu3KA
@violetviolet888,Ugw5Lls3bvzcCgSFmkx4AaABAg.AMVjHLrelU6AMVqZ0LNsmc
@seanrrr,Ugw5Lls3bvzcCgSFmkx4AaABAg.AMVjHLrelU6AMVtBQGBVgj
@notahotshot,UgxfNAl-7fMzVeAoWXx4AaABAg.AMVjE1MmnxJAMVwSBWZtOT
@MostlyPennyCat,Ugyaa2JMkkIM9YrV3VB4AaABAg
@notahotshot,UgxIz5PGq8gvp9rN7zJ4AaABAg.AMVjChI3vp7AMVwZZTEX9z
@notahotshot,UgyjTVYlMpxi_r7Hw0d4AaABAg.AMVj4UHrnqFAMVwfA-LB-R
@dimitar4y,UgzE0wEl3CQx9a_kjqB4AaABAg
@dimitar4y,UgwaipmOpWdqNReqNFl4AaABAg
@notahotshot,UgympL_q3dD96EpQxcd4AaABAg.AMVitihSPqRAMVwxfdxaLc
@notahotshot,UgzjB67Uc0bUd8dlJkt4AaABAg.AMVinF-WE1cAMVjbRgHoTp
@GGoAwayy,Ugwqb9xXiYRv4ptwiUV4AaABAg.AMVilAkyuC_AMVjNwfMgFi
@dimitar4y,UgzrhxUEeZ-RzhlS0s14AaABAg
@dsndicmsa7141,Ugx0KE5eh6cxkyGAr_B4AaABAg.AMVicIBcZTOAMVpORLuazh
@notahotshot,UgwmOh20fPap4AKrmkR4AaABAg.AMVialDClApAMVkZJVo87_
@LarsLarsen77,Ugw5FFRZRnjKwO1MQXV4AaABAg.AMVi_vIafi6AMVrHi7Hr9e
@1DwtEaUn,Ugw5FFRZRnjKwO1MQXV4AaABAg.AMVi_vIafi6AMVtbXtcjvn
@GGoAwayy,Ugw2mRV5sQWU9XeTjp54AaABAg.AMViWYxZ6wUAMViwV2PNsV
@LarsLarsen77,Ugw2mRV5sQWU9XeTjp54AaABAg.AMViWYxZ6wUAMVq24aVO7P
@dimitar4y,UgxJIJCojKf_PwAnKRx4AaABAg
@ChristineWilson-n6g,Ugy5WzNmng939gkmivR4AaABAg.AMViKejgrF6AMYXXeKXblK
@tutacat,Ugy5WzNmng939gkmivR4AaABAg.AMViKejgrF6AM_yjLfYkU1
@ChristineWilson-n6g,Ugy5WzNmng939gkmivR4AaABAg.AMViKejgrF6AMaSoOsR3YC
@dimitar4y,UgzD_4fxZKzRnhTLrzF4AaABAg
@LarsLarsen77,UgzKxMKWoa_dX2CQhw14AaABAg.AMVi87FtbHzAMVlNlFGOeL
@Luzgar,UgzKxMKWoa_dX2CQhw14AaABAg.AMVi87FtbHzAMVlUAZMQNP
@formbi,UgzKxMKWoa_dX2CQhw14AaABAg.AMVi87FtbHzAMVxx9f6qZQ
@LarsLarsen77,UgyeZfWsIqenpeoFJSV4AaABAg.AMVhtDs9mQ4AMVnV7lr_N9
@bluefrog8u,UgyeZfWsIqenpeoFJSV4AaABAg.AMVhtDs9mQ4AMVtVIOqwCg
@formbi,UgyeZfWsIqenpeoFJSV4AaABAg.AMVhtDs9mQ4AMVz6emY7l3
@LarsLarsen77,UgwSUxMbFmUoJEIsNu94AaABAg.AMVhm_xDPeUAMVlQmTxHIw
@formbi,UgwSUxMbFmUoJEIsNu94AaABAg.AMVhm_xDPeUAMVzYnPVXJZ
@formbi,UgwSUxMbFmUoJEIsNu94AaABAg.AMVhm_xDPeUAMVzZeddo1F
@1DwtEaUn,UgyDo9Z3S--RtHbi3YV4AaABAg.AMVhfujDsL9AMVqi_vJbm7
@1DwtEaUn,UgyDo9Z3S--RtHbi3YV4AaABAg.AMVhfujDsL9AMVv9wPcNYE
@LarsLarsen77,Ugyl_HqhOWY75h5Qmad4AaABAg.AMVhWgL-0nHAMVoTt9xuWD
@dimitar4y,UgwqFHdwCt07WNuwelR4AaABAg
@violetviolet888,UgwM-jHeCFyN9MrI5nN4AaABAg.AMVhNcKKn8dAMVn_ZjYuiS
@tutacat,UgwM-jHeCFyN9MrI5nN4AaABAg.AMVhNcKKn8dAM_xBHVQPL5
@dsndicmsa7141,UgyNgU87VK1IUlun4wJ4AaABAg
@LarsLarsen77,UgwPWG6GUFrGqe-bYKh4AaABAg.AMVhFcManflAMVllZVLeGu
@LarsLarsen77,Ugwf-9Wui0mpshStMvl4AaABAg.AMVh5y6eDNmAMVmUpQUEfL
@1DwtEaUn,Ugz-vt3oN-oxt33E2ud4AaABAg
@LarsLarsen77,Ugz_FopWL5llrzqLxzh4AaABAg.AMVgvbayPw2AMVl4h_KZn1
@LarsLarsen77,UgyOko2bxQd3mo8yYC54AaABAg.AMVguvbGykbAMVl_oJ36-x
@notahotshot,UgzXwV-Cz_lhAuyA2JV4AaABAg.AMVgp1Qn51yAMVjBbBVPSP
@GGoAwayy,UgxUvapu-Scalg49WXN4AaABAg.AMVgi7qr7XsAMVhln1pq-P
@GGoAwayy,UgwCDhtJ0KFXckvXYlB4AaABAg
@LarsLarsen77,UgzNKr_izr8BiPLs9dJ4AaABAg.AMVgWYbv2IAAMVmB-0HQTg
@formbi,Ugw3PJaF-4ingLqUkSR4AaABAg.AMVgPVFBQK7AMVymzvMctu
@galileo_rs,Ugw3PJaF-4ingLqUkSR4AaABAg.AMVgPVFBQK7AMW9aFRalJn
@therealax6,Ugw3PJaF-4ingLqUkSR4AaABAg.AMVgPVFBQK7AMWLJrmDGR_
@kaelanstaples,Ugw3PJaF-4ingLqUkSR4AaABAg.AMVgPVFBQK7AMWPkzocGag
@GGoAwayy,UgwHb34Ni5sVDxojG614AaABAg.AMVgKTrWqhQAMViBs80dXB
@LarsLarsen77,UgwHb34Ni5sVDxojG614AaABAg.AMVgKTrWqhQAMViH6mLE9g
@LarsLarsen77,UgyEsAjb4sxAr4-x5st4AaABAg.AMVgHqkbHhNAMVk_aAtx6A
@veritasium,Ugx1AQlESB95GkgVvyp4AaABAg.AMVgF8es6oMAMWwwxz5_K1
@rustyudder,UgxMQR6lKwbmJZ6dqAt4AaABAg
@LarsLarsen77,UgxIDe-R_Q6-pzhfYqB4AaABAg.AMVg3mVfVpyAMViBNRjbQT
@bluefrog8u,UgxIDe-R_Q6-pzhfYqB4AaABAg.AMVg3mVfVpyAMVrqRIPvQi
@LarsLarsen77,Ugx88nArFlJk0s4fRzZ4AaABAg.AMVfxCJz_EdAMVlB2h86aU
@LarsLarsen77,UgxnT4w-QWNcjorlMZh4AaABAg
@LarsLarsen77,UgxaOMDgOqTPHIXR6a94AaABAg.AMVfqvZlPb2AMVoQE5-2Sr
@bluefrog8u,Ugx1yFaocCjpCXTl4J14AaABAg.AMVfoanI6-pAMVtl6H0AL5
@dimitar4y,UgxjFwNw34lu04B6qS54AaABAg
@daleolson3506,UgwZeItczDMhn3RUXSZ4AaABAg
@LarsLarsen77,UgwJsGtZuKXPfeBnTI14AaABAg.AMVfeIZIejcAMVjImeObRR
@LarsLarsen77,UgzR6CayMSEOFZCk41p4AaABAg.AMVfZsk7S-bAMVhpd6k7FK
@Luzgar,UgzR6CayMSEOFZCk41p4AaABAg.AMVfZsk7S-bAMViUm0WplW
@Luzgar,UgxDhNjyjC4H0XLheqd4AaABAg.AMVfC4JgUk8AMViB3XccrD
@raymondqiu8202,UgxDhNjyjC4H0XLheqd4AaABAg.AMVfC4JgUk8AMVjHaJhwaA
@Luzgar,UgxDhNjyjC4H0XLheqd4AaABAg.AMVfC4JgUk8AMVkARjmUYb
@LarsLarsen77,UgwVdAo81FGM-1X3Lcx4AaABAg.AMVf41upqp4AMVpguMIG8r
@zenlettering,Ugz43Lyr1EOODm_548d4AaABAg
@LarsLarsen77,Ugy9s4Ctkxyul6s29al4AaABAg.AMVeyH5pXWEAMVipJDoU--
@1DwtEaUn,UgxQCGURBTRbcJRScOR4AaABAg.AMVexa59LJcAMVmbrvZ9t9
@ChristineWilson-n6g,UgzO0Xnngjm4CkfIzk54AaABAg.AMVen43RhR7AMYZPdyefAC
@LarsLarsen77,UgwXQVti3kpG600cGfh4AaABAg.AMVelPpN6GqAMVjCth3eQh
@bluefrog8u,UgyclE0KxT5Ojuv1Ns14AaABAg.AMVehadhxdqAMVt0Ja1k4a
@LarsLarsen77,Ugy84-XQpLxswyBZXCZ4AaABAg.AMVeaBNLV0HAMVnY9i5MDc
@dimitar4y,UgySVlVoQyYH-7OrGM94AaABAg
@violetviolet888,UgwJrf3ieR9VmEg3X0h4AaABAg.AMVeKZUejgSAMVyv83Wpiq
@LarsLarsen77,Ugzs-qfpjLGXHv4EGax4AaABAg.AMVeFccX95DAMVpnGI7014
@violetviolet888,UgzW1kmY9rcXxRobwVl4AaABAg.AMVeFUScFT6AMVftkRVFmz
@deleted-something,UgzW1kmY9rcXxRobwVl4AaABAg.AMVeFUScFT6AMVgrIlt_sO
@dsndicmsa7141,UgzW1kmY9rcXxRobwVl4AaABAg.AMVeFUScFT6AMViaQHwT0W
@LarsLarsen77,UgwzQ-N-bvdv0ALGx1t4AaABAg.AMVeDxHZpjyAMVj_lw0hHt
@daleolson3506,UgxMYTie7wEEkPbHP2R4AaABAg
@LarsLarsen77,UgxIUA6jtqDG5CtFd3t4AaABAg.AMVdbvcVokjAMVifyVrtrL
@LarsLarsen77,Ugzu4z-npExcy6VgGJ54AaABAg.AMVdZBeENV5AMVgx2pNSIp
@LarsLarsen77,Ugzu4z-npExcy6VgGJ54AaABAg.AMVdZBeENV5AMVgzK7OC3x
@LarsLarsen77,UgznwjbdRARcri_llAJ4AaABAg.AMVdV3u1g5qAMVlJSxEY1e
@GGoAwayy,Ugz9xivUjfYd5VtTzoJ4AaABAg.AMVdHStTdPNAMVeLf-dgyQ
@LarsLarsen77,UgwYOsyCMwXN8c7u9354AaABAg.AMVdHMXtb8FAMVmtfI9AMZ
@LarsLarsen77,UgyDDSSDaqFYYH6jywh4AaABAg.AMVdDYDNxeWAMVncwWwqzb
@LarsLarsen77,UgzaMlwFdCaH7y8Akdp4AaABAg.AMVd9HJA0vvAMVjcdFxtEN
@formbi,UgxQQ2pq8uoHFjd2mCJ4AaABAg.AMVd9G6f0eLAMVwuhKRVWu
@raymondqiu8202,Ugz17GxRP3bbPVaupu14AaABAg.AMVd3qzIT5SAMVjXxZOFHh
@CC3GROUNDZERO,Ugz-2L5VDHrDFI1_6uN4AaABAg.AMVd13uTwbAAMVdAAOWuWp
@CC3GROUNDZERO,Ugw_zQUycWkaKnoDGQB4AaABAg.AMVcz5U-QnAAMVdTkLLuRW
@LarsLarsen77,UgzO7gKevxG2vCmfM394AaABAg.AMVcvlIp6LqAMVoJZS2vQ3
@LarsLarsen77,UgyOaqrogoHMlnTxCgF4AaABAg.AMVcotez3MHAMVoF5KGICh
@Luzgar,UgwX3FfbRBNbs16pled4AaABAg
@CC3GROUNDZERO,UgwX3FfbRBNbs16pled4AaABAg.AMVcnSp23RtAMVdX_Np27a
@GGoAwayy,UgwX3FfbRBNbs16pled4AaABAg.AMVcnSp23RtAMVe6s_iX_5
@CC3GROUNDZERO,UgwX3FfbRBNbs16pled4AaABAg.AMVcnSp23RtAMVioimsqmM
@violetviolet888,UgxjPCyrHCOhutFi3BR4AaABAg.AMVcbseONUKAMVfVD749sk
@raymondqiu8202,UgzBaV1FX89aRRyEfON4AaABAg.AMVcW56GQEHAMVjUbhnfAT
@therealax6,UgzBaV1FX89aRRyEfON4AaABAg.AMVcW56GQEHAMWK1o8Ccs8
@LarsLarsen77,UgysQRBStaTKRbeQNT54AaABAg.AMVcR_YMacoAMVi2tCYq1c
@LarsLarsen77,UgysQRBStaTKRbeQNT54AaABAg.AMVcR_YMacoAMVi7YAdURU
@formbi,UgysQRBStaTKRbeQNT54AaABAg.AMVcR_YMacoAMVz95t0OlM
@violetviolet888,UgxyOBBZyF4IBA5TTE14AaABAg.AMVcNEauo36AMVfdxTtbvw
@LarsLarsen77,UgxyOBBZyF4IBA5TTE14AaABAg.AMVcNEauo36AMVixNYlqh9
@violetviolet888,UgxyOBBZyF4IBA5TTE14AaABAg.AMVcNEauo36AMVnAeGHpUk
@violetviolet888,UgxyOBBZyF4IBA5TTE14AaABAg.AMVcNEauo36AMVrR1VBi44
@Luzgar,UgwvkgxqZQ1NjztlFth4AaABAg.AMVcJGqswjGAMVhDak6WEe
@LarsLarsen77,UgwvkgxqZQ1NjztlFth4AaABAg.AMVcJGqswjGAMVhLTrUM7k
@galileo_rs,UgwvkgxqZQ1NjztlFth4AaABAg.AMVcJGqswjGAMW9A4KpDET
@galileo_rs,UgwvkgxqZQ1NjztlFth4AaABAg.AMVcJGqswjGAMW9JHFrM3i
@violetviolet888,UgyhtxO24sRtBfT3Q_d4AaABAg.AMVcIGRpVtpAMVfb-TNu8j
@dsndicmsa7141,UgyhtxO24sRtBfT3Q_d4AaABAg.AMVcIGRpVtpAMVi6D2v8aF
@Luzgar,UgyQOCtA5Ut-0VDtrup4AaABAg
@LarsLarsen77,UgxvJkePlQcQj7jLwSZ4AaABAg.AMVcFWiG7PVAMVlF6XrICK
@LarsLarsen77,UgxUH_Lq8m1eTAoNlUd4AaABAg.AMVcA_THruIAMVgr5pNaLQ
@LarsLarsen77,Ugz_5QXy6jZWY3IUd994AaABAg.AMVc6lDDgQWAMVmO-JtmbT
@violetviolet888,Ugw3ICCd8ufr7zjOcHZ4AaABAg.AMVbxb5nGA1AMVfYWWIaav
@LarsLarsen77,UgyvF0KIkBCwlq25KrV4AaABAg.AMVbwUPZWJvAMVjg0S4JdD
@LarsLarsen77,UgyvF0KIkBCwlq25KrV4AaABAg.AMVbwUPZWJvAMVjl6s3ZBk
@LarsLarsen77,UgyvF0KIkBCwlq25KrV4AaABAg.AMVbwUPZWJvAMVjoPBfcsf
@LarsLarsen77,UgwYVps1_WsKTK_6l8N4AaABAg.AMVbt_YzFC0AMVl0YkzSrX
@LarsLarsen77,UgyFp4wrBn1rkg-gLf54AaABAg.AMVbVLLvYX1AMVkuukIaaI
@LarsLarsen77,UgzoA686nWPhS1oBuHZ4AaABAg.AMVbSEv-bF2AMVmWnTpHdJ
@formbi,UgxS1uWuwZ-SNK-pN194AaABAg.AMVbMK7dI6fAMVz13gb5Al
@kaelanstaples,UgxS1uWuwZ-SNK-pN194AaABAg.AMVbMK7dI6fAMWPUcgILcV
@LarsLarsen77,UgxSq_FloIxD1Yk4Aa14AaABAg.AMVbAgpcbolAMVj2tL9Wua
@salpon,UgxSq_FloIxD1Yk4Aa14AaABAg.AMVbAgpcbolAMi007W1yo0
@salpon,UgxSq_FloIxD1Yk4Aa14AaABAg.AMVbAgpcbolAMi0xkn5Gcb
@raymondqiu8202,UgzKw2agQuLuMpZAy2t4AaABAg.AMVb7iKFyw3AMVhhPr_4rq
@violetviolet888,UgzKw2agQuLuMpZAy2t4AaABAg.AMVb7iKFyw3AMVofhNKJRd
@formbi,Ugz83-45_-WgIJy4ubt4AaABAg.AMVaxrmJunHAMVysZdtpkT
@LarsLarsen77,Ugy66xCiUr51evpLiqt4AaABAg.AMVanM7l6maAMVgta6hbT3
@raymondqiu8202,UgwtOGTMlB_hmWAmSJ14AaABAg.AMVakts6dnDAMVjNbwBCKo
@GGoAwayy,UgwAKhGw07speG1x5Z94AaABAg.AMVai9CXDIDAMVgKwNhRNx
@LarsLarsen77,UgzdZLqcTRecIbEly794AaABAg.AMVagvOrpLGAMVkwSS-TaY
@LarsLarsen77,UgwrvKcvZrSx5KC4iL94AaABAg.AMVafAQPFJRAMVg5bwLKX7
@j.21,UgzrwE-MK_7Bfer5UmZ4AaABAg
@CC3GROUNDZERO,Ugx1fnHV__T5zJttx254AaABAg
@LarsLarsen77,Ugx1fnHV__T5zJttx254AaABAg.AMVaLkFAESkAMVksXBQmaW
@CC3GROUNDZERO,Ugx1fnHV__T5zJttx254AaABAg.AMVaLkFAESkAMVmym7kRST
@violetviolet888,UgxuvlqExe2Nu6H3BKd4AaABAg.AMVaKzyoRtPAMVr31b0itc
@GGoAwayy,Ugx5bQv33DB4bIsK25Z4AaABAg.AMVaBzRJpPLAMVgDNlVgGx
@galileo_rs,Ugxaa47KKOrxErypmHp4AaABAg.AMVa2326G48AMW74xYmLTn
@GGoAwayy,UgyFSqJHnCN3j86jAZJ4AaABAg.AMV_p82ZO-tAMVfQ6tCRLz
@LarsLarsen77,Ugzf7WbTN8R4T7PHtaF4AaABAg.AMV_m7lIwBvAMVia9e9nGi
@LarsLarsen77,UgwpSePpvP77Ur8wvfJ4AaABAg.AMV_hYsClNnAMVj6UX7CzD
@LarsLarsen77,Ugx5ml7gMYWiFCpGpAB4AaABAg.AMV_hCfiW5IAMVjYBhlEeo
@galileo_rs,Ugx5ml7gMYWiFCpGpAB4AaABAg.AMV_hCfiW5IAMWA--E4QJN
@LarsLarsen77,UgzQYqGJox4s0NcSuRl4AaABAg.AMV_b--v-ZiAMVhGIxCZuw
@Luzgar,UgwY-B90zBPAJUgBml14AaABAg.AMV_ZFS5-4GAMVgsgXe5tS
@Luzgar,UgwY-B90zBPAJUgBml14AaABAg.AMV_ZFS5-4GAMVgzF9usa3
@LarsLarsen77,UgwY-B90zBPAJUgBml14AaABAg.AMV_ZFS5-4GAMVhOxCHWHS
@CC3GROUNDZERO,UgwwvVQysy31LzCvAeR4AaABAg.AMV_XXaRGUnAMVcK2Z-Noo
@LarsLarsen77,UgzsMrizlEx-jpOSXvx4AaABAg.AMV_NbhHItsAMVinkRsRzj
@Luzgar,UgzsMrizlEx-jpOSXvx4AaABAg.AMV_NbhHItsAMVj8k0bCFy
@GGoAwayy,UgyPKIBPxzCB0e4ES8h4AaABAg
@GGoAwayy,UgyPKIBPxzCB0e4ES8h4AaABAg.AMV_Hj_xU3AAMVc9Quu9sB
@LarsLarsen77,Ugz4V9pqubbw5a9ouSZ4AaABAg.AMV_9duZga0AMVjOAOKtJ9
@LarsLarsen77,UgzNTYrupbcPipFjCd54AaABAg.AMV_5aYNNqqAMVi-beW00L
@1DwtEaUn,UgzNTYrupbcPipFjCd54AaABAg.AMV_5aYNNqqAMVnoiqYW2P
@LarsLarsen77,Ugwg5zVnCnSGBxFPmdN4AaABAg.AMV_2lN9t8FAMVhZQqbSZ3
@1DwtEaUn,UgwX5ym0yQL8JZWs8jt4AaABAg.AMVZkSGvfWrAMVqNi22r7b
@1DwtEaUn,UgwX5ym0yQL8JZWs8jt4AaABAg.AMVZkSGvfWrAMXUzimyOVJ
@1DwtEaUn,UgwX5ym0yQL8JZWs8jt4AaABAg.AMVZkSGvfWrAMcd_6pwYIP
@violetviolet888,Ugxvqp1cIMuVusf4A2Z4AaABAg.AMVZeavs0rWAMVnDd5Ih9E
@violetviolet888,UgxZ5rb6oYMUiJLkphF4AaABAg.AMVZad2tylVAMVoAS-_1in
@thaddaus_mizgata,Ugx8TAR-7W9jvSg6FgB4AaABAg
@johanntiu4162,UgwiDkd4IXOrHhSwX954AaABAg.AMVYLRX3lToAMW_QlLOrN4
@Luzgar,UgzBvvTks41HJV_GsPR4AaABAg.AMVYHmnOWM6AMVhNdj-sG0
@dsndicmsa7141,UgzBvvTks41HJV_GsPR4AaABAg.AMVYHmnOWM6AMVlUO_u21O
@raymondqiu8202,UgxdXNYR2WrFo3GGCb14AaABAg.AMVY9_yKBN5AMViVTL9WBc
@Tahoza,UgwCfaIdQSvJ_9pXhKp4AaABAg
@raymondqiu8202,UgwCfaIdQSvJ_9pXhKp4AaABAg.AMVY62Xl8JNAMVjblf9MBB
@violetviolet888,UgwCfaIdQSvJ_9pXhKp4AaABAg.AMVY62Xl8JNAMVoZHLYoJU
@Tahoza,UgwCfaIdQSvJ_9pXhKp4AaABAg.AMVY62Xl8JNAMVyCYMnmsS
@Tahoza,UgwCfaIdQSvJ_9pXhKp4AaABAg.AMVY62Xl8JNAMVyTBPz_wQ
@kaelanstaples,UgxdDewgqRUv0KGUtOp4AaABAg.AMVY4ewv3iaAMWM7eJja93
@Xiph1980,UgxNCOFPSkgS1R-_wGl4AaABAg.AMVXs4Zf5JnAMV_GrSNWKX
@LarsLarsen77,UgxAeNaXe4rIE33P7Ax4AaABAg.AMVXpoXB8sUAMVmRiQKQG9
@iTeerRex,UgxVN-gPQNt4wG3jp7R4AaABAg
@dsndicmsa7141,UgyrFVco4GHHIj6j-IJ4AaABAg.AMVXWM_Wj1OAMViI_I-pSe
@dsndicmsa7141,UgyrFVco4GHHIj6j-IJ4AaABAg.AMVXWM_Wj1OAMVlA9XhibV
@raymondqiu8202,UgxZouWxqPg7QHmyLOR4AaABAg.AMVWuAZnM3FAMVjSST-Qau
@iTeerRex,UgzL65fEN6Dq-vn0Iex4AaABAg
@iTeerRex,UgymAGEr3F0QXK3qi2h4AaABAg.AMVWbNtOPJKAMVX4kJcsGW
@iTeerRex,Ugxh35nMaLh9OZ3QQMh4AaABAg
@DataIsBeautifulOfficial,UgzuEjHaMCKBbyoyMIJ4AaABAg
@LarsLarsen77,UgwKLelom6XNbRJXwWV4AaABAg.AMVWFsJJEdgAMViNZTYOfT
@Xiph1980,UgzlR64pmur70mkTFm54AaABAg.AMVWEPwS2nLAMV_0Xe8U4f
@LarsLarsen77,UgwQBtBxqrx_hrZb0D14AaABAg.AMVW9inCU7ZAMVhxghE1Ng
@swedishZ0mBi3,UgxR01TbB0V7kJVHjZd4AaABAg
@Luzgar,UgwvlrG-dxQVSN_IZU14AaABAg
@therealax6,UgxKGfVze7t9RqzBBAl4AaABAg.AMVVex6qctTAMWKrD6bwc1
@dsndicmsa7141,Ugy6mtYUU3LCkpbOwJt4AaABAg.AMVV_Uwmr4cAMVi161udUL
@HeisenbergFam,UgxTRB7JUGY-6P10M8V4AaABAg
@daleolson3506,Ugz02joTTCg9QH7Z5K94AaABAg.AMVVUsF65EFAMVdu8vExt5
@deleted-something,Ugz19jd1SgUr45OZwsJ4AaABAg
@Xiph1980,Ugw-wfhxsLR1vKgroE14AaABAg.AMVVOKq5DP_AMVYeXUCgVG
@raymondqiu8202,Ugxv9UZC5h8QsH2j62B4AaABAg.AMVVO3st6J2AMVjC2SlwCp
@Xiph1980,Ugzj8k3kWu9rcVV8fc94AaABAg.AMVVHIRZEQmAMVYkrclFOw
@violetviolet888,UgwghNgOj31_75ToPt14AaABAg.AMVVFV8sbmhAMVnmAOJvXQ
@Xiph1980,UgzbIyF_dJgMgvJNQA14AaABAg.AMVVA0SmTGzAMVYt-ngMeX
@LarsLarsen77,UgyHwm_dVqYKl3YHyEV4AaABAg.AMVV6V40FdTAMVizQagoTD
@LarsLarsen77,UgyHwm_dVqYKl3YHyEV4AaABAg.AMVV6V40FdTAMVj0_qMRur
@Luzgar,UgyHwm_dVqYKl3YHyEV4AaABAg.AMVV6V40FdTAMVlEAdEoHN
@Xiph1980,UgyDGiOEsvV3srn_0Bp4AaABAg.AMVV5Erd1D_AMVZA7QJPdE
@Tahoza,UgyDGiOEsvV3srn_0Bp4AaABAg.AMVV5Erd1D_AMVZXBGVLOQ
@Xiph1980,UgxCM_Hgju2zHIlGjbd4AaABAg.AMVV3hkUlCwAMV_5CqzDL9
@LarsLarsen77,UgxCM_Hgju2zHIlGjbd4AaABAg.AMVV3hkUlCwAMVmpfz7bGO
@littlefrank90,UgzF4TOlBtEZmYsad6d4AaABAg
@LarsLarsen77,Ugxq_UPB8NG-7igK3Cl4AaABAg.AMVUzyWzqPeAMVkohQU43A
@formbi,Ugxq_UPB8NG-7igK3Cl4AaABAg.AMVUzyWzqPeAMVye_MUyS5
@therealax6,Ugxq_UPB8NG-7igK3Cl4AaABAg.AMVUzyWzqPeAMWL5R9OF2V
@kaelanstaples,Ugxq_UPB8NG-7igK3Cl4AaABAg.AMVUzyWzqPeAMWOvxkjEzl
@init_yeah,UgyGJ9b91_YeIsVZPRV4AaABAg
@init_yeah,UgyiEEkBPwo4_G8W3zt4AaABAg
@bluefrog8u,Ugz_RAd2uRNJPPR5rGt4AaABAg.AMVUxkYtbHMAMVtZpW65iJ
@veritasium,UgzaCWjLLw3-pZhqSvt4AaABAg
@deleted-something,UgzaCWjLLw3-pZhqSvt4AaABAg.AMVBuEMQFzoAMVW-8eYX_t
@swedishZ0mBi3,UgzaCWjLLw3-pZhqSvt4AaABAg.AMVBuEMQFzoAMVWGo6mWbM
@peeperleviathan2839,UgyIvRXGPqPONnXzADp4AaABAg.AMZlUgERLiiAM_4Mw-qUJQ
@peeperleviathan2839,UgxDms3SmKQTKFwuUSB4AaABAg.AMZh_CWwUdgAM_4Prdz4_V
@RawbLV,Ugzw9nrgvBLrQiU0Y2t4AaABAg.AMWshGj67TXAMX0I7wHgNs
@RawbLV,UgzKZ9TcZrbh4ZLdrc54AaABAg.AMWp1FT7wjTAMX0MErHXkG
@RawbLV,UgzFvg3NwY5ICBYdrK94AaABAg.AMWiVNtSm4nAMX0SYqJVyq
@RawbLV,Ugz7l_r_DrLl35aa4_Z4AaABAg.AMW_U4w8u4NAMX0gaJajxD
@RawbLV,UgzgAmDZtvYyZ6BxJFx4AaABAg.AMWZG8Sb4LGAMX0kV1I-QL
@jursamaj,UgxIT7wHoBetY7AeUlR4AaABAg
@tinhoyhu,UgznBzvHzi0JhNN1Z6N4AaABAg.AMQLQK4tCHxAMQPD8oonAd
@tinhoyhu,UgyvUuwxIJ9llf5KIjV4AaABAg.AMQASta98cyAMQNJbBHQaR
@tinhoyhu,Ugzx5cVvDGQ9o8NJhfN4AaABAg.AMQ4agYRBhWAMQMTn2UNAF
@1986DarkStalker,UgyVzkiHIsBjAperXnJ4AaABAg.AMPdYSdPwZRAMPfRDFUXYM
@florianschneider3982,UgwNXdaeUOvAMeCfZjB4AaABAg.AMPYteIIq3nAMPZjVdeCnH
@florianschneider3982,UgxKuCo4kLtZzcD-dx14AaABAg.AMPYBx5_PlPAMPZpyMic2G
@florianschneider3982,UgzZw0Id-wVgj1G2bSJ4AaABAg.AMPXWaM4-dmAMPZtEs7SeU
@tinhoyhu,UgzpnNw8IxDPIvnMahJ4AaABAg.AMPX6-9qIzlAMQLlRDh-Q8
@florianschneider3982,UgxrknFEaQEEBvfYav14AaABAg.AMPWYUBAIpsAMPZyY1geSd
@florianschneider3982,UgwsZC7S7XkeUyKwknd4AaABAg.AMPWLii9si1AMP_0ttBmFz
@florianschneider3982,UgxdTYlRbb2gnghoF9R4AaABAg.AMPUxcC7aKyAMP_Fg-Ow0k
@florianschneider3982,UgyZ1vFxLLeYVsd-aKp4AaABAg.AMPUKHJyiZ-AMP_INpgkUP
@tinhoyhu,UgzUmJzN8LhxHxkEBpJ4AaABAg.AMPO_WekScgAMQV2ybyaaV
@tinhoyhu,UgyZqE4tQn5PhUJdL8B4AaABAg.AMPGDQzKH-bAMQPrb5rzbS
@tinhoyhu,UgyKc9TL9Qpmoa79oGp4AaABAg.AMOyKWul9cJAMQR61Sqto0
@JordanBeagle,UgxQ7Wcg1N2npq2eXhN4AaABAg
@tinhoyhu,Ugz20Jm5_90NSwf8D954AaABAg.AMOZeJcJoPFAMQUIMNOgOv
@smellthel,UgxOeUSRrdffYlRYX_F4AaABAg
@thaddaus_mizgata,UgwBJ9vGF6khYXDVjrh4AaABAg
@thaddaus_mizgata,UgwBJ9vGF6khYXDVjrh4AaABAg.AMOEbo8hUyUAMOF4NKE3dE
@Chuck8541,UgxnCWTFJXOK3HBRsgt4AaABAg
@tinhoyhu,Ugxc9TxYeuiuAiwxjLh4AaABAg.AMO7FGsqqoNAMQT-rpmTya
@tinhoyhu,UgzOyUthG6x62wN0NQt4AaABAg.AMO2fnN9tjXAMQUn_jeeB_
@tinhoyhu,UgySYTxlSiB2hLohGxx4AaABAg.AMO1JAVoq_gAMQPhedxpD8
@tinhoyhu,UgzSISoKXez4W2aru9t4AaABAg.AMNoOOcXpgMAMQMtgR9nmm
@invisibleguydude,Ugy2F40pcQpcR7SXGR94AaABAg.AMNnH0MitymAMR1FrrFybL
@tst_09,UgzLvrx5ps0ilV3jr_94AaABAg
@tst_09,UgxM0xLO2jPIG03OuLx4AaABAg
@eichen97,UgzuSBhfp3cPTtisFF54AaABAg
@iTeerRex,UgwVIDcBdHSVJsFTnJF4AaABAg
@tinhoyhu,UgwTRUfQXu1MrcD6yPJ4AaABAg.AMNX9aYwUnFAMQRI107jqw
@tinhoyhu,UgzjVpC9u6m09O6IEyl4AaABAg.AMNSkiZcSmbAMQRf3An8TJ
@Machines.In.Action,UgzLecvPOXgF-KHXo3t4AaABAg
@GooogleGoglee,UgwG0qBcZa3uejHL5oJ4AaABAg
@tinhoyhu,Ugz6o9TWKExUiMhafLB4AaABAg.AMN8ingTfo2AMQO9Rf3IZu
@stevey.iPhoneAir,UgwHv9WoNu9gy4oecOp4AaABAg
@stevey.iPhoneAir,UgzG5Mi3EqWPeURNLr54AaABAg.AMN7oBTDBzOAMN9m7kslXL
@stevey.iPhoneAir,UgzG5Mi3EqWPeURNLr54AaABAg.AMN7oBTDBzOAMND5nxS0x8
@xitzy,UgwdYYSIY-Yqd8aodSF4AaABAg
@stevey.iPhoneAir,UgzzuUYkthhKkbxyjZt4AaABAg.AMN6cUJPH8VAMNDHV4akHQ
@DataIsBeautifulOfficial,UgwE3wD8fWkyN9_FCot4AaABAg
@HeisenbergFam,Ugxtu6tsHq1g1g36jKN4AaABAg
@littlefrank90,UgyGbdVf0ishRwURNBd4AaABAg.AMN5G_9oX6HAMN5l1_QEIx
@veritasium,UgxbXG9SYLdcQvqpjbR4AaABAg
@IwantA5090,UgxbXG9SYLdcQvqpjbR4AaABAg.AM7wfHz57Q4AM84kRyO6UR
@Azarilh,UgwokRrp0KSdW00LCA14AaABAg
@fancen,Ugwd4W2DU5JHksCvoNx4AaABAg
@Poorexampeofhuman,Ugzk0Gt4f5zzZd8qPU54AaABAg
@NostraDavid2,UgzWF1WEFrFWwrXwk6Z4AaABAg
@NostraDavid2,UgzWF1WEFrFWwrXwk6Z4AaABAg.AMX_0uw7zVfAM_JtUJGv_o
@swedishZ0mBi3,UgydXZLR8oPV49VKDxl4AaABAg
@Layde30s,Ugz9IlgX_hKkpxh3hkR4AaABAg.AMW2galHZqVAMqhb0DwrnK
@Layde30s,UgyTcf80KaP-yOPZxt54AaABAg.AMSyZ7XBjt8AMqhjziKS3l
@Memessssss,Ugwgg5R7zqgzJzYESA94AaABAg
@veritasium,UgyAg9cPdxe42eRytyZ4AaABAg.AMJ0km10nVFAMMK-kkKVl2
@GetMoGaming,UgyVbgvYr-tzFVfY0Up4AaABAg
@GetMoGaming,UgwAv3JgNPYFH6s9yvp4AaABAg
@GetMoGaming,UgxPStG-M_l7YHL-Eih4AaABAg
@andrewzhuk8713,UgyiYmp8zR6rWXJJj5Z4AaABAg
@GetMoGaming,UgzsD_oQHTs96aCCvK14AaABAg
@GetMoGaming,Ugy4RdEDEcBxZ1e6r8R4AaABAg
@andrewzhuk8713,UgzuXd9fDRumDLtp0m14AaABAg
@AlanTheBeast100,Ugx54LRwBDm8J81SU-V4AaABAg
@AlanTheBeast100,UgzVpowpZ-tyuOCji014AaABAg
@myboysd5772,UgxgEuKMBKokSvviMKV4AaABAg.AMEwmoOShyRAMF6nPlPMvW
@Kragatar,Ugy3Jaq2-R_OdTdx_nB4AaABAg
@w-Nicksen,UgyEExHtyWok7T9Q51J4AaABAg
@Kragatar,UgxB5Ko-h_kTCCNnjsF4AaABAg
@Kragatar,Ugzq-BVRLm3t8fdGOcx4AaABAg
@veritasium,UgzpXpB-ZIElA_1IqaF4AaABAg.AMDwwiRDL8oAMHOSdJo6vU
@LubomirKubasdQw4w9WgXcQ,UgyNqMhvqfPbt8dLt894AaABAg
@edweard,UgzkrZgjcLiNTc9CDER4AaABAg.AMD7v8Qm89XAMD8FZ8zYAY
@veritasium,Ugy2iZDSah7K8ci33-d4AaABAg.AMD6z84c02fAMHORBpadxM
@edweard,UgxUrqZbtlUlx221UKJ4AaABAg.AMD6tMzY9j7AMD8X1VVvJZ
@veritasium,UgymwRpmbpPWltCm7cR4AaABAg.AMD6reLBUSXAMHOQnuz0Ci
@MostlyPennyCat,UgxdIHZE-UdD7viEe1J4AaABAg
@MostlyPennyCat,Ugy5-kz9AA-Z1uIRRql4AaABAg
@edweard,Ugwe0eE7u85DewvIv_V4AaABAg.AMD5lB2ajbMAMD8kY2fpV6
@edweard,Ugzw3U8UyLR2nqCvCbl4AaABAg.AMD5ff96_Q-AMD8pemTeUY
@MostlyPennyCat,Ugx1sIIJGBrGdxLwrIB4AaABAg
@clashcon11,UgwGcYEyzqH_03XaFrN4AaABAg
@jmmjmmjmmjmm,Ugz0u6C-JqLg7JVgPG94AaABAg
@jmmjmmjmmjmm,Ugx0e5G6ToVEq_oLLJh4AaABAg
@jmmjmmjmmjmm,Ugxpd6BhntwF6OSWZKR4AaABAg
@jmmjmmjmmjmm,UgyimrAB5jt91HvsfQN4AaABAg
@jmmjmmjmmjmm,UgztNp5e83o3ZvEGcQ54AaABAg
@N0Xa880iUL,UgwURsJz6tAMs8RhuJd4AaABAg
@LubomirKubasdQw4w9WgXcQ,UgzVIZBURjxwuYDsH6R4AaABAg
@LubomirKubasdQw4w9WgXcQ,UgxE5G45UF1UTd_85Tx4AaABAg
@LubomirKubasdQw4w9WgXcQ,UgyPyJF0Og6gHMNF67x4AaABAg
@LubomirKubasdQw4w9WgXcQ,UgxLnEA4qFvTSIiwj194AaABAg
@SoggyCat-b2n,UgxnE5_Qa7G8IgwLmPZ4AaABAg
@Sammysapphira,UgzbVnA1VSzWi18YEY94AaABAg.AMCLImn753PAMHbcGawO31
@veritasium,UgyW5pD_wYf0aESHmdh4AaABAg.AMBAdgLcO45AMHOPmLJxMq
@zenlettering,UgwYjFOVpqKJrFYi2MF4AaABAg
@zenlettering,UgyNAi88ZSDrlHcRB6d4AaABAg
@Scorch428,Ugzy6aao_YJwud2O1UJ4AaABAg
@m4rt_,UgxDpH-pR0FzrzQcsoh4AaABAg
@hassaan1670,UgzKucYpkiWOlFzPRI14AaABAg
@skpince,UgwPL_79zXxQ5orFXm54AaABAg
@KaosProject21,Ugyqalz2bu8FYZZLabl4AaABAg
@KaosProject21,Ugyqalz2bu8FYZZLabl4AaABAg.AMAnGwYauIbAMAnO_oQ0Ro
@Tahoza,UgwU0r0e8Jzctolgyqp4AaABAg.AMAXhrWV0lLAMAf52D1frS
@Tahoza,UgzZeM1XzcSN_EDMKgh4AaABAg.AMAV9rakewoAMAevKzzUiF
@Layde30s,UgycLTEhFXMkqoDqEuJ4AaABAg.AMATGn6vrEWAMqhvcxAfSQ
@CC3GROUNDZERO,Ugym5rLUly5f3eOvgM94AaABAg.AMA8EBbYRjGAMAL_DAoyS0
@tutacat,Ugy1TWc-sy-fMR3YSSZ4AaABAg
@veritasium,Ugx2e6LD8brrK8Z7nkd4AaABAg.AMA5wHIpn-6AMHOOd8HzrG
@CC3GROUNDZERO,UgxSn9pe5E0KO-j3cQh4AaABAg.AMA4U3nEKHlAMALvEWhjYV
@Layde30s,UgxudIl8DaGq-MZdM4B4AaABAg.AMA4CQDcuW3AMqheBoQ9DF
@CamonaTempest,Ugydh-bPhVKJHy74hNd4AaABAg
@CC3GROUNDZERO,Ugw5V0moTjl438DlD4F4AaABAg.AM9qOl8S14rAMAMS0h21i2
@tookitogo,UgyJVYs8j0tM9Yszwzp4AaABAg.AM9eC5pFgbZAM9mjmosiQs
@tookitogo,UgxB5aTDt9aWG4hYqjl4AaABAg.AM9WVQQwEbyAM9fgNCppLg
@tookitogo,UgxU8EQKRKHDvOF-h3l4AaABAg
@tookitogo,UgxRHrexUKnLPCw2zXt4AaABAg.AM9N8YiV451AM9j8YTEvXU
@ucngominh3354,Ugz5NN59U9bP7HgcLb54AaABAg
@tookitogo,UgxP_CT86xdFwoYO1SB4AaABAg.AM9HT-x9A68AM9ZLH_YVRt
@tookitogo,UgxP_CT86xdFwoYO1SB4AaABAg.AM9HT-x9A68AMAQVMca2sW
@tookitogo,UgyZUnf32YCQUm2wVX54AaABAg.AM9FCJ04YfEAM9kIBjDw4k
@Kyojinsei,UgzVIJg93uYflYoYfW14AaABAg
@Kyojinsei,UgyNOyBrHOEkvg4qi5B4AaABAg
@Kyojinsei,Ugwh48ng8kdY3fNqhSR4AaABAg
@spencerdunn2313,Ugzv1Vx8gQmPeExkxUd4AaABAg
@tst_09,UgwyvTzjgV1rTpBqZmd4AaABAg
@spencerdunn2313,Ugx0Q_V_-Wg6Pp1FCNN4AaABAg
@j.21,UgwanGPvwmrRbJ2vEjt4AaABAg
@spencerdunn2313,UgxXJvRUXuAdTonLBqV4AaABAg
@tookitogo,UgznwnCd3wNLy1yHd0h4AaABAg.AM91xOLswiXAM9mTZtx4of
@tookitogo,Ugzhet_nhx0Gm-Ildv14AaABAg.AM9-aj7QnKvAM9Z7IayFxD
@tookitogo,Ugzhet_nhx0Gm-Ildv14AaABAg.AM9-aj7QnKvAMA2MLRS1XU
@tookitogo,Ugwqmo-OUN-EwAY87eR4AaABAg.AM8yYLSxVztAM9nada9ZMu
@Kyojinsei,Ugxqzo66U_s7Cz0hZdp4AaABAg
@Freedomistman,Ugxm0nnXsGUU9hlEHW14AaABAg
@tookitogo,UgwZvE05P1YjqZdIdPp4AaABAg.AM8uyV2ot1xAM9jWAFdSAA
@clashcon11,UgzcWSHRCI2X66z-MKt4AaABAg
@clashcon11,Ugxj2UeKc_NwGpjbRAt4AaABAg
@tst_09,UgwJyxLrY5KnxAlq1Sd4AaABAg
@tookitogo,UgxSQNaLpbL4uWbGSvd4AaABAg.AM8pULFv_lUAM9bhZcbVXW
@ZennExile,UgxGCFxYj5RBmCYC1Mh4AaABAg
@NexGen-3D,Ugy-priPFCkP5GYNKVZ4AaABAg
@tookitogo,UgxLWhH8d1FLYEqbaPR4AaABAg.AM8gzitSEbMAM9i2qDWovV
@puffinjuice,UgzETrfeJaPt36qu4ut4AaABAg
@Kyojinsei,UgwVfXM1CgqP5g-NTwN4AaABAg.AM8gh9Rn0UZAM9DRTmlsbA
@tookitogo,UgxaeSZZbYtgR5r_v5l4AaABAg.AM8gNHTAHGEAM9mvefgUcT
@NexGen-3D,Ugzww9cYKxK4jGhlvXF4AaABAg
@puffinjuice,UgwDNpPsEW_43-9IKvl4AaABAg
@NexGen-3D,Ugz3R-dlnWZOJ9ZQlLt4AaABAg
@NexGen-3D,Ugz3R-dlnWZOJ9ZQlLt4AaABAg.AM8dU9KAdlSAM9WrcKXt6r
@tookitogo,Ugzq-Ed-J4W1NgqUBB94AaABAg.AM8cxtj7WriAM9e8zRcIp4
@tookitogo,Ugzq-Ed-J4W1NgqUBB94AaABAg.AM8cxtj7WriAMAdndIsl_0
@Layde30s,UgwkB5aOQATKwls0s6l4AaABAg.AM8cPYtfzI5AMqhnQFGfyC
@Layde30s,UgwkB5aOQATKwls0s6l4AaABAg.AM8cPYtfzI5AMqhq3E8mqP
@Luzgar,UgyqcrVKVGhwvjNGOR14AaABAg
@NexGen-3D,UgyqcrVKVGhwvjNGOR14AaABAg.AM8cNbr6wgOAM8hmKB__jx
@tookitogo,UgyNDQatXikvKuwO5ad4AaABAg.AM8cChwbPPfAM9Vh5VNeYe
@tookitogo,UgxGfY4BccuWh9V0MGZ4AaABAg.AM8ZoKRdjfXAM9k1B3_R4S
@tookitogo,UgwNSUPwI_SjEZDcDip4AaABAg.AM8ZdFu80_rAM9metaL12-
@Luzgar,Ugzs09-P529zQ0Lk_954AaABAg
@tookitogo,Ugx5USzXkqZk6kmMbLV4AaABAg.AM8ZEQzwUJmAM9kUVPo4ek
@tookitogo,UgyOPT0A7LRyCQE56EZ4AaABAg.AM8WPg7yIkkAM9iRTSaNWo
@CC3GROUNDZERO,Ugyw1YgTiW6ItV55xmd4AaABAg
@tookitogo,Ugx06jXT4XFp5kW298t4AaABAg.AM8UpePQDdcAM9jDEcm9J-
@ataarono,Ugz3aSTDMRPYyxDh3Ix4AaABAg
@CC3GROUNDZERO,UgwvNcQ6_acwjz8F_454AaABAg.AM8SwOB7HSMAM8Wl-54OSQ
@CC3GROUNDZERO,UgwXpDSsVxoUWtRTSlZ4AaABAg.AM8RulH3CUTAM8XQ4KjqeI
@CC3GROUNDZERO,UgwMRlCfsAqLSKOZf-94AaABAg.AM8QGhn9ZSOAM8XnDBtZG6
@CC3GROUNDZERO,Ugz5cNceoVdJsU-3AyJ4AaABAg.AM8PQvCJ0YxAM8Y0-ztccj
@CC3GROUNDZERO,Ugx4csDMXdXWqIvu3oF4AaABAg.AM8OscTvVWMAM8YL4JvNp4
@ataarono,Ugyj019M-tFRNPAz_F94AaABAg
@Tahoza,UgwnCx9089DR_2Q_tnd4AaABAg
@CC3GROUNDZERO,UgwnCx9089DR_2Q_tnd4AaABAg.AM8Op2yIhr4AM8YWIw0g0T
@Tahoza,UgwnCx9089DR_2Q_tnd4AaABAg.AM8Op2yIhr4AM8_GCf5KLd
@Tahoza,UgwnCx9089DR_2Q_tnd4AaABAg.AM8Op2yIhr4AM8pkW26Szw
@ataarono,UgxevhmhW8R3jq_jvId4AaABAg.AM8Na3uTlM5AM8PtopKL3Z
@GooogleGoglee,UgwT4GYxtBbK6H3tbOV4AaABAg
@CC3GROUNDZERO,UgzKVV7sKsHgbE19VTZ4AaABAg.AM8NGcP2Rd8AM8Ym4sUCKN
@CC3GROUNDZERO,UgyynKsN8-7Ayl1AML14AaABAg.AM8Mxv7BzwwAM8YysEnYxM
@ataarono,Ugx3HZjl-paHRpNrBzV4AaABAg.AM8MZm4I0M1AM8R0R8UJmu
@ataarono,UgwD3mk_bSCQjFgAE994AaABAg.AM8MYblS-q8AM8RrwHgEPp
@CC3GROUNDZERO,Ugy_AkjTX2ME715QVx54AaABAg.AM8MVuL1eqrAM8Z37Zi73y
@ataarono,UgxWnCnYGQaC0s6sYG14AaABAg.AM8MVX6g-H1AM8S651-FFh
@ataarono,Ugy-Uzt-Y1Ur9ueFXHt4AaABAg.AM8MOrUcNUwAM8SMDBBstw
@CC3GROUNDZERO,Ugy-Uzt-Y1Ur9ueFXHt4AaABAg.AM8MOrUcNUwAM8Z9ihf0hb
@ataarono,UgxSdPDy3EhABO594Kl4AaABAg.AM8MLS6lM1UAM8SiJ9GsJ_
@ataarono,UgzDILg3QysaaHvpabB4AaABAg.AM8MAi1zfatAM8TDvlQngv
@ataarono,Ugxujn6mlTemolUB1L14AaABAg.AM8M9JZnUTnAM8TUg-zF7g
@ataarono,UgzPEUzWcDE9MHh2DwB4AaABAg.AM8M7AnwxXVAM8Tl0GA3EU
@ataarono,UgzPEUzWcDE9MHh2DwB4AaABAg.AM8M7AnwxXVAMBtgSceule
@ataarono,UgzPEUzWcDE9MHh2DwB4AaABAg.AM8M7AnwxXVAMCD8DxVm7J
@ataarono,Ugx5arHbHvjpqvakhGx4AaABAg.AM8LyDrwrlhAM8U6A9BCKy
@ataarono,UgzLFKNXDXw4haKVMFt4AaABAg.AM8LnhqWs-HAM8VBMXHo4u
@myboysd5772,Ugw_77Rh6N3mzBA_Epx4AaABAg.AM8LYh8-5zzAM8N8WVa30w
@MikkoRantalainen,UgzWX9S0TuKjt8IXcjV4AaABAg
@LLV008,UgxwE_fpUSokl551CxZ4AaABAg.AM8FpbsmqpsAM8J5uS9uG5
@joshcryer,Ugy5ZYlcXf4wvq5LtR14AaABAg.AM8FJYamb8GAM8HnWLC-z2
@LLV008,Ugy5ZYlcXf4wvq5LtR14AaABAg.AM8FJYamb8GAM8J8dLkTzW
@deleted-something,UgwaV9Op9AF-qOdzv1R4AaABAg
@LLV008,Ugw2zUY5MqifoFDJQNd4AaABAg.AM8Bs_BEWcTAM8J4oEUinS
@k1ng_chicken,Ugy4KX-ASRqlG6UX-6R4AaABAg
@superjumpbros64,UgxL5YH1mQJivSiSxgp4AaABAg
@justinbustin677,UgyIwbmjI-wwzdaJnVN4AaABAg
@joshcryer,UgxDHOTgK4yrmrJt3LR4AaABAg.AM89sx1LpSkAM8CYhaYU3K
@superjumpbros64,UgwEqQD_Glp1gZsdIzh4AaABAg
@joshcryer,UgxA7Y1E5mvT-XtT_Oh4AaABAg.AM895ZhlfJ5AM8CpwX9fUV
@superjumpbros64,Ugz5KSJIdjYfuhM6eyh4AaABAg.AM87q9xtjMrAM89CExnl9n
@LLV008,UgyWT-o7qH-UD-uEgPl4AaABAg.AM87nDkmNW7AM8JJZS40Dl
@HeisenbergFam,UgxQQKdyT6Wbo-nh_9B4AaABAg
@daleolson3506,UgxF2pAOwdfPRpu3Dbt4AaABAg
@LLV008,UgyQrv1Tk0_2syrmAnx4AaABAg
@LLV008,Ugwd4g4JuD4AT1H8eUV4AaABAg.AM85zZBgD7xAM86lBC_ZSF
@LLV008,Ugxm6s3JovINHcSpDh54AaABAg.AM85wESgaTmAM87CLaiYJF
@LLV008,Ugz86JwimUVGLFw-FGh4AaABAg.AM85hR8CISkAM87nR17wtJ
@LLV008,UgxYB4Sdsyi6HpWHTBl4AaABAg.AM85XG9GBqUAM87seuqlmw
@LLV008,Ugz-Uc8a0gL3XiC3hyV4AaABAg.AM85WJpzsyvAM87QZfVX-s
@Machines.In.Action,UgwtKNrXouryQT_2tBV4AaABAg
@LLV008,UgwtKNrXouryQT_2tBV4AaABAg.AM85INmvFr4AM86q7Xf_FW
@LLV008,Ugx1fpAfGNBF-8DGUAt4AaABAg.AM85AXBtQnGAM87LZO59pU
@joshcryer,Ugx1fpAfGNBF-8DGUAt4AaABAg.AM85AXBtQnGAM8D0hcCKt0
@LLV008,Ugw5gk2SHRXai984e-B4AaABAg.AM84vMSl4mpAM86tudsJ8T
@LLV008,UgwJR44xoS9mmFRstw94AaABAg.AM84uTgawfUAM88s5orqhM
@IwantA5090,Ugy-hT_pD8KGMPosvbx4AaABAg
@LLV008,Ugy-hT_pD8KGMPosvbx4AaABAg.AM84oyb92rEAM86rbxjLre
@AdvantestInc,UgypiOf6Pcy4uSXFv2l4AaABAg
@IwantA5090,UgwGSmgwxqYH3M7ccrt4AaABAg
@LLV008,UgwPlegRU6E8amrLJw94AaABAg.AM84fXsuZ_UAM87KCbJNEi
@IwantA5090,Ugz6buo5SwJDtKGo9EV4AaABAg
@IwantA5090,UgzrtUl1EN2TPIqORNB4AaABAg
@init_yeah,Ugyln1-Tu0WufC-308l4AaABAg
@veritasium,UgxbXG9SYLdcQvqpjbR4AaABAg
@IwantA5090,UgxbXG9SYLdcQvqpjbR4AaABAg.AM7wfHz57Q4AM84kRyO6UR
@veritasium,UgykgxH5_grilHQ3BWV4AaABAg
@suicideghostftp,UgxGkmwVwWhHNH8BwhR4AaABAg
@invisibleguydude,Ugx7ppj0ww-E2Y20G9x4AaABAg.AMCi_TaMP82AMCiph60gDl
@invisibleguydude,UgxdtlK5oL5rJSdZLe54AaABAg.AMCiZljp8dNAMCitwcFfKt
@invisibleguydude,UgxdtlK5oL5rJSdZLe54AaABAg.AMCiZljp8dNAMD-JFKUjqo
@invisibleguydude,UgxdtlK5oL5rJSdZLe54AaABAg.AMCiZljp8dNAMDnp0436iQ
@invisibleguydude,UgzqjI6uxRArNGbUZ7p4AaABAg.AMCiO_OHRz0AMCjHvlF4Qc
@invisibleguydude,UgymVegaeTWfX8KzMeR4AaABAg.AMChAhfFjyMAMCiZf3rHRe
@invisibleguydude,Ugyy_oQD6iQVDRD85i14AaABAg.AMCh714eMTiAMCieBQWklk
@invisibleguydude,UgwM5VnHnr78XmfnpdN4AaABAg.AMCh2PQ3L4oAMCiggvSMjQ
@superjumpbros64,Ugw8HIRh1YdZJavt8Eh4AaABAg
@invisibleguydude,UgwMtIiCR8tbKtMYisN4AaABAg.AM6Z_DzagsLAMANuRAsXcW
@invisibleguydude,UgwMtIiCR8tbKtMYisN4AaABAg.AM6Z_DzagsLAMAOZ_UFc1i
@veritasium,UgykgxH5_grilHQ3BWV4AaABAg
@Jul-66,Ugwf-qMeGi09UERBiAl4AaABAg.AM3Pjui_VMpAM3QGIhuodu
@Jul-66,UgwIdCTcrODGrtx-yUl4AaABAg.AM3MmYVn42jAM3QRxl2oZA
@Jul-66,UgydeZahvayHXq-w-E94AaABAg.AM3Ivx-Z2rpAM3QYoND3a9
@Jul-66,UgysrSAoWjBwb2TQsiN4AaABAg.AM3ITpCsFeJAM3TJRITXEr
@Jul-66,UgwkBXPj-fAU_EqPYCh4AaABAg.AM3IOwMNf-lAM3TO8XWLTB
@Jul-66,Ugx7Bxhh_XwgngAArhx4AaABAg.AM3I5QyC9z9AM3QaSMpQ8Q
@Jul-66,Ugzm6nEN2bJ6bKfqwcR4AaABAg.AM3GAlbqQMLAM3QgMFn6XX
@KX36,UgxnTV44aK9tlMgnDyV4AaABAg
@Jul-66,Ugy4K8OmedhPHJl9gX54AaABAg.AM39vzjtVNrAM3Qwy08tn5
@Jul-66,UgxvMUNrDVlNGiZJsvd4AaABAg.AM35juLQ7WxAM3RPioDErZ
@Jul-66,UgzEUXeLOFYExIlEYuN4AaABAg.AM32-cbUPdgAM3RWGtXkVN
@Jul-66,UgyORGpN_ThPYtaGQu14AaABAg.AM2vOCMMc1VAM3RgvmPre7
@Jul-66,UgwWf2xjn-674bo1zHF4AaABAg.AM2u93sdPLQAM3Rp9jU0ci
@invisibleguydude,Ugxs4-2OdKfm2CRcLnl4AaABAg.AM2fZ5qJ_2JAM2iSI7OokF
@invisibleguydude,Ugxs4-2OdKfm2CRcLnl4AaABAg.AM2fZ5qJ_2JAM2ifSiap0Y
@invisibleguydude,UgxV-JEe-z_7g5X0b494AaABAg.AM2d0LeHaCzAM2dezSuUrR
@invisibleguydude,UgyB9wPckDnA5WPaPJJ4AaABAg.AM2_lxpf9iMAM2dniTbPJe
@invisibleguydude,Ugw09lpmNjTfU0IJHjx4AaABAg.AM2_ZhrsFfzAM2dvqnTlA6
@invisibleguydude,UgykIkQ1DIXvrgrGqnN4AaABAg.AM2ZX0Fd6dMAM2e04vJrLk
@invisibleguydude,Ugyoi9agzlarVTFeqVl4AaABAg.AM2Z470JXK_AM2eIT7RuMw
@invisibleguydude,UgyFFkviXkk-mqiBAM14AaABAg.AM2Xy9HBCLFAM2eWq4hfQ0
@invisibleguydude,UgyDlp7GCOIuR6ZpnYZ4AaABAg.AM2WHbQwZbpAM2hTZ3e1Xp
@invisibleguydude,Ugy3-epGLzRtknik5Ll4AaABAg.AM2Ve5gTbkgAM2hq-mG7UV
@hoofhearted4,Ugw7IiUU_dhHQBzVW8p4AaABAg
@jmmjmmjmmjmm,UgxyepTOrGyHosFCeld4AaABAg
@tst_09,UgxVRPz8hC_ZW_6Uixt4AaABAg
@iTeerRex,UgzUB1p2OFtXIT17lGN4AaABAg
@deleted-something,UgwC0087KJAaD50Z9CJ4AaABAg
@GetMoGaming,Ugz2F5lxxeK0bQUofHB4AaABAg
@GetMoGaming,Ugz2F5lxxeK0bQUofHB4AaABAg.AM-ZPCoWnnzAM02bpPAaT-
@Machines.In.Action,UgzPyAjUENaPP7j294B4AaABAg
@invisibleguydude,UgxFwHgMQoDkxF_OB3R4AaABAg.AM-UoH5ANyeAM-kpX809Mg
@xitzy,UgzrHgLyJ9HSVGIIQUd4AaABAg
@jmmjmmjmmjmm,UgxTH-jJM4U3EVETtY54AaABAg
@HeisenbergFam,UgxUMmHwjDfP0gTDIeF4AaABAg
@invisibleguydude,UgySYYzIlyBCuUbeb6B4AaABAg
@GuiDuckz,UgwKtIkmPWVkLLy7n7Z4AaABAg
@invisibleguydude,Ugyd8znIqG-V0cCHAoV4AaABAg.AM-RQO-9Jr_AM-XmZZwLuu
@invisibleguydude,Ugyd8znIqG-V0cCHAoV4AaABAg.AM-RQO-9Jr_AM-YO4Rc18C
@passingrando6457,UgzyMukaoidGV69PxYp4AaABAg.ANDfyrpxalrANDiu6zol5o
@passingrando6457,UgwM6UwtiHRzcczJSkx4AaABAg.ANDbNgE2IPOANDiw-8YH1q
@passingrando6457,UgyvLnQR8pTA0mOmduh4AaABAg.ANDbKdDdCV1ANDixTMD32C
@passingrando6457,UgyvLnQR8pTA0mOmduh4AaABAg.ANDbKdDdCV1ANDjucGrtDC
@passingrando6457,UgzMoyxT8a_DyN82s8F4AaABAg.AND3aZWr-tqANDj8FVjJMo
@passingrando6457,UgzMoyxT8a_DyN82s8F4AaABAg.AND3aZWr-tqANE_mHnOqbc
@Memessssss,UgzIlMpvcdMvPbFVOhd4AaABAg
@ДмитроПрищепа-д3я,Ugyte4eUuiX2CD5-4H94AaABAg.ANC8yKwNF35ANCbiiRQO1r
@passingrando6457,Ugwh9rXpdoBJybJkjqB4AaABAg.AN9WbazqufmANDjdYDlXz4
@passingrando6457,UgyxvN5Haoy01eCXM2R4AaABAg.AN98lEBfse-ANDjju8nFFS
@passingrando6457,UgwMLlXvQYc12PpmPM14AaABAg.AN8d0nSQgDnANDk79M8sTx
@passingrando6457,UgyapjcO5uMCjm9gtv94AaABAg.AN89tdJ7nfuANDkEC-LAfy
@passingrando6457,Ugx3tNq61C2PykXbNbR4AaABAg.AN7tjmJE4A4ANDkP_xck_6
@passingrando6457,UgxMh7ghTMGxEqLJbA14AaABAg.AN7sPhV-FeKANDkch2sKav
@passingrando6457,Ugw20iqEtoGqKFiVCOd4AaABAg.AN7-779WS2nANDkkmIKVHX
@passingrando6457,UgxWVsZPoeLGUzOb8td4AaABAg.AN3VBKESTKxANDkuW4-oHx
@passingrando6457,Ugz1-oR9ltS3jIofyoJ4AaABAg.AN17mFeRm40ANDlBbSsmem
@passingrando6457,Ugz6Pt_5sZFXTxaQu054AaABAg.AN0ncYuaT5oANDlFvHk3-w
@AugmentedGravity,UgxJi8zXmcyRIaWLTbt4AaABAg
@june9914,UgxyKB6YEYkPnBKu0C54AaABAg.AM33t4lyShlAM3541CPXk3
@june9914,UgxyKB6YEYkPnBKu0C54AaABAg.AM33t4lyShlAM3LdpxRTtM
@june9914,UgwiDT5jOEU-lCinIRh4AaABAg.AM3-LHAD6Y6AM35H4VRb7P
@june9914,UgxsKYUi7BhiWQiTX554AaABAg.AM2uRSjB8ACAM35MH3FSeS
@june9914,UgyRvqz8z68BY23WURZ4AaABAg.AM2jfKuwWRrAM36PgVCBZI
@june9914,UgyVvYlfprSVxlVKu6R4AaABAg.AM2cFhmEQl4AM36WQC4Yyj
@june9914,UgyVvYlfprSVxlVKu6R4AaABAg.AM2cFhmEQl4AM3EGFBT3gV
@june9914,Ugxiyq5nMImZ2-tFp0N4AaABAg.AM2aeVlOYarAM391QD5reo
@june9914,UgxDyGOj9wUUBftkObJ4AaABAg.AM2MRQqkTWCAM39ISiGSZx
@june9914,Ugxpl9kTice_TYzYKLp4AaABAg.AM1raWU0pB-AM3BfxKv-kX
@june9914,Ugyh-prB4w5mHpLNGNF4AaABAg.AM1dxqYvwxvAM3DCMeRIi9
@june9914,UgxLorJOcECIj_sKytZ4AaABAg.AM1TxrPN2nfAM3DKQQoeH5
@june9914,UgxLD06ku0s4dMw9MVV4AaABAg.AM1RsONzqdwAM3DPB-Qt2c
@superjumpbros64,UgzQWyWhxJexrles0nd4AaABAg
@peeperleviathan2839,Ugy8EkA4srv1TwA3Hzh4AaABAg.ALxlhfZ64FaALy6vJomdcn
@peeperleviathan2839,UgzJps9mKjE_BQSNFEp4AaABAg.ALxTKx3gvx6ALy7LDhbVAZ
@peeperleviathan2839,UgwwChUzwlePOFUfkFt4AaABAg.ALxK2Zs-tP3ALy7QoGw-_M
@florianschneider3982,Ugws-DU9Zb7TnIPeVb54AaABAg.ALqhPYtBKxpALqhn4vM0g5
@logitech4873,UgzkdZKV9iJjNjusKF94AaABAg.ALq9RqPwo7uALqB_fLzJAR
@logitech4873,Ugw7RPL86jIXQ77hhF94AaABAg.ALq93h299UVALqBhoH3ZGG
@logitech4873,Ugxk5gswos9ZUMoYuTF4AaABAg.ALq7OxxRMllALqBmhyentd
@logitech4873,Ugx1CQUzz5oo8F9GKfx4AaABAg.ALq7K-WsIBEALqCj8cFhf0
@logitech4873,Ugw61bp86tHVrVwFdNd4AaABAg.ALq6O6bwGBMALqCqHnhHqg
@logitech4873,UgwrurpzVvRlfe9na0d4AaABAg.ALq5dTsVwqlALqCw6dLTfQ
@Machines.In.Action,UgxfVeuvRffbMnvCHKZ4AaABAg
@4.0.4,UgzxbbvtR4hVATUPpmJ4AaABAg
@tst_09,UgwBzqQ_W886Pr0hkhp4AaABAg
@xitzy,Ugx7rDw-yfzhS6jnDOR4AaABAg
@miguellopez3392,Ugzv2O9iXrpsWTL3wR14AaABAg.ALoBxGQpF8rALoChNgC8yD
@miguellopez3392,Ugx1R4oEE_ARlBL4CZ94AaABAg.ALoBg-W3twZALoCoaA8_tV
@miguellopez3392,UgyqKBt2lFfOZP8LvUp4AaABAg.ALoBGCzsNYdALoDR0f2Nr6
@miguellopez3392,UgyqKBt2lFfOZP8LvUp4AaABAg.ALoBGCzsNYdALoVDpW8FwX
@miguellopez3392,UgyqKBt2lFfOZP8LvUp4AaABAg.ALoBGCzsNYdALoYoB8nG-h
@miguellopez3392,Ugzstf7lI_4kZlxBE9l4AaABAg.ALoB-eP8cpdALoBAtDPQh0
@miguellopez3392,UgwQKHK6zXkLnfBaEi54AaABAg.ALo9YatTGL5ALoBTavAGaU
@miguellopez3392,Ugz3_y_ltH1jCVzyLCR4AaABAg.ALo9YPVHf7IALoBgwJJK2Z
@miguellopez3392,UgzEIHOLpDQEgb4zSs94AaABAg.ALo90pWl8BOALoDz4ALOzb
@miguellopez3392,UgzEIHOLpDQEgb4zSs94AaABAg.ALo90pWl8BOALoQcx-65mf
@miguellopez3392,UgyUHnbmpEAsntr-X4t4AaABAg.ALo8yBILt8tALoEElQAhcs
@miguellopez3392,Ugyfo-ER-DknaQNpAMx4AaABAg.ALo8Ls4WE3AALoEUaBDag8
@miguellopez3392,Ugz08B8fsxFl47mtzwh4AaABAg.ALo7Yg3RY7wALoEtTumYH_
@miguellopez3392,Ugxu9BdQq1VMLv3Aptl4AaABAg.ALo7-mft_5DALoF6pNC_9I
@miguellopez3392,Ugxu9BdQq1VMLv3Aptl4AaABAg.ALo7-mft_5DALoGJvpSYBC
@miguellopez3392,UgwDQisZdHQYUMEMr3d4AaABAg.ALo4z4gGkroALoFMFNTqnZ
@miguellopez3392,UgzSEYOXQVZPrHrU0VR4AaABAg.ALo4wYvML1kALoFThHnY6z
@miguellopez3392,UgzSEYOXQVZPrHrU0VR4AaABAg.ALo4wYvML1kALoUJiEkpsC
@HeisenbergFam,UgxlKwi7Gr7pZtvK5Wx4AaABAg
@veritasium,UgwvC4GKSwoYUn8skbZ4AaABAg
@Azarilh,UgyyEWwy0f72DUg0oYV4AaABAg
@Azarilh,UgyBnujMKUahhydgjEx4AaABAg
@veritasium,Ugwn_H8fPepdK48NqTh4AaABAg.AMxXw2Bc-qNAMy0vv_1OxB
@hudsondangerw,Ugy0ncfQTOhxVac23ZR4AaABAg
@HelloKittyFanMan..,UgzFgDThc4ghZR_bqgR4AaABAg.AMqP3gA1f5kAMsmWog9t9C
@HelloKittyFanMan..,UgzFgDThc4ghZR_bqgR4AaABAg.AMqP3gA1f5kAMsqCPDsI4k
@HelloKittyFanMan..,UgzFgDThc4ghZR_bqgR4AaABAg.AMqP3gA1f5kAMsuxbv_w1H
@HelloKittyFanMan..,UgyVL394EwW7LtDhRzp4AaABAg.AMouw3aNXeOAMsmgTzpcyZ
@Ruiner89,UgxX9w6XOtJymZD6RwN4AaABAg
@Ruiner89,UgxZVh-CF-bSdXqXMxx4AaABAg
@superjumpbros64,UgzHRvEZlfUnw9YaB5N4AaABAg.AM8Nih6otDEAMGkBwEl6UN
@tutacat,Ugw6fS9cBxTZJOmW9yx4AaABAg
@HelloKittyFanMan..,UgyuYqAnBnLZzXsqmtd4AaABAg.ALz04q6umizAMx_Oa3tTRB
@Kyojinsei,Ugw2qlER4B794Y697Jh4AaABAg
@Kyojinsei,UgzZ_xv2n7FP_BRWps94AaABAg
@HelloKittyFanMan..,UgyritJD3Qn4h_8oyXZ4AaABAg.ALwRhajkNPCAMwj_ioiDmu
@dannydanny9875,UgwKa3UZJHIzeMRtFnl4AaABAg
@HelloKittyFanMan..,UgzuhAI2LMfdbBrNmdJ4AaABAg.ALt-1k0dKSLAN6IHNxoNAz
@logitech4873,UgyeuC6zFEccRzXmo5h4AaABAg.ALsvSUYCRQeALt7bP99Yfm
@logitech4873,UgzxvK0xoGRpcJPhK7V4AaABAg.ALsUOmfQ4HNALt7mqy4gM3
@HanTrio3,UgzGh51gPZriZqIEOch4AaABAg.ALsTaczoh-gALshb07LtXV
@logitech4873,Ugyy1rIR3uxDuGz9JR14AaABAg.ALsSkdI70-yALt7tVYEhmd
@logitech4873,Ugx_371qQsFZKRX_PGx4AaABAg.ALs1pg0X_WFALt82XeJ85C
@logitech4873,Ugx_371qQsFZKRX_PGx4AaABAg.ALs1pg0X_WFALuFdWzwfy6
@logitech4873,UgyF5514pnUHOoEI7h14AaABAg.ALrkFipd5Q4ALt8AGh7q_D
@HanTrio3,UgytXg4KpFP_pea8CvN4AaABAg.ALrMKAgEKb4ALsj-kpPRGf
@logitech4873,UgytXg4KpFP_pea8CvN4AaABAg.ALrMKAgEKb4ALt8Hf2TXm_
@HanTrio3,UgytXg4KpFP_pea8CvN4AaABAg.ALrMKAgEKb4ALtEpfM91Pr
@GayatriKhandige,UgwNLdKgznNkYj0M0IN4AaABAg
@GayatriKhandige,UgzYr-FuP439kcQPV114AaABAg
@GayatriKhandige,UgwyWgJPsXjsN-S_IfR4AaABAg
@GayatriKhandige,UgwY6QUc-RojjhdhXm94AaABAg
@GayatriKhandige,UgzXfl60azWwh1yrRId4AaABAg
@GayatriKhandige,UgyF_SO-eABKzkVnSqd4AaABAg
@GayatriKhandige,UgwtYBzYl0HxxGV16ix4AaABAg
@GayatriKhandige,UgycoEj-GUyh6kCKb0J4AaABAg
@GayatriKhandige,UgzdPRlCeMimYZrQ65x4AaABAg
@GayatriKhandige,UgwFN1i-QUkvqaqgMwJ4AaABAg
@HanTrio3,UgxTgTsUkZ4z7upQh2h4AaABAg.ALpmUw_6y8bALsk-EmU69i
@logitech4873,UgxTgTsUkZ4z7upQh2h4AaABAg.ALpmUw_6y8bALt8dve_kb1
@HanTrio3,UgxxqBK0dkUFfvFqbjp4AaABAg.ALpByht2vE7ALskFRAlZK5
@logitech4873,UgzHjnc3MswhLxU1MER4AaABAg.ALowMszrGXoALt8rxXTyhh
@HanTrio3,Ugz9yIqKni-9pUu1OlB4AaABAg.ALoXAIB-r4fALskbFnWAI5
@HanTrio3,Ugx5aElOnkKj5-FZnhx4AaABAg.ALnva7woDsGALskoQDHnqr
@logitech4873,Ugx5aElOnkKj5-FZnhx4AaABAg.ALnva7woDsGALt93wUk515
@HelloKittyFanMan..,UgyOfgSm7XnAo43M6dt4AaABAg.ALn5pydxrM0AMwlEUCxDhq
@logitech4873,UgyRgSMQILkAwrcq07h4AaABAg.ALmnRoJZepKALt9O_MuGMu
@HelloKittyFanMan..,UgwXFbKOSaqqZyQ7Xvt4AaABAg.ALmfdm48euRAMvNWxInRLI
@GetMoGaming,Ugzj9zpVgQCc0ZsOCUB4AaABAg
@GetMoGaming,UgwNQmmExNJdrlVIFT94AaABAg
@GetMoGaming,UgyT7kKBRJ-7Dy9gF6B4AaABAg
@GetMoGaming,UgwkjpYxWGxJed_k2vV4AaABAg
@HelloKittyFanMan..,UgwYW5EreGm7lnna04R4AaABAg.ALlDfQMehSVAMsnTEB_t0M
@HelloKittyFanMan..,UgxQNO0N9xQEQrN5Tox4AaABAg.ALlBsTruPF-AN1JRS4wIfl
@HelloKittyFanMan..,UgxQNO0N9xQEQrN5Tox4AaABAg.ALlBsTruPF-AN1LMp4wG4z
@LubomirKubasdQw4w9WgXcQ,Ugw2Sy0YgY0JUDrJw6Z4AaABAg
@LubomirKubasdQw4w9WgXcQ,UgyLNM7jAlyoIdPl4UF4AaABAg
@HelloKittyFanMan..,Ugww_SqFumogt_PrxzJ4AaABAg.ALkfUmbRPwtAN6IXGoq77G
@HelloKittyFanMan..,UgwdFtak56U0JuvqVeh4AaABAg.ALjp2ryZsAWAN6IeAvt3-C
@HelloKittyFanMan..,Ugwd21Jig3k4XTxKeMl4AaABAg.ALjiXsD69uMAN6IjZzeXhb
@HelloKittyFanMan..,Ugwu-Ku81Q_G4Pwm0FB4AaABAg.ALje-moNaSfAN6ImMmpTpu
@_-7310,Ugy-615n_CqBTbw0MMt4AaABAg
@HelloKittyFanMan,UgwmLOZt5LP1o6_I4OJ4AaABAg
@HelloKittyFanMan,UgzYdihMumZfNYh2E6F4AaABAg
@HelloKittyFanMan,UgxVlKDu2jGQ4GabQyN4AaABAg.ALg8kRCxuEpALg9UVzxrEB
@HelloKittyFanMan..,UgzOQQatMiAdJ4Hsu3h4AaABAg.ALg2sFBotknAN6IxW7dAp6
@HelloKittyFanMan,UgwThHW5dsUFg5TnP654AaABAg.ALg24L0BZpbALg9m2kuck4
@HelloKittyFanMan,UgwThHW5dsUFg5TnP654AaABAg.ALg24L0BZpbAMCcY3BWA1E
@SNEAKYHOLY-j7h,UgzVChg4cSeuiudU9x14AaABAg.ALg0tXHyD0pALghYRmIIlA
@HelloKittyFanMan..,UgzVChg4cSeuiudU9x14AaABAg.ALg0tXHyD0pALgkOoOY8Lt
@SNEAKYHOLY-j7h,UgzVChg4cSeuiudU9x14AaABAg.ALg0tXHyD0pAMc6ZSYMJ0Z
@RawbLV,UgzPB1uHkuDN9IQS-Th4AaABAg.ALfgeMEZRnrALfwgIDYiAu
@HelloKittyFanMan,Ugwl5FOXPGygfQSQ1lp4AaABAg.ALfb574OBw9ALgA_9ubJ_8
@HelloKittyFanMan,Ugz_4VJtVPG6JSG1RbN4AaABAg
@HelloKittyFanMan,UgxskCzk7jg1kgiR9c94AaABAg
@HelloKittyFanMan,UgwGVYNXpJArXjrY5_l4AaABAg
@HelloKittyFanMan,Ugy99_FTEd_BU0pjSj94AaABAg
@HelloKittyFanMan,Ugy5xVkGV2Ob9aQsc3x4AaABAg
@HelloKittyFanMan,Ugzbzlyc6-Dd36376eZ4AaABAg
@HelloKittyFanMan,UgxZFdXfCFC3WpgbEdV4AaABAg
@HelloKittyFanMan,UgzToZ9T-iU3E6Za_Ph4AaABAg
@HelloKittyFanMan,UgyP9bENYSwmCdZyz1J4AaABAg
@HelloKittyFanMan,Ugy6OYJ3aXprBs7xmHN4AaABAg
@HelloKittyFanMan,UgxNbjDqQYXLPq5ifyV4AaABAg
@HelloKittyFanMan,Ugyqza2vM9ga9fSt3Tx4AaABAg
@RawbLV,UgxTzOUHZ4lToWr2KBJ4AaABAg.ALfMf3hfXOdALfwxPIMOtd
@RawbLV,UgzRBM3ThEPbIfJgaBB4AaABAg.ALfHyaRfxKOALfxH-XFAe6
@RawbLV,Ugy1TjUN419L7tFgGIB4AaABAg.ALf6bKEyOCUALfxLbhOOe2
@RawbLV,Ugwx3V2cvM-wRpB26zV4AaABAg.ALf40EWG488ALfxNoP4ZEs
@RawbLV,UgwlFs2DpQ0ZJbceutl4AaABAg.ALekOn-r-gFALfxa73FI5E
@RawbLV,UgyO1t7pc3MHmsV3Qj14AaABAg.ALedgEuP_dgALfxgkcsdNF
@RawbLV,UgxAZ0CsGddWImKprjp4AaABAg.ALec7cN-f8QALfxic69xyC
@RawbLV,Ugy7Npnk26swuwU7a2Z4AaABAg.ALeUhPSYOJ6ALfxoCGYFX0
@RawbLV,UgyLktGtAfdVtCl0Vht4AaABAg.ALeNriNalYUALfxsf4utcX
@RawbLV,Ugz68sh0tmIrrVM6Yhl4AaABAg.ALeKqCcJEdkALfxvSM0S23
@JoeyJoJoJrShabbado,UgyFZ6rRU37UFipkL2F4AaABAg
@Lamassu112,Ugy56UtubdC7opAj0jZ4AaABAg.ALbvcq3rlJfALejabtdVao
@SNEAKYHOLY-j7h,Ugy56UtubdC7opAj0jZ4AaABAg.ALbvcq3rlJfALghiFB9o5q
@Lamassu112,UgxpPfW_VnvuHxCvvyx4AaABAg.ALbOk1iavpaALejbkabC-O
@Lamassu112,Ugzk1Y6qM-m6UZdJRf14AaABAg.ALbOHEAT_D3ALejcsV-tZA
@Lamassu112,Ugy3I57V56b5NDmxMZ14AaABAg.ALbIhJi02uRALejZW95O_l
@Lamassu112,Ugw3S0dIiU6fVRkA7z94AaABAg.ALajMFx7taSALejdvfGJRY
@deleted-something,UgzBPKpEzKvGHmfP5Fl4AaABAg
@JamesTK,UgyOiwfBifURCkcxQod4AaABAg.AL_qyiheZ3hALa9wh-OBud
@JamesTK,UgyOiwfBifURCkcxQod4AaABAg.AL_qyiheZ3hALb0nEG18DM
@Lamassu112,UgyEOcX1HqkW5SMmjl94AaABAg.AL_pDZPRp5sALejYJma2R9
@JamesTK,Ugx4LTDpvL42OIc2pZF4AaABAg.AL_j4pSz0hAALaBQdedH0i
@Lamassu112,UgzDPgWJn1kieChAnNp4AaABAg.AL_fYHxwNohALejh95V464
@w-Nicksen,UgzDNFnpTdqyWwFNWrJ4AaABAg
@thaddaus_mizgata,UgySS4fQtSjWnCcAWY14AaABAg
@w-Nicksen,Ugz5DbNyj_Zc2UajNj54AaABAg
@BleepBlop-rh9lm,Ugz6hfpTC6b5NapxPrJ4AaABAg
@Lamassu112,UgyL7xkT_459TGPze9B4AaABAg.AL_Jqg4QzPsALej_g8MAhY
@init_yeah,Ugw3KNsHGb5Swwba4J54AaABAg
@user-oy4lk7fd9w,Ugz7s8GSOKsMB-2qYDp4AaABAg
@JamesTK,UgwUbsRhCsed9P243sR4AaABAg.ALZy4CQ1e6hALa9XJGQYs3
@Lamassu112,Ugzcz2k3LFS3dJWoM0t4AaABAg.ALZtWyyi8G4ALejf1VF64u
@Lamassu112,UgzzLe8cYpq5E3JrtfJ4AaABAg.ALZs4iwCvVrALejftpfTIt
@newbie4789,UgxHMQm2A0CiqUi8Zxp4AaABAg
@newbie4789,UgxHtwxCcOMYZ0NQZIR4AaABAg
@andrewzhuk8713,Ugxl38bOKmsgc1TDgxZ4AaABAg
@JamesTK,Ugycpo_fufjRNthanUF4AaABAg.ALZZKWK_BCyALaBH9Unylj
@tst_09,Ugw0CUVU-2ZfNTB8lWZ4AaABAg
@tst_09,Ugzr7dmgloCtWhsN5et4AaABAg
@SNEAKYHOLY-j7h,UgyMdWP6TsaC8BDoYsF4AaABAg.ALZFDUYPLYkALgi7KlcdIb
@veritasium,UgwL517vEwJuoavbq3J4AaABAg.ALZ2JOq0WYuALZ3ePzIQe8
@HanTrio3,UgwdKfWBR1Vs5RqrRr94AaABAg.ALYz53vfDjOALZBNgXb6V4
@HanTrio3,UgwCYxNzhUWrKKM7PPh4AaABAg.ALYwGDjV1iHALZBgmchxsK
@Freedomistman,UgxGo6gm6NYHCnm2oSR4AaABAg
@HanTrio3,UgxGo6gm6NYHCnm2oSR4AaABAg.ALYu_sJWtI-ALZCkgqAMEj
@Freedomistman,UgxGo6gm6NYHCnm2oSR4AaABAg.ALYu_sJWtI-ALa0QkZnSIO
@Freedomistman,UgxGo6gm6NYHCnm2oSR4AaABAg.ALYu_sJWtI-ALf2LNxHcSM
@HanTrio3,UgxGo6gm6NYHCnm2oSR4AaABAg.ALYu_sJWtI-ALfhEkkABrz
@Freedomistman,UgxGo6gm6NYHCnm2oSR4AaABAg.ALYu_sJWtI-ALsNyeb0w37
@smellthel,UgzJDx-yZjb8zdJgmpx4AaABAg
@JamesTK,UgzaiLun7U3jkEfa4Tl4AaABAg.ALYq2Y6FkapALaAMCH-GEo
@HanTrio3,UgzPR6jki1xtLhInOHp4AaABAg.ALYq0C0iuDJALZDClviE0T
@johnchessant3012,Ugyj7hLAZAHWM-FJZDR4AaABAg
@eichen97,Ugy0d1Z5hvLp17kG1lB4AaABAg
@CamonaTempest,UgzgNzcTt9m5hC3Rxc94AaABAg
@smellthel,Ugzx8Ifeisi8wvUR2b94AaABAg
@JordanBeagle,Ugz4JlcsgbK7ysoIF954AaABAg
@JordanBeagle,UgyKge8oRkiZUhM0gA54AaABAg
@HanTrio3,UgwHfaF8tJt5xp0-X0B4AaABAg
@JordanBeagle,Ugz_RWY8Tc5Q40HnZLV4AaABAg
@notahotshot,Ugwr7AHB-BrDqzU_rHh4AaABAg.ALY2HLzAlNZALY3IQO1hxt
@Kragatar,UgyZZlfIfOxvP2TW1yh4AaABAg
@notahotshot,UgwlAdZ6egmeBD-xgEp4AaABAg.ALY1tuaLi-oALY3YTk7ylA
@notahotshot,Ugz2fbJAYjxfqecxtDh4AaABAg.ALY1sdZEIh5ALY3cWute2t
@notahotshot,UgzzFIo144q-0EPwClN4AaABAg.ALY1i00SP8LALY3pI7mBqj
@JordanBeagle,UgzA1x5NMqstYAL0gJt4AaABAg
@JordanBeagle,UgzOe0MjmuIBZV0vDYV4AaABAg
@SNEAKYHOLY-j7h,Ugx9O74_Ij_cJtCR-0l4AaABAg.ALXzWmn7t5vALghmD9hH2N
@HanTrio3,UgybY3FPUBpc3_gQpI54AaABAg.ALXz6TJ3rk5ALY2L_a4o6r
@GooogleGoglee,UgwlUv_Y9pJBhQnJbUN4AaABAg
@NexGen-3D,UgzGd8OI65x4whzH3Y54AaABAg
@JamesTK,UgxP1IJN_UcT-suZaDl4AaABAg.ALXwbgQdgW3ALaAcHxa1uq
@justinbustin677,Ugw_WguQZNf2dekmH9h4AaABAg
@justinbustin677,Ugw_WguQZNf2dekmH9h4AaABAg.ALXuL8P6GmxALXuuwxlsmM
@justinbustin677,Ugwn12si3clH8Wsyql14AaABAg
@Tahoza,Ugww2OZc8w4hjxzh2yB4AaABAg.ALXsq6iT43VALYnJjM7IpZ
@justinbustin677,UgwD-hiaXVCLJTBDw514AaABAg
@justinbustin677,Ugz3rrhR6GleMUixMn94AaABAg
@JamesTK,UgwGcw_UgNFru_oZFpB4AaABAg.ALXrJWoTv9TALaAqLRfX0s
@puffinjuice,UgyjQN8vn1DUO48iReZ4AaABAg
@zenlettering,UgyNYKnNyM7UbjWFBtB4AaABAg.ALXoYdL5HYkALYCtbWLp6o
@HanTrio3,Ugw26PxghemHLcYu_hV4AaABAg.ALXnl0BROAPALY2iVo_4MA
@JamesTK,Ugw0mCyA8oivY48-CKJ4AaABAg.ALXn-pr073GALaB2_Y-V6m
@JamesTK,Ugw0mCyA8oivY48-CKJ4AaABAg.ALXn-pr073GALcCzzgGbYR
@Visitor______________________v,UgzOVEnxW6yyWCq7Pi54AaABAg
@danser_theplayer01,Ugz7SC8EjT3PgImXlLV4AaABAg
@johanntiu4162,UgzlEIbhCPiisrhrHnl4AaABAg.ALXjMGxSdOUALYaH2VTao-
@danser_theplayer01,Ugz1cyGwoT78oddpnpV4AaABAg
@HanTrio3,UgwmUh8NfEJBJSU3e0R4AaABAg.ALXi-VH3jYSALY43oEc0Dm
@MikkoRantalainen,UgzbL0MnfgbIUyAdNRR4AaABAg
@stevengill1736,Ugz83yf8XKACoOhpJPV4AaABAg
@phoenix_random,UgzwbLapgrMi90XdKu94AaABAg
@stevengill1736,Ugy46GhVlfJ1sSrBD9Z4AaABAg.ALXbho0yfKmALXeRDrkj65
@Machines.In.Action,UgxqAJLpD1Q-IZKMN_p4AaABAg
@stevengill1736,Ugyg6pQ4SHol1SGfe454AaABAg
@stevengill1736,UgwmFESias1JKm9KRtl4AaABAg.ALX_gMGAcOiALXfTnM1-Qh
@pseudotasuki,Ugy4xINMRcAqsL6948B4AaABAg
@JordanBeagle,UgwN2VzBgwqk_qM5t954AaABAg.ALXZuH-kg78ALY0iznwq8k
@j.21,UgzHxSYR3ML31Ctuf-V4AaABAg
@stevengill1736,UgwY-yrHiTN5ZMcRBTV4AaABAg.ALXVxbtfX2fALXbkc84agV
@stevengill1736,UgwGqnmjPiV1Aj1qsXh4AaABAg.ALXUypV1AeRALXhgFvhRmf
@edweard,UgyPRWW7dUPZE1RS3oZ4AaABAg.ALXUTrIJ63oALXUuIPG7YO
@edweard,UgzWW_8-_hjCag4qSml4AaABAg.ALXULFC-B4cALXV2gxCEL4
@edweard,Ugwcf5L_QUa8mpLz1Ap4AaABAg.ALXU4T4QFbgALXVBYI2t2h
@edweard,Ugwcf5L_QUa8mpLz1Ap4AaABAg.ALXU4T4QFbgALXWVTowr1q
@edweard,Ugwcf5L_QUa8mpLz1Ap4AaABAg.ALXU4T4QFbgALXYAD9VyrS
@edweard,Ugyj9NZmRRLHh5GeZql4AaABAg.ALXU46FHTTGALXVGMuxFks
@edweard,UgwAI9NOAWmRR7dl0x94AaABAg.ALXU0qWRvizALXVNIi5Mx_
@edweard,UgwRMuqFQlbZySTv-OB4AaABAg.ALXU0AtOoj_ALXVSJxp2Ds
@andrasbiro3007,Ugyy8b6OfDAmSllBN5l4AaABAg
@JamesTK,UgzTa2iovDw-LsRqYC54AaABAg.ALXSA8up-VnALaB81yg329
@EyesOfByes,UgwRIUUGoMKkKzctdhZ4AaABAg
@stevengill1736,UgxTfdkjcvORaKr8y2B4AaABAg.ALXQdPPckqXALXd7ZPshoe
@andrasbiro3007,UgwPy-w3uOJEd3GO2Fl4AaABAg.ALXQWnyukNRALXUaAgfNn8
@fancen,UgzsbVHGgS9XjP9MkB14AaABAg
@andrasbiro3007,Ugy__lLzYhfm7twV7kd4AaABAg.ALXLdxQTxbCALXUUinrBbe
@LLV008,Ugz9XzYdPe5HT44wFLR4AaABAg.ALXLDDSxJQaALXMvs-dSTS
@HanTrio3,UgwNoI_mhmpj02n28vx4AaABAg.ALXKy_HM8U4ALY253htOYy
@stevengill1736,UgxanYzmQAmUcMKyFWN4AaABAg.ALXKyOo-yF-ALXgYFS5hKw
@andrasbiro3007,Ugxn7q937G3TjjjOBdJ4AaABAg.ALXKhy0x_kGALXU2DjIbAe
@andrasbiro3007,Ugxn7q937G3TjjjOBdJ4AaABAg.ALXKhy0x_kGALbDFaYJke1
@andrasbiro3007,UgyX9UGtCyCQoqLGVFB4AaABAg.ALXKKA0fO9_ALXTMIxOGfo
@andrasbiro3007,UgyX9UGtCyCQoqLGVFB4AaABAg.ALXKKA0fO9_ALbCgw9BRMV
@LLV008,Ugw2GNRqOtQ6ssgrZPV4AaABAg.ALXKGNDytzFALXMoUJ1UWy
@Luzgar,UgwURudidULoY6g-kwN4AaABAg
@LLV008,UgxeEY0uSrUa3wX8wzF4AaABAg.ALXJHbuYvNHALXN-clMFvp
@stevengill1736,UgxeEY0uSrUa3wX8wzF4AaABAg.ALXJHbuYvNHALXbfJwtfSO
@LLV008,UgyYHvPc8wuO24Vx_yp4AaABAg.ALXJ7veMs59ALXMs3XKoRG
@SNEAKYHOLY-j7h,Ugzr1tOX9wXm4AiIyvd4AaABAg.ALXIvx6XfTHALgiARJVhuZ
@andrasbiro3007,Ugz9QikFHQkroTs09Yd4AaABAg.ALXIXk_7vlyALXUGG29hel
@HanTrio3,UgzOxSJNpTz2reOrbKN4AaABAg.ALXGbFTCEo5ALY4OIW2wYq
@daleolson3506,UgxfFNg2fxBu4rOg8x14AaABAg
@DataIsBeautifulOfficial,Ugy8HumhDeyW1O73Jt54AaABAg
@daleolson3506,UgxQH8VPWqHwQ88kdVB4AaABAg
@ucngominh3354,UgyLLUoi8kFfSHFQZER4AaABAg
@AdvantestInc,UgytA5ALkOowlF6ElxR4AaABAg
@andrasbiro3007,Ugxfny6rn4V2G-i8Zvd4AaABAg.ALXEyPNN1k9ALXR6hcYQKe
@singular9,UgzUWQKdzDFlBT02ZFR4AaABAg.ALXEpRCTVNeALXGs3-XBEZ
@HeisenbergFam,UgzSUC_4dsCsMC-pqnl4AaABAg
@singular9,UgzSUC_4dsCsMC-pqnl4AaABAg.ALXEek34ZSoALXGdE5NW6E
@andrasbiro3007,UgzSUC_4dsCsMC-pqnl4AaABAg.ALXEek34ZSoALXTaWYDxw-
@xitzy,UgweyV9abXKbYmYNpZ94AaABAg
@singular9,UgweyV9abXKbYmYNpZ94AaABAg.ALXEdwaJAkWALXGgR-eSzn
@singular9,UgyGXqEjPKh7VnwTB5V4AaABAg.ALXEYm-AAK7ALXGwrHlCbk
@singular9,Ugy_E9qMVby9MZJ6qOB4AaABAg
@singular9,UgwOGCC0kx-L40xtvrl4AaABAg
@singular9,UgwOGCC0kx-L40xtvrl4AaABAg.ALXE5jd_ARaALXFnbE_yig
@singular9,UgwOGCC0kx-L40xtvrl4AaABAg.ALXE5jd_ARaALXLrNB2ZGc
@veritasium,UgwvC4GKSwoYUn8skbZ4AaABAg
