@𡔽	1
@결떵	1
@착함	1
@김트롤	1
@앙야모때	1
@스냅제이	1
@길동스미스	1
@토킹톰주민	2
@----.__	1
@ॱxd	1
@ーーーーーーーーーーーーーーーーーーーーーーーーーーーうま	1
0	2
@0_0...	1
@00000a0009	2
@0.0.0.04	1
@0000a-v8d	1
@0000xFFFF	1
@0009ok	1
@000dr0g	1
@000FireRainHavoc000	1
@000TheMatheus000	1
@00100000station	2
@001Gueni	1
@001niwrad	1
@007999999999999999	1
@007arek	1
@007floppyboy	1
@007hansen	1
@007mranand	1
@007_past-self	1
@007ShaolinMonk	1
@008ghhg	1
@008girl	1
@009cemre	1
@009sonalisophiebilung9	1
@0.0andrea	1
@00BlackWater	1
@00denim	1
@00-Dima	1
@00Divine00	1
@00DuckDaddy	1
@00euclid	1
@00FantMod	1
@00Gizmo	1
@00Human0	2
@00i0ii0	1
@00Jay215	1
@00Mandy00	2
@00_MD_00	1
@00mejt-25	1
@00mpa1oomp4	1
@00_rei90	1
@00rgc	1
@00rosi2	2
@00SEVEN28	1
@00shivani	1
@00Tenrai00	1
@00TIBIA	1
@0-------0-u1e4l	1
@00ValiantFay	2
@00vondough00	1
@0101-f4d	1
@010falcon	1
@010_FanG	2
@011_indahniswani2	1
@01234567892130	1
@014Darkness	1
@01_aadityabansal34	1
@01arnol	1
@01BLSP4Y	1
@01clarisa	1
@01cornflakes	1
@01dman	1
@01dom	2
@01Gamemaster10	1
@01ghost13	2
@01MidKnight	1
@01NATHAN10	1
@01pilipe	1
@01thatfatkid	1
@01YHRaptor	1
@02468	1
@028fn48dne	1
@028prasath	1
@02Alex.L	2
@02gam_ing123	1
@02HeroFitness	1
@02o.	1
@0315n	1
@0384hdie	1
@03bankzy04	1
@03RIN__	1
@0422Juls	1
@0451Deus	1
@04mach1speed	1
@트릭시-0522	1
@055I	1
@058w.	1
@05degrees	1
@05macdonaldsmitha	1
@05Matz	1
@0601989m	1
@068067	1
@068LAICEPS	1
@06blackmetal	1
@06eyM3	1
@06kellyjac	1
@06SteveO	1
@미트파이07	1
@0741921	1
@0745784598	1
@07kamichamakarin	1
@0856010	1
@0857222222	1
@08.aothaiha7	1
@08.huyhoang28	1
@08mario08	2
@08paige	1
@09.dixitarnavshriram40	3
@09Dragonite	1
@09goral	1
@09harrischr	1
@09mubarak	1
@09niner	1
@09-ts6ig	1
@09ภพทรชิณวรรณะโส	1
@0A01amir	1
@0akley75	1
@0ami	1
@0b1001	1
@0b3rz0nK	1
@0beepbopbopbeep0	1
@0Blade0	1
@0blivionIOX	1
@0-boykisser	1
@0brooo	1
@0bsessed_	1
@0c24n_gg0dd	1
@0ctatr0n	2
@0culu5IW	1
@0dB_	1
@0dorox0	1
@0e0	2
@0farmerjohn0	1
@0FFICERPROBLEM	2
@0friend03	1
@0Frog_Game	2
@0Ghostie0	1
@0heyjc	1
@0hmeygah	1
@0hubi	1
@0ia	1
@0_IrisTheVirus_0	1
@0izhii	1
@0Julime0	1
@0KingNo26	1
@0-kingsloth-020	2
@0Kinn	1
@0kisshun0	1
@0knoP	1
@0KylePrior0	2
@0ld_Gent	1
@0leksiiNikitchuk	1
@0livierMinecraft	1
@0lm_0f_0ld	2
@0LoneTech	1
@0M333-m9f	1
@0mNam	1
@0mniVerse777	1
@0MVR_0	1
@0n3_Ch1ll_P1ll	1
@0ndra_m_	1
@0ne87	2
@0netom	1
@0nickkj	1
@0nikolasopola0	1
@0NoIdeaHowtobreath	1
@0nusarp	1
@0o0ification	2
@0o0nik0o0	1
@0.o593	1
@0o-JustJack-o0	1
@0pht0pik	2
@0possum-39	1
@0regonGal	1
@0reo2	1
@0runny	1
@0rurin	1
@0RUSH80	1
@0scur0_	1
@0SEAN.	1
@0SeventyTwo	1
@0sgtmay0	1
@0ShinigamiDN0	1
@0sKiDo	1
@0sliter0	1
@0Smile0	2
@0spreii	1
@0sram123	1
@0_Textrix	1
@0The0Web0	1
@0theblackdragon	1
@0theraj0	1
@0tiii	1
@0tk1	1
@0to60productions	1
@0UmAndUh0	1
@0utta_n0wh3re3	1
@0ut.the.0x	1
@0v3rP0W3rd9	1
@0verly0range	1
@0w3north	1
@0wishish	1
@0wnyoursoul	1
@0wnz0rz888	1
@0x2049	1
@0x_4b	1
@0x66Official	1
@0xaaaaaaaa	1
@0xanier0	1
@0xAny-dragonfruit9087	1
@0xarkanos	1
@0xastley	1
@0xBA5	1
@0xBADABA55	1
@0xBarth	1
@0xbeefsupreme	1
@0xCAFEF00D	4
@0xCyberGeek	1
@0xD90F39DFAE	1
@0xDavidCarpenter	1
@0xdeadbeer	1
@0xdjole	1
@0xElias	1
@0xf7c8	1
@0xKrem	1
@0xLostInCode	8
@0xloveryt	1
@0xMarcio	1
@0xnCubed	1
@0xsabbir	1
@0xshahid-13	1
@0xSingularidad	1
@0xSirius	1
@0xSkyfire	1
@0xssff	2
@0xtailsoup	1
@0xtin0	1
@0xTJ	1
@0xVlad	1
@0xZUR	1
@0y0.s	1
@0z3r-r6x	3
@0Zero_	1
@0zniugnep904	1
@0zux45	1
@평범한우민1	1
1	1
@10000rambos	1
@1000glitt	1
@1000o1	1
@1000Sonny	1
@1000π	1
@1008chaz	1
@100anirudh	1
@100broken001	1
@100galosh	1
@100Jim	2
@100luk	1
@100madmic	1
@100Maoknmiytges	5
@100organicfreshmemes5	1
@100percentARealName	2
@100PercentNearEnough	1
@100percentnoob	1
@100Pieda	1
@100tallyweenwoodmusicalfans	1
@100thetrap	1
@100thMkey	5
@100timezcooler	1
@100vg	2
@10100rsn	1
@101Ezb	1
@101jaivardhanbisht9	1
@101kawsar	1
@101m4n	1
@101morgy	1
@101personal	1
@101spacecase	1
@101virtualtours	1
@101zoeg	1
@1030eev	1
@103zxp	1
@1045now	1
@10843555	1
@1088lol	2
@108Rudi	1
@1097ies	1
@10base-teaparty97	1
@10code01	1
@10dollarsteakneggs86	1
@10essee10titans	1
@10ftSamsquanchy	1
@10Gauge	1
@10gbe	1
@10HDFLHX	1
@10Mvim	3
@10_sak	1
@10segrity	1
@10TallDwarves	1
@10thAveFreezeOut	1
@10thsquadtoshiro46	1
@10thwonderrr	1
@10Wk3y84R	1
@11111123ful	1
@11116nas	1
@111VoiceOfReason	1
@111Xumi111	1
@1125Cobra	1
@112Nelo	1
@1137anu	1
@11393	1
@113bast	1
@11_4_8	1
@117MasterZenin	1
@117Maximas	1
@117rebel	1
@117Tristan	1
@1188xelA	1
@1_1bman	2
@11Charley	1
@11crunmch33	1
@11eward	1
@11harnnarongpangkadara92	1
@11hen-ic2ms	1
@11inch41	1
@11KEBAB11	1
@11kele	1
@11ScorpiO95	1
@11starlight11	1
@11tanizaki11	1
@11thVmp	1
@11u123	1
@11vag	1
@11wardog	1
@12100F	1
@1210saad	1
@121BuyIt	1
@121Corey121	1
@1234567895182	1
@123456Daisy123456	1
@12345boehm	1
@1234bobfox	1
@1234dragonballzgoku	1
@1234hijs	1
@1234lorddaniel	1
@1234oihgpiqehgp	1
@1235-g7r	1
@123Baxter321	1
@123choccymilk	1
@123chugchug	1
@123cp8	1
@123Dargor	1
@123favoritecolor4	1
@123jbuster	2
@123jjj	1
@123Juniiorr	1
@123Mahid	1
@123mailashish	1
@123norway	1
@123_ns	1
@123payattention	1
@123pck123pck	1
@123rand	1
@123TheGuitarist	1
@123Think	1
@123Zanna123	1
@126sebi	1
@128bytes8	1
@128Cores	1
@128daz	2
@1296-h6x	1
@12Ajay1251	1
@12bitfox	1
@12crenshaw	2
@12dan-t1i	1
@12e12b_Vik_cr	2
@12ez4U	1
@12ijg6	1
@12isfine	1
@12justinmuise	1
@12kenbutsuri	5
@12matze	1
@12mkamran	1
@12mtc4983	1
@12pradhanhimanshi76	1
@12Sashka	1
@12thtundra	1
@12time12	1
@12vibaba	1
@12white1	1
@12Witches	1
@12ww37	1
@12XFactor	1
@12yz12ab	1
@12ZZ7	1
@1300thiago	3
@130po11as	2
@1313Swoop	1
@-131u3-	1
@1323lobo	1
@132magnet	1
@1337174m1	1
@1337BlueBird	1
@1337ConeHead	1
@1337flite	1
@1337GigaChad	2
@1337LXD	1
@1337-sof	1
@1337treats	1
@1337Unlucky	2
@1337WA	1
@137cjohanmathew6	1
@137thattempt	1
@138wilsonf	1
@1394ghostman	1
@13ademeister	1
@13din	1
@13garage._	2
@13Krentebol	1
@13loodLust	2
@13milespergallon63	1
@13minutestomidnight	2
@13RadTV	1
@13ryannatalks	1
@13sajal13	1
@13thbiosphere	1
@13thxenos	2
@13Uzamakifan	2
@13waffles52	1
@1.4142	6
@14142-k	1
@1415Khan	1
@14232319	1
@1432Caveman	1
@143Xoddam	1
@144_Chosen	1
@144pvideoistasyonu	1
@1452oliver	1
@146Empire	1
@14768	1
@1480750	1
@1495978707	1
@14inchpoo	1
@14jabri	1
@14JEKT	1
@14joesorrentino	1
@14martyrs	1
@14megasxlr	1
@14qazar	1
@14spiderman	1
@14xx07	2
@14zrobot	1
@1506Jimbob	1
@150_asharifadhilaha2	1
@150booyadragon	1
@152gdf	1
@152mmapfsds	1
@1533U	1
@1584283	1
@15Bravo	1
@15DJONYX	1
@15e1a	1
@15muffinz	1
@160iv	1
@1.618_Murphy	4
@162manoj	2
@167curly	1
@169ru	1
@16andbraindead	2
@16bitgamers17	1
@16BitSiren	1
@16Haverson	1
@16m49x3	1
@16vr6	1
@177577	1
@1776_dav	1
@1777bond	1
@1777franky	2
@17935alan	1
@1793fuji	1
@17AG21	1
@17Cappy	1
@17Ces92	1
@17Denilson17	1
@17ducatti	1
@17Scumdog	1
@17teacmrocks	1
@17th_Colossus	4
@17Tomtac	1
@17vmrivas	1
@1800aubrey	1
@1802steve	1
@180rotator	1
@187mrsmith	1
@18bagabooo	1
@18delta	1
@18JamesBlond	1
@18.joachimtanelikuncoro64	1
@18nasdma89	1
@18rcurry	1
@1914tsl	1
@1921sebi	1
@1923825	1
@1950sAmericanFather	1
@1959mikel	2
@1964catt	1
@1966jcar	2
@1971springdrive	1
@1972BuickGS	1
@1976ClassicCelica	1
@19-7RuiSilva	1
@1980M	1
@1981Frederick	1
@1982markrenton	1
@1984Phalanx	1
@1984shyam	1
@1986BBG	1
@1986DarkStalker	2
@1986indy	1
@1986tessie	1
@1988Beeni	1
@1989ElLoco	2
@1991TRigo	1
@1992009	1
@1993ka24det	1
@1995Gill	1
@1995robin	4
@1997thanos	1
@1998ichigokurosaki98	1
@19adhin	1
@19ate4	1
@19dec1981	1
@19deltascout43	1
@19Edurne	1
@19ish68	1
@19.sairoopesh10	1
@19suryanatarajm30	1
@19vendetta19	1
@1a1o	1
@1a1u0g9t4s2u	1
@1accuratesee	2
@1ACorner	1
@1actionkamen	1
@1afly2	1
@1amhsn	1
@1amiradar	1
@1AmMemes	1
@1andrew123	1
@1anfinity08	1
@1AngeloGabatbat	1
@1angrykoala	1
@1AnonA1	1
@1antonioorlo1	1
@1anya7d	1
@1apostoli	1
@1ar2he	1
@1ashiv	1
@1ben10234	1
@1bird_d	1
@1birdwatcherr	1
@1boybane9	1
@1BoyOpGaming-n3l	1
@1Bridem	1
@1Buckluck	1
@1_BUFFweeb	1
@1c3m1lo	1
@1CE.	1
@1cginni	1
@1chaplain	1
@1CHARLIEONLY	1
@1cleandude	1
@1clevernamehere	1
@1-click	1
@1clnsdime1	1
@1cooooolguy	1
@1cristianBEST	1
@1Crivella	1
@1-cw6ze	1
@1d4-woopers	1
@1daft_	1
@1dakika.	1
@1dameister1	1
@1dealace	1
@1DeepHigh	1
@_1derscore	1
@1Dhruv-l1r	1
@1doomslayer	1
@1Dr490n	1
@1.DrNightmare.1	1
@1dutta	1
@1DwtEaUn	1
@1e2b9-	1
@1Eagler	1
@1ElectricGaming	1
@1Embla	1
@1EVE1X	1
@1evilace1	1
@1-eyed-bastard	1
@1FA5R1	1
@1fattyfatman	2
@1fiasco1	1
@1fin1ty-b8n	1
@1Fly_Jim-Bolt	1
@1fool2care	1
@1foucaultfangirl	1
@1FUNN	1
@1genius1	1
@1gleebing	1
@1GN4T1T0	1
@1goldenegg	1
@1goldinga	1
@1Grainer1	1
@1h273ph4c	1
@1h38	1
@1Halaka41	1
@1HeatWalk	1
@1HoneyBee6	1
@1hsanimation	2
@1HughJassell	1
@1iknow	1
@1IteleportedBread	1
@1jajf8fast2d-2	1
@1JeanPearl1	1
@1joseph011	1
@1__just_jd	1
@1Kekz	2
@1kili2	1
@1KiloDepartment	6
@1knifes	1
@1Korand	1
@1kSubcriberChallengewith0Video	1
@1Kusari	1
@1_L1K3_CLOUD2	1
@1Legend1Legacy	1
@1LivelyRogue	1
@1lixivv	1
@1locust1	1
@1lomi901	3
@1LonelyBoi	2
@1lopez1345	1
@1LucianoSilva	1
@1lv9-i3g	1
@1m83cm	1
@1maldaneben	1
@1manami	1
@1marcelfilms	1
@1mawil1	1
@1mb803	1
@1MCElias	2
@1mcrakdatfortnitemyguy	2
@1mintechie	1
@1mjrdhbs	1
@1mmemorial	1
@1Monstergym	2
@1moredayof	1
@1MoreTurn	1
@1mounir10	2
@1Mountinman	1
@1NachS	1
@1Name-Name-Name-Name	1
@1.N.Decent	2
@1neMoreDay	1
@1nfamyX	1
@1nfern0e	1
@1nilusnilus	1
@1Nishitch	1
@1nkyedits	1
@1nnocent25	1
@1nnominatum	1
@1nsaniel	1
@1nst4ntn00dles	1
@1nt3rl0ck	1
@1ntheshadowz	1
@1nvalid_5yntax	1
@1nwb-4dnws	3
@1oannesN	1
@1odd9ball	1
@1oddentity	1
@1off39	1
@1oglop1	1
@1oneguythat	1
@1OSMVision	1
@1PatrykPL	1
@1pcfred	3
@1perHumanity	1
@1pikapein	1
@1plus68hehe	1
@1polariis	1
@1ProsperousPlanet	1
@1pyroz	1
@1qopl	1
@1qwerty10361	1
@1qzxctech	1
@1RaaXor1	1
@1Reddd	1
@1regre777	1
@1ride5cent	1
@1robrace	1
@1safety4all	1
@1shfr	1
@1smael-P	1
@1soupasaurus	1
@1SR71	1
@1st1anarkissed	1
@1staminreza	1
@1Starsky11	1
@1stclassmedia844	1
@1stCommentCop	1
@1steeltrain	1
@1stGruhn	1
@1st_Kitty_Cat	1
@1st_Lifeenjoyer	1
@1stMjolnirMarkV	1
@1stOfThaMonth	1
@1stres217	1
@1stwbsm	1
@1stworldnews	1
@1SueU	1
@1superfly181	2
@1SweetPete	1
@1syaz	1
@1t2_m333	1
@1T2T3T4T-T	1
@1TakoyakiStore	1
@1tan_freed0m	1
@1terminatorr	1
@1TGO313	1
@1tigerofpaper1	1
@1TitanicFan1	1
@1tommyday	1
@1toneboy	1
@1toned	1
@1tsbag134	1
@1tsUrDad	1
@1tz_laahYT	1
@1tzLIFE	1
@1um0	1
@1unknownplayer1	1
@1.UP.	1
@1upnever112	1
@1ups_15	2
@1uthe	1
@1v1neverhoraa43	1
@1v3r	1
@1VAHNFANEL	1
@1VArtt	1
@1verstapp	1
@1vrenzz	1
@1w956	1
@1webg	1
@1whoDoesSimply	1
@1wMonkey	1
@1Worick	1
@1WozaCardoza	1
@1x1boop28	1
@1x1x1x1xDanielx	1
@1xRacer	1
@1xXNimrodXx1	1
@1yoan3	1
@1z4n0x	1
@20000beesonakeyboard	1
@2000blackstang	1
@2000jago	3
@2000krzysztof	1
@2000Milleniumm	1
@2000rpascual	1
@2000scel	1
@2000xr400	1
@2005Sandwich	1
@2008-Prince	1
@2008tmp	1
@2008user	1
@2010ToyotaCorolla	1
@2011copaoro	1
@2011dyrose	1
@201950201950	1
@2020cine	1
@2020gamingnetwork	2
@2025thebestyear	1
@2034-SWE	1
@204metal	1
@204ravioli	1
@206gmz	1
@207512386	1
@____2080_____	1
@20catsRPG	1
@20cent	1
@20Gyver	1
@20MB13YT	1
@20NBA01	1
@20nv	1
@20rileybob	1
@20S02-v9s	1
@20storiesunder	1
@20thCY	1
@2100jul	1
@210Artemka	1
@21116DIEGO	1
@21197chris	1
@212-u7u	1
@215dagby	1
@216trixie	1
@219_VAZ	1
@21area21	1
@21B0IT	1
@21breadjam	1
@21degrees	2
@21gioni	1
@21jimmyo	1
@21MIDHUNJAYAKUMAR	1
@21NabbMc	1
@21SAVONTOP	1
@21Shells	3
@21SlaughterGang	1
@21stcenturybohemian	1
@21stcenturystops59	1
@21units	1
@2204happy	1
@2212mjm	1
@221timurspinatii9	1
@223556762308	1
@22515362	1
@22.8KH	1
@22acaciaavegaming	1
@22avatar	1
@22Chad_Reed22	1
@22OR44	1
@22oreos	2
@22rosslynn	1
@22z22zcom	1
@2323Magick	1
@233gbdhvfj	1
@코리아타운234	1
@234234234werrrrrrr	1
@234Moonlight	1
@237homer238	2
@23desdfe345r2fd23f23	1
@23Fibonacci	1
@23jeco74	1
@23o8idlnqdolkqd	2
@23rd_Atsuki	1
@23RubXD	2
@23sds	1
@23-Tenebris-42	1
@23william90	1
@23yendou	1
@2441-t1z	1
@244col	1
@245trichlorophenate	1
@2468hello24689	1
@247imscared2	1
@24Ayiolaf	1
@24drfaheechow	1
@24k_jayelle75	1
@24lml33	1
@24SEVIN	1
@24Shigeru24	1
@24wherath36	1
@250Rem	1
@250xrider1988	1
@2_572	1
@257796	2
@25beefcakes45	1
@25cloud	2
@25minuteman30	1
@_-.-_261	1
@262svn	1
@268NA_Impreza	1
@26jcha	1
@2702roro	1
@2718281828459045236	1
@2720X	1
@2727daqwid	2
@275cybrrangel	1
@2779mattie	1
@279-b7f	1
@27Football-i8b	1
@27klickslegend	1
@27lucas3la	1
@27sosite73	1
@27thtarget68	1
@2810Mad	1
@28FLEVARI	1
@28stabwoundslol	1
@2901gagandeep	1
@296radithyasatria5	1
@2Ahthelphi	2
@2alawabidingcitzen	1
@2anchors	1
@2aneyaa	1
@2Angrie	1
@2archarry	1
@2A_Tree_Hugger	1
@2b634	1
@2babies846	1
@2belowfreezing	1
@2berGG	1
@2BitPlaya	1
@2bNot	2
@2boys_and_a_piano	1
@2ByouT77	1
@2caguzman	1
@2CANTCME	1
@2cb_psycho	1
@2centsreview	1
@2cf24dba5fb0a	1
@2chickenmama	1
@2clix1	2
@2Complex2	3
@2Cringy	1
@2ctheocean	1
@2cute4u_doge	1
@2D41-1	1
@2D4T	1
@2darker	1
@2DBW	1
@2ddw	1
@2deadinside967	1
@2.decayed	2
@2Deep.	1
@2dgirl	1
@2dimensionalmango855	1
@2DReanimation	1
@2dSSRB	1
@2dumd2live	1
@2DVincent	1
@2eanimation	1
@2earl	1
@2Electric2Boogaloo	1
@2eus458	1
@2EyesI	1
@2EZ4ME989	1
@2fasttjm972	1
@2fathomsdeeper	1
@2Feral2Wombat	1
@2FIK48	1
@2fischerman	3
@2fishsoup	1
@2flight	1
@2footedloser	1
@2.GendersOnly	1
@2Glm005	1
@2good2beuntrue	1
@2good563	1
@2hand998	1
@2Hard2Core	1
@2hard2knock	1
@2HatHudders	1
@2hcy	1
@-2high2fly-	1
@2iii2	1
@2iinfinite	1
@2isea	1
@2j-91aakashsethia7	1
@2k5Abbasismael	1
@2kAmbitions	1
@2lay	1
@2lostself	2
@2m0u_427	2
@2macki332	1
@2matou26	1
@2memesin1vid	1
@2Meow8207	1
@2much4skin	3
@2mYgR	1
@2n2222	1
@2ndbluorange	1
@2ndEnlightenment	1
@2ndGenBen	1
@2ndincommand	2
@2nd_ntr	1
@2ndPigeon	1
@2nd-place	1
@2onionrings	1
@2OXX	1
@2randomperson	1
@2RBYTT	1
@2rcoons	1
@2RD.Channel	1
@2revoemag	1
@2SHARP4UIQ150	1
@2sleepy2silly	1
@2smoker64	1
@2Solstice2	1
@2Sor2Fig	1
@2st_77	1
@2Stalky	1
@2Steps	1
@2Stro41	1
@2SuperSmashedBros	1
@2Tacos4You	1
@2testtest2	1
@2trntbls	1
@2tunadude	1
@2twobear	1
@2u841r	2
@2uble_pi	3
@2unknown2111	1
@2v02	1
@_2wavy938	1
@2wsy	1
@2x3x37	1
@2xmachina36	1
@2xxxtrem	1
@2y6	2
@2yldy	1
@2zachie	1
@-2zz122	1
@-3-._.	1
@3000_AT	1
@300araz	1
@301_tyron5	1
@305vibesss	1
@306vel	2
@308VKSS	1
@30_9a_samriddhimitra6	1
@309electronic5	1
@30arminda	1
@30_credits	1
@30kk	1
@30LayersOfKevlar	1
@30qwerty1	1
@30Salt	1
@3101199	1
@311trillforlife	1
@313massey	1
@3_14pie	2
@315-y1z	1
@31redorange08	3
@31_SAVAGE	1
@320-fyscic-vanshdhiwar2	1
@320iguy	1
@321brianh	1
@321dmk22	1
@321gaffi	1
@321minecraft	2
@321pandaa	1
@327efrain	1
@327ish	2
@32bit10	1
@32bits-of-a-bus59	1
@32carrotz	1
@32_lamnhattien37	1
@32-thirtytwo	1
@3313-f7h	1
@3333218	1
@3333gamingking	1
@3333ytu-v4r	1
@333Blacktooth	1
@333logical	1
@333pet	1
@333theeE	1
@333xvi	1
@3372USDpOz	2
@33barranch	1
@33d672	1
@33DRAGON02	1
@33konn	1
@33kungfuHP	1
@33noah3	1
@33rd_Dunadan	1
@33teepee	1
@33tida	1
@33yss	2
@3405kmtilHolte	1
@343paperclip	5
@343themarine	1
@346ask	1
@34m300	1
@34zporlier10	1
@350Josue.	1
@352Famze	1
@353darkesthour	1
@3548374	1
@35mmfkup	1
@360addict70	2
@360Creators	1
@360Fov	1
@360.Tapestry	3
@3629.M	1
@365JohnDoe	1
@365More	1
@365partyghostface	1
@367scotty	1
@367Stories	4
@36hustla	1
@36w	1
@37654	1
@377GhrHello	1
@37chairs	1
@37JACX	1
@37Kilo2	1
@3895342	1
@38raiyyan.u9b6	1
@3abbid	1
@3agle873	1
@3AJJ	1
@3alemneUp	1
@3_am___	1
@3amcoding635	1
@3AMDark-fn	1
@3anmay	1
@3asabird128	1
@3asak1	1
@3bdouyt	1
@3bitclash463	1
@3bks	1
@3bladeninja21	1
@3bli	1
@3blue1brown	8
@3bnasser	1
@3ch0_17	1
@3cheers4sasha	1
@3chmidt	1
@3choblast3r4	1
@3conmeo465	1
@3danon475	1
@3DArea	1
@3Dcorps	1
@3DDimensional	1
@3DDREAM3R	1
@3d-eden978	1
@3DeePee	2
@3dgar7eandro	3
@3dge--runner	1
@3DGladiator	1
@3dgoosee	1
@3DJapan	1
@3Dlimecube	1
@3d_mihai	1
@3dmrzero	1
@3dollarsperfrown	1
@3dot.993	3
@3dots...155	1
@3dplanet100	2
@3DSage	1
@3DSergo	1
@3dspecialtyprinting	1
@3dtcb	1
@3Dthinker-	1
@3D_TUTS	1
@3ducs	1
@3D-UE	1
@3dx3em	1
@3elawi	1
@3eve0n	1
@3Fatboy33	1
@3fgy73fg	1
@3fingerheater	1
@3foxes407	1
@3ftninja132	2
@3glitch9	1
@3gsFreak	1
@3Hellokittykitty	1
@3illanon145	1
@3isr3g3n	1
@3jesparza	1
@3JP	1
@3.k	1
@3kaku_scale	1
@3kodokushi	2
@3l3trico_15_Shorts	1
@3L4R3X	1
@3laserbeam3	1
@3ldritch	1
@3lgring0	1
@3lH4ck3rC0mf0r7	1
@3li_516	1
@3limin4t0r	1
@3litepker	1
@3lIxs777	1
@3looy	2
@3lybyl	1
@3mar00ss6	1
@3MasterG	1
@3mcu_	1
@3meiju	1
@3mr1n	1
@3MTA3114	1
@3namesss	1
@3nd3r_m4n	1
@3nderall	1
@3nertia	1
@3nglang	1
@3nki88	1
@3Not4found3	1
@3nt3_	1
@3ofSpades	1
@3OHT.	1
@3olplay354	1
@3pblock	1
@3personal5me8	1
@3pm_on_yt	1
@3polygons	2
@3pstuff	1
@3_R_1_K	1
@3r8y8cKHdfkwei89	1
@3rbium	1
@3rdalbum	1
@3rdaxis649	1
@3rdeyeisgravityeye	1
@3rDimensional	1
@3rei532	2
@3RI6UY0	1
@3rno4nos94mr	1
@3robots797	1
@3Rton	1
@3Runner95	2
@3runrob	1
@3ryani	1
@3sentinel3	1
@3SLBK	1
@3snoW_	1
@3_Star_Belt	1
@3stepsfromhell	1
@3Swillems	1
@3ternal_Tr4nce	1
@3TheHedgehogCoder3	1
@3tvclarkhome	1
@3ux1n3	1
@3v1Bunny	2
@3v1lp1ngv1n	1
@3van_COOL	1
@3vil6in	1
@3vsix	1
@3XC4L1B3R	1
@3XC4LIBURR	1
@3xcrutiating	1
@3xpl0i79	2
@3xThirds	1
@3XT_Tech	1
@3y3l33t	1
@3yron	1
@3z102	1
@3zsforinsomnia891	1
@3zzzTyle	2
@400and4	1
@402arif	1
@4.0.4	12
@404animator	1
@404CodePlay	1
@404delt	1
@404_Everyboat	1
@404JNF	1
@404Joe	1
@404Listnotfound	2
@404Matt	1
@404_my_life	1
@404nnotfoundd	1
@404-page-notfound	1
@404Potato	2
@404teen9	1
@4052012	1
@4057hofft	1
@407kc9	1
@40hup	2
@40hzmonitor	1
@411fivefive	1
@-41337	1
@4162zf	1
@41chemist19	1
@41jreyes1	1
@41NTG0TAN4M3	1
@41tinman41	4
@420247tokeup	1
@4203105	2
@420alfonzo6	1
@420capricess	1
@420Carter	1
@420Deandre	1
@420inportland	2
@420jaynay	1
@420mutilation	1
@420raulduke	1
@4.20srva	1
@420theriddler	1
@420today	1
@421rants2	1
@423GustavBern	1
@427cidpower	1
@42_bytes	1
@42ckev	1
@42DONT_PANIC	3
@42Episode	1
@42isEverywhere	1
@42killermonkey	1
@42mgmdma63	1
@42mhzen	1
@42Mur	1
@42Palestine	1
@42_Patil_Chirag_10C	1
@4321jirby	1
@4354-d4v	1
@444-L4UR4	1
@44544abc	1
@4473021	1
@448Studios	1
@44beebe	1
@44cal-0	1
@44hawk28	1
@44Hd22	4
@44htc	2
@44Quantum	1
@450anshul	1
@451e	1
@4528-e1y	1
@452syajowt	1
@453shamm	1
@4547466	1
@454slowride	1
@45640uberfreak	1
@456c	1
@4570govt8	1
@457tsrc	1
@4589dude	1
@45coopaloop	1
@45Hnri	1
@45johngalt	1
@4.5LeafClover	1
@45lonewolf28	1
@45squared-j7f	1
@45stateswithnolawsagainst	1
@4623620	2
@466rudy6	1
@469travel	1
@46raulfull	1
@46roblox.352	1
@4777512	1
@______4790	1
@479397303	1
@47agent80	1
@47flix	1
@47Lancelot	1
@47_was_here3	1
@480-i1g	1
@48Jiks07	1
@48th_Clippy	1
@490o	2
@4951-----	1
@4as	1
@4b978	1
@4Bakers	1
@4BChop	1
@4bitmonitor373	1
@4carhur1more	1
@4ch4n	1
@4circuit	1
@4Clubs	1
@4CrazyPeopleaaidk	1
@4d0n12	1
@4DaysInApril	1
@4dbullshitpatroll6	1
@4dirt2racer0	1
@4dmost991	1
@4dragons632	1
@4DTravelr	1
@4Dul69	1
@4dxl	1
@4ejinok887	1
@4esv	1
@4Exp4	1
@4eyesleo	1
@4g10w	1
@4G64SicKShoT	1
@4Gestur	2
@4gettaboutit	1
@4goktug	1
@4HealthyL	1
@4herkash	1
@4hmedb	1
@4hSx	1
@4IdiotsGaming	1
@4IGamer	1
@4jayLIVE	1
@4k60hz6	1
@4kminecraft1	1
@4kMovieTrailers9	1
@4ktJay2340	1
@4KULTRAHDR2025	1
@4lifefreek	1
@4lines633	1
@4li.thegxmer	1
@4LPH4_XD	1
@4ltFFour	1
@4m4n40	1
@4max0	2
@4mdpaula	1
@4mir4real	1
@4n2earth22	1
@4N5W3R5	1
@4naLove	1
@4nAmE4-b5w	1
@4ngelf	2
@4nish1337	1
@4nn1h1l4t1On	1
@4nonful	1
@4nubi5	1
@4.o-vsk	1
@4ozking858	1
@4pharaoh	1
@4pm__	3
@4PPL3_N1CH3	1
@4pThorpy	1
@4rch0711	1
@4rche7ypes	1
@4real464	1
@4_real_bruh	2
@4Redditmmbugy	1
@4renwald	1
@4RILDIGITAL	3
@4rnorthwest	1
@4roubles	1
@4runningaway	1
@4seiken-594	1
@4sekenlight	1
@4sername	1
@4_shadowing	1
@4smo	1
@4sp3ro	1
@4ster_5040	1
@4storyboss	1
@4stringbloodyfingers	1
@4subvoid4	1
@4Suwfg2o	1
@4tado	1
@4tdaz	1
@4Techn0	1
@4thechivostreamsarchive586	1
@4TheMotorist	1
@4thPow3r	1
@4-twentyone	1
@4U2C2DAY2	1
@4u2nvinmtl	1
@4w0ken	1
@4wdthinks	1
@4x4CampingandAdventures	1
@4Xscalper	1
@4ydno1	1
@4zims	1
@구독자500명되면이같은	1
@500werewolf	1
@501stclonetrooper-it4ki	1
@502patate	1
@5033-zxyx	1
@503HomeSkoolin	1
@504dude	1
@506363	1
@509Moto	1
@50centHotDog	1
@50greykitties	2
@50_Pence	1
@50pgangsta	1
@50plusadventures	1
@50PredCatches	1
@50PullUps	1
@50shadesofbrown25	1
@50wledligthbulb	2
@510deshawnplays	1
@511.Kinderheim	1
@512takeovers	1
@512TheWolf512	1
@513nd3rman	1
@5150Failure	1
@5150-i1m	1
@-__5_-____....1....____-__6_-	1
@516tigergirl	1
@51l0n	1
@51mm5	1
@522viper	1
@5272paul	1
@5280ryan	1
@52flyingbicycles	1
@532bluepeter	1
@5338ipv	1
@5353Jumper	1
@5372-x9r	1
@5.377	1
@53cconadailee46	1
@53darkknight53	1
@5.3Forged	1
@53mandevilla	1
@540VarialHunter	2
@541nx	1
@5446moto	1
@5497JOSI	1
@54isnot	1
@54l68l65l20l47l61l6D	1
@5511Borko	1
@-5-5-5-	1
@55555ivi	1
@555Gamingandproductions	1
@555minestone	1
@556deltawolf	1
@558kibalover	1
@55candylove55	1
@55marpo	1
@_________5610	1
@56243G	1
@56erbg788zuwcv	1
@56independent	1
@56-ish	1
@56z41	1
@576arnav	1
@57clc	1
@57ganesh	1
@57thorns	2
@57yota11	1
@588Board	1
@58ad_d99	1
@5959aiman	1
@59.9fps	1
@59Smokey94	1
@59spadesofalife52	1
@5a8r32	1
@5aint.5inner	1
@5ANDW1CHES	1
@5Andysalive	2
@5C08劉仲達	1
@5Centuries	1
@5Cheeseguy	1
@5Crows	1
@5d41rafiultahsinislam3	1
@5daboz	2
@5eZa	1
@5GentleGiants	3
@5gingapoter7	1
@5H3R1D4N	1
@5H4N3D	1
@5h4ndt	1
@5had0w_	1
@5hape5hift3r	1
@5hitehawk	1
@5i11y_cat	1
@5I6	1
@5ice245	1
@_5illgabriel_	1
@5izzy557	1
@5kdown	1
@5kKSM	1
@5KYCH13F	2
@5ltrclubby	1
@5MadMovieMakers	1
@5minutereviews296	1
@5mxg	3
@5nowChain5	1
@5omePerson	1
@5p00k7	1
@5p4cel0g	1
@5pacekitty	1
@5packsabs	1
@5plinks	1
@5point5six60	1
@5PYZ3R	1
@5quig	1
@5romir	1
@5secondstudio771	1
@5starlifestyle555	1
@5stepsmusic	1
@5t0n3d-G4m3r	1
@5thBabbitt	1
@5thdimensionzstudios525	2
@5thgradesucks880	1
@5thhorsemen578	1
@5thwiseman	1
@5trubel	1
@5tw3b45tcf	1
@5unn7	1
@5upl1an	1
@5urg3x	4
@5yotub	2
@602STS2	1
@606Crypto	1
@60Aves	1
@60shortsdeep	1
@60v44	1
@60zeller	1
@610jrod	1
@6.10pm	1
@614BlueBerry	2
@614GTRjr	1
@616.HerineW	1
@6181green	1
@618predatorhunters8	2
@618VOIDx	2
@61countdown	1
@6239jimmy	1
@62694alexable	1
@6.2Lucci	1
@62Madison	1
@62mb26	1
@635574	3
@63M1N1	1
@6400ab	1
@6401gabriel	1
@646464mario	1
@6468May	1
@6489Tankman	1
@64BitMatt	1
@64bit-Slash	1
@64jcl	1
@64maxpower	1
@64Pete	1
@64RRussell	1
@64WDS	1
@650dude	5
@6538970	1
@65drift	1
@660Chronicles	2
@666222333111	3
@666brozephbul	2
@666daunt	1
@666lianne666	1
@666Maeglin	1
@666okano	1
@666THEMARK666	1
@666Tomato666	1
@66bigbuds	1
@66blaine	1
@66bricks	1
@66holt	1
@670839245	1
@6741lol	2
@678friedbed	1
@68slayer	1
@6900xx	1
@690265	2
@69coxswain	1
@69erthx1138	1
@69evan69	1
@69k_gold	1
@69mm_AP	3
@69op2gg1005ify0m	1
@69Penizssimulator	1
@69Sedrus	2
@69shadesofyeezeezs47	1
@6a7x8	1
@6Abhi9	1
@6afrends	1
@6AxisSage	1
@6baenre165	1
@6ch6ris6	2
@6DAMMK9	2
@6deivid6filipe6	1
@6FtAlphaZaki	3
@6ghastlyghoul9	1
@6gunbeaufordiii514	1
@6Hel6low6	1
@6iaZkMagW7EFs	1
@6IGNITION9	5
@6Iossoms	1
@6isnee	1
@6ixfcp	1
@6lack5ushi	3
@6LordMortus9	1
@6mihai9	1
@6nrv	1
@6o6yuH_23	1
@6ooflames	1
@6pfk	1
@6R0NZE	1
@6redditmmhgcc	1
@6redditmmtu	1
@6Reddituhbvg	1
@6SamChat9	1
@6SeductivE9	1
@6-sigma	1
@6slice712	1
@6St6Jimmy6	1
@6storydrop	1
@6Tenshi9	1
@6thai	1
@6ThaPsycho	1
@6thdayblue59	1
@6thwilbury2331	1
@6tika	1
@6Twisted	1
@6u99y	1
@6ugust925	1
@6uzhombre	1
@6WI4	1
@6yjjk	1
@6yuhyhtfyg	1
@6z0	1
@6z7v	2
@6Zub	1
@7002NYWDE	1
@700K-pp9wm	1
@704Sypher	1
@-7070	1
@707antlee	1
@70n24	2
@70newlife	1
@70sMixTapes	1
@710rcr	1
@711jastin	1
@712-sgajvd	1
@715Luke	1
@7171997007	1
@718Insomniac	1
@71DaLa	1
@71Fenderv22	1
@71kimg	1
@7236399	1
@72kyle	1
@72marshflower15	1
@_-7310	10
@73mpn	1
@73roken	1
@7416.	1
@741eex	1
@743poobpeeb	1
@74bassman	1
@74Gee	2
@74oshua	2
@74wrighty	1
@753238	2
@75hilmar	1
@75nomell90	1
@75yomu	2
@760mom	1
@7612387601283659	1
@762x39_BJJ	1
@76844	1
@7779-c3m	1
@777devastator	1
@777ER	1
@777FreeYoungThug	2
@777funman	2
@777idkineedausername	1
@777Nny	1
@777pes	1
@777QSV	1
@777-u8i	1
@777xoxoxo	1
@77bigbonez	1
@77cobraii89	1
@77confusedzombie77	1
@77d3	1
@77dreimaldie0	1
@77elite	1
@77moonwalker77	1
@77onesjj	1
@77Tom77Tom77	1
@77Zzx	1
@7858james	1
@7877-x4w	1
@78Mathius	1
@78simongrimmer	1
@790125541	1
@7912morten	1
@79Casimir	1
@79messias	1
@79obrien	2
@7A7ER	1
@7abibaSaif	1
@7acme7	2
@7alyona	1
@7ANKOUCH	3
@7awliet	1
@7aydr	1
@7-bitsanti738	1
@7charlie98	1
@7dstork	1
@7ecno546	1
@7edim	2
@7egend1	1
@7ele5crivente	1
@7EVEN7-CC	1
@7femke	1
@7fxcyndershade	1
@7g_21_louisdanendra9	1
@7greaterthan6	1
@7he0ther5ide	1
@7he1EyedM0n57er	1
@7hef0reign0ne	1
@7heHorror	1
@7heMech	2
@7infernalphoenix	1
@7jelly777	1
@7JEO	1
@7jiii	1
@7kilos947	1
@7kortos7	1
@7LegSpiders	1
@7lgk827	1
@7luzny	1
@7mikekim2	1
@7Mpasta	1
@7mzam7md86	1
@7nixie7	1
@7obuFAN	4
@7OFFOFFOFF	1
@7ofUs	1
@7onitee708	1
@7oska611	1
@7pewpewpie	1
@7pi5H	1
@7Positivepulse	1
@7prv	1
@7pve7	1
@7richu7	1
@7.sandeepsingh	1
@7secb	2
@7sevin7	1
@7siete358	1
@7sKING5734	1
@7stormy334	1
@7stringjazz1	1
@7SWIT7	1
@7T7Soulz	3
@7th_CAV_Trooper	1
@7th.Chosen	1
@7thfish	1
@7thHe4ven	1
@7thhorsemanoftheapocalypse	1
@7thwonderlaboratory	1
@7_Toes	2
@7umppu	1
@7ustM1	1
@7UVA	1
@7UXV2	1
@7w4c	1
@7weco	1
@7WeekendWarrior	1
@7WhitePhoenix7	1
@7xhdd	1
@7ZStock	1
@801chris	1
@8020erwin	1
@8055data	1
@807800	3
@8080VB	1
@8086ware	1
@808ERIC808ERIC	2
@808kaizen	1
@808partkit2	1
@808pirat3z	1
@80aj	1
@80amnesia	1
@80sandmore	2
@8104	1
@__8120	1
@815TypeSirius	1
@818jessejames	1
@81bananas	1
@81dnomyar	1
@81gamer81	1
@81Garret	1
@81Point2	1
@81savage15	1
@81stCommander	1
@820hurleyj	1
@82726jsjsufhejsjshshdjso	1
@82ashman	1
@82hypnotoad	1
@82kmd	1
@831Dre	1
@835Ito	2
@839photo	1
@83res	1
@84ganta	1
@84spacemanspiff	1
@85jacob85	1
@85Spawn85	1
@8647analfarmer	1
@8.6.5	1
@8654ZuluFoxtrot	1
@868SagaBoi	1
@86Corvus	2
@86jontek	1
@86kleenezicke	1
@86the1	1
@86Wilczurr	1
@87Benz-tf9qs	1
@87entony	1
@87MockingOwl	1
@87sabbo	1
@87solarsky	1
@87staples	1
@87yu34hrfw	1
@8-.-8	1
@884tomato	5
@8858runlate	1
@88817jd	1
@8888swatt	1
@888Hz-v87	2
@888khrt	1
@888marcinb	1
@888wuwei	2
@88DragonSushi	1
@88guernica	1
@88KaYzo18	1
@88porpoise	1
@88smartphone	1
@88Spint	1
@88theps3user	1
@88tokyojp	1
@88tongued	1
@88yellowjacket	1
@88yf88	3
@8909lee	1
@-8978-	1
@89alcatraz89	1
@89AlexMarinescu	1
@89E8NiNjA	1
@89Kritiker89	1
@89odev	1
@89Red	1
@89__tirtharajpati69	1
@89tothbianka	1
@8a51c	1
@8ack2Lobby	2
@8AKI47	1
@8alakai8	1
@8bg2024	1
@8BIGNIC8	1
@8bitblockhead721	1
@8-BitBrannen	1
@8-BitCinema	1
@8bitIO	1
@8-bit-is-better	2
@8bitmofo	1
@8BitNaptime	1
@8bit.pixels	1
@8bitretrodude	1
@8bits-almost-lost296	1
@8bitsquid318	1
@8BitTie	1
@8blade6	1
@8cleber	1
@8darktraveler8	1
@8diva0music8	1
@8DTHEGAME	1
@8earQ	1
@8ending8ranches	1
@8eSix	1
@8-foot	1
@8ightFold	1
@8Infiniti8	1
@8itakichan8	1
@8K240hz	1
@8K3NN3DY5	1
@8k_k8	1
@8koi245	1
@8l1nDw4rR10r	1
@8lacKhawKtheRIPPER	1
@_8miko8	1
@8Nifon8	1
@8nxwuhh	1
@8o8inSquares	1
@8oasty	2
@8python8	1
@8.shankercs254	1
@8_x_9.	1
@8yourpets	1
@8zr169	1
@________________________9	1
@_________9065	1
@90_98	1
@90AlmostFamous	1
@90benj	1
@90Ferd	1
@90jcraplee	1
@90Nabz90	1
@90s_editz	3
@90sFPS	1
@90spawg23	2
@911bobiscool	1
@911Doc	1
@911goodlife4	1
@911Yen	1
@916nando	1
@91bob91	1
@91manman	1
@91mph	1
@91n3tr33	1
@91Speedmaster	1
@91stealthman	1
@921Ether	1
@929cduncan	1
@92kosta	1
@92suzukigsx1100g	1
@92up7	2
@9320-w6z	1
@934lulu	1
@935bisoux	1
@93davve93	1
@93MrSten	1
@9429-v6i	1
@94D33M	1
@94JReedy	1
@94LATRO	1
@95DarkFire	1
@95dodgev10	1
@95e36m3	1
@95georgiev	1
@95jack44	1
@95kvetak	1
@95mustafa	1
@95rockanglez	1
@95TurboSol	1
@963àdmó	1
@96687-w	1
@96chrs	2
@96MGD	1
@96peepee	1
@96SN95	1
@96Waffler	1
@97BuckeyeGuy	3
@97Henry97	1
@97Multiphantom	1
@97ssols	1
@980arsalan	1
@98103	1
@9852323	1
@98BlackTransAm	1
@98danielmar	1
@98peacefuldarkness	1
@98Vuk	1
@990cristian	1
@992_35	1
@993isgawd	1
@994Mauser	1
@99927kdm	1
@9999-q4v	2
@999satyam	1
@999_stuff3	1
@999-y6t8q	1
@999-y7j3x	1
@999ZZZ36	1
@99bx99	1
@99csr	1
@99cya	1
@99Deezel	1
@99defense	1
@99gpandy28	1
@99matt89	1
@99musahaider	1
@99soup	1
@99TEAMTM	1
@99thrillseeker1	1
@99wilke99	1
@99xs	1
@99zxk	1
@9a3eedi	1
@9Achaemenid	1
@9Baby9Pluto9	1
@9Banda6	1
@9-billy	1
@9e05cherianpadipurackalvar6	1
@9ebooks	1
@9eorge	1
@9gab29hill	1
@9h0st1y	1
@9hgff9	2
@9liveslisa	1
@9milNL	1
@9miseries	1
@9mmMetal	1
@9mski-9	1
@9rofileNotFound	1
@9s-l-s9	1
@9starhegemon	1
@9t9njaggededge46	1
@9tailsninja	1
@9thCtrlAltDelete	1
@9The0Unknown7	1
@9_tttttttttttttt_9	2
@9urvajnw	1
@9vlc	1
@9x2_eterno	1
@a10warthog4	1
@a110100	1
@A.1188M	1
@a11-i3u8f	1
@a11osaurus	2
@A11ST4R_RBLX	1
@A120AMIR12	1
@A-120fromdoors-new-alt	1
@A12-j9y2s	6
@a13Banger	1
@A-15_Animations	1
@a1a1a3a9a	1
@a1batross_	3
@a1cornwall	1
@a1d3nh0	1
@A1djsauce	1
@A1exein-z7v	1
@A1GARAGEE	1
@A1hairologist	1
@a1ishar0se	1
@a1i_yasen	3
@A1Kamon	1
@A1OFFENDER	1
@A1rborne3	1
@a1_rchp	2
@A1RM4X	1
@a1rp0ds54	1
@A1ta1rQQ	1
@a1x5h04	1
@a23-t6g	1
@a25-r7u	1
@a2aaron	1
@A-2-B-N-but-its-really-me	1
@a2g108	1
@a2hx494	1
@A2L112	1
@A2music	1
@a2zocean	2
@A-33282	1
@A38	1
@a3du_18	3
@A-3D-Wolf	1
@A3Kr0n	2
@a3n844	1
@A3N.K	1
@A3rooo	1
@a4blue2	1
@A4cticWolf	1
@a4yster	1
@a51mj12	1
@a52productions	1
@_a_5494	1
@a60vedantkand12	1
@a6gittiworld	1
@A6Legit	2
@a70duster	1
@A.7526-u7f	1
@A76noname	2
@a780dfg	1
@a7hazen	3
@a7mdbest15	2
@A7me3adel	1
@a85nngekea26	1
@a88pockets	1
@a8anasios666	1
@A8Y9N	1
@a99a66a	1
@A_99_R	1
@a9fc	1
@a9nonymous	1
@A9YearsOldNOTYouTuber	1
@AA형	1
@AA2639-m9v	1
@a.a.6789	1
@AAA19999	1
@aaaaa321abc	1
@-aaa-aaa	2
@aaaaaaaaaa8227	1
@aaaaaaaaaaaa9023	1
@Aaaaaaaaaaaaa558	1
@Aaaaaa-aaaaaaaaaaaaaaa-aaaaaaa	1
@AaAAaaAaAaAaaaA-m5y	1
@aaaaaaaaau	1
@aaAAAAAtaco	1
@aaaaaa-c6n1y	1
@AAAAAAHH	1
@aAaAAA-ppgg	2
@aaaaanh	1
@AaAaa-z7e	1
@aaaa-c7o2p	1
@aaaa-f8g6s	3
@Aaaahdjdbbeheheivsvsvisb	1
@AaAa-je5eo	1
@aaaaka3	1
@aaabbbccc1232	1
@AAa-bm1kx	1
@aaahhh8805	1
@aaajames23	1
@AaAlreal	1
@aaaluffy	1
@Aaamazing_Abigail	1
@Aaangeeelll	1
@aaannnnn3742	1
@aaaristosss	1
@aaaronberlin	1
@aaa-t5n6w	1
@AAA-vd5tf	1
@Aaa-vh2lm	2
@aaawman2280	1
@AAA-xc4zm	1
@AAbattery444	1
@Aabergm	1
@aabhishek4911	1
@aabidhoda2698	1
@AabidIsmail	1
@aabouncer	1
@AachuuzzTGE	1
@AACLAGE	1
@aacongcong	1
@aadaamn	1
@Aadaar1	1
@aadarshanand6340	1
@aadarshbaral4585	1
@aadarshchandra326	1
@aadarshdevi	1
@AadarshPro-777	1
@aaddam16	1
@AadenNevers	1
@aadfg0	2
@aadhilnegim4255	1
@aadhil_rizwan	1
@aadiadam	1
@Aadi_Lahariya	1
@aadilnazir4115	1
@AadiPatel-cw5hu	1
@aadishjain2265	1
@aadishmemegod	1
@aadithya.a3935	1
@aadithyanjr1382	1
@aadithyasaisankar3651	1
@aaditya8976	1
@Aaditya-e3n	1
@aadityagupta250	1
@aaditya_jagdale	1
@AadityaLamichhane-i3s	1
@aadityalikesmiatas	1
@aadityamohta6966	1
@AadityaRaghuvanshi-eu1fk	1
@aadityarajputt	1
@aaditya_s3301	1
@aadiverma-k3v	1
@Aadolf_K	1
@aAdrienae	1
@AADubert	1
@aadwinballa	1
@aadyamarathe1382	1
@aadyeshkumar4378	1
@aaff3846	1
@Aagamjain-u8s	2
@aaganeydahi	1
@aageon	1
@AAGul	1
@aahhhhhhhhhh	1
@aahil2655	1
@aah-lvin	1
@aa.hna_11	1
@aahpaauul918	1
@AaimaLovesScratch	1
@a_aina_anna_arca_atarme	1
@AA-iq6ev	1
@aairosatherys3636	1
@aaj3078	1
@AAK-.	1
@a.akacic	1
@aakash2mit	1
@aakash4429	1
@aakashdusane	1
@Aakash_Goswami1	1
@aakashPotter	1
@aakashpurohit8199	1
@Aakib_Hasan	1
@Aak_lv_Geo	1
@AA-ku1ee	1
@aakudr2474	1
@aAkzzz	1
@aalaka14	1
@Aaleix8_	1
@aalennn1	1
@aalert	1
@aaliyahb3265	1
@AaliyahNguyen-q2s	1
@Aaliyah_Summerhill	1
@Aaliyashi	1
@AaLLLLL	1
@AallonTapsa	1
@AAlok_Yadav_AA	3
@aa-lp1ho	1
@AaltoBay	1
@A_Aly	2
@Aalyoshaa	1
@AamaJiFr	1
@AamaniMod14	1
@aambuhhssharkk6035	1
@aameralmutawa6171	1
@aametama9031	1
@aamira	3
@aamirkhan_	1
@aamirm541	1
@aamirxraza7	1
@aamishaa_19	1
@aamkaa	1
@Aamoe.x	1
@aamospernu9583	1
@Aampi	1
@AAN-2009	1
@aande1	1
@aandegBine	1
@Aandemaat	1
@aangeli702	1
@aanimemaster8202	1
@aanjaneyaonly	1
@aanrudolph2	1
@Aantihero	1
@Aanya-ph2bq	1
@AA-oc7hr	1
@aaoymtr	1
@aap444	1
@aapnaguru	1
@aapp953	1
@AA-qd7vk	1
@Aaqib..	1
@AA-qt1hi	1
@aaquibelahi7349	3
@aaquila.z	1
@aar0nhickman	1
@aaradhanasingh965	1
@aaravneroy	1
@Aaravs21	1
@AaravShukla-j9e	1
@aaravtiwari1851	1
@AardigGeflipt	1
@aardvark99rex14	1
@aardvarkratnik1956	1
@aareooon	1
@aargz361	1
@a.ariaanaa	1
@aarijrizwan5780	1
@aarinjames7489	1
@aarischuahan4307	1
@aariz5666	1
@aariz808	1
@aarizkhan3530	1
@aarJonterryross	1
@Aarketmg	1
@aarnoarnold1973	1
@aarnoltti	1
@aarnphm	2
@aarnrobles	1
@aarocarolin6610	1
@Aaroh-k9j	1
@a-aron101	1
@aaron159r2	1
@aaron_22766	1
@Aaron2hungry	1
@aaron4820	1
@Aaron55721	1
@aaron6235	1
@aaron7045	2
@aaron7c	1
@aaronaaron8604	1
@aaronaguilar336	1
@aaronairn	1
@aaron-AJ92	1
@aaronaldridge2418	1
@aaronalexanderchoy3497	1
@AaronAlso	1
@AaronAngelo-zi3eb	1
@AARONANKRUM	1
@aaronarguijo8293	1
@aaronarmstrong9776	1
@aaronatkinson1049	1
@AaronAvant-j5k	1
@aaronb3093	1
@aaronbaiBley	1
@aaronbaraka256	1
@aaronbarfield	1
@Aaron_b_c	1
@AaronBonBarron	1
@AaronBong2	1
@aaronbredon2948	1
@aaronbrowatzke	1
@aaronburns7477	1
@aaronburton52	1
@aaroncamacho927	2
@aaroncampbell113	1
@aaroncarterfan911	1
@aaronchapman6666	1
@Aaron-cp9tt	1
@aaroncruz9181	1
@AaronCS7	1
@Aaron-d4n	1
@aarondavidlong	1
@aarondavis1284	1
@aarondavis8943	1
@aarondcmedia9585	6
@AaronDebski	1
@AaronDedeystere	1
@aarondeleon8204	2
@aaronderby2581	1
@aarondermensch	1
@AarondeTodo	2
@aarondoleski236	1
@aarondoty6730	1
@AaronDouglas-f3c1n	1
@aaroneb15	1
@aaroneditzzz	1
@aaronerom	1
@aaronestevezxd	1
@aaronf4201	1
@aaronfitzgerald9109	1
@aaronfloch1964	1
@AaronFlorenceEngineer	2
@aaronfudge3742	1
@aarong1905	1
@aarong8457	1
@aarongilbertson7395	2
@aarongostein9230	1
@aarongreenfield9038	1
@AaronGrosch29	1
@aarong-s4954	2
@aaronguerreroz	1
@aaron-gz	1
@aaronh1372	1
@aaronha994	1
@aaronhe265	1
@AaronHendu	3
@aaronhill7599	2
@aaronhk	1
@aaronhogue3928	1
@aaronhpa	1
@aaronhunte8768	1
@aaronider2615	1
@aaronisrad1	1
@AaroniXyz	1
@aaronj3245	1
@aaronjaggars321	1
@Aaron_Jensen	2
@AaronJNKS	1
@aaronjohnson2215	1
@Aaron-k4d6q	1
@aaronkarres3603	2
@AAron-kj9wf	1
@aaronkortas8336	1
@Aaron-l3e	1
@aaronlafleur9015	1
@aaronlandry3947	2
@aaronlarson4358	1
@aaronlopez5163	1
@aaronlosey7201	1
@aaronm7965	1
@aaronmarinez6204	1
@aaronmaurer1	1
@aaronmckee-f6t	1
@aaronmett5678	1
@Aaron_Mottram	3
@aaronmurgatroyd5810	1
@Aaron-n1d	1
@aaronneville317	1
@aaronnorman9755	1
@AaronParkerFTW	1
@AaronPettit-ok4ji	1
@aaronphilley2203	3
@AaronPlays.	1
@Aaron-r8y9h	1
@aaronray3956	1
@aaronraycove9517	1
@AaronR-C	1
@AaronReacher1	1
@aaronredbaron	1
@aaronredekopp959	1
@AaronRMG	1
@aaronrobbins1458	1
@AaronRodgeer	1
@AaronRotenberg	1
@aarons7975	1
@aaronsam2008	1
@aaronsautosales	1
@aaronschollcomedy	1
@AaronsCorner807	1
@AaronSegura	1
@aaronshoemaker7575	1
@AaronSiegel001	1
@aaronsiegel8367	1
@aaronsimmons4675	1
@aaronsj80	1
@aaronslepkov5835	1
@aaronsmith8073	1
@AaronSof	1
@aaronsolgat728	1
@aaronspeedy7780	1
@aaronspencermusic	2
@AaronsShots	1
@AaronStillRants	1
@AaronSwift-r8s	1
@aaront7974	1
@aarontandy5890	1
@aarontaylor6685	1
@Aaron-tl9zy	1
@AaronT-ot2co	1
@Aaron-ts4fr	1
@aarontuplin	2
@aaronturck	1
@Aaron-u3d9c	1
@Aaron-uz4fy	1
@aaronvalerio5694	1
@aaronvanbreugel9450	1
@aaronvotan	1
@aaronwalcott513	3
@aaronwilson9261	1
@Aaron_Wind	1
@aaronwolbach9880	1
@AaronWolfenbarger	2
@aaronwolfpaws4854	1
@Aaron-xe4rl	1
@Aaron-zr1kr	1
@AarPlays	5
@Aarrion1k	1
@aarshchotalia5316	1
@aarshir9500	1
@aarsklomp	1
@aartikhandare800	1
@aartipatre7689	1
@aartivaidya2393	1
@aartjansen4460	1
@aartkanneworff2532	1
@aarushikalia	1
@aarushkumar3353	1
@AarushPlayzchannel	2
@aarvind1	1
@aaryabhardwaj9255	1
@aaryan8104	1
@aaryanadhikari6082	1
@aaryangamer_14	1
@AaryanNair-x8p	1
@aaryanpoudel01	1
@aaryaraina1971	1
@aasds-l4w	1
@A.a.s.h.e	1
@Aashiek	1
@AashiiPancharya	1
@Aashik_vlog425	1
@Aashiq1488	4
@aashish_aryal	1
@aashishlimbu7070	1
@aashni23	1
@AashrayaKunwar	1
@aashsyed1277	1
@aashutoshchauhan1208	1
@Aasibossyyy	1
@aasifali9139	1
@aasimmons	1
@aasmanreza5175	1
@AasraLofi	1
@aasthasharma08	1
@aasthasingh4966	1
@Aastik-z6t	1
@aatifaamer4289	1
@aatifmanef6005	1
@AatiqAhamed	1
@AatuMäki	1
@Aavenell	1
@aavery3931	1
@aa-vp8zl	1
@AAW55	3
@AAWGASHTADS	1
@AAWIGEH	1
@aawlex2323	1
@aaxel_dz	1
@Aaxolotl.	1
@Aayang24	1
@aayangaming-r4l	1
@aayankc0210	1
@AayanKen	1
@Aayanmalik43567	1
@aayanscreativelab1786	1
@aAYLV	1
@AayuADi	1
@aayushbajaj2260	3
@AayushDewangan-g6k	1
@Aayush-f1m	1
@Aayushh07	1
@aayushman9302	1
@Aayushman-l3l	1
@aayushpatil777	1
@aayushsahay7711	1
@aayushsapkota9	1
@AayushSingh	1
@aayushtamta2099	1
@AayushV1.1	1
@aayushxvf	1
@aayyej	1
@Aãzaad-v007t	1
@aazadkhadka1143	1
@aazhie	1
@AA-zt5pl	1
@aa-zu4ct	1
@aazxcasd	1
@AB2235-m6c	1
@Ab-2478	1
@Ab3lardo	1
@a.b4832	1
@Ab4dd0nsLink	1
@ab9824	1
@ababhiram4091	1
@ababie379	1
@Abacus360	1
@abacus7087	1
@a-bad-consumer-1	1
@Abaddon231	1
@aBadWizard	1
@ABagOfPowder	1
@abahaawas3889	1
@abahdaddy3889	1
@ABaier-pn1pl	1
@abaj006	1
@Abakato	1
@a.bakker64	1
@A_Balanced_Breakfast	1
@abalduj	1
@abameravici	2
@abandonbelief	1
@AbandonedMilk	1
@abandoninplace2751	1
@abannedon	1
@AbareoluwapadeAdegbite	1
@abarette_	1
@A_barrel	2
@ABarros548	1
@abasdarhon	1
@abasket9536	1
@abattlescar	1
@ABaumstumpf	2
@abayanleo1011	1
@AbayonYT2016	1
@ABB14-11	1
@abba2566	1
@abban132435	1
@abbas5508	1
@abbasahmad6501	1
@abbasalabadii	1
@AbbasCalisthenics	1
@abbasgamerProYT	1
@AbbasHussain-z9n	1
@ABBAS-o7h	1
@abbasrash4229	1
@abbasshachem3383	2
@abbasturd	1
@AbbasWaeel	1
@abbe6100	1
@abbeyjv	1
@abbeynormahl61	1
@Abbhawk	1
@abbi7944	1
@Abbidy	1
@AbbieAbsN	1
@abbieschmidt1986	1
@AbbotCostal	1
@abbuu_	2
@AbbyDaigle-nw9nx	1
@abbygailalonzo6419	1
@Abby-h7j	1
@abbyhillman769	1
@abbyhurd	1
@abbyl4621	1
@Abby-Lee-Screams	1
@AbbyM-n7t	1
@abbymorris921	1
@abbyribarits3057	1
@AbbyTheMusical	1
@abby_urbano_	1
@abc121xyz	3
@abc321meins	2
@abc7918	1
@abcbde8283	1
@AbcBf-f4b7u	2
@abc_cba	2
@abcdabcd8605	2
@abcde_5949	1
@abcd-e5v3t	1
@abcde6081	1
@abcdeedcba9231	1
@abcdefghijklmn-i5e	1
@ABCDEFGHIJX	1
@abcdefghilihgfedcba	1
@AbcDef-o9p1n	1
@abcdef-vk7si	1
@abcdefvxyz4324	1
@abcde-o2j	1
@Abcdexoxo	1
@Abc-ft8qf	1
@abcguy1	1
@ABC-ho4te	1
@abcight	1
@abc-ld8ok	1
@abc-mr7we	1
@abcoflendingandbuyingprope4822	1
@abcpea	1
@abc-q1h3d	1
@abcracker-x4o	1
@ABC-rh7zc	1
@Abcsam86	1
@abcshopper	1
@abcxiaomao	1
@abd1x7	1
@abdaf8706	2
@abdaimegaming2679	1
@abdalapop3556	1
@abdalazeez2002	1
@abdallaahmed1325	1
@abdallah7480	1
@abdallahabdoulouafi1260	1
@Abdallah_al-bahadle	1
@abdallahalhasnainytimuroglu	1
@AbdallahAlzeede2	1
@abdallahbeleel4451	1
@AbdallahBiri	1
@abdallahfawaz6790	1
@abdallahmamoon-f6g	1
@AbdallahMohamedAwad	1
@abdallahsu5208	1
@AbdAllatif-s4l	1
@AbdallhYassin	1
@abdalsamiahsaed7303	2
@abdaniftikhar	1
@abdaz-dami	1
@abdc2990	1
@abdcasdbdhalkfsdhbwioajklsdf	1
@Abde-25	1
@abdelazizeltayeb	2
@abdelbarimessaoud242	1
@abdelbassetbelabed7109	1
@abdeldu133	1
@abdelghanisiradj3026	1
@Abdelhadi-112	1
@abdelhakimakodadi3073	1
@abdelhakkhalil7684	1
@abdelhaksaouli8802	1
@abdelilahmouhinou7512	1
@abdelkaderchelfi6497	1
@abdelkarimhaoua9622	1
@abdellahb1398	1
@AbdellahSaidoun-u3h	1
@abdellatif.L	1
@AbdelrahmanAbdelfatah-d4y	1
@abdelrahmanrad	1
@AbdelrahmanZidan-o1e	1
@abdelrhmannienaa	1
@abdennour87	1
@abdenourayadi8347	3
@AbdenourOs	2
@abderrahimaourir	1
@abderrahimbenmoussa4359	1
@AbderrahmaneAbabachir	1
@AbderrahmaneMabrouk-f5v	1
@abderrahmanimgou4514	1
@abderraoufbakari3685	1
@AbdessalamM	1
@ABDESSALAMZENATI	1
@abdhutdeheri9298	1
@AbdicateDotNet	2
@abdicatedprince1149	1
@AbdikadirYussuf-cu8wd	1
@AbdillahMuh-y5u	1
@abdimajid684	1
@AbdiMajid-n9v	1
@abdimo7509	1
@AbdiPianoChannel	1
@abdirisaqjacda9305	1
@AbdiZlatan	1
@abdkhan033	1
@abdking-xl1mc	1
@abdlmhcn	1
@abdmanalifyou241	2
@abdmbarki544	1
@abdmuhaimin	1
@_Abdo.	1
@abdoaljimlawey3581	1
@AbdoDwaliby-w5p	1
@abdoelbassetmed7749	1
@abdojibro-i1i	1
@abdokorayem9478	1
@abdomohamed4962	1
@Abdou.astronaut	1
@abdoufma	1
@abdouguerd5352	1
@abdoulemmouchi9121	1
@abdoyyy767	1
@abdraoufx	3
@abdsamdbenzahra1877	1
@AbduganiXolmatjonov	1
@abdujalilkarshiev7255	1
@abdu_jilani	1
@_abdul	2
@abdulaiabdurahmani2913	1
@abdulallahalharbi7825	1
@AbdulazizAlbabtain-y3c	1
@abdulazizhawsah9884	1
@abdulbaasithal-haidar4601	1
@AbdulBased-j3o	1
@abdulbuc7209	1
@abdulcodesanddevelop	1
@AbdulEssa-kp4vf	1
@abdulghafoor8449	1
@abdulhaadi6919	1
@AbdulHafizKhalid-j2c1l	1
@abdulhakimlukwago88	1
@abdulhamid9605	1
@abdulhannan5256	1
@AbdulHannan-uv6ym	1
@AbdulHaseeb-od6ie	1
@Abdulhifed	1
@Abdul-hy4cy	1
@AbdulJabar-q4o	1
@abduljaseem1998	2
@abdulkadiraminu262	1
@Abdulkadir-yq2vm	1
@AbdulKhalekAhmed-j8f	1
@abdulkhaliq297	1
@abdullahAbdullah-b8v1b	1
@AbdullahAhmad_Khan	1
@abdullahalafandi	1
@abdullahalattar5642	1
@Abdullah_Al-Banna	1
@abdullahalhasib2664	1
@AbdullahAlhmaimeedi	1
@abdullahalmohamad244	1
@abdullahalrasheed394	1
@AbdullahAlsultan-y2v	1
@abdullahalzayadi9038	1
@Abdullah_Amin850	1
@AbdullahAref-j5p	1
@Abdullahasgar531	2
@abdullahbashir6652	1
@AbdullahCh-i7n	1
@abdullahcogan	1
@abdullahcsa	1
@Abdullahdanish-s6p	1
@abdullahejaz5406	1
@abdullahghayas-v7v	1
@Abdullah-h8q5o	1
@abdullahihilowle3117	1
@abdullahkeskin8839	1
@AbdullahKhan-ck1hm	1
@AbdullahKhan-lc1by	1
@abdullahmansoor1199	1
@abdullahmeds	1
@AbdullahM-f3c	1
@abdullahmubarak2360	1
@abdullahnadeem1823	2
@abdullahnaim10	1
@Abdullah-nj8km	1
@aBduLlAhOFficial-c3g	1
@AbdullahRiyad	1
@abdullahsaeed3156	1
@abdullahsaid181	2
@abdullahsakibmaruf9032	1
@abdullahsiddiqui9436	1
@abdullahsoomro6238	1
@Abdullahs_World	1
@abdullahtayyab8828	1
@AbdullahUsmanKhan	2
@abdul-malikmohammed8861	1
@abdulmaliksadath5657	1
@abdulmoinraza4726	1
@abdulmortada4010	1
@abdulmuizz7764	1
@abdulmuminosman168	1
@abdulmusawar2551	1
@AbdulQadeer-tb3ez	1
@abdulquadirhussain3197	1
@abdulrafay-rq1hm	1
@abdul-rahmaanabdul-aziz9672	1
@AbdulRahmanAlkhuby	1
@AbdulrahmanAlmyman	1
@abdulrahmanelkassas	1
@AbdulRahman-en3ow	1
@abdulrahmanmansour3742	1
@Abdulrahman-wv6tm	3
@AbdulRasheed-u9r7l	1
@AbdulrazaqAlOmran	1
@abdulrhmanaun	1
@Abdulrhman-kx2ht	1
@abdulrockman3992	1
@abdulsadiq8873	1
@abdulsahidAli-z6x	1
@abdulsalam_xp45	1
@abdulsamadsiddiqui1649	2
@abdulsoleh7131	3
@abdulwahabvanreenen723	1
@abdulwahabyaqbi	2
@AbduMad	1
@AbdurahiimRoberts	1
@abdurahmanasiri	1
@AbdurazaghkMusa	1
@abdurrahman4949	1
@abdurrahmanalpturan	1
@Abdur_Rahman.M	1
@abdurrahmanosman8485	1
@AbdurRahmanTashrif	1
@abdussaboor6389	1
@AbdussalamIysa	1
@AB-dw8vo	1
@abd-wo6fd	1
@abe1863	1
@abe6281	1
@AbEAN-i6y	1
@abeautifulduwang	1
@abebetaro	1
@abebuckingham8198	1
@abecornelius	1
@abedapheonix5933	1
@AbeDillon	1
@abedjaafar1285	1
@Abednego-v2r	1
@abedrenthlei8426	1
@abeer141	3
@abefromen1	2
@ABEKSIZM	1
@abel_36	1
@abel6416	1
@abel8831	1
@AbelAlem-Zeraf	1
@abelbelmond-jt1ur	1
@AbelBermudezM	1
@abeldnite	1
@abelfernandez3732	1
@abelferquiza1627	1
@AbelitoOfficial	1
@abeljanssen2335	1
@abellematheux7632	1
@abellewdota93	1
@abelortiz2319	1
@AbelsAdventures	1
@abelsauvaneix3951	1
@abelsikaonga6799	1
@abelsimon5308	1
@Abelslayer1222	2
@abeltrame0000	1
@abelwoo	1
@Abel-z8n4q	1
@AbenaBoakye-d8x	1
@abenezerhaile9637	1
@Abenhamen	1
@AbenMP	1
@aberobert7752	7
@aberration3869	1
@aberserkwolf	1
@abestyoutube	2
@AbeSwavay	2
@AB-et6nj	1
@abetterplace-p1t	1
@Abe-wonky	1
@AbeyAlsawaf	1
@abeyterymaki	1
@AB-gf4ue	1
@abghany4761	1
@ab-gomes	1
@abh1yan	1
@abh2738	1
@abhaschandrakumar	1
@abhatem	1
@abhay3946	1
@abhay6230	1
@abhayabhaysharma2001	1
@abhayadylan5141	1
@abhaychordiya6489	2
@abhayiyer8864	1
@abhayjain934	1
@abhayleo23	1
@AbhayNayak	1
@abhaypatil2517	1
@abhayraizada3646	1
@abhaysharma937	2
@abhaysingh.632	1
@AbhaySingh-t2q	1
@ABHEESH-M83	1
@abhgup	1
@abhi77R	1
@abhiAbhi-sc1km	1
@abhiarora7483	1
@abhigudimella	2
@abhigyansingh8138	1
@AbhigyanWorld150	1
@abhiignitor007	1
@abhi-iip	1
@AbhiJ2000	1
@abhijaysaraswat83	1
@abhijeet2628	1
@abhijeet3420	1
@abhijeetanand6807	1
@abhijeetbaviskar	1
@abhijeetdeshpande1057	1
@abhijeetdey	2
@Abhijeet-e4l	2
@Abhijeet-id3fs	1
@abhijeetjadhav2159	1
@abhijeetmishra8842	1
@abhijeetsasane3792	1
@abhijeetshetkar8947	2
@abhijitborah	2
@abhijitghosh6629	1
@AbhijitGtk	5
@AbhijithCRX	1
@abhijith_mb	1
@abhijiths391	1
@abhijiths457	1
@abhijitmandal1397	1
@abhijitpanda524	3
@abhijitrout701	1
@abhijitsrichandan	1
@abhikdoesthings	1
@abhi_kr_mishra	1
@abhilashnair3902	1
@abhilashpatel3036	2
@abhilashsingh8759	1
@abhileshxd621	1
@ABHIMAAN5	1
@abhiman2020	1
@abhimanyuambastha2595	1
@AbhimanyuMongandhAmbalath	1
@abhimupp9565	1
@Abhinav-8055	1
@abhinava5149	1
@abhinavanand9032	2
@AbhinavAppu-sc4dl	1
@abhinavb05	1
@Abhinav_Gamerz07	1
@abhinavgupta3387	1
@abhinavkhadka7969	1
@AbhinavKulshreshtha	1
@abhinavm1995	1
@abhinavmangalore5629	1
@AbhinavMishra-t8b3i	1
@Abhinav-mpeg4	1
@abhinavneupane9350	1
@abhinavram7920	1
@abhinavraut3099	2
@abhinavsinghkanwar9494	1
@abhinavsrivastava8140	1
@abhinayartham	1
@abhinay.k	1
@Abhinay_Limbu	1
@AbhinayreddyKotha	1
@Abhinay_Sriram	1
@abhiporika2390	1
@Abhi-qi6wm	1
@abhirajleabhiraolji5446	1
@abhirajpawar2436	1
@AbhiramBN	1
@abhiramchilukuri9039	1
@AbhiramReddy-g2u	1
@abhiramshibu	1
@abhiramv921	1
@AbhiSaini-j3e4z	1
@abhisekde6841	1
@AbhisekKumar-zu8px	1
@abhishah7139	1
@_abhishake_	1
@Abhishek_0008-o	1
@Abhishek-121ed	1
@abhishek1569	1
@Abhishek_78	2
@abhishek--absh	1
@abhishekadile1270	1
@abhishekagrawal4575	1
@abhishekak9619	1
@abhishekarulswamy4261	1
@abhishekav2354	1
@Abhishek__bhai-BR07	1
@AbhishekBhattacharjee-yg4vh	1
@AbhishekBhattacharya21	1
@abhishekbhure6063	1
@abhishekbonyt	1
@Abhishek-cf9vn	1
@AbhishekChoudhary1508	1
@abhishekdixit638	3
@abhishekgavali6650	1
@abhishekgohil3817	1
@abhishekgoswami69	1
@abhishekgourav6144	1
@abhishekgowlikar	1
@Abhishekisntreal	1
@abhishekjain3148	1
@abhishekjaju69	1
@abhishek_k7	2
@abhishekkarajgar522	2
@abhishekkaushik2037	1
@abhishekkochar5518	1
@AbhishekkumarAbhishekkum-jn2rc	1
@AbhishekKumar-fu2ww	1
@AbhishekKumar-k9p7o	1
@abhishekkumarsuman422	1
@abhishekm3752	1
@abhishekmachiraju698	1
@AbhishekMadhu_online	1
@abhishekmahanta1112	1
@abhishekmajumder742	1
@abhishekmazumder5505	1
@AbhishekMukherjee	1
@Abhishek-n6b9x	1
@abhisheknair2774	1
@abhisheknaithani3647	1
@abhisheknegi938	1
@abhishekpal281	1
@abhishekparmar4983	1
@abhishekpatil5067	1
@abhishekpratap05	1
@abhishekps2609	1
@abhishekraj7280	1
@abhishekrajpathak5647	1
@abhishekranjan1636	1
@abhishekr.s3796	1
@AbhishekSaral	2
@abhisheksathe123	2
@abhishek-soni	1
@ABHISHEK-ux4hd	1
@abhishekv1254	1
@AbhishekVaid	1
@abhishekyadav_54	2
@AbhishekYadav-lw7eh	1
@Abhishek-zb3dp	1
@abhistalwart	1
@abhitsinha8813	1
@abhivarma362	1
@abhorrentabsconder	1
@Abhsbsbagansb	1
@AB-hu4qr	2
@abhyantarsingh8599	1
@abhyuday10800	1
@abhyuday1294	1
@AbhyudayGaur	1
@abiazhossain8090	1
@abicrystalwing1543	2
@AbidAliqwerty	1
@Abidgmsheikh	1
@AbidHussain-iv7pt	1
@abidikaspim	2
@abidivino	1
@abidkhairy..3863	2
@AbidryZyad	1
@AbidurRahman2212	1
@abidurrahman9662	1
@abidyacine9273	1
@abigailegg5522	1
@abigailfrancisco1709	1
@abigailpastrana7355	1
@abigailrich9081	1
@abigaylegonzalez3490	1
@abigracerobles203	1
@AbiHussain-wb9qf	1
@Abij-h1n	1
@abi-l9q6q	1
@AbílioTAlmeida	1
@abilivia	2
@abillaguliga112	1
@Abiloxo	1
@AbilSyaputra	1
@abimaelmendez4912	1
@abimanasilalahi821	1
@AbimayoXD	1
@ABinaryGenius	1
@abindevassytharayil4231	1
@AbinMP4	1
@abiolasamuel8092	1
@abirahsan2571	1
@abiranik8663	1
@ABirdDad	1
@ABIRHASAN-x3h	2
@AbirHasnat95	1
@abirhossen5308	1
@abirmahmud-_-	2
@abirmahmudrifat3016	1
@abisaiavram	1
@AbisexualCarpenter	1
@AbishekAbraham-d4v	1
@AbishekRajkumar2k	1
@abisleiman7569	1
@Abismuth83	1
@Abisterido	1
@a_biswas_24	1
@abisxek	1
@Abi-t8v	1
@Abitha-mh6sz	1
@abiy1996	1
@abiyyuzhafran6161	2
@abizeekewl	1
@abizerrangwala6067	1
@a.bizzle9699	1
@abj136	2
@A_B_JAHER	1
@abjoey	1
@abjthms	1
@abkestudio	1
@AB-ki9io	1
@abkptp	1
@abksh1011	1
@Abladicus	1
@able1115	1
@ABle11-Marie	1
@abledkey	1
@ablematters3d	1
@ABlindHilbily	1
@ablinkin65	1
@ABloodyEyeFull	1
@abluelover	1
@abluethread6051	1
@ABMgaming1000	1
@ABMUndead	1
@abn0rm1	2
@abneeeees	1
@AbnerFernandes-u1c	1
@Abner-w9b	1
@abnnuzzinicholasclay686	1
@abnormal_lu6693	1
@Abobus-lll	1
@abochavez	1
@AbodAgain	1
@abod_bios2	1
@aboflah-151	1
@abogans9366	1
@abohmeid	1
@aboldy	2
@abolehya	1
@abolfazlalizade-zb8zz	1
@AbolfazlMousavy-i5z	1
@aboliokhazana7022	1
@AbominableDr.Phibes	1
@Abood777A	4
@aboodmsh6854	1
@ABooleanDollars	1
@aboomination897	1
@ABOOOO1124	1
@aboriani	1
@AboriginalTruth888	1
@abortodedios	1
@Aboubakar400	1
@ABOUDIBRAHIM-h4j	1
@about29cats	1
@aboutagirlnamedjessie	1
@aboutindia6	1
@about_life____16	1
@aboveaveragejoe812	1
@AboveColin	1
@abovecomputing	1
@ABowlOfRiceYT	1
@ABoxedFox	1
@ABoxIsMyHome	1
@aboxofluck2403	1
@aboywiththelens	1
@abp_50	1
@AB-Prince	2
@abprincemusic	1
@abpsami	1
@abq713	1
@AB-qj1gx	1
@abracabloon3338	1
@abrafkalif	1
@abraham2176	1
@Abraham9575	1
@abraham_bankole	1
@AbrahamBenski	1
@abrahamcastillo9875	2
@abrahamcollier	1
@AbrahamCollins1786	1
@abrahamduron7361	1
@abrahamedelstein4806	1
@abrahamimbayanzz6948	1
@abrahamjirri1546	1
@AbrahamLTobing	1
@Abraham-lx8tc	1
@abrahamm1325	1
@abrahammanneh7286	1
@abrahammartin4695	1
@abrahammusa2930	2
@AbrahamMusalem	1
@abrahampilkington	2
@AbrahamSerranoReyes	1
@abrahamv2542	1
@AbrahamZ15	1
@AbrahamZX1	2
@abrahim6340	1
@abrammoore3037	1
@abramroe4365	1
@abranubes9571	1
@abrarahmed6312	1
@ABRARKHAN-kz5le	1
@abrarmasumabir3809	2
@abrarmorshedaurko1093	1
@AbrarSoudagar-TheGamer	1
@abraruralam3534	2
@abraskour	1
@abraxadabra4224	1
@Abraxas25	1
@abraxas2658	1
@Abraxaswo	1
@aBreathofZ	1
@abrev4900	1
@abrey6688	1
@ABriefHistory-uq6br	2
@AbrielleAyagalria	1
@abrieVT	1
@abrilcaironacosta	1
@abrilgauto1374	1
@AbrilP96	3
@A-Broid	1
@abrokenpal	1
@abrokeprogrammer	2
@abrown4075	1
@Abrsissbirne1337	1
@abrvalg321	2
@ABs70nova	1
@Absaalookemensch	1
@absaar.6628	1
@Absai1444	1
@absatanas	1
@absence9443	1
@Absence_of_Everything	1
@absentghost6324	2
@absentstars474	1
@absentsun3929	2
@Absfadl	1
@_Abshan_	1
@absi1155	2
@absiiik	1
@absinteta6610	1
@absol_none	1
@absolomngosiah4068	1
@absolute9849	1
@absoluteburst6611	1
@absolute_cinema-t4u	2
@Absolute_CYNema_aproved	1
@AbsoluteDemonYT	1
@absolute-doink	1
@absolutegooba	1
@absolute_harom	1
@AbsoluteHierophany	1
@AbsolutelyNoOne251	1
@absolutelyproprietary6896	1
@absoluterefusal	1
@AbsoluteRetarded	2
@absolutesolvers	1
@Absoluteunit420	1
@absolute_vk300	1
@AbsolutionArmament	1
@AbsolutlyGhaith	1
@absolutnadia	1
@AbsolutTrash	1
@absomaddo	1
@AbsorbedIntoCulture	1
@absoriann	1
@Absorpy	1
@Absquatula	1
@ABSsilence	1
@abstract4232	1
@abstract7272	1
@AbstractAproach	2
@AbstractBlend	1
@AbstractFactoryBean	1
@abstractfriends6722	1
@AbstractJJJ	1
@Abstract_zx	1
@ABSTREKT	1
@AbsurdAsparagus	1
@Absurdesuwu	1
@absurdoism	1
@absurd_word	1
@ab-sz2gf	1
@abt833	1
@Abteilol	1
@abto6914	1
@Abu7abu	1
@AbuAbdillah1413	1
@abualahadchowdhury2646	1
@abualirozman8927	1
@AbubakarMustapha-b5x	1
@abubakarsadaf3436	1
@AbubakarSaid-u7s	1
@abubakarshafiullah1912	1
@AbubakerNoureldin	1
@AbuBakir-o9k	1
@AbuBakr01	1
@abubakrkhan677	1
@abubker7080	1
@abudhabikid	2
@abufadelabas5235	1
@abu-ff8ws	1
@AbuHagag1	1
@AbuHossain-lh9sx	1
@abuhurayrah_alukrani	1
@abujamunafik7941	1
@abuKaJeiN.	2
@Abukhalifah7	1
@abul9052	1
@abulbashar4575	1
@AbulKasem-f8t2s	1
@Abul_Khalid_065	1
@abulletant1147	1
@abulyamanpro	1
@abum030	1
@abum_dev	1
@abumuhammad204	1
@abumy4	2
@AbundanceTribe	1
@Abuqital2000	3
@Abu_Rayhan	1
@aburayhan731	5
@abusaifmd.rubaet1536	1
@abusersareneversafe	1
@Abutism2025	1
@AB-uz8sq	1
@abuzarov	1
@abvmoose87	1
@abymartflooo_	1
@AbyNeon	1
@Abyss_0.2	1
@Abyss176	1
@Abyss95	1
@abyssalentity0	1
@AbyssalMelody	1
@Abyssaloid	1
@abyssal_phoenix	1
@abyssGazerTV	1
@abysshadow-j8g	1
@AbyssinianHeist	1
@Abyssionknight	1
@AbyssionQC	1
@abyssmanur3965	1
@AbyssWatch3r	1
@Abyss-Will	1
@AB-yt4hd	1
@abyz6715	1
@Abyzone_official	1
@abyzzwalker	1
@abz2000123	1
@Abzolutezz	1
@ABZZDEV	1
@abzzit	1
@ac158	1
@ac3026	1
@Ac3u_	1
@ac4694	1
@ac.4ce442	1
@Academi22	1
@academialatinoamericanadeeft	1
@academyjason	1
@Acadewolf	1
@Acahlon	1
@acakebread	1
@acakeshapedlikeatrainonatable	1
@acamacho023	1
@acamjam56	1
@ACanticleforLeibowitz	1
@AcappellaGamer	1
@acar5907	2
@acars9999	1
@acash93	1
@acaso5580	1
@acasualviewer5861	2
@acatinatux9601	1
@acatnamedPATCHES	1
@ACat-_-WOEM	2
@acausalfermion	1
@Acavando	1
@acb238	1
@acbacbacbacbacb	1
@ACBIGBOIEVDT	1
@acboh4117	1
@ACC302	1
@AcceIlI	1
@accel1231	1
@accelerat3447	1
@AccelerateHedge	1
@accelerator5434	1
@accelerator6448	1
@Accelerator974	1
@Accel_Lex	1
@AccelSternritter	2
@AccendinoMCM	1
@accentchannelaccent	1
@acceptablecarrot173	1
@accesoff2461	1
@accessdenied5998	1
@Accessorized_Ace_Doe	1
@AC-cg6mf	1
@acchan_369	1
@acchile	1
@acciaio	1
@AccidVideos	1
@accomplice7	1
@AccordGTR	1
@according-to-sciencee	1
@accordv6er	1
@accountid9681	1
@Accountinutile-ub9fj	1
@accountname2521	1
@accountnotfound4209	1
@accountone6390	1
@ACCOUNTS_NOT_FOUND	1
@ac.creations	1
@acctsys	1
@Acctuallymidsize	1
@Accuaro	1
@Accuoa	1
@accutronitisthe2nd95	1
@acd6374	1
@ACDC60332	1
@ACDCROCKS135	1
@ACDJuGGz1	1
@acdnan	1
@ace_0bscur3	1
@ÂÇË17-z	1
@Ace_2578	2
@AceAceyAce	1
@ACEACE-yf5lt	1
@aceaem08	1
@AceAsterisk	1
@AceBoogyStacks	1
@acecape2854	1
@aceceyoo	1
@AceChina	1
@acecool1715	1
@Acecryz	1
@Ace-cv1xd	1
@AC-ed1jz	1
@acedaisyhipsterditcher	1
@AceDan-gc9po	2
@Aced_Guns	1
@acedia_14	1
@acedianihil8208	1
@Ace_Disaster	1
@AceDRenegade	1
@ACEduard	2
@Acedyoass0323	1
@AceEagleeye29	1
@aceeg69	1
@Ace-gi8pf	2
@AceHack00	1
@Ace_Has_Glasses	1
@aceholeas	1
@AceHunterenfraNorge	1
@AceixSmart	1
@Ace-je3eo	1
@AceKlassics	1
@AcelelouchBerdin-o2o8k	1
@AceLordy	1
@AceLvlUp	1
@acelynngltk3889	1
@acemad1	1
@aceman00ify	1
@acemany	1
@Ace_Matthew	1
@acemaxximus7175	1
@AceMcBubblesIII-f3m	1
@AceMcCrank	1
@acemcplane	1
@ACEMesaGaming	1
@acem-u6q	2
@AceMusubi	1
@Acentra277	1
@ace_ofchaos9292	2
@aceofdiamonds2002	1
@Aceofheartless	1
@aceofhearts4206	1
@Ace-of-Spades9	1
@AceofSpadesCard	1
@AceofSpadesss	1
@AceofTunes	1
@AceOnBase1	1
@Aceph0enix01	1
@Ace_Qnemes	1
@acer48	1
@acerealbox828	1
@acerola1798	1
@Aces314	1
@ACESH4RK	1
@Acesmcnugget	1
@acesmr4675	1
@acesneeks	1
@ACE-sx8mo	1
@acetate909	2
@acethedrifter1201	1
@acethefuckingcreator	1
@acethemain777	1
@Acetyl53	1
@acetylslicylsyra	1
@Acevadergames	1
@aceventura2154	1
@acevvvedo	1
@acewantstodraw	1
@acewind2453	1
@acex222	1
@aCeXiNo	1
@acexxtai	1
@aceyounis3786	2
@Aceyyy7	1
@Acezer	1
@acf2802	1
@ACformelyclouds	1
@acgol10	1
@Acguarnica	1
@acgylk432	1
@achalbhoir1359	1
@AchalMundra	1
@AChalupiGod	1
@AChannelFrom2006	1
@AChatWithGPT	1
@achaziel	1
@Achdings	1
@acheers9030	1
@AchefslifeYT	1
@achelees8953	1
@achell-uw3ut	1
@Acheron.426	1
@ACH-g3n	1
@AchHadda	1
@AchhcityNoob	1
@aChickenJester	4
@achievers2u	2
@AchikamHaiman	1
@A_child_of_JesusChrist	1
@ACHILIS09	1
@achilles01	1
@Achilles-n4p	1
@achillesum	1
@achimboers	1
@achintyavatsraj288	1
@AC-hj9tv	3
@ach_ja	1
@achmadathoillah8152	1
@achmadivojoanpamungkas8071	1
@achmadrezkyajinugroho1532	2
@Achmd	1
@AchmedChikar	1
@achmodinivswe9500	1
@achrafezzaam	1
@achreflegend4335	1
@Achrononmaster	1
@achronos178	1
@achroous2	1
@achtgrau	1
@AchtungAffen	1
@achtzen	2
@achura6129	1
@achuthman	1
@Achy09-Kuze	2
@AchyMake	2
@achyuthsuchit1445	1
@acid_8	4
@acidarion	1
@acidbunny999	1
@acidburn707able	1
@Acidburn_toaster	1
@acidcrap3240	1
@aciddev_	2
@AcidDotDrop	1
@AcidGambit419	1
@AcidGubba	1
@ACIDIC-i2y	2
@AcidicJazz1999	2
@AcidicPuma7664	1
@Acidicus23	1
@Acidlib	1
@acid_lol	4
@acid_milk	1
@AcidMonke	1
@acidperson7983	1
@acidrazor	2
@AcidSaturn1873	1
@acidsteve9837	1
@acidsucre	1
@AcidxAnarchy	1
@AcidzDesigns	1
@ACigar-w2k	1
@aciid_0	1
@acimja	1
@acinadarika4745	1
@Acinemadness	2
@ACitizen1984	2
@acixnonyx	1
@AC-iz7eh	1
@ackarpl2058	1
@ackkipfer	1
@AckReikTheGreatest07	1
@Acky642	1
@AckzaTV	1
@AClericalRhino	1
@aclinks1	1
@ACl-j6b	1
@acloaker600	1
@aclutchboy5389	1
@acmargatroid	1
@AcMilanIsTheBetterThanInter	1
@AC-nt1ph	1
@ACOGG-1	1
@acohyeah6572	2
@acolyte6six6	1
@acolyte7107	1
@ACommonColdGames	1
@acommoncurry	1
@acompletelynormalhuman6392	2
@a-complished4406	1
@A_Concrete_Brick	3
@aconime	1
@ACoolBlobfish	1
@acoolrocket	1
@AcordHachi	1
@acorlan145	1
@AcornElectron	2
@AcornGuyOrSum	1
@Acountforml	1
@acourierslife-egyfutarelet8856	1
@ACOUSTICALLIE	1
@acousticbanana4	1
@AcousticGString	1
@acppeixoto	1
@acquiliux466	1
@acquinn86	1
@acquite	1
@acrackworksproduction	1
@acrawford01	1
@ACrazyCat	1
@acrazymutha	1
@acresir	1
@Acrid_Kiss	2
@acriliqueofc	2
@Acrissmester	1
@Acroanidd	1
@AcrobaticGrapes-w5i	1
@acron7559	2
@Acroshna	1
@acrossentire	1
@acrossfrosty7127	1
@acrowill	1
@acrustykrab	1
@acrylique2976	1
@ACSBSHEEP	1
@acseattle1975	1
@AcshualSnotski	1
@Act1veSp1n	1
@acters124	2
@acting733	1
@actionchess64	1
@actionjackson888	1
@actionreactiongaming2	1
@Action_Sloth	2
@actionsstuff	1
@activate43	1
@ActiveMooseSituation	1
@AcTiVeReLoAdZ	1
@activetutorial	1
@ActivistUchiha	2
@activx11	3
@actorle_com	1
@actsims	1
@actualBIAS	2
@ActualDav	1
@actualfrog	1
@actualghost6565	1
@ActuallyAGoat	1
@ActuallyAlex101	1
@ActuallyArbitrary	2
@Actually_Charles	1
@ActuallyDoubleGuitars	1
@Actually_Invis	1
@actuallyjustsquiggy	1
@ActuallyMaxx	1
@ActuallyMichael	3
@actuallynotobama	1
@ActuallyYepod	1
@actuallyyoureright7041	1
@ActuallyZachYT	1
@ActualSighs	1
@ActualSugar	1
@actuariallurker9650	1
@Actveable	1
@acuddlypuppie7928	1
@Acudit	1
@acul-pk4qw	1
@acur481	1
@acurarl9929	1
@acuriousmind6217	1
@acustom5737	1
@Acute.	2
@ACuteAura	1
@AcuteChronic	1
@a.c.vermillion	1
@acvieluf	1
@acvrat	1
@ACWaveform	1
@acwchangs	1
@acwmq	1
@acxlhdlc	1
@AC-zv3fx	1
@Ad0rak	1
@ad1india295	1
@AD270479	1
@a_d3mon	1
@AD4-	1
@ad4746-t8r	1
@ad6mly	1
@ad7861	1
@a.d8221	1
@ada-0x1eaf	1
@ada7079	1
@adaagreste	1
@adaapaansii7339	1
@adaauvel1389	1
@adabetha	1
@adadaf7116	1
@Adafist2324	1
@adafunk	1
@adaips2102	1
@adairgarcia6473	1
@adairjanney7109	1
@adalaza	2
@adalbert.arkosi	1
@AdalbertoShasha5	1
@adalEun	1
@AdalineRevis	1
@adalsal816	1
@adalv2583	1
@adalwolf8328	1
@AdalynWakeham	1
@Adam123-u2m	1
@adam1254___	1
@adam1731	1
@adam_7743	1
@adam77g-v8q	1
@AdaM7m7a	1
@Adam90028	2
@adama1294	1
@adama4627	1
@adamaa39	1
@Adamabcdef	1
@AdamAdeel-h1w	1
@AdamAhmed-c7n	1
@adamakii	1
@AdamalhdytOffical	1
@AdamAlistair	1
@adamamer1788	1
@adamanderson4811	1
@adamantheart8275	1
@AdamantineCat	1
@adamantiumclaws31	1
@adamarchuleta6163	1
@adamatch9624	1
@Adamattia1	1
@adamaxe1	1
@AdamaxEP	1
@Adam_B	1
@adamb6119	1
@adamb8317	1
@AdamBalatay	1
@adambamf9365	1
@Adam_Banks	1
@adambarrowcliff3819	1
@adambartlett3483	1
@adambassem256	1
@adambc2925	1
@adambe1126	1
@AdamBekoudj	2
@adambelos2157	1
@adambencze8409	3
@AdamBera	1
@adambester3673	1
@adambickford8720	1
@AdamBiggam	1
@adambischoff8581	1
@adamblade2	1
@adamblomberg	1
@AdamBloxxer	1
@AdamBrackney	1
@adambright5416	1
@adamburgess7890	1
@adamburnelle	1
@adamburningham	2
@adamburns1239	1
@adamburton4327	1
@AdamB-vq5ld	1
@adambz3157	1
@adamc117	1
@adamc2621	1
@adamc91	1
@adamc9147	1
@adamcanot	1
@AdamCharif-f3f	1
@adamcheedlet4871	1
@adamcolbert1850	1
@Adamczadowski	1
@adamdaman6784	1
@adamdaniel8909	1
@Adam-dd9lo	1
@adamdernis	1
@adamdevine2946	1
@adamdevmedia	1
@Adam-dn3ob	1
@adamdozsa3028	1
@adamdriver1016	1
@AdamD-v2h	1
@adame26	1
@adame9796	1
@adameczu0142	1
@adamelfenbein-q2x	3
@adamelhasnaoui7420	1
@AdamElteto	1
@adameriksson6921	1
@AdamF405	1
@AdamFan-v9s	1
@adamfierros8066	1
@AdamFollo-z4u	1
@adamfrbs9259	1
@AdamFunke94	1
@adamfurtaw915	1
@AdamF-z3s	1
@AdamG1983	1
@adamgbk1	1
@adamgh0	2
@Adam-gi8sv	1
@adam.gibson	1
@adamgoldsteintv	1
@AdamGrant-s5n	1
@adamgrinnell7630	1
@adamgrundleger9022	1
@AdamHaas	1
@adamhaas141	1
@adamhacina1206	1
@AdamHafeezSansGaming1	1
@adamhakimibinrosdi6739	1
@adamhammond8379	2
@adamhavelka6933	2
@adamhawkes3977	1
@AdamHayes-v9v	5
@adamhlj	1
@adamhodges1792	1
@adamholmer5693	1
@adamholter1884	1
@adamimran467	1
@Adam_InRoute	1
@AdAmin-v2q	1
@Adamis9876	1
@AdamIsalandlord	1
@Adamisskyy	1
@AdamJabrane-b9j	1
@adamjam5613	1
@adamjames8759	1
@adamjb21	1
@adamjd7645	1
@adamjones7497	1
@adamjr871	1
@adamjunior399	1
@adamk1305	1
@adamk.7177	1
@adamkencki	1
@adamkendall997	1
@adamkhan1480	1
@adamkoch212	1
@adamkoltai7629	1
@Adam_Konstantinos	1
@adamk-paxlogan7330	1
@adamlanghans	1
@adamlee2550	1
@AdamLeis	1
@adamle-pine7312	1
@adamlh604	1
@AdamLinderman	1
@adamlogan384	1
@adamluciferr	1
@adamm2787	1
@adamm6051	1
@adamm9557	1
@adammagculang594	1
@adammanning1805	1
@adammarch5034	2
@AdamMavrik	1
@AdamMc_Crown	1
@adammclainjr9275	1
@adammeadows26	1
@adammercysystem6450	1
@adammi44	1
@adammickiewicz7818	1
@adammiller4879	2
@adammiller9029	1
@adammiszti1590	1
@adammobile7149	1
@adammodrzejewski7017	1
@AdamMoore-fq8qn	1
@adammorrell9553	2
@adamMovieshd00	1
@adamnadi	2
@AdamNal	1
@adamnevraumont4027	1
@adamnngill5963	1
@adamno176	1
@AdamNoureldin-e6t	1
@adamnovikov-bn5sk	1
@adamoconnor8958	1
@adamoht	1
@adamorick2872	2
@Adam-ox6zy	1
@Adamp232	1
@adamperryofficial	1
@adampetten1009	1
@adamplatenik	1
@AdamPoniatowski	1
@AdamPortugez	1
@adamproductions4529	1
@adamproud7986	1
@adampullen3786	1
@adamputz6043	1
@adamr4654	1
@Adam-r4n7d	1
@Adam-r5f9g	1
@AdamRabczuk	1
@adamrae1938	1
@adamredwine774	4
@Adamreir	1
@Adamremixed	1
@AdamRGP96	1
@adamrice2847	1
@adamrichardadamdegoogle1944	1
@adamritthaler1602	1
@AdamRivlin	1
@AdamRkein	1
@adamroberts9159	1
@adamrobinson8238	1
@adamrozman7104	1
@adamrush8360	1
@adamrussell658	1
@adamrust4062	1
@adamruuth5562	1
@adamsalazar1941	1
@adamsawyer1763	1
@AdamsDelta	1
@adamsempleable	1
@AdamsGemu	2
@adamsiljebo1799	1
@Adamski-	1
@adamskrodzki6152	1
@AdamSlimak-lj7sc	1
@adamsmalec	1
@adamsmasher9769	1
@adamSmith_1723	1
@adamsoderstrom8887	1
@AdamsOlympia	1
@adamsouthard1155	1
@AdamStewartPrestage	2
@AdamSwiggitySwooty	1
@adamtanana2285	1
@adamtaylor1739	1
@AdamTheGuitarist	2
@adam-the-lobster	1
@Adamtheopifex	1
@Adamtherealboss	3
@AdamtheRice	1
@adamthomas1222	1
@adamturtle69	2
@adamuk73	1
@adamumuhammad9595	1
@adamusher468	1
@AdamV20	1
@adamvav2730	1
@adamVXJT	1
@adamweb	1
@adamwebb8721	1
@adamweishaupt3733	1
@adamwelch1866	1
@AdamWidorek	4
@AdamWiegandtRacing	1
@AdamWiley-c4g	1
@adamwishneusky	1
@Adam-wl3vt	1
@AdamWulfric	1
@adamwyne5062	1
@adamwynn1001	1
@Adam-x4x3z	1
@adamx98c	1
@AdamXJ	1
@AdamY-b3b	4
@adamz8314	2
@Adam_zg	3
@adam-zl7wt	1
@AdamZovits	1
@adan1	1
@AdanBolanos-z8s	1
@adaneitor	1
@adanglaucus263	1
@adangonzalez9958	1
@adanielul	1
@adanjacobo4874	1
@adanpadilla4200	1
@AdaPerez-y1u	1
@AdarashaGaihre	2
@Adardidnothingwrong	1
@adarsh5997	1
@adarsh6857	1
@Adarsha3	1
@Adarsha_Hegade	1
@adarshalex2052	1
@adarsharts4447	1
@adarsh.d3605	1
@Adarshhb767	1
@adarshittigi1380	1
@adarshkp	1
@adarshkumardey2718	1
@adarshnayak6803	1
@adarshpanigrahi4219	1
@adarshprakash7649	1
@Adarsh_Shrivastava24	1
@adarshsnair4826	1
@adarshyadav5288	1
@AdarshYadav-l3b3m	1
@ADARSHYODHA	1
@adaru32	1
@Adasa49	1
@AdaScout	1
@adasoulle	1
@adastra7553	1
@adatufan464	1
@adavis8423	1
@adawg3032	2
@ADawgyVR-0	1
@adawgzz	1
@adayinforever	1
@adaywitjay5387	1
@adb012	1
@adb7834	1
@Adblock4lyfe	1
@adbqqc1	1
@AdCedrim	1
@adcrane	1
@adcraziness1501	1
@Addahandlet	1
@addahandletosomething	1
@addapixel	1
@addaustin6730	1
@Addease	1
@addemn	1
@AddemUp0	1
@adder2523	1
@Addertach	1
@addevale	1
@addexiolover7236	1
@addibeatzz1284	1
@addiburd	1
@addicted2caffeine	1
@Addicted2Electronics	1
@addicted2monster88	1
@addictedtogames1552	1
@addictedtoRS	1
@addictedyounoob3164	1
@addiecore	1
@addiey9312	1
@Addigul	1
@Addik1n	2
@addingvalue2326	1
@addisingh6822	1
@AddisonHamilton-xo9dh	1
@addisonkirtley1691	1
@addisonm.2685	1
@addisonrees8317	1
@AddisonRice-m4v	1
@addkolaco2	1
@AddlerMartin	2
@addmix	1
@AddMoreJPEG	1
@addohm	2
@addons_	1
@AddressSO2	1
@AddssJhdss	1
@addweightgoku27	1
@addy5066	1
@ADDY64162	1
@addy7113	1
@Addy968-y7v	1
@addybishop308	1
@addyboi2881	2
@Addykabbadi	1
@Addy-Mo	1
@addyrocks1996	1
@Ade5	1
@ade7246	1
@adeadpoet	1
@adebicara	2
@aDecadewithMrBeastandPewDiePie	2
@a_decent_user	1
@AdeCreator	1
@adeebano	1
@Adeeba_Zamaan	1
@adeebh.s1915	1
@adefinitivelyrealpigeon	1
@adef-pj1du	3
@ADegeneratesTake	1
@adeilsonzeroberto	1
@adeina777	1
@AdeKass_YT	1
@AdeKhadka	1
@adekolalawal2024	1
@adekoyasamuel8788	1
@adekunlefolashade6487	1
@Adel69702	1
@adelaferreira4575	1
@Adelaine991	1
@adele4344	1
@adeled8833	1
@adelemal-7	1
@adelenekirby3985	1
@adelhied034	1
@adelinad3513	1
@AdelineScott-ld3ms	1
@AdelineYN	1
@AdelinoGambiarras	1
@adellouieorot7513	2
@adelynnswann1641	1
@adelynul	1
@AdemAit-b6t	1
@AdemarFausto-x6j	1
@AdemChatum	1
@ademdingin	1
@ademiravdic	1
@AdemKernel	1
@aden_12	1
@AdenGewers	1
@adenintriphosphat520	2
@AdeniyiAdebowale-yi9fc	1
@adeniyidavid3181	1
@Aden.m04	1
@adenov111	1
@adenovirus.	1
@adenshidiq4552	1
@AdenTallon	1
@adenwellsmith6908	1
@ADepressedGuy-l1p	1
@Adept_Austin	1
@adeptusmagi	1
@aderptcain	1
@adesanoyesamson668	1
@adesanyaiyanu1205	1
@AdeshYadav-2305	1
@ADestructive	1
@adetias	1
@AdeTri-pu7qi	1
@adewhite731	1
@adewin1955	1
@adex345	1
@adexplorers	1
@adeyemiemmanuel-ne4gg	1
@ADF4598	1
@adfaklsdjf	1
@adfasdfasdf643	1
@adfasfr	1
@adfggffffffddffd	1
@adforadventure	1
@Adfundum	1
@ADGaming-7619	1
@adgaming8685	1
@adgjk1	1
@ADg-le9ms	1
@AdhamMagdy	1
@Adhamthehero	1
@adhancock79	1
@adharshchottu	1
@ADHDDDD	1
@adhdhdfdfdgdgd	1
@adhdjames3119	1
@AdhdKP	1
@ADHDLOOCHI	1
@AdhilLawton	2
@adhirajbhattacharya8574	1
@adhirajkumar7187	1
@adhirfYT	1
@AdhithyaPerera	2
@adhityaza8693	1
@ADHR26	1
@adhurimsaiti4064	1
@adhwaryu-v2e	1
@adi8784	1
@adi96adi	2
@AdiabetiKkidRex	1
@adianblabla	1
@Adiaphoron	1
@adiasmawi5418	1
@adibemaxwell96	1
@Adibfun-1.0	1
@adibirfannorsham3676	1
@adiborza4131	1
@adibuer2804	1
@adi-builds	1
@adibzainal3991	1
@Adi-c8s	1
@adicc2513	2
@AdiDar144	2
@A_D_I_D_A_S	1
@AdidasWannabe	1
@adiddevil	2
@AdielXD	1
@adieqa_0	1
@adiganga9810	1
@adihaque2362	1
@adiidahl	1
@adike5	2
@adikoding	1
@adil00745	1
@adil.14912	1
@AdilAchahbar-g9i	1
@adilansari-hq9ge	1
@Adilboukind	1
@AdilKhan-sj2ke	1
@AdilMammadli-m9u	1
@adilmk128	1
@adilmohammed7343	1
@AdiLPTV	1
@adilramatullaev3270	1
@adilshah7450	1
@AdiMorningstar	1
@Adi-Mundi	1
@AdinaOfZTDancer	1
@adinb6876	1
@adinbradley98	1
@AdiNeag	1
@adiohead	1
@adi.olteanu.1982	1
@adiopot	1
@adiorthotos	2
@AdiosomatikA	1
@adip1704	1
@adipanicker107	1
@adipoem	1
@adipura4030	1
@adipy8912	1
@ADirtyScrub	1
@adisanen	1
@Adisdas89	1
@adisetiadi1904	1
@adish.k.99	1
@adishrk	1
@Adisken	1
@adison8824	1
@adissiusly	1
@adistyasari1101	1
@adisurya9059	1
@adita6572	1
@aditgaur1585	1
@adithayannkurup9252	1
@Adi_the_foxgirl	1
@AdithiaKusno	1
@adithiyag4616	3
@adithp1051	1
@adithyaarya1031	1
@adithyagowda4642	1
@adithyakaravadi8170	1
@adithyakarunarathna743	1
@AdithyaMadugalla	1
@adithyanair820	1
@adithyanambiar5182	1
@adithyapaib	1
@adithyasama7558	1
@adithyastren6218	1
@aditidas5511	1
@aditijaiswal7634	1
@aditim4828	1
@Aditi-qq2fh	1
@AditiSingh-g1y	1
@aditisk99	1
@adittopaul2226	1
@adittyamenon	1
@aditya1068	1
@aditya3678	1
@aditya95sriram	1
@ADITYAAAA	1
@adityaahmed2008	1
@adityaanugrah5848	1
@adityaanuragi6916	1
@Aditya-b8k	1
@adityabarettaputra6786	1
@adityabaruah2179	1
@AdityaBharadwaj-m6t4r	1
@adityabohra1482	1
@Aditya-cl2zt	1
@AdityaDhamale7	1
@AdityaDubey-xc7dc	1
@Aditya-f8t5z	1
@adityagaur2223	1
@AdityaHirve-b7q	1
@AdityaJuleemun-d2t	1
@adityak5951	2
@AdityaKadamMechanical	1
@adityakalway	1
@adityakamath5537	1
@adityakashyap7-n4j	2
@adityakhanna113	1
@adityakulshrestha8510	1
@AdityaKumar-dv9cp	1
@Adityalok09	1
@adityamalhotra502	2
@adityamangal6994	1
@adityanair8692	1
@adityanath45	1
@adityanavale5489	1
@adityap613	1
@adityaparayehd	1
@adityaparmarr	1
@adityapermana9651	1
@AdityaPutatunda	1
@adityaraj-jc8uq	1
@adityaraut7853	1
@adityaravi3495	1
@aditya-rz2ye	1
@adityasah3666	1
@AdityaSharma-h9u	2
@adityashukla3742	1
@aditya.singh9	1
@AdityaSingh-ds8hc	1
@AdityaSingh_G	1
@AdityaSingh-i8x8o	1
@AdityaSingh-pp3wy	1
@adityasivaram6175	1
@adityasreedharan	1
@adityatayade5119	1
@AdityaThakur-t2u	1
@AdityaTripathi	2
@Aditya-wb2uo	1
@Aditya-wg3lp	1
@adityawidarma3803	1
@aditya-wr155	1
@Adityayadav-to5ps	1
@adityaykashyap5014	1
@Aditya-yl7fi	1
@adityayt1078	1
@AditYeah-P	1
@aditzoti	1
@adiutoob	1
@adivasilica	2
@Adix_Null	2
@AdiyaBayarmaa	1
@AdiyanIslam-f3i	1
@Adjacent-Z	1
@adjbutler	1
@adjentb	1
@adktherookieguitarist442	1
@AdlejandroP	1
@adleswim9636	4
@Adlevio	1
@AdlifathanSyathiryanto	1
@adlockhungry304	2
@Adlpsy	2
@adm69420	1
@adm7038	1
@admadx6391	1
@AdMarionTospm	1
@admarsandbeyond	1
@admin34517	1
@adminion10	1
@adminmovie	1
@admiralackbar3852	1
@admiralbenbow5083	1
@AdmiralBosch-c6c	2
@admiralcasperr	1
@admiraldaro	1
@AdmiralDreck	1
@Admiral-h7k	1
@AdmiralJT	2
@admiralKkylan	1
@Admiral_Quint	1
@admiralradish	1
@admiralrustyshackleford119	1
@AdmiralSpaceballs	1
@AdmiralZhao25	1
@Admjral	1
@admoop	1
@admscf7396	1
@Admu1984	1
@Admythos	1
@adnacraigo6590	1
@adnamallerom4137	1
@adnamamedia	1
@ADNAN0MNM	1
@adnan.13	1
@adnan7698	1
@adnanahmed316	1
@adnanakash40	1
@adnanakib4023	1
@adnanalam6201	1
@Adnancrypto40	1
@AdnanCucak	1
@ADNANKHAN-lg5lv	1
@Adnan-me4uq	1
@AdnanM-f3t	1
@adnanmohammed7629	1
@adnanp4523	1
@adnanr1169	1
@adnansakeeb739	1
@adnantaufique68	1
@AdnanUtayim	1
@AdnerVL	1
@Adoado25R	1
@AdoAdo-y1e	1
@adodragicevic3786	1
@Adogg89	1
@adognamedbird	2
@AdolarIII	1
@adolffranz9502	1
@adolfomotanavarro6553	1
@adolfoustarez	1
@adolftittler8140	1
@adolfwodan	1
@adolfwurttemberg	1
@adolphgracius9996	1
@adomasjarmalavicius2808	1
@adomaskn	1
@adon1596	1
@Adona-b9n	1
@Adonai17	1
@AdonayMulugeta-r6q	1
@adonf	1
@adonias6424	1
@Adonis7254	1
@adonisdavid7623	1
@adonistarcio	1
@adonitel5152	1
@adoor3712	1
@AdoptMeRuler7	4
@Adorable_centurion	1
@adorablegodzilla5628	1
@adorakamalia	1
@adorbsies	1
@adorebecka	1
@AdoreHorror	1
@Adoriaclub47	1
@adoseofgames	1
@adoSrelliK	1
@adotintheshark4848	1
@adouhuaifhuiwe-i6e	1
@Adpatres	1
@Adpocalyptic	1
@adpop750	1
@ADR.1993	1
@Adr1an511	1
@ADR1fley	1
@adr2t	1
@adr33ngorek	1
@Adr3nalin3CsGO	2
@adr3ns	1
@adradox	1
@adraiptt7550	1
@Adrastia	1
@AD_RC	1
@adreanmarantz2103	1
@adreiiaii510	1
@Adrella_Highwing	1
@adrenallenX	1
@adrenjones9301	1
@adreto2978	1
@adrewfis925	1
@adrfercho	1
@adria8070	1
@adriaanschoeman1527	1
@adriadelafuente	1
@Adrian_232	1
@adrian2ka46	1
@adrianaavila5230	2
@adrianabarbulescu9270	1
@AdrianaDeras-b9s	1
@adrianalaster8571	1
@adrianalauraambriz8878	1
@adrianalerma2946	1
@adriana_m0ren0_XD	1
@AdrianAnimations	1
@adrianantico3750	2
@adrianaot	1
@ADRIANASZN	1
@adrianbarrett4205	1
@AdrianBawn	1
@adrianbenjamin8359	1
@AdrianBoyko	1
@adrianbundy3249	1
@adriancarretero5750	1
@AdrianCarter-f1e	2
@adriancastro3232	1
@adrianchicano8251	1
@adrianchoncho	1
@adrianclark2734	1
@AdrianColley	1
@AdrianDeer	1
@adriandestroboy	1
@adrianebarister	1
@Adrian-ee3zc	1
@adrianejovirdalisay2392	1
@Adrianek81	1
@adrianfd7440	1
@adrianflo6481	1
@adrianfoca865	1
@adrianfont5668	1
@AdrianF-qw1uf	1
@adriangabrielmusic	1
@adriangheorghe4015	1
@Adrian-gj9ur	1
@adrianguerrero2949	1
@AdrianGuevara-d3n	2
@adrianh.5939	2
@adrianhans856	1
@adrianhorn4962	1
@adrianionascu4148	1
@Adrian.is.a.nonc3	1
@Adrian-jd6px	1
@AdrianJerez-e3o	1
@adrianjohnson7765	1
@adriank7576	1
@adriank8792	3
@adriankam7747	1
@adrian_kaye	1
@AdrianKhakiCyan009	1
@adriankloth	1
@adriankoh4859	1
@adriankowalski4343	1
@AdrianKucner_FreedomMaximalist	2
@Adrian-ll6ef	1
@adrianmacfhearraigh4677	1
@adrianmasters250	1
@Adrian.M.Narine	1
@adriannaconnor6471	1
@adriannajane	1
@adriannamatos865	1
@adriannaromano5520	1
@adrianna_utube	1
@adrianneking2462	1
@adriannicolae1972	1
@adriannoshakespeare	1
@adriannpacheco9953	1
@adriannv2562	2
@adrianoantonioli8882	1
@AdrianoCarhuaricra	1
@AdrianOkay	1
@adrianollsbr	1
@adrianolowery3058	1
@adrianondonorodriguez9914	1
@adriano.santana	1
@Adrian_PH647	1
@adrian-php	1
@adrianpopescu3593	1
@Adrian-pp6qy	1
@AdrianR.A	1
@adrian_ram007	1
@AdrianRodriguez-qy4jh	1
@adrianrodriquez2636	1
@adrianroggeband1901	2
@adrianrosado2223	1
@AdrianSandu_d	2
@adriansayshi4227	2
@Adrian-sd8ip	1
@adriansimpkins8008	1
@adriansiska4612	1
@adriansolis5362	1
@adrian_sp6def	1
@adrianspikes6454	1
@AdrianStaicu82	1
@adriansue8955	1
@Adrian-t8i2m	1
@adriantamayo2794	1
@adriante949	1
@adrianteri	2
@AdrianTheDeveloper	1
@AdrianTheHacker	1
@adriantheo7654	1
@adrianthoroughgood1191	4
@AdrianTregoning	1
@AdrianUzumakii	1
@adrianv8285	1
@AdrianvanWijk	1
@ADRIANVIMAN2009	1
@adrianvulpes9509	1
@adrianware	1
@adrianwerner1982	1
@adrianwilmot2579	1
@adrianwolff2007	1
@adrian-xr4hf	1
@adrian.y8563	1
@adrianytk	1
@adrian_zombturtle148	1
@Adriel1609	1
@Adriel.32	1
@AdrielCaique-f7s	1
@adrielw	1
@adrienadrien5940	1
@adrien_chauvet	1
@adriengriveau5308	1
@adrienhussenet8111	1
@Adrien-m2d	1
@adrigenvongarnerd	1
@Adriiiii88	1
@adrileo5864	1
@adrinalinisches4498	1
@adris88	1
@adris8802	1
@AdriTali-x1n	1
@adriteixehax	1
@AdrixonCube	1
@adrizincgame8263	1
@adrleao15	1
@adro894	1
@AdRock	2
@adrogan3	1
@adroid27	1
@Adroit1911	1
@adrownek3466	1
@adrs1380	1
@adruk5587	1
@Adryan_keven	1
@adsaapss	1
@AdsAreRuiningEverything	1
@adsk-dev	1
@Adskdnweotland	1
@Ad-skip	1
@AD-sl8md	1
@adslf874yti3q7u4hf83	1
@adsoya9500	1
@adsyoffinch	1
@adt7058	1
@ad_t_a	6
@A-Dub68	1
@adubovski	1
@aduck128	1
@aduckofsomesort	1
@A_Ducky	1
@A.dude.and.a.doodle	1
@ADudeWhoLikesCoffee	1
@aduditsky	1
@AdultsAreTalking	1
@AdultyMcManfaceYT	1
@Adumbdumdum	1
@adurcarret	1
@Adurite	1
@aDushandrii	1
@adv1ill	1
@AdV3nt5187	1
@adv4236	1
@advabhisheksharma1014	1
@advait35	1
@advaitvagupta3180	1
@AdvancedAmmonite	1
@advancemoment301	1
@advancharofgames	1
@advanders3705	1
@AdvantestInc	12
@advasity339	1
@adventureaeryck	1
@AdventureAwaits1111	1
@Adventurebreeze	1
@adventurecorner9240	1
@AdventureCrisis	1
@AdventureG147	1
@AdventureKyles	1
@adventurer2395	2
@adventurerider512	1
@AdventuresOfCarl	1
@adventuretai	1
@adventuretuna	1
@AdventuringwithTrevor	1
@adventurousclash6323	2
@AdventVFX	1
@AdverseOpinion	1
@advert1489	1
@advertslaxxor	1
@advidshopper	1
@advier01	1
@advik_122	1
@advikshan	5
@Advilllll	1
@advisorjha	1
@advityarajsingh	1
@AdvMedic2010	1
@ADVscout	1
@adwaitssingh5159	1
@adwalsh23	1
@adwans1491	2
@AD-wg8ik	1
@AdxmRL	1
@ady1834	1
@Adyan-r2q	1
@adyantipalintin3723	1
@Adyen11234	1
@adygadgets	1
@adyismail7889	1
@AdynDickey	1
@adyplaygameseanimes	1
@adysharkady8558	1
@adywady4030	1
@adzhanoev1481	1
@adzizi	1
@ae112r8	1
@ae6ji445	1
@ae8177	1
@ae86fujiwara	1
@ae-_ae	1
@AE-alaa	1
@aeatfmyass2720	1
@aebisdecunter	2
@AE-cc1yl	1
@Aechelian	1
@AecjeuwBuiejatqa	1
@aecowGD	1
@aed4n92	1
@aeD4RK	1
@aedalis88	1
@Aedi	1
@Aed_Investments	1
@Aeditordude	1
@aedop8675	1
@Aeduo	2
@AEE29I	1
@AeeBee	1
@Aeeeeee-u2t	1
@Aeegon	1
@Aeelanis	1
@aeerriee	1
@AEFarnam	1
@aefinn	1
@aegean3k	1
@Aegis1857	1
@aegis23-r5f	1
@aegis3039	1
@AegisK	1
@aegisremnant	1
@AegisRick	1
@aegisrunestone5573	1
@Aegor1998	1
@Aeguis	1
@AEH-df7ho	1
@aeidan900	1
@aeiou6332	1
@aejie4388	1
@AEJ-XCAD77	1
@aelar7418	1
@aelardiz	1
@aeleequis	1
@aelfredrex8354	1
@aelgoyn	1
@aeligator	1
@aelit0n	1
@aeliusdawn	1
@Aeliyabacchabhai	1
@aellionnecalara3223	1
@aelthric	1
@Aem2512	1
@AemilianaRosewood	5
@AemJaY	1
@aemogie	2
@aemorion	1
@aemun83	1
@aemyworldd	1
@Aen682	1
@ændiii	3
@Aeneas7	1
@aenimic	1
@AENPK	1
@Aeolian_0607	1
@aeolius11	1
@Aeoluss19	1
@AEON.	2
@Aeon3	2
@aeon4235	2
@aeon4901	1
@Aeondrifter	1
@Aeonflx	1
@aeons7836	1
@aeonstar293	1
@aeonstrife147	1
@AeonTon	1
@aeonyoda	1
@Aephlet	1
@Aeplet	1
@aepuns	1
@Aeqstaw	1
@Aequalis-r6h	1
@aequanimus63247	1
@aequobbx	1
@aer12578	1
@AER9095	1
@aera1998	1
@Aerational	1
@aerbon	1
@Aerendil97	1
@aereouss	1
@aereperennius12	1
@AERGXUOS	1
@aerial558	1
@Aericron	1
@aerisdiesattheendofdiscone	1
@aerisluna_xx	1
@aeristheblack3725	1
@Aerith_	1
@Aerithos	1
@aerizu	1
@aerjenvantorre514	1
@aero1000	1
@Aerobrake	2
@AerocellBaterie	1
@aerocodes	1
@aerodime7881	1
@aerodoc78	1
@aeroenzo	1
@AeroGlass7	1
@Aeroguru1	1
@aeroguug	1
@AeroHaage	1
@aerohydrous6057	1
@AeroMedic	1
@aeronautisch	1
@AeronHale	2
@aeronomer8389	2
@Aeronor2001	1
@aeronrodriguez4342	2
@aeronwolfe7072	1
@AeroSatan	1
@Aerosfilis-Eona	1
@Aerosklice	1
@aerosyne	1
@aerotheepic	1
@Aeroxima	1
@AERSKALFA_	1
@aertos_xas	1
@aes9217	1
@aeschynanthus_sp	1
@AEsir067	2
@AesirMCbedrock	1
@AEsirX_YTP	1
@aesoprockinin	1
@aesoundforge	1
@aesovp	1
@A_Essecia_De_Touhou	1
@Aestareth_	1
@Aesthetic_April1	1
@aestheticman9710	1
@Aesthetic_princess-m6u	1
@Aesthetycs	3
@AesXsc	1
@aetarz	1
@AetasElegans	1
@Aeternum_	2
@AethanAmericoid	1
@Aethelhald	1
@AethenTheProotTheSecond	1
@aethenwulf4757	1
@aether32bit	1
@aether5213	1
@aether9982	1
@aetherblackbolt1301	2
@Aether_Chey97	1
@AetherEdit	1
@aetherien8261	1
@aetherion2801	1
@AetherRiddick	1
@aetherspiritart	1
@AetherStorm-X	1
@AetherSystems	2
@aether-vega	1
@aethervoid9522	2
@Aether-w1j	1
@aethrya	1
@Aetohatir	2
@ÆTONN	1
@ae_unal	1
@aev6075	2
@A_Evans	3
@AE-w6T	1
@ae_walker	1
@aewrg	1
@-aexc-	1
@AexisRai	1
@aexlee7255	1
@AEXU_	1
@Aexuz-re5xn	1
@Af5j	1
@afallucco	1
@AFamiliarFlounder	1
@afanasi928	1
@a_fangar	1
@AfaqSaleemChannel	1
@afaque.	1
@afaris88	1
@a.faska15	1
@afathir	1
@afawny	1
@afaydilek	1
@afbdreds	1
@afberglund2764	2
@afc820	1
@Afc_gunner22	1
@Afdal_Ghazi	1
@Afdch	1
@afdgxzghzgfhgfzhazghzdfhxf	1
@afdhalfauzi5558	1
@AFdrum91	1
@afeatherinthewind	1
@afeefsohail4225	1
@afelias	2
@AfelinenamedVJ	1
@afesfrytuykjhyj	1
@afewthoughts7755	2
@affabaffa4393	1
@affable8696	1
@AffableArachnid	1
@Affan_144	1
@affarispenti	1
@AffectedSkills	1
@AffectionateSeaOtter	1
@Affenrotze	1
@affexxe	1
@AffinityShadow00	1
@Affiq-z2h	1
@affordablebrucewayne8508	1
@Afghah	1
@afghanica	1
@AfghanS0ldier	1
@afghdkfekjk1509	1
@AfhamAdian	1
@AFI--ch8nx	1
@afidjahan4792	1
@afifazlan3772	1
@afiftyringgit	2
@afiqdanial3053	2
@AfiqSazali	1
@afiqzx	1
@a.fitzpatrick4395	2
@Afiya-k3x	3
@AFKGamingggg	1
@AFK_SLAYER	1
@aflacduck2	1
@Aflact	1
@aflashfloodofgear	1
@AFlemPen	1
@AFlippingTurtle	1
@AFloppaGodOfficial	1
@AFlyingBird702	1
@aflyingmodem	1
@A.F.M.B.1234	1
@afmikasenpai	1
@afnaneouassini	1
@Afnanhossain-b8e	2
@afnankabir2190	1
@afnsami	1
@afonsoalexandr	1
@AfonsoBucco	1
@afonsomartin6457	1
@afonsorafael2728	1
@AFPinerosG	1
@AFP_Smokey	1
@aFreeDrifter	1
@africacarey	1
@AfricanLionBat	1
@afri-cola1594	1
@AfridZaman-vr5bx	1
@afriend8961	1
@Afriend-tg9gp	1
@afrigamer6067	1
@AfrikanMan	1
@afrioneacademy2488	1
@Afro0913	1
@afro8859	1
@AfroAltruism	1
@AfroDude135	1
@Afroferkel	1
@afrog2666	3
@Afrographics-kk2qj	1
@afroinline	1
@Afrologist	2
@afroloid2028	1
@afrolund80	1
@afroman1461	1
@AfromanSkeeter	1
@afrosamurai3091	1
@afrosheenix	1
@afrotrumpet2246	1
@afroyed3295	1
@afrozaakter1186	1
@afrozabanu9433	1
@AfrozAlarm-m4k	1
@afrozmalik9921	1
@afsaanpathan5382	1
@afsal_shaji	1
@afsarhp	1
@afshin3k3	1
@afshinghassemi3284	1
@aftabansari606	1
@aftabhussain-z4l	1
@aftabishfaq4896	4
@aftercoffeemint	1
@Afterdeath_69	1
@afterfall8133	1
@AfterForever-s7n	1
@afterglow2935	1
@afterglow5285	2
@Afterlife-Boy	1
@AftermathTravels	1
@Aftermost3590	1
@afternoonwinddown	1
@afterro	1
@afterschool2594	1
@Aftersmil	1
@AfterTBI	1
@afterthefact926	1
@AftgTdxg	2
@AFTKASA	1
@aftoknito	1
@aftonb21	1
@aftonsandi9552	1
@afuafuafuafu	1
@afuckingsock	1
@AFufn	1
@AF_University	1
@afurryferret	2
@Afuru1	1
@afx_f	1
@Afynion	1
@afz3003	1
@ag135i	1
@ag2832	1
@ag3ntak123	2
@A_G420	1
@ag5222	1
@AG7-MTM	1
@AG97624	1
@ag9890	1
@aga080	1
@agabaangelo2590	1
@agabe_8989	1
@agadez4015	1
@AGAGamer1M	1
@Againnuendo	2
@AgainstTheGrainOfficial	1
@agakor	3
@agalah408	1
@agalitev	1
@agamaz5650	3
@AGameOfBrilliancy112s	1
@aGamerInTraining	1
@agames133	1
@A_Game_Zone	1
@AgamKathuria	2
@agamkohli3888	1
@AgampreetSingh-l2c	1
@agargamer6759	1
@agarwaenneithan5416	1
@agarwalrishi4171	1
@Agasix	1
@agasteenbrink	1
@agastyagupta1825	1
@agastyaOnYT	1
@agata173	1
@agatemosu	1
@agathacccc2710	1
@agathapunnayya5061	1
@agathasarmiento3817	1
@Agathusio	1
@agavemac4835	1
@AGayTwitterArtist	1
@agazaman	1
@agbo	1
@agbolabright2144	1
@AGCipher	1
@ageary07	1
@ageekdude	1
@AGeekTragedy	1
@agelessorca	1
@AgelessTide	8
@ageminigod	1
@Agena_beramantiiii	1
@Agency-1001	1
@agency2962	1
@AgencyNighthawk	1
@agent000000008	1
@agent11co90	1
@agent.11.youtube	1
@Agent_16pro	1
@Agent__42	1
@Agent-57	1
@agent61_nega	1
@agent7176	2
@Agent86th	1
@agent9184	1
@Agenta-df3gb	1
@AgentBatman1	2
@AgentBurgers	1
@agentc14	1
@Agent_C4136	1
@Agentcalifornia26	1
@Agent_Clark	1
@agentcodybanx8909	1
@agente7417	1
@Agentedofbi143	1
@AgentFreddo	1
@agentg11	1
@AgentGambit	1
@agentgato9854	1
@agenthimzz	1
@agentj6568	1
@agentjonesadventures	1
@Agent_Krasnov	3
@AgentLeon	1
@AgentLoc	1
@AgentLokVokun	3
@Agent-lz5fu	1
@AgentM124	4
@AgentMocha2003	1
@AgentMoler	1
@agent-mosquito	2
@agentniles	1
@agent_of_nyar	1
@agent_of_sword	1
@AgentOrange96	1
@agentorca1241	1
@agentotten	1
@agentp6621	1
@AgentPerryThePIatypus	2
@AgentPrimus	4
@Agent-r1b	1
@AgentRacerX	2
@agentredpopo007	1
@AgentSlyX	1
@agentsmith7866	1
@AgentSnowpuff	1
@AGENT_V-252	1
@agentwashington2946	1
@agentwashingtub9167	2
@agentwildfire31	1
@Agent-wp8fv	1
@AgentX2006	1
@agent-xk	1
@agentxp0749	1
@AgentYK11	1
@AgentZ2	1
@agentZED3	1
@age_of_decadence	1
@ageofgar	1
@Ageorgiou-12345	1
@agerestriction5888	1
@ageshero	1
@agex-7613	1
@aggapuffin	1
@aggarwalnaveen	1
@aggebaggelito	1
@aggelossir	1
@AggeNoob	1
@aGGeRReS	1
@Aggggggggg8	1
@Aggies44	1
@Aggouric	1
@aggregor95	1
@aggressiveaegyo9344	1
@AggressiveSpaghetti	1
@aggressivli	1
@aggreyas2365	1
@AggrMov	1
@AggroMonkey	1
@agguman	1
@agh0x01	1
@agh7185	2
@AghaKhan9	1
@Aghashie	1
@AghaSiuu	1
@AgHaze308	1
@AghoshBPrasad	1
@aghrabajudge	1
@AGIAchievedwithNMSRNs	6
@AgicoolX	1
@agidyne9676	1
@agiftofflame	1
@AgileFlow23	1
@agileshn.v6067	1
@Agiranto	1
@AGirlNamedMax123	1
@Agispsi	1
@AgitatedA	1
@AgitpropPsyop	1
@aGj2fiebP3ekso7wQpnd1Lhd	1
@AgjabacVanaba	1
@AG-ks2wx	1
@agl0d16	1
@AGleeBustHard69	1
@agmcaroline121	1
@agmhelena7266	2
@agmkvm8005	1
@AGM-yt1	1
@AG-mz7vm	1
@Agn0sticus	1
@Agnej-000	1
@agnesavindisova4027	1
@agnetaklausen9131	1
@agnetara	1
@agnishom	1
@AgnisRoz	1
@agniteyt	4
@agnivodas	1
@agnivroychowdhury6892	1
@AG-no8zq	2
@Agnostic-Pagan	1
@AgnostosGnostos	1
@agnulittumc	1
@ago6211	1
@agoddamnferret	3
@agodeo	1
@agofeokra4848	1
@agogs950	1
@agoodmeme4823	2
@agoogleaccount2861	1
@AGoogleUser4096	1
@agoosecalledxaro6679	1
@agopedro2671	1
@agorilla7137	1
@_Agosto_	1
@agostonpahi3816	1
@agotarabceviciute3938	1
@AGOTI_4667	2
@agoysy	1
@agp4048	1
@aGr3atD4y	1
@AgraFadillah	1
@agraham2	1
@Agravtak	1
@agreatteam	1
@agreattoaster2760	1
@agreedbutton	1
@AgressiveHouse	1
@AgrifaBrenatha	1
@AgrimGupta	1
@Agrim_raj7	1
@agris12	1
@AgriTalkbyAbhinavRoy	1
@agritech802	1
@agrof3820	1
@AGRO_HATTO	1
@agrugaming5066	1
@agryuzaki	1
@ags1917-p1i	1
@agseba124	1
@AgSpades	1
@AGT0M	1
@agtainayt7321	1
@agtntsk	2
@AgtX999	2
@aguaecoco1511	1
@aguauga	1
@aguiladplata	1
@aguiremedia	2
@aguiright	1
@AguitaristOFfails	1
@aguitarplayatotheextreme1382	1
@agumelen	1
@agungandriansyah1518	1
@agunggumilar4732	1
@agungsudewo4640	1
@AGUniko	1
@agunwaekegbo222	1
@AG-ur1lj	6
@Agurkas-c7v	1
@AgurzilxSHI	1
@agusavior2	1
@agusfirmansyah35	1
@agushex	1
@agusterter2595	2
@agustinalexanderg.manongdo8146	1
@AgustinAstronomy	1
@agustinbs	1
@AgustinCampos-h1m	1
@agustincastilla639	1
@agustinfasciglione7262	1
@agustin-i_z-9293	1
@AgustinJewel	1
@AgustínLópez-v3n	1
@agustinmartinez9798	1
@AgustinMoralesLopez-c2x	1
@agustinnicolas4826	1
@agustino42491	1
@AgustinOrtizMercado	1
@agustinperezontivero8305	1
@agustoko2568	1
@aguy10-4u	1
@Aguy319	1
@aguy3323	1
@A-guy34	1
@aguyinhistwenties	1
@A.guy.lollol	1
@Aguylovecar	1
@aguynameddali	1
@AGuyNamedRicky	1
@aguyontheinternet8436	2
@aguysaid5457	1
@AGuyWhoComments3	1
@AGuyWhoDosentKnow	1
@agw5425	1
@agwawaaa	1
@agwe	1
@AGXCI91	1
@agytjax	2
@agzerocjk	1
@ah0mamy	2
@ah-64apache84	1
@ah7357	3
@ah7maw265	1
@ahab54	1
@AhabHyde	1
@AhaBla-b3o	1
@AhadAhad-yg2ye	1
@ahadhiamanijonathan9543	1
@AhadJan.	1
@ahadmrauf	2
@Ahaet	1
@ahafeezs	1
@a.hakandemir6515	1
@ahamadaslah768	1
@ahamanandhan	1
@aham_brahmasmi_777	1
@ahamedama	1
@Ahamed-b7u	1
@Ahamed_Ramadan	1
@ahammedferoz	2
@aham-mumukshu-asmi	1
@ahanmb4174	1
@ahanray	1
@AHAPPYBANNANA	1
@ahappyyotubeuser9851	1
@AHapx7cT	1
@ahaququq	1
@AhardTruth-IYF	1
@aharnishpithva6455	1
@Aharriyzoon	2
@A_Hat17	2
@AHAVENFORTHELOST-r9o	1
@ahbarahad3203	1
@ahbeen2	1
@AH-bm4ts	1
@ahchoo5659	1
@AH-cl7fh	1
@AHC-MNR	1
@ahdara8688	1
@ahdy1443	1
@ahealthybigmac	1
@AHEAVR	1
@ahegao4915	1
@aheinstein291	1
@aheleebreeen	1
@ahelms1990	1
@Ahern1245	1
@ahero3945	1
@ahgojira	1
@ahheng6402	1
@ahhlewis2	1
@ahhmrbond	1
@AHH-nd1is	1
@AhhZrulz	1
@AhiahahshshsAIsjsjsosnsod	1
@AhidoMikaro	1
@ahikernamedgq	1
@AhilHere-m9i	1
@ahintea	1
@AhirZamanSairi	1
@ahito7876	1
@Ahiva-3z	1
@ahjeezrick	1
@ahjin3452	1
@ahkashi4338	1
@AhkengOng	1
@ahkido4014	1
@ahkira1041	2
@ahkthq	1
@ahlana5372	1
@AH_landscapes	1
@ahlexwrites9852	1
@Ahlurglgr	1
@ahmadabolibbadeh9715	1
@ahmadaburafisinan2184	1
@ahmadaiman7171	1
@ahmadarslan7578	1
@ahmadayub5448	1
@ahmadbakrizubir	1
@ahmadchaachouh9126	1
@ahmaddejaeger657	3
@ahmaddzaki1488	1
@Ahmad_Faraj	1
@AhmadFathwi	2
@AhmadGamer299-o6d	1
@ahmadhafiz994	1
@ahmadhamdan44	2
@ahmadhanifgaming5719	1
@ahmadhasan3258	2
@AhmadHashish-h3r	1
@AhmadHassanTanveer444	1
@AhmadHossam	1
@ahmadibrahim8779	1
@ahmad.imran.	1
@ahmadismail3938	1
@ahmadkurniadi9482	1
@ahmadmaz_xx3078	1
@ahmadmohammad820	1
@AhmadMoney	1
@AhmadNadeem	1
@AhmadNaveedKhan1996	1
@ahmadnawaz6612	1
@ahmadnooribrahim565	1
@AhmadNurjati	1
@AhmadOnStrike	1
@Ahmad.qader.123	1
@Ahmad_Rahmadhani	1
@ahmadramzy2716	1
@AhmadRandhawaOfficial	1
@ahmadrazakhan8537	1
@ahmadsabery609	1
@AhmadSadid__	1
@AhmadSaifudin116	1
@AhmadSawaie-l9g	1
@ahmadshaabanabu-yousseff911	1
@ahmadshawarr	1
@ahmadsilly	1
@ahmadsyafie4575	1
@Ahmad_The_Electrobender	1
@ahmadumeta4	1
@ahmadyafie1018	1
@ahmadzaidi1908	1
@ahmadzaky8074	1
@AhmArfanHossain	1
@ahmarjatt2242	1
@ahmdali-jc9dg	1
@ahmdsabbir	2
@AhmedA44	2
@ahmedabbas3114	1
@AhmedAbdd	1
@ahmedabdulgawad4758	1
@ahmedabood2002	1
@ahmedaeaeads	1
@ahmedaghadi8281	1
@ahmedaibrahim8028	1
@AhmedAl-abdlay	1
@ahmedalarishi6119	1
@ahmedal-hijazi3618	2
@Ahmed.alhony	1
@ahmedalkaabi	1
@ahmedalwalid8726	1
@ahmedamgadelgohy1346	1
@AhmedAzhar-z1o	1
@ahmedazzi3570	1
@AhmedBenjamil	1
@AhmedDzairDev	1
@ahmedection	1
@Ahmedeid-mq5su	1
@Ahmed-Eighty_Six	1
@ahmedelaimani6855	1
@ahmedengineer5778	1
@ahmedessam6769	1
@AhmedFaisal13	2
@AhmedFasikh-m6e	1
@ahmedfd4202	1
@AhmedFilfilan-j4n	1
@ahmedgaming7300	3
@ahmedhalim2346	1
@AhmedHassan-yc5fb	1
@ahmedhisham5738	1
@ahmedjaad4940	1
@AhmedJamal-yt1os	1
@Ahmed-JBCX34	1
@ahmedkafrawy1793	1
@ahmedkj9923	1
@ahmedko5671	1
@ahmedmaher7322	1
@ahmedmaher914	1
@ahmedmanhalmauroof3530	1
@ahmedm.elsayed6649	1
@AhmedMohamed-h2q	1
@ahmedmohamed-z2n1z	1
@AhmedMosad_1759	1
@ahmedmoula4719	1
@AhmedMoussa147	2
@AhmedMuhammad-l3m	2
@Ahmedn3212	2
@ahmednabil6591	1
@ahmednaboot2155	1
@ahmednasrulla4766	1
@ahmednimal7566	2
@AhmedOmar-lc7nb	1
@ahmed.orfali	1
@ahmedosman1020	1
@ahmedosman7238	1
@Ahmedovii	1
@AhmedRakan-y3v	1
@Ahmed-Ramadan-Professional	1
@Ahmedrezzzzzz12234	1
@AhmedSabit-o9p	1
@ahmedsadoudi9173	1
@ahmedsafwat3488	1
@ahmedsameh-r3h	1
@ahmedsaoudi2344	1
@AhmedShamslife	1
@ahmedshoaib715	1
@ahmedt8745	1
@ahmedtauseef	1
@ahmedtemani1984	1
@ahmedthegreat3973	1
@ahmed_theprogrammer	1
@Ahmed-to9hi	2
@ahmedtremo	1
@AhmedTurku-jo8fm	1
@ahmedwasmi2587	1
@AhmedYakdhane	1
@ahmedyuldashev-e7o	1
@AhmedZaineldeen0	1
@ahmedzarruq	1
@ahmedzopi7538	2
@AHMEDZPRO	1
@ahmetarchivos	1
@ahmetbasli7725	1
@ahmetbayraktar	1
@ahmetdenizsezgin	1
@ahmetemre0908	1
@ahmetkaanylmaz9774	1
@AhmetMersin84	1
@ahmetmutlu348	1
@ahmettaskn5687	1
@ahmetumut22	1
@AH-mj1rd	1
@ahmsef	1
@ahmxi	1
@AH-my7kj	2
@AHN1444	1
@ahnafakif220	1
@ahnaf_ameer_ashraf	1
@AhnafKabir87	1
@AhnafMardia	1
@AhnafTahmidOfficial	1
@AHNaseer.A	2
@ahnehtub2	1
@ahobimo732	2
@ahodbikes	2
@ahoffman2011	1
@ahoj7720	1
@ahojczech	1
@ahojpika8213	1
@ahokinson	1
@ahoksbergen	1
@aholycrusader	1
@Ahomesteadersdream	1
@A-honest-guy	1
@AHotDogWizard	1
@ahotm4350	1
@AhoyBlahaj	1
@Ahpaka-Ahpk	1
@AhphiXT	1
@AH-qn9pe	1
@ahre6295	1
@Ahrecks0	1
@ahrentiewater7450	1
@Ahri--	1
@ahripark2593	1
@AH-rl5qc	1
@AhrnNilsson	1
@ahrukin3794	2
@ahsan8317	1
@ahsanahmedbhaila	1
@ahsananik9929	2
@AHSAN-ASN	1
@AhsanHabib-mj5ym	1
@ahsantushar187	1
@ahsanulhasan88	2
@AhsanZaini-n9h	1
@Ahsayee84	1
@Ahsbhdr	1
@ahsnsb	1
@ahsoseggsydog1642	3
@ahstories111	1
@AHSValor	3
@ahterhshrshsrtheatw2t4wagera	3
@AHthrowawayJoke	1
@AhtohWntryp	1
@ahtomogger9969	1
@ahuhu	1
@Ahuja_offical	1
@Ahul0909	1
@Ahuman-1234	1
@ahuman5592	1
@ahuman-o3e	1
@ahusyn	1
@ah-well	1
@AhWhenindoubt	1
@ahxcfujdsxgybjjjbbkg3v	1
@ahyaan2552	1
@ahyanaanshar6297	2
@ahyedo7465	1
@ahzamkhan2105	1
@AHZW	3
@ai3t86	2
@AI4_Life	1
@a.i.5129	1
@aiagraula	1
@aiaioioi	2
@AiAngel	1
@aiavatar2077	1
@aibara289	1
@Aib-dj2fc	1
@AIBeautyFrames	1
@aIbertI2798	1
@AibohphobiA_19	1
@AIBuddyShrestha	1
@AIBuilder-p8s	1
@AiBusinessConsulting	1
@AIbutterFlay	1
@AIByte-0	1
@aice279	1
@aichaamara392	4
@AichaMibarki-w2i	1
@AiComedia02	2
@AIC_onyt	1
@AI_CRAFTS-SHEIKH94.19	1
@-aid4084	1
@aidan.687	1
@aidan9990	1
@aidanana4159	1
@AidanBurnett-G7D	1
@AidanCampbell-q4f	1
@aidanchelig6401	3
@Aidancito_xd	1
@aidanconheeney7365	1
@Aidan_Duenas	1
@aidangaugg9671	1
@AidanGrissom-c8j	1
@aidanjudd4214	1
@aidankelley2696	1
@aidanlee8567	1
@aidanmanson9007	1
@aidanmartins3502	1
@aidanmastroianni5732	1
@aidanmatthewgalea7761	1
@aidanmccormick4857	1
@aidanmccracken890	1
@aidanmdunn	1
@aidanocallaghan169	1
@aidanpeterson9137	2
@AidanRatnage	1
@AidanRenfroe	1
@AidanReTake	2
@AidanRjaimes	1
@AidanRr-x2s	1
@AidanS99	2
@aidanschmidt4470	1
@aidanthompson5053	1
@aidanvenki8834	2
@aidanwhite115	1
@AidaRodríguez-o7c	1
@aidarosullivan5269	1
@Aide473	1
@Aiden025	1
@Aiden_Allen	1
@AidenBailey-t9f	1
@AidenCaesar-f8n	1
@aidencannon12	1
@Aiden-e1t6d	1
@aiden.fff_ig	2
@aidengage8218	1
@aidengary5748	1
@aidengillzy	1
@aidenglassford7657	1
@AidenHarrigan-h2o	1
@AidenHere	1
@aidenisnotreal	1
@aidenjabari112	1
@aidenjcm2338	1
@aidenkoh2426	2
@AidenKurian	1
@Aiden-l1k3w	1
@aidenmurphy9924	1
@aidennix	1
@AidenPrice-i3w	1
@aidenrudolph7838	1
@AidenShirey-g6f	1
@aidensilva104	1
@AidenTheGreatZane	2
@aidentownsend4276	1
@aidi4886	2
@aidikei	1
@AidilPlayzEdits	1
@aidinia	1
@AIDirectorBrich	1
@aido6459	1
@AidoboyMC	2
@Aidrian8341	1
@aids2099	1
@AidsLordSupreme	1
@aidsmaster69420	1
@Aiduss	1
@aiecs009	1
@aïe_ouille	1
@aieverythingsfine	3
@aiexzs	1
@Aifi8	1
@aight8293	1
@aigonewrong.	1
@AigorFortesque	1
@aigoulomarova	1
@aihaetelgebetee	1
@AI-Hallucination	1
@aihubpk	1
@AIhuntyt	1
@A-ii5dp	2
@aiiaznsk8er	1
@Aiidoru	1
@AIIMAGINEERS	1
@AI_In_Context	2
@AIIR_wave	1
@ai_is_a_great_place	1
@AiisakaTaiiga	2
@AIJANDAZ	1
@aijc	1
@aijokker	2
@Aijunkie7014	1
@aijunky	1
@AikantikUpadhyaya	1
@aikaterinimoschou9437	1
@aikeber1984	1
@AikelJoseph	1
@aikendevries3695	1
@aikenlim9679	1
@aikentang	2
@aikhiteehee524	1
@aiki2637	1
@AiKiu_Metaverse	1
@aikmeux9002	1
@aikoaiko2008	1
@Aikonium1	1
@Aikonnicc	1
@AikooGR86	1
@aikopot	1
@Aikurisu	1
@Ai-Kyuu	1
@ailaniscott7636	1
@aileen8726	1
@ailill5458	1
@Ailogeneous	1
@AILorer	1
@Ailuridae42	1
@ailurus.gaming	2
@AIM54A	1
@AI_magical_moments	1
@aimagic_asmr	1
@aimalamiri5783	1
@AimanCool440	1
@aimanehajji672	1
@aimanhakimi8238	1
@aimankaya1825	1
@aimanmzln453	1
@aimari555	1
@aimarraya2952	1
@Aimarrh-Raimbow-Felidae	1
@aimaster98	2
@aimdisassist	1
@AimeeAimee444	2
@AimeeBoyd-r8n	1
@aimeecoates4435	1
@aimeetetrault	1
@aimekatsuva1209	1
@aimenfz	1
@aimenzaied	1
@Aimer3000	1
@aimflow8280	2
@aimingeagle1234	1
@AIMIWA95	1
@aimizonoroff9959	1
@aimlesfez	1
@aimspecter9827	1
@Aimyaro	1
@AimZapTea	4
@AiNanak	1
@ainanmdjr8512	2
@ainaraspumpulis2626	1
@Ainas-d6y	2
@ainasuraya	2
@ainet8415	1
@ainewsly1	1
@aini9027	1
@AINIMATION6	2
@AinmationF	1
@ains2904	1
@ainsenwaldpromotions420	1
@Aint1S	2
@AInTechNewsIO	1
@AIntel540	1
@aintfromrounhere8099	1
@aintnochange	2
@aintnoman	1
@AintNothing.	1
@aintrz	1
@ainttakenanyshit	2
@ainzchan1292	1
@aiodensghost	1
@AIOFMMASTER	1
@Aiolidk	1
@Aiomean	1
@aiomusic101	2
@aion425	1
@aion-E2	1
@AIOnlyStuff	1
@Aionytofc	1
@aiooia	1
@ai_outline	2
@aioxi2864	1
@aipepero8090	1
@aiperm	1
@aipluscodin	1
@a.i.privilege1233	4
@AIPuppydog	1
@Air377.	1
@AirAKose_Official	1
@airascarlet	1
@airasqithfi535	1
@Airbaltic.aviation	1
@Airbear00	1
@AirBear52	1
@Airblasto	1
@Airblox-i3r	2
@AIRBORNE8	2
@AirborneAirAssault6565	1
@AirborneBore	1
@AirborneSapper82	1
@aircadet55	1
@aircatcher6891	1
@Aircedargrain	1
@aiRCoft	1
@aircon3854	1
@aircraft2	1
@Airdash5678	1
@airekofvinlandslayerofthes7965	1
@AirellReyes-z6p	1
@Airemon	1
@airepunk8955	1
@airesjr11	1
@airevolution926	1
@Airfeline	1
@AirForceBase	1
@airfryerenthusiast	1
@airgunmania	1
@Airifying	1
@airingcupboard	1
@airington01	1
@airlag	1
@airman_85uk	1
@airmanfair	1
@AirNeat	1
@airnomad0013	1
@airokun4551	1
@AironGC	1
@AironixHdx	1
@airoossu	1
@airozeen	1
@airplane312	1
@Airplane_company	1
@airplanemode101	1
@airscapeva	2
@airspeedmph	1
@airuiz2	1
@airw4ve961	1
@AirWolf2301	1
@Airwolf-lm9cm	1
@airxperimentboom	3
@airyarc828	1
@airymems	1
@Airy-s9b	1
@airyshark324	1
@aisabelbp9626	1
@aisac21	2
@AiScn	1
@aIsdor	1
@Aisha-2020Opti	1
@Aisha-ez9rj	1
@Aishamgulmutallip	1
@AishaOnAir	1
@AishathAmeeza-u5f	1
@AishaVonFossen	1
@aishayahaya2369	1
@aishitemasuu	1
@AIshittyshorts	1
@aishwaryamali4350	1
@aishwarygupta1167	1
@aisolutionsindia7138	1
@AIsphilosophy.	1
@Aispter	1
@ai.storyland	1
@aistreaminglabs	1
@aisukurimu01	3
@aitanasworld3231	1
@Aitch26	1
@aitechieee	1
@AITheEndCode	1
@aithon4250	1
@AI-Thor	1
@Aitorus.	1
@AItrendsnext	2
@aitus9259	2
@AItv2011	1
@aiu2616	1
@AIUNIVERSITYAI	1
@AIUnraveled	1
@aivarasmuliuolis318	1
@AivarsLauzis	1
@aivei-X	1
@AI_Viper	1
@AiVirtualBot	1
@AIVoyager-nl	1
@aiwaviu	1
@AIwithDwayne	1
@Aixalld	1
@AI-xe5jr	1
@aixen17	1
@AI-xi4jk	1
@aixle3590	1
@aiya5777	1
@aiyanaperry4016	1
@ai_yookonthong	1
@aizaamandy	1
@AizachGames	1
@aizane67	1
@aizene	1
@Aizenlobotomised	1
@aizenor3063	1
@AizenSosuke-fo7fq	1
@aizero-ih3uy	1
@aizikiil	1
@aizoku	1
@aiztoh	4
@AIZUCKS	1
@aizukuro9422	1
@AJ04RPTR	1
@aj120	1
@AJ12Gamer	1
@aj1nonly	1
@AJ_239_	1
@aj2nacino	1
@AJ31CO	1
@aj3413	1
@aj3557	1
@AJ-36-YT	1
@A.J.456	1
@aj8383-f7d	1
@aj9156	1
@AJA_9000	1
@ajaakola2	1
@ajadorable	1
@ajairapechalbd	1
@AJAJAJAJAZJJSZJ	1
@ajajjajaksns	1
@ajakumar97	1
@ajalba1993	2
@ajalphared9191	1
@AJAmos-c2q	1
@ajantsmith6139	1
@AJapaneseDream	1
@ajar1000	5
@ajatajay4877	1
@Ajax-0137	1
@ajaxashborne	1
@Ajax-baros	1
@ajaxinfinitum5604	1
@ajaxrosso1	3
@Ajaxster	2
@ajaxthegreat7350	1
@ajaybhaiaaa9615	1
@ajaybhanushali2749	1
@ajaybhilawekarajaybhilawek9946	1
@ajaychandak3083	1
@ajaychawla7	1
@ajay_karthi_l_r	1
@ajaykiran6	4
@Ajaykrishna97_	4
@ajaykumar-ve5oq	2
@ajaymewal6996	1
@ajaysonar662	1
@AjaysVanguard	1
@ajayv19991	1
@ajaz_ahammod	1
@ajazassad5550	1
@ajb27	1
@AJB4D	1
@ajbianchi85	1
@ajbone1842	2
@ajborowski	1
@AJckz	1
@AJCrowley0153	2
@ajd0101	1
@ajdakozjek1590	1
@ajdeguzman5159	1
@AJDRBYT	1
@ajeesh3485	1
@ajeetkumar5453	1
@AJellySnakeRebel	1
@ajey.2x	1
@AjeyaSharma_1234	1
@AJFilms14	1
@ajgomez6043	1
@ajgov	1
@ajgreen-x5g	1
@ajhalili2006	1
@a.j.haverkamp	1
@ajhess8308	1
@ajhill2630	1
@ajh_legend	1
@AJHL-P99	1
@ajhoward8888	1
@ajhubbell3754	2
@AJ-hv5sp	1
@Aji_004	1
@ajickdesign1998	1
@ajidewantono9013	1
@ajiermotorbike	1
@AjiKrep08	1
@ajimu1679	1
@AjinGixtas	1
@AjinkyaBhushan	1
@AjinoARC	1
@ajinomosan	1
@AjipaBaskipa	1
@ajirizawa5743	1
@ajiryuxami4817	1
@ajith6198	1
@ajith7308	1
@AjithkumarSekar	1
@AJITHULLA	1
@ajitnandakumar	1
@ajiyakin	1
@ajj5236	1
@aj-jc4cv	1
@ajjelly3031	1
@ajjk95	1
@ajjmunoz	1
@AJJoseph-m7l	1
@ajjshsjshdhud	1
@AJK967	1
@AJKeefe	1
@ajkeence81	1
@AJKirby64	1
@ajkmafiagamez	1
@ajkmsteph	1
@AJLangille	1
@AJ_LMAO-0	2
@ajlui3	1
@AJ-lz3lr	1
@ajm.5160	1
@ajmalazeem9788	1
@ajmalsha5777	1
@AJMarraffa	1
@aj_mcnamara	1
@ajmgdaj	1
@ajmilagros	1
@ajmoe	1
@ajnako12	2
@ajo510	1
@AjobappIicatin	1
@aJ-od9vv	1
@A_Joel1200	1
@AJoe-ze6go	1
@ajolleyduck2933	1
@Ajolote-w7Eli	1
@Ajolote_YT	1
@AjolotitoYt	1
@ajon9354	1
@AJordan44-	1
@AJOrpheo	1
@AjoyKumarSamanta-k4k	1
@AJPapi	1
@Ajplays7	1
@ajplays-gamesandmusic4568	1
@AJproductionsful	1
@AJ-ql6dz	1
@AJ-qv5px	1
@ajr993	2
@ajreberjr	1
@ajreukgjdi94	4
@ajr_unknown	1
@AJS8373	1
@ajshdjssj	1
@ajsimao5457	1
@ajsjjsjaJahahdha	1
@ajsoriano8803	1
@ajsouth-easternrailway2711	1
@ajspice	1
@ajstruhar2048	1
@ajswithetc	1
@AJsWorld	1
@Ajtech369	1
@ajthefujoshi	1
@ajthegamer2573	1
@AJ_the_injinur	1
@AjTheMan362	1
@ajthesquirrel	1
@AJTmp-n8s	1
@ajtoofer	1
@ajudge8786	1
@AJ-ut8cz	1
@ajwaddanwarr3409	1
@AJ-wg7fj	1
@Aj-xn5rt	1
@AJ.Yachts	1
@ajzack983	1
@ak0088	1
@AK1ngsTV	1
@a.k.2788	1
@Ak353-d7u	1
@A.k.-47-	1
@ak47alice	1
@AK_47-BornToDie	1
@Ak47Dawg	1
@a.k.764	1
@ak9wolfking391	1
@aka12176	1
@aka3eka	1
@aka-47k	1
@AKA5482	1
@AKAAndreas	1
@Akabajey5267	1
@akabaka6416	2
@akacaleb	1
@akacyclonus	1
@Akadehmix	1
@Akademikerkind	1
@akademischungebildet5564	1
@akadox	1
@AK.Adventures	1
@AKADwayne	1
@AKA-f7p	2
@akagami6113	1
@akagamishanks7991	1
@akaGUTTERBONES	1
@Akahigep	1
@akaHORUS2000	1
@Akai111	1
@akaicarasuma9982	2
@Akainu-rider	1
@AkaiSuzume	3
@Akakakakak1-h5r	1
@akakiyvolosun975	1
@AkaKoii	1
@akakscase	1
@AKA_LC69	1
@akale2620	1
@akali2927	1
@akalion213	1
@Akambatu	1
@akamered4483	1
@akamugrerodj	1
@AKA.NABEEL	1
@AkanagamaR6	2
@AkANALDUNA8TYou	1
@akanar_1924	1
@akanay22	1
@akane-chaan	2
@Akane-Jinn	1
@akaNiLF	1
@akankshagupta6945	1
@akankshamishra4311	1
@akanocista_rill	1
@AkantorJojo	2
@akaoni1218	1
@akaPATRICIUS	1
@akapilka	1
@aka_Pkay	1
@Akari-br7ci	1
@akariexists	1
@akarihime	1
@akarimsiddiqui7572	1
@akari_netsu	1
@AkariTheYeen	1
@Akarpens	1
@akarshanirudh	1
@akarshmittal9601	1
@akarvelas	1
@akas224	1
@AkasakaS2000	1
@Akasa_Lust	1
@akash5653	2
@akashanand3783	1
@akashashen	4
@akashbanerjee4328	1
@akashchauhan5915	1
@AkashChitte-r7k	1
@akashdeepnandi	1
@akashdutta4053	1
@akashdv67	1
@Akashg106K04	1
@akashg9108	1
@Akash__G.h.o.s.h	1
@AkashGupta-hm8gc	1
@Akashgyioj	1
@Akash-h9o	2
@Akash-hq3gs	1
@akashinda	1
@AkashJR-PHYSICS	1
@akashkhan7676	1
@akash-kumar737	1
@Akash-lq3on	1
@akashmanjunath2505	1
@akashparvatikar7935	1
@AkashPlayz.S-t5d	1
@akashpratim9792	1
@a.k.ashraful1850	1
@AkashRana-cm7mj	1
@AKA_SHRK	1
@Akash-rr8sw	1
@akashsahu2571	2
@AKASH-_-sky	1
@AKASHSOVIS	1
@akashsxo	1
@akashujjwal	1
@akashverma5756	3
@akashyadav8513	3
@AkaSoggyBunz	1
@akastixx	1
@aka.theos.	1
@akatomka	1
@akaysamra6497	1
@Akazainul	1
@Akaza-j3r	1
@Akazaza42069	2
@Akaziu	1
@akbananachucker2441	1
@akbarafif7253	1
@AKBARESFAHANI	1
@akbarhday	1
@AkbarRostam-r6b	1
@AkbarWahyu-x9m	1
@akbayer	2
@AKBRONCOSFAN007	1
@Ak-ck8hx	1
@akcsl	1
@AKdaJuiceGuy	1
@akdas27	1
@akdbd47	1
@akechilovebot3861	1
@akedz9785	1
@akeem2983	1
@akeemdion	1
@AkeendMC	1
@akehapkap6143	1
@akeleven	1
@Akelfir	1
@akella1059	1
@Akemby	1
@AkemDeLaKeem	1
@akemerich	1
@akemi5679	1
@akemianderson426	1
@akemiknm	1
@akemsoft	1
@akenaden	1
@Akenna98	1
@akenu87	2
@akertheinternetwanderer467	1
@AkezhChannel	1
@akfreed6949	1
@AKG58Z	3
@Ak_gaming_0036	1
@AKGAMING-lm1si	1
@akha1658	1
@akhemrr	1
@AkhiHazim	2
@akhil9726	1
@akhilbisht798	3
@akhileshjoshi426	1
@akhilkushwaha1253	1
@akhilpillai7847	1
@AkhilSharma-l2b	1
@akhilshetty5315	1
@akhiltheerthala9600	1
@akhirpekan123	1
@Akhmad_RC	1
@akhromyn	1
@akhtarfaheem2234	1
@ak.hustler	1
@akhwrangsabrahma1654	2
@akhyarrayhka4048	4
@AkiAki-u9n5p	1
@akialter	2
@akiamendoza8859	1
@akibherman9063	1
@akibjawad146	2
@AkiBoy006	1
@akidd19	1
@aKidNamedBrady	1
@akifaiman7388	2
@AkifErkam	1
@Akif_Faisal	2
@AkifMohammed-AM	1
@AkihabaraWasteland	1
@akiharuse	1
@AkiiiiDesu	1
@AKIJAENTTI	1
@AkiKii519	1
@AkilaAriyathilaka	1
@akilamin9831	1
@akilauyanwatta	1
@Akilesh124	1
@akiller28	1
@akimbriormarak4306	1
@AkimDemeter	1
@akimezra7178	1
@Akimikinaak	1
@akimpng	1
@akinaguda	1
@Akina-starr	1
@akinchan9964	1
@akinoshimo	1
@AkinUthman	1
@aki-o2i-i9l	2
@akio6657	1
@akiokoh7481	1
@AkioriSakura	1
@akiosterrdev	1
@akiotatsuki2621	1
@akioyamazaki6846	1
@Akipogii	1
@-_-Akira	1
@akira2477	1
@akira4142	2
@akira6457	1
@Akira6Checks_UVS	1
@akiraarends2996	1
@akirachisaka9997	1
@Akiraheaven	1
@AkiraKiUchiha	1
@akirakon9380	1
@Akira-kun015	3
@akirami1	1
@Akiraspin	1
@akira-xo9rs	1
@akiraxx9855	1
@AKirbyInAlbania	1
@AkisawaShow	1
@akisilva	1
@akistee	1
@AkitaWash	1
@akiteruapologist2820	1
@akithered	1
@akitokoru4650	1
@akitoyami4284	1
@akivaabraham7739	1
@akivapilot	1
@AkiyamaMio_k-on	1
@AkizukiPriconne	1
@AKK1RRAKNIGHT	1
@Akk414_	1
@akkanation1913	1
@akkarga990	1
@_Ak.kazuya_	1
@akkid-k6s	1
@akkie97	1
@AkkiGamer4	1
@akkireddyprakashnaidu9194	1
@akko513	1
@akkozx	1
@akkysonune8826	1
@Akkznxn	1
@aklaft	1
@AkleAnju-i1s3u	1
@AK-lo8hd	1
@aklokoth	1
@ak-lp7fx	1
@akmalas4628	1
@AKM_glacier_editz	1
@AkmikzeNull	1
@aknagaming2213	1
@AKnightGoat	1
@AK-ny5bz	1
@akogarehouse	1
@AKokonelis	1
@akoladebode-ajayi327	1
@akomako1196	1
@akombalasau4022	1
@akongas	1
@akonikane	1
@AK-oo4co	1
@akopotato	1
@akopval	1
@akorthouwer	1
@AkosiC-2414	1
@AkosiJeThro	1
@akosipav	1
@akositayut	1
@akoskintzel3306	1
@akoslosonczi8704	1
@AkosLukacs42	1
@ÁkosPapp-b1j	1
@akos-szeret-hus	1
@akoto090	2
@akp7626	1
@AkPK369	1
@akpokemon	1
@akporraphael9069	1
@AKProductionsTelugu	1
@Ak_Qrr	1
@akraken9057	2
@akramabdiwahab9972	1
@AkramBaghor	1
@akrambakri624	1
@akrambendali8295	1
@akrambenghanem1490	2
@akramkimou23	1
@AkramRahmanov	2
@Akram_Saeed	1
@AkramSaheb	1
@akramshadidawud	1
@AKReditdz	1
@akregado993	1
@AKRIDASGAMWEKSOGIINI	1
@AkronBaja	1
@aks7451	1
@Aksalic	1
@aksamitnaPiesc	3
@Aksel625	1
@AkselBBredahl	1
@akselcg01	1
@akselinyrhinen9739	1
@akselor	1
@Aksfl440	1
@akshaibabu1753	1
@akshaikumar7966	1
@akshaj1122	1
@akshajaniket2538	2
@akshajhui	1
@AKSHAR_THE_CHAMP	1
@akshat1024	1
@akshat7923	1
@akshat8586	2
@akshatbothra2020	1
@akshatgoel6059	1
@akshatjauhari3906	1
@akshatkumar7526	1
@akshatmehra3951	1
@Akshat-o1w	1
@AkshatPatil-ck2zg	1
@akshats599	1
@akshatsingh0	1
@akshatvirmani569	1
@Akshatwe9	1
@Akshat-y3d	1
@akshatyadav1115	1
@akshay2298	1
@akshayanil3584	1
@akshaybhawar842	1
@akshaychavan9884	1
@akshaydamle95	1
@akshaygupta5911	1
@Akshay-i1e7s	1
@Akshay-j8d7h	1
@akshayjoshyk66	1
@akshayk5159	1
@akshaykadam2222	1
@akshaykapse2845	1
@akshaykumarr7541	1
@akshaykurale1475	1
@akshaymemane7963	1
@akshaymishra2685	1
@akshaynair7167	1
@akshaypv1313	1
@akshayrajan8793	1
@AkshayRB-k4u	1
@akshaysa1586	1
@Akshaysainicomedy	1
@akshayt4558	1
@Akshaytg	1
@akshayumbare	1
@akshayy_xd	1
@AkshdHehe	1
@aksheedhaider6988	1
@akshit318	1
@akshitmittal76	1
@Aksiu7-editz	1
@Akskdkenebbdhs11	1
@ak_slash	1
@Ak-sm2qu	1
@aksme7077	1
@aksmith2001	1
@aksuJ	1
@aksukovala181	1
@AksuLightning	1
@Aksunkuvat	1
@aks-xl1in	1
@AkTaSbOy	1
@AKTechIT	1
@-aku2805	1
@AkuaBTC	1
@akube5605	1
@akubi1026	1
@akudamatada1	1
@AkueiAlith	1
@AK-uk3uu	1
@akuku7815	1
@akuma2918	1
@aku_mado	2
@Akumarupup	1
@AkumaTenshi1st	1
@AKUMdeebutox	1
@akuminata	1
@akumpi	1
@AkumuNoShi	1
@AkumuNyaaaa	1
@AkuMusical	1
@akunekochan	1
@akuntumbal1485	1
@akuoko_konadu	5
@Aku-pm8cp	1
@AkuPunyaIDLain	1
@Akuryogachatopia	1
@Akuzastar	1
@AK-vx4dy	1
@akwhit3107	1
@akwrightd	1
@aky-c4	1
@akymrinkovsky289	1
@akyumurcak	1
@akywongster	1
@AKZ.ALBIN.12345	1
@AKzera	1
@Akz-s3r	1
@akzu-_-2156	1
@al0shehri	2
@Al0str0ss	1
@Al13n1nV8D3R	1
@AL1F3243	1
@al1irudh	1
@Al2Klimov	1
@aL3891_	5
@Al3abs	1
@al3mwoods	1
@al3nmicl	1
@Al3nSmith	1
@al3x-.	2
@Al3x1066	1
@al3x.4ndru	1
@al4x5	1
@al-5001	2
@al75an	1
@al8905	1
@al.9707	1
@ala4737	1
@ALA87	1
@AlaaGhoul-v1w	1
@AlaaZGaza	1
@Alabala_2025	1
@AlabamaTonya77	1
@alabastersnowhill4484	1
@alaboedwin3922	1
@alabrrmrbmmr	1
@Alacritous	1
@aladdinjegham6982	1
@Aladdinsane64	2
@aladimneto	1
@alaeddi6397	1
@ala-f5x	1
@Alagaust	1
@Alaguapatos02	1
@alagudrem	1
@alahna	1
@alaindeschain2736	1
@alaingraham	2
@alainkimbu	1
@AlainLafond	1
@AlainVerse-u5o	1
@Alain-x8t	2
@ALAK5555	1
@Alakazzam09	1
@alalal123421	1
@alalalal5952	1
@al_alan_73	1
@al_alemania	1
@alamin104	1
@ALAMIN_FFI	1
@al-aminhussain8052	1
@alamistheking	1
@alamosdark4517	1
@alamputraaf	1
@Alan157	1
@alan199360	1
@alan2here	2
@Alan64-he1jd	1
@Alan7A	3
@alana314	1
@alanaallison6611	1
@alanalain4884	1
@alanalot	1
@alanamacneill88	1
@alananderson2567	1
@alananisimov	1
@alanarcher	1
@alanaveebee5972	1
@AlanBaum	1
@AlanB-h3j	1
@alanbryant1330	1
@alanbyg	1
@alanc6781	1
@alancamacho2762	1
@alanchung	1
@alancito98	1
@AlanColder	1
@alanda32	1
@AlanDampog	1
@AlandasOvelha	1
@AlanDevOps	1
@alandiaz8171	1
@alandominguez8794	1
@alan-dr6oq	1
@AlanEditsCars	1
@Alanek12	1
@alanelgaming1347	1
@alanestes1008	1
@alanflood8908	1
@alanftm	1
@alang8686	1
@AlanGamblePictures	1
@alangkansrisuwor5480	1
@alangriffin2711	1
@alanh4471	1
@Alanhallow	1
@Alan_Hans__	1
@alanharris3575	1
@alanhaskic2701	1
@alanhat5252	2
@alanhilder1883	3
@AlanHMartin	1
@alanholguin3609	1
@alanhong99	1
@AlanHurdle-x1s	1
@AlaniGirly12	1
@Alan-ik9lo	1
@Alan_in_Portland-78	1
@AlanKeefe-x6v	1
@AlanKetzer	1
@alankingston1388	1
@alankyle5494	1
@alanli8991	1
@AlanLin1995	1
@Alan.livingston	1
@Alanlugones_XD	1
@alanmacdonald1457	1
@alanmay7929	1
@Alanmaycry	1
@alanmcentee9457	1
@alanmcmillan6969	1
@Alan_Mhd	1
@AlanMillerFencepost	1
@Alan-ml8vq	1
@alanmlkbanda	1
@alan_moon2004	1
@AlannaRae-e5i	1
@alannemehreviews9536	1
@alannoctave	2
@alanoliver5771	1
@alanoudstare	1
@Alanpie314	1
@Alan-ps5iv	1
@alanraymundo	1
@Alan.Redwood	1
@alanrhythm7	1
@AlanRipman	2
@alanruiz5065	1
@alanshenoy5678	1
@alanshoebridge1927	1
@alanshori_7	1
@alansiwarskill5608	1
@Alanskiii-j7l	1
@alansmith6327	1
@alansmithee419	1
@AlanStryman	1
@alantaylor353	1
@AlanTheBeast100	5
@alan_think	1
@alanunruh7310	1
@alanvillarreal5727	1
@alanwakeup3344	1
@alanwattswasntwoke	1
@alanwayne366	1
@alanwebbguitar	1
@alanweiman1521	1
@alanx4121	1
@alanxoc3	1
@alarastaff	1
@alargecookie	1
@alaricwilli6482	1
@alaridkonz	1
@alarik95	1
@alarma808	1
@alarmclock3568	1
@AlarmingTwitch	1
@Alarnos7	1
@-alarsha-9154	1
@alasdairgodewife8534	1
@alasdairmacintyre9383	1
@AlasdairXIV	2
@AlaskaBullWorm2	1
@AlaskanGamerGuy	3
@alaskayoung4506	1
@AlaskiaVR	1
@alastair415	1
@alastairsmith2173	1
@alastairward2774	1
@Alaster-	1
@Alasterplayz	1
@alastor0047	1
@alastor2575	1
@alastor6673	1
@alastor9525	1
@alastorgdl	2
@Alastor-h2b	2
@alau5643	4
@ALaughingWolf2188	2
@alaughtale	1
@alawitubeoriginal	1
@alaxn542yyggghbhbbbbbbbnnj	1
@alayyapriester5984	1
@alazarbisrat1978	1
@AlazarGetachew-v2h	1
@alazaroy_1936	1
@AlbadoloresHoyos	1
@albak0	1
@albamiles8080	1
@albanaprafti	1
@Albaniaball73	1
@AlbanoCatumbela	1
@AlbanOsmaniroland	1
@Albanus15	1
@Albaraa	1
@albase1559	1
@Albatrossamongus	3
@AlbaVanegasmejia	1
@albe7568	1
@Albedowo	1
@Albee213	1
@AlbeeKnowsNothing	1
@albeit1	1
@AlberLopez-d1h	2
@albert12796	1
@albert21994	1
@albert5205	1
@AlbertAdamsLincoln	1
@AlbertaGeek	2
@albertakatsuki	1
@Albertandearthie	1
@AlbertaPL	1
@AlbertBacani-w5y	1
@AlbertBalbastreMorte	1
@albertbindot215	1
@AlbertBirk-w7d	1
@AlbertBuckinghamEllison	1
@Albert_Camuk	1
@albertcamus6611	2
@albertchosenko8514	1
@AlbertCloete	2
@albertdadzie4567	2
@albertdevitt5307	1
@AlbertEinstein1879Sci	2
@alberteinstein3148	1
@albertfanmingo	1
@albertfinkelstein	1
@Albert-gm9so	1
@albertgonzales84	1
@alberthishis	1
@AlbertHofmann-x1l	2
@alberthugston9657	1
@albertkam191	1
@albertkamali7584	1
@AlbertKing_744	1
@albertkraft8415	1
@albertlorraine303	1
@Albert-mg9ns	1
@Albert-MoDz	1
@AlbertNA-o1m	1
@AlbertoALeon-pd2kn	1
@albertoalvarez3311	1
@albertoalves1063	1
@albertoarmando6711	1
@albertobec9443	1
@albertocordero2628	1
@albertoderfisch1580	1
@AlbertoESCsu	1
@albertofernandes5082	1
@AlbertoFolres	1
@albertograssi1991	1
@AlbertoInfarinato	1
@albertoj.mollinedo4116	1
@AlbertojrRosaAretz	1
@albertolabra9512	1
@albertomilagros2382	1
@albertomolina2113	1
@albertooo880	1
@albertooresteslopezrosell6560	1
@albertoplatas	1
@albertoplex	1
@albertorasa6220	1
@AlbertoRodriguez-n7b	1
@albertos8k	1
@Alberto_Salazar	1
@AlbertoSCA	1
@albertoserrano-chavez2831	1
@albertosierraalta3223	1
@albertozanatta95	2
@albertramlakhan2366	1
@AlbertRobinson-v3y	1
@albertschnerr1648	1
@albertsfistbs	1
@albertsitoe7340	1
@AlbertSloth	1
@AlbertTrippinOnestone	1
@alberttryhal	1
@albertvsmofgO9872	1
@albertwang9756	1
@AlbertWeirdo	2
@albertwoodeasy9021	1
@albey7809	1
@albezan4732	1
@AlBeZed	1
@Albi91vl	1
@albiceleste101	1
@albieclementi	1
@AlbieMcCulloch	1
@albin2591	1
@AlbinacersGaming	1
@Albin_Evald	1
@albinjacobjohn	1
@albinjt	1
@AlbinoGuinePigSorrow	1
@AlbinoKiwi-v5o	1
@AlbinPeterChinnamma1991	1
@albinscott	1
@albinz8	1
@albinziegelakalegomoccustom	1
@AlbionDreamer	1
@albionparrot5607	1
@AlbionPashaj	1
@albishpani420	1
@albizu	1
@albomusicman85	1
@albopastrami9269	1
@AlBoulley	1
@albratish	1
@Al-Brewster	1
@albrittbrat	2
@albroogy	1
@albrtjoseph3289	1
@Al_Buddy_Lee315	1
@AL_BUNDY-4T	1
@albyertor	1
@albyshinyfield8841	3
@albytheresoon	1
@alc.2072	1
@Alca875	1
@alcalc8938	2
@Alcaline-hu2vu	1
@Alcansito11	1
@alcar32sharif	1
@alcasorrrr	1
@Alcatraz757	1
@Alcatraz760	1
@Alcatraz-a	3
@Alccce	2
@Alceste_	1
@alch3myau	2
@alchemeddy	1
@alchemi8085	1
@Alchemic09	1
@alchemicprecursor	2
@Alchemist_171	1
@alchemist27ish	1
@alchemist4160	1
@Alchemiszt	1
@Alchemy-w3r	1
@alco785	1
@alcodark	1
@alcoh0licdragon	1
@alcoholdonkey	1
@AlcoholicJugg	1
@alcoholicXrex	1
@alcojack8311	1
@AlcottJake	1
@AlcreedFlores	1
@alcremiealicia7789	1
@ALCtube100	1
@ALCvideoprofile	1
@Alda2873	1
@aldairch5716	1
@Aldanari-h7v	1
@aldarrin	1
@aldawgd	1
@aldber8590	1
@aldcar	1
@alde1611	1
@Aldeeno5633	1
@aldeithegreat	1
@aldermunguia313	1
@AldeSabido26	1
@aldi6622	1
@Aldinsverden	1
@alditahervianto9179	2
@Aldiysff	1
@aldizzert1342	1
@Al-dn6gw	1
@aldnav	1
@aldo6532	1
@Aldo-A113	1
@AldoAnz	1
@AldoApachi-	1
@AldoCoQu	1
@aldomandovani	1
@aldomartin2707	1
@Al_Domini	1
@AldorEricsson	1
@aldosusantos	1
@aldoust	1
@AldraineGarcia	1
@AldrarieRoselph	1
@Aldraz	2
@AldrianGrose92	1
@aldrich1973	1
@aldrickdev	1
@aldrinaureus7255	1
@al-du6lb	2
@ALDUIINN	1
@aldwin360	1
@aldyreal	1
@aleanscm9350	1
@aleatoriedadeciclica	1
@aleattorium	1
@ALeaud	1
@Aleblanco1987	1
@AlEbnereza	1
@alebrozzo	1
@alec4672	2
@alecaishere	1
@alecausderbeek5918	1
@AlecAzuara	1
@alecboi777	1
@alecc1983	1
@aleccope1320	2
@Ale-cd2wt	1
@alec-dora	1
@aleceastman	1
@alechappy2070	1
@AlechiaTheWitch	1
@AlecInstant	1
@Alecitos_lab	1
@alecj3454	1
@aleckane404	1
@aleckg5291	1
@Aleck-k8w	1
@alecklassen2737	2
@aleckpons2773	1
@aleclanter2177	1
@alecluce	1
@AlecPingas1738	1
@AlecPlaysTheGame	1
@Alec_Reaper	1
@Alecrya20	1
@alecs7506	2
@alecsbut	1
@alecscaba	1
@AlecThilenius	1
@alectrainz823	1
@alecvardanian	1
@Alec-x5l	1
@alecyeasting6432	1
@aledelledera4843	1
@AledgeMythril	1
@Ale-e1o7f	1
@alee_enn	1
@aleejandrodelgado2563	1
@aleela1251	1
@Aleena_Bina_Kosimo	1
@aleeph4919	1
@aleeyazmi	1
@alefander4622	1
@alefdoreu	1
@Alefjan	1
@aleflxr	1
@alefsantos835	1
@alegalfa1510	1
@a_legitimate_salvage	1
@alegitnolife	1
@alehandro83847	1
@AleixvbvbcGbbn	1
@alejad0og	1
@Alejandraale2988divine-r9e	1
@alejandrarodriguezsanchez1930	1
@AlejandrinaArmenta	1
@Alejandro19991023	1
@alejandro7599	1
@alejandroaguilar1930	1
@alejandroalzatesanchez	2
@alejandroangarita5364	1
@alejandroblanco4428	1
@alejandrobonilla7759	2
@AlejandroCaicedoPUJ	1
@alejandrocanterolopez5802	1
@alejandrocoitinho4071	1
@ALEJANDROELPUMA50	1
@alejandroenriquez4021	1
@AlejandroGarcia-cy8uy	1
@alejandrogarcia-yg6jv	1
@AlejandroGonzalez-ej4lp	1
@alejandroherce3528	1
@alejandrohuanca9454	1
@alejandroill	1
@Alejandro-iq4ue	1
@AlejandroJavierHernandez-si4qz	1
@alejandrolasernasilva6488	3
@alejandrolorente5314	1
@alejandromartin8347	1
@AlejandroMendoza-z4i	1
@alejandromolina7270	1
@alejandronieto576	1
@AlejandroNúñezÁlvarez-i7s	1
@alejandrooceguera4656	2
@alejandroochoagonzalez1494	1
@alejandro-op4qg	1
@alejandrooro9932	1
@Alejandro-pt5fc	1
@Alejandro-q2p2q	1
@alejandrorivera2734	1
@Alejandrorosendo-uf3dv	1
@alejandrorueda5028	1
@alejandroruiz8617	1
@alejandrosegato671	1
@AlejandroSilva-mr7yy	1
@AlejandroVegaRamirez-l3z	1
@alejandrovelazquez6475	1
@alejandrovillegasgazquez9691	1
@alejob54	1
@alejoherrera4920	1
@alejomarrazzopuente	1
@alejominones8310	1
@alejomunoz5828	1
@alejoSOTOful	1
@alejovalentinnunez2679	1
@alejrandom6592	6
@Alek4275	2
@AlekEagle	1
@alekisaacgamer6908	1
@Alekov_	2
@aleksaarsic3697	1
@aleksakovacevic2146	1
@aleksam1504	1
@AleksandarDjuran-v9r	1
@AleksandarIvanov69	2
@aleksandarmanojlovic4988	1
@aleksandarmarre7878	1
@AleksandarPetrašinović	1
@aleksandarpetrovic6613	1
@AleksandarT10	1
@aleksandartomic5515	1
@aleksanderasimov4899	1
@aleksanderaugestad6695	1
@aleksanderjansson2496	1
@AleksanderKazecki	1
@aleksandermelnikov3041	1
@aleksandersaski5387	1
@aleksandersmirnow2157	2
@aleksanderzawadzki7714	1
@aleksandravonscovich3458	1
@aleksandresakhelashvili9584	1
@aleksandrG	1
@aleksandrgvozd1k	1
@aleksandrmarkov5992	1
@aleksandrolkhovskiy4075	1
@aleksandrsmironovs3566	1
@AleksandrStrizhevskiy	1
@aleksastankovic4808	1
@ALEKSCRAFTPLAYY	1
@aleksei8884	3
@alekseibarulin3511	1
@alekseikovalenko141	1
@AleksejsMakejevs	1
@Aleksey3062	1
@alekseyfedorov3544	1
@alekseykostyuk3806	2
@alekseylunkin	1
@AlekseySH40	1
@Aleksieff	1
@aleksimoose	2
@AleksiReyes	1
@aleksitjvladica.	1
@aleksiy1476	1
@aleksjenner677	1
@alekskroskin6101	1
@AleksMarch	1
@aleksmith3648	1
@aleksosis8347	1
@AleksPopovic	1
@aleksszukovskis9999	1
@AleksWorkshop	1
@AlekThink	2
@alekycarai	1
@alekz112	1
@alekzinhooyt	1
@alel1234	1
@AleLeone09	1
@alem_7230	1
@alemalohe	1
@alemdarkweather9263	1
@alemirdikson	1
@alemonadeep	1
@alemtorsaula	2
@AlenderCI	1
@alengm	1
@AlenHosic-v9n	1
@alenhues8676	1
@alenonimo	1
@alepalexcess	1
@alepantoja	1
@alepaz1099	1
@aleph_17	1
@Aleph_33	1
@AlephCasara	1
@alephii	2
@Aleph-Noll	2
@alephu	1
@AlePinozzo	1
@aleppo5398	1
@Alepro7654	1
@AlePryo82	2
@AL-eq3hm	1
@Alerak	1
@alerapr	1
@aleronupstill9816	1
@alertbri	1
@Alertg-1	1
@alertzack8335	1
@alesboruta	1
@alesch	2
@Alesilhy	1
@alessaespressa416	1
@alessandrabarabino6414	1
@alessandravictoriaASMR	1
@alessandroambrosio	1
@alessandrobasso5197	1
@AlessandroCussino	1
@AlessandroDeCryptoOfficial	1
@alessandrofurcas-n2h	1
@alessandrogalloni2256	1
@AlessandroGenTLe	1
@AlessandroMagisano	1
@alessandromerendino9007	1
@alessandroortiz	1
@AlessandroRodriguez	1
@alessi4249	1
@Alessio22TV_official	1
@alessioalberti7932	1
@alessioandreoli2145	1
@alessiobuonaccorsi6725	1
@alessiolama1231	1
@alessiomuccio2795	1
@ALessOffensiveName	1
@Alestriaclark	1
@alesyabigun6163	1
@AleTecnstuff	1
@Aletheia_3	1
@Alethila	1
@AletxisRosas	1
@aleuskir393	1
@alevitatingtrashcan7023	1
@Alex.0470	1
@alex0589	2
@alex11399	1
@Alex13501	1
@Alex_1729	1
@Alex18442	1
@alex197	1
@Alex2K	2
@alex2official568	1
@alex310	2
@alex3d847	1
@Alex52YT	1
@alex5308	1
@alex557optimusGamer	1
@alex59479	1
@A_Lex661	1
@Alex-69069	2
@Alex700k	1
@alex7602	1
@Alex777real	1
@alex_8146	1
@alex84415	1
@alex-9763	1
@alex98tikh	1
@alexa7857	1
@alexaang9814	1
@alexaapocalypse7058	1
@Alex-abcd	1
@alex-ablecnc5828	1
@alexacadieux-to8du	1
@Alexa-cr1vy	1
@Alexadria205	1
@AlexaDwvalos	1
@AlexAegisOfficial	1
@alexafletcher8991	1
@AlexAhoy1	1
@alexalani_qcm	1
@alexalbrecht5768	1
@AlexAlex10703	1
@AlexAlex-Alex	1
@alexalexes2533	1
@AlexAlex-g2s	1
@alexamandes8872	1
@ALEXAN03R	1
@AlexanahomyMaldonadoHern-si3qf	1
@alexandarvoncarsteinzarovi3723	1
@alexander1989x	1
@Alexander361cmongimmieahandle	1
@alexander45567	1
@alexander58600	1
@alexander73848	1
@alexander_a.	1
@alexandera153	1
@AlexanderAhjolinna	1
@AlexanderA-it9is	1
@alexanderakinbiyi	1
@AlexanderAnthis	1
@alexanderatg6588	1
@alexanderbadboy01	1
@AlexanderBaranski	1
@alexanderbarbe9062	1
@alexanderbarbu9856	1
@AlexanderBasov	1
@alexanderbateman5581	1
@AlexanderBos-m5r	1
@alexanderbuchler4048	1
@AlexanderBukh	1
@AlexanderBurgos-b6u	1
@Alexander-bx4ut	1
@alexanderc9462	1
@AlexanderCapricot-x2c	1
@alexandercarder2281	1
@alexandercarlson919	1
@AlexanderCheong	1
@alexanderchronos8694	1
@alexandercotman2553	1
@alexandercummins	1
@alexanderdevell7538	1
@alexanderdikov9195	1
@alexandere8415	1
@AlexanderEndless	1
@Alexanderesmith	1
@alexanderespinoza	1
@alexanderfazel	1
@Alexander-fq4fb	1
@AlexanderFromTheStarDimension	2
@alexanderfurre8075	1
@alex_and_er_g	1
@alexanderg9670	1
@alexandergeorgiou-z5z	2
@Alexandergreat1984	1
@alexandergrehn	1
@alexandergudym8337	1
@alexanderguerra5462	1
@alexandergutfeldt1144	1
@alexanderhalo	1
@alexanderhemming6148	2
@AlexanderHerrera-c6e5w	1
@alexanderhorner	3
@alexanderhoughton5341	1
@AlexanderH-s4t	1
@AlexanderjamesHerrera	1
@alexanderjohnson2309	1
@alexanderjordan2506	1
@alexanderjr2656	1
@Alexander-k7v7o	1
@alexanderkenway	3
@alexanderkershaw548	1
@alexanderkohler6439	1
@AlexanderKrasikov-v7e	1
@alexanderkrist95	1
@alexanderlachmann7292	1
@alexanderlai9160	1
@alexanderlin1001	1
@alexanderlondonoartunduaga716	1
@alexanderlovegood1512	1
@AlexanderLyta	1
@alexanderm8975	1
@alexandermagnus7384	1
@AlexanderMastrian	1
@alexandermercer5363	1
@alexandermieske797	1
@alexandermikhailov2481	1
@alexandermoody1946	2
@AlexanderMuresan	1
@alexandermushibwe4745	1
@alexandermyburgh1884	1
@AlexanderNash	2
@alexandernaskinov7989	1
@alexandernord7	1
@Alexander-nu9fg	1
@alexanderoberholzer1456	1
@Alexander-oh8ry	1
@alexanderokak5112	1
@Alexander-p1v3q	1
@Alexander-p6v	2
@alexanderpapadopoulos2383	1
@alexanderpayne4652	1
@alexanderpeca7080	1
@AlexanderPennanen-u1z	1
@alexanderpereverzev2237	1
@alexanderphilipp6317	1
@alexanderpope3250	1
@Alexander-py3iu	1
@alexanderrentauskas	1
@alexander_richter	1
@alexanderrodriguezgaviria6231	1
@AlexAnder-rv1gu	1
@alexanders562	1
@alexanders81	1
@alexanders9944	1
@alexander.sabinin	1
@alexandersainchuk4309	1
@AlexanderSalvadorGarciaVazquez	1
@AlexanderSamarth	1
@alexanderschneider3507	1
@alexanderscott2456	1
@alexandersen1072	1
@alexanderseton	1
@alexandersh86	1
@alexandersoltesz8103	1
@alexanderspeigle5062	1
@alexanderst.7993	1
@alexanderstalnacke1319	1
@alexanderstordeur9434	1
@alexanderSydneyOz	1
@alexandertavarez2709	1
@alexander-the-great-v1u	1
@alexandertodorov6373	1
@alexandertugolukov	1
@Alexandertygreat	1
@alexandertz3120	1
@alexandervenugopal3721	1
@Alexander-w7h	1
@alexanderwebster5932	1
@alexanderwetherell4779	1
@alexanderwinn9407	1
@alexanderwolf9408	2
@alexanderx33	2
@Alexander-y9j4k	1
@alexanderyodice1422	1
@alexanderziel3476	2
@alexanderzorkin5395	1
@alexandher-sn3qf	1
@alexandra4evergreat	1
@AlexandraLong-o1d	1
@Alexandra-ng1ih	1
@alexandraportocarrerourday7487	1
@Alexandra-Rex	3
@alexandrarivera9410	1
@alexandrasartinsanity	1
@alexandratanguay6589	1
@AlexandraUnlocked	1
@Alexandre5	1
@alexandre588	1
@alexandrealves866	1
@alexandrebacon6590	1
@alexandreblais8756	1
@alexandredaniel5166	1
@alexandredevito8501	2
@alexandrefernandes6084	1
@alexandregiaccheri	1
@alexandrehayasida1191	1
@alexandrekaminski3527	1
@Alexandre_Keo	1
@alexandrel3804	1
@AlexandreLeite	1
@alexandreliberato265	1
@AlexandreLopsz	2
@alexandremaciel8072	1
@alexandremaricaua3753	1
@alexandreocadiz9967	1
@alexandrepoirier2006	1
@alexandreponce998	1
@alexandrert8252	1
@alexandresen247	2
@AlexandreSk	1
@alexandresoutonogueira7675	1
@alexandretlili775	1
@alexandretremblay3394	1
@alexandretrotel	2
@alexandrevachon541	1
@alex_andrew	1
@AlexandriaAlesana	1
@alexandriabrangwin	1
@AlexandriaFoulks	1
@alexandriamoonshade	1
@Alexandria.Sandiford	3
@alexandrkaligayev3943	1
@AlexandrKovalenko	1
@alexandrofrajitas	1
@Alexandros-d5m	1
@Aléxandros-Iohánnês	1
@alexandroskotrotsos3720	1
@alexandrosmer	1
@alexandrospetax6189	1
@alexandrosweeb8059	1
@alexandrpetrov1110	1
@alexandruapavaloaiei	1
@alexandrubossro	1
@alexandru-cristiansandu1016	1
@alexandrugabrielbisti	1
@AlexandruHodis	1
@Alexandru_Iacobescu	1
@AlexandruIfrim	1
@Alexandru.M.P	1
@alexandru.pavalache	1
@alexandrupohata9235	1
@alexandrupopm	1
@alexandrvasilev2865	1
@alexandrverianov8555	1
@alexandsimba	1
@AlexAnteroLammikko	1
@AlexaOleksa	1
@alex.arango	1
@alexaries86	1
@AlexaRouse-fh9xd	1
@AlexArqui	1
@alexathecoolperson	1
@Alexathefly	1
@alexaustinquintin4891	1
@alexauxechecs	1
@alexa-vw4kr	1
@alexawhereareyou	1
@AlexBanks-e4o2l	1
@alexbarrett9856	1
@alexbass9323	1
@Alex-bc3tt	1
@AlexBeaudrie	1
@alexbeer4705	1
@alexbeleiu258	1
@alexbelloli6758	1
@alexberanjia6784	1
@AlexBesogonov	1
@alexbetsworth5357	1
@AlexBeunker	2
@alexbibby9641	1
@alexbinder	1
@Alexbl100	1
@Alex-bl5xn	1
@AlexBlackRaven	1
@alexblickhan5175	1
@AlexBMJ01	2
@alexbob7032	1
@AlexBogues	1
@alexboros1751	1
@alexbowman4392	1
@alexbown9689	1
@AlexBrennan-d1o	1
@alexbrodmen	1
@alexbromberek1234	1
@AlexBrugh	1
@alexbuckenham1663	1
@alexbuckley1215	1
@alexc650	1
@alexc8992	1
@alexcaffri9091	1
@AlexCain-ej5ev	1
@alexcamacho7569	1
@AlexCarry-d1i	2
@alexcarter2461	1
@alexcasillas6973	1
@AlexCasimirF	1
@alexceinramospalma6038	1
@alexchandler3222	1
@AlexChecker0	2
@alex_cheeseboy	1
@alex-chicago-80	1
@Alexclavis	1
@alexclayton6785	1
@AlexClouston	1
@alexCoby4222	1
@alexcolombari7218	1
@alexcornflow	1
@AlexCorporations	1
@alexcovid1912	1
@alex-craft	1
@Alex-cs7bd	1
@AlexCurrie-gh4tp	1
@alexczajka5623	1
@alexd6534	1
@Alexdacat8	1
@AlexDahlZ	2
@alexdanielewitz4555	1
@AlexDaThik	1
@alexdavidson56	1
@alexdefoc6919	5
@AlexDeMiro	1
@alexdenton6586	2
@alexdeprossino7214	1
@alexderp2022	1
@alexdev404	2
@alexdevloo3459	1
@alexdew881	1
@alexdiezg	1
@AlexDimok525-e5s3z	1
@AlexDincht	1
@AlexDlugosch	1
@Alexdoru100	1
@Alex_Doscious	1
@Alex.d.Pickle	1
@alexdre	1
@alexds9	2
@Alex_Dul	1
@alexdunn9349	1
@AlexDuWaldt	2
@alexDz0	1
@Alex-e9r8o	1
@Alexebirder	1
@alexecutioner6263	1
@AlexEdits782	1
@alexeecs	1
@AlexeiAlexeus	1
@alexeihensel6257	1
@alexeisaular3470	1
@AlexeJade	1
@Alexelerizzo	1
@AlexelMinion	1
@alexes537d	1
@Alexevan78	1
@Alexey0795	1
@alexeygutikov1263	1
@alexeyivanov-golitsin955	1
@alexeykurnosov9379	1
@alexeyl22	1
@AlexeyMinov2	2
@alexeynaidenov4697	1
@AlexeySkachkov-d6l	1
@alexeysukhanov3078	1
@alexeytsar	1
@alexeytsybyshev9459	1
@AlexEzmaRey	1
@alexfarseer3416	2
@alexfelder2	1
@alexfielding7191	1
@alexflorea8001	1
@alexflores3136	1
@alexforester-t2s	1
@alexfortano153	1
@alexfoxpoker	2
@ALEX-fq7hh	1
@alex_fred1	1
@AlexFrmMicrosoft	1
@AlexFromDubai	1
@Alex_from_VD	1
@AlexG___	2
@Alex-G23	1
@alexg4711	1
@alexg5653	1
@alexgachanja7705	1
@AlexGAlexG	1
@Alexgameclips	1
@alexgansert9936	1
@AlexGarcia-ir7fl	1
@alexgardener46	1
@alexgaudette988	1
@alexgee3111	1
@alexgee6393	1
@AlexGeek	1
@alexgis6982	2
@alexgjeka4786	1
@alexgochez01	1
@alexgochez5996	1
@alexgor2011	1
@alexgough641	1
@alexgrant8165	1
@alexgravitos	1
@alexgray7329	1
@alexgreen6146	1
@alexgreenwood3868	2
@AlexGrom	1
@alexgruia88	2
@alex-h1u8t	1
@alexh3158	1
@alex-h3x1b	1
@alexhartan	2
@alexharvey9721	1
@alexhawes6690	1
@alexhayden2303	1
@alexheidkamp5925	1
@alexhek	1
@AlexHerlan	2
@alexheyne5496	1
@alexhiatt3374	2
@Alex-hl8hs	1
@alexhoang1601	1
@alexhoffmann9319	1
@alexholker1309	1
@AlexHolzner-b7l	1
@alexhope212009	1
@alexhopkins9615	1
@AlexHorton-v8j	1
@alexhoule858	1
@Alex-hr2df	2
@alexhri	1
@alexhulinsky7954	1
@Alex-i2v7i	1
@alexiachimciuc3199	1
@alexiacoombes1077	1
@alexiboris6937	1
@Alexichi8377	1
@alexi.de.charle	1
@alexidesvignesnouvel1425	1
@Alexifeu	5
@alexig1840	1
@Alex-ik8pr	1
@alexikolick8656	1
@alexilchenko5415	1
@Alexilund	1
@alexinchinatown	1
@Alexinnj	1
@alexinulla7839	2
@AlexIoffe	1
@AlexiosReimdall	1
@alexisacevedo8016	1
@alexisbruno9865	1
@alexisbudzisz	1
@alexiscadorette6848	1
@alexiscarbajal1282	1
@alexiscardenas2444	1
@alexiscrualnvseorm4775	1
@alexisdalmeida2147	2
@alexisdamnit9012	1
@alexisdupuis5616	1
@alexis_evans1	1
@alexisg1147	1
@alexishernandez9738	1
@alexis-j3z	1
@alexisjohnston3818	1
@alexiskaner	1
@alexislopezmarquez2841	1
@alexismeraz5796	1
@alexispa41	1
@alexispotter1151	1
@alexisramosmori9295	1
@AlexisRoucourt	1
@alexissercho	1
@alexissmall8756	1
@alexissvetrev	1
@alexisthelegend3467	1
@alexisvulfiaawenfern8112	2
@Alexis-x5q	1
@alexisyamamoto-y7j	1
@alexizdiscaya8083	1
@alexizvely	1
@alex-j1d1z	1
@alexj7648	1
@alexjames8188	1
@alexjamesbilodeau	2
@alexjaquez9886	1
@alexjasonmohr	1
@Alex-jk2qy	1
@alexjohnsonjustme	1
@AlexJPetrov	1
@alexjustalexyt1144	1
@Alex-jw1np	2
@AlexKadeby	1
@AlexKaffier	1
@alexkbeck	1
@AlexKee	1
@alexkennedy_nba	1
@AlexKidd4Fun	1
@alexkimmerly9490	1
@alexkimpe	1
@alexklein455	1
@alexknj1	1
@AlexKr.	1
@alexkrass1203	1
@alexkrupp5516	1
@alexksader_zp8554	1
@AlexKucera	1
@alexkyte4093	1
@alexlandherr	1
@AlexLaskarzewski	1
@Alexlavalampa	1
@alexlefevre3555	1
@alexleo4863	3
@alexlevkovych7759	1
@alexlexo59	1
@AlexLeynes	1
@alexljung5517	1
@Alex-ll3df	1
@alexlo7708	1
@alexlocke6529	1
@alexlol5062	1
@alexlotion5055	1
@AlexLovejoy-n5d	1
@alexlozhar6724	1
@AlexLuthore	2
@alexm.3968	1
@alexm4808	1
@alexm8807	1
@alexmaccity	1
@AlexMachado-i9s	1
@alexmagus4437	1
@AlexMakesGames40	1
@alexmar5543	1
@alexmarks8285	1
@alexmarquez572	1
@alexmarsch1877	1
@alexmarson3099	1
@alexmartineau1060	1
@alexmaster123ify	1
@alexmathwew	1
@AlexMatic-kh6ok	1
@AlexMatthews-f7d	1
@AlexMatusov	1
@AlexMcDaniels	1
@alexmckinley79	1
@alexmcleod01	2
@alexmcleod9609	1
@AlexMercedCoder	1
@AlexMicaf	1
@alexmihai22	1
@alexmikhylov	2
@alexmiller2204	1
@alexmiller5162	1
@alexmiller9950	1
@alexmillikan9653	1
@Alexminecrafter1	1
@alexmitchell4269	1
@AlexMocanu-x8d	1
@AlexModine	1
@AlexMogavero1994	1
@alexmol	1
@alexmolyneux816	1
@AlexMoor221	3
@alexmorton5556	1
@alexmoscatelli149	2
@alexmroz4143	1
@alexmsc5753	1
@alexmshaffer	1
@alexmugnaioni4820	1
@alexmunrocue7991	2
@alexmuresan3500	1
@alexn3o	1
@AlexNaanou	1
@alexnagle575	1
@AlexNavarroIniesta	2
@alexnepu1561	1
@Alex-ng2sf	1
@alexnicholas8003	1
@alexnik1181	1
@alexnik9332	3
@alexnistor2836	1
@Alex_N_Lowe	2
@alexnope2223	1
@Alex-o2q9l	1
@alex-o3e9r	1
@alex-o5u3w	1
@alexoakleymusic6850	1
@alex_ob1	1
@alexobrien8802	1
@alexocaber	1
@alexodocharty2884	1
@AlexofZippo	2
@alex-oh8bh	1
@alex_oiman	2
@alexoja2918	1
@alexojeda4278	1
@alexolivera3151	1
@Alexolotol_editz	1
@alexoloyede	1
@alexong6055	1
@AlexOrtiz-xf1rw	1
@Alex-os5co	1
@alexoshdx	1
@alexosorio7860	1
@alexoverstreet	1
@AlexOxygen	1
@Alex-p4h4f	1
@alexp6310	1
@alexparnall1581	2
@alexpascal5403	2
@AlexPerez-km5pj	1
@AlexPerrine	1
@alexpeternel6498	1
@alexpetrenchi	1
@alexpetrovich85	1
@alexphelps7042	1
@alexphoenician7811	1
@alexpirine	1
@alexpkeaton4471	1
@Alex_Plante	1
@Alexplays121	1
@AlexPlaysStuff	1
@alexplorer	1
@alexplugaru2679	1
@alexpolhos6252	1
@AlexPotani-ul6bx	1
@AlexPresa	1
@AlexPrivett	1
@alex.prodigy	1
@alexpuhringer3721	2
@alexqaliashvili9051	1
@Alex-qd7ly	1
@alex.quiniou	1
@Alex-R164	1
@Alex-r8i5h	1
@alexrains1893	1
@AlexRamirez.-.	3
@alexrator7674	1
@alexrausa8397	1
@alexrawlings541	1
@AlexR-c4q	1
@alexrechkin7	1
@alexreise2696	2
@AlexRian_	1
@alexrice1870	1
@alexrichard2447	1
@alexrico7929	1
@alexriofrio5754	1
@alexriyb	1
@Alex-rj8vl	1
@Alex.R.L	1
@Alex-rl4uy	1
@alexrobertson1615	1
@alexrobidoux2062	2
@alexrobidoux234	1
@alexrogers1855	1
@alexrogers777	1
@alexromeu7395	1
@alexron42	1
@alexrouthier6811	1
@alexruiz4312	1
@alexruiz5972	1
@alexrussell3907	1
@alexs1007	1
@alexs1972	1
@alexsalazar5161	1
@alexsales1597	1
@alexsalo5185	1
@alexsansoneyt2623	1
@alexsarkol86	3
@AlexSav	1
@AlexSchendel	1
@alexschleich	1
@alexschott9567	1
@alexschramm7192	1
@alexschubert	1
@AlexSCSI5	2
@alexseguin6411	1
@AlexSegúnlaciencia-j4k7s	1
@alexsere3061	1
@alexshanplayz	1
@AlexShevchenkoUA	1
@alexsim3540	2
@alexsim9640	1
@AlexSinclair	2
@alexskotty	1
@AlexSkydra	1
@alexsmith-lj9yk	1
@alexsmith-tuhou6632	1
@AlexSmith-zc6mj	1
@AlexSM_Official	1
@alexso7452	1
@alexsomedays	1
@AlexSomers-d2n	1
@alexsoundstuff	1
@alexsoze23	1
@alexspartichino4155	1
@alexspritnuts9487	1
@AlexSprok	1
@alexst.5991	1
@alexstergaard3551	1
@alexstone691	1
@alexstraz	2
@alexstromberg5865	1
@AlexStudioPhobic	1
@alexstudios8366	1
@alexsudati	1
@AlexSu-r8l	1
@alexsurguy	1
@alexsus4393	1
@alexswisher93	1
@alext2k3	1
@alext7074	1
@alextashu1652	1
@Alex_Tavera	3
@AlexTBK	1
@alextennyson6728	1
@alextfife	1
@AlEx_The_Aut	1
@alexthelion335	1
@alexthfp9553	1
@alexthotse5487	1
@alexThunderrr	2
@alextiedt4481	1
@alextirendi5412	1
@Alex-tm4fz	1
@Alex-to4iz	1
@alextonev3017	1
@alextonyc	1
@alextowunyin	1
@alextriam	1
@Alextrino	1
@alextrusk1986	1
@alextsitovich9800	1
@Alex-tu5vu	1
@AlexTurpin	1
@alextwig	1
@AlexTwigg_films	1
@alextymoshenko1170	1
@alex-u3k4w	1
@Alex-u6y6s	1
@alexUKguy	1
@Alex-um6mx	1
@AlexUnknown37	1
@Alexus1024	1
@Alex-us4on	1
@alexus6237	1
@alexusman	1
@alex-uw4mm	2
@alexv8940	1
@alexval766	1
@AlexValdezJr-t3b	1
@alex_vande	1
@AlexVazquez-vh9zr	1
@alexvg545	1
@Alex-vg7uu	1
@alexviniychuk4459	1
@alexvlk	1
@AlexVlogsHD	1
@Alex-vr8gw	1
@AlexvrbX	1
@alexvysokai3667	1
@AlexW-	2
@alexw9869	1
@AlexWade-p6d	1
@AlexWalkerSmith	1
@alexward1003	1
@alexwasdreaming9440	1
@AlexWatney	1
@Alex-we9hl	1
@alexwebb6860	1
@alexwhite3436	1
@alexwilhite8874	1
@alexwilkins558	1
@alexwilkinsgames	2
@alexwilson1793	1
@AlexWise-ed1zk	1
@alexwood9941	1
@AlexWoodGarbage	1
@alexwoxst	1
@alex__x_1563	1
@Alex-x1n1k	1
@alexx4857	1
@Alexx-8212	1
@alexxagc	1
@alexxandra1473	1
@alexxavids	1
@alex.xavier	1
@alexxbensonn	1
@alexxdegreat1252	1
@Alex-xl4xe	2
@alexxlea2516	1
@alexxmirny	1
@alexxortv	1
@alexXove	1
@alexxrat3038	1
@alexxx4434	2
@Alex-y5h7q	1
@AlexYarmak	1
@Alex-ye2hh	1
@alexyguadalupe3456	1
@Alex_yk-x6q	3
@alexz6127	1
@AlexZanderMuro	1
@alexzeqa7220	1
@alexzhylinskyi	1
@Alex-zi1nb	1
@alexzoglman9483	1
@alexzoin	1
@Alexzone45	1
@Alex-zu9cm	1
@alexzuniga1610	1
@alexzzz163	1
@aleyna1869	1
@aleyoakenshield5384	1
@aleza8868	1
@alezzeldin9298	1
@alezzzh	1
@alf3071	1
@alf73	1
@alfa0mega74	1
@Alfaah90	1
@alfabanane	1
@ALFABETAS999	1
@alfa-century	2
@alfaex.	1
@alfalfachomusuke8258	1
@alfalfa-u6k	1
@alfana15	1
@alfandosavant4639	1
@alfaqirilallah413	1
@al.Farabi	2
@alfarizi2179	1
@alfarodominguezarturo2532	1
@AlfaroJulio	1
@alfascorpi	1
@Alfasecundaria	1
@alfashow2439	1
@AlfaStation1	1
@alfatech5252	1
@Alfazgamingzone	1
@ALFBIKES	1
@alfezzo17	1
@ALFHA285	1
@alfiandihestiono2165	1
@alfianvalentine7920	1
@Alfidger	2
@alfiebeelzebub	1
@alfiegeo1781	1
@alfiegordon9013	1
@alfieisherwood5568	1
@alfie-k3i	1
@alfielight4713	1
@AlfieMakes	2
@AlfieMcSloy	2
@alfieredman892	1
@alfinpogform4774	1
@AlfKingJusLaf	1
@AlfKTrout	1
@alfonsczio	1
@alfonsfalkhayn8950	1
@alfonshedstrom9859	1
@alfonso0151	1
@Alfonso_aagz2316	1
@alfonsodelgado915	1
@AlfonsoEnriquez	1
@AlfonsoLedEst	1
@alfonsorios8613	1
@alfonsputzeys9228	1
@AlfonsTvi	1
@Alfr3do17	1
@alfred1243	1
@ALFRED-ADVENTURES	1
@alfredfuchs5615	1
@Alfred-k9g	1
@alfredlarseneide3948	1
@AlfredLotsu-o3h	1
@Alfred-Neuman	1
@alfrednorton9723	1
@alfredojayne669	1
@alfredolevit3606	1
@AlfredoMagbual	1
@AlfredoMercedesMejia	1
@alfredomoreira6761	1
@alfredonuada	1
@alfredoperez2499	1
@alfredorodriguezdc	1
@AlfredqwertyZien	1
@alfredrodriguez2183	1
@Alfred-u3z	1
@alfredwilson846	1
@alfredyt	1
@alfreerunsitup	1
@AlfretjeSwaan	1
@alfsandberg7326	1
@alfurbar	1
@alfuwu	1
@alg003	2
@alg4668	1
@algame3	1
@algator55	1
@algea2299	1
@algernopkrieger138	1
@algeroball	1
@AlgerPalma	1
@alges2474	1
@alggxs	1
@alghagio	1
@algifari8186	1
@AlgisBogomol	2
@algogeminus	1
@Algoinde	1
@algonix11	1
@algor1thmic	1
@Algorerhythm	1
@Al_Gore_Rhythmn	1
@Algorhythmics	1
@AlgorithmicApostasy	1
@AlgorithmicWizard	1
@algotfbg3057	1
@algranger167	1
@alguem24	1
@Alguem387	1
@alguemkkk1425	1
@Alguien.-SSS	1
@alguienxder3xd539	1
@Alhamdulillah___5er9ps1j	1
@AlhamdulillahForAmeen	1
@alhartdevoar5271	1
@alhassan069	1
@alhassanibrahim5021	1
@Al-Hassan_PinG	1
@AL-HD	1
@alhdgysz	3
@AlHemyariM	1
@alhi877	1
@Alhussainba	1
@alh-xj6gt	1
@alhypo	2
@Ali___	1
@ali101819	1
@Ali107	1
@ali_2092	1
@ali32bit42	3
@Ali79102	1
@AliAaraaf-l2z	1
@AliAbdallah-k7b	4
@aliabdelaziz905	1
@ALIABDOUN158	1
@_aliabdullah_	1
@AliAboulSauood	1
@AliAdel-r6y2b	1
@aliadiscord	1
@aliahm.6726	1
@ali-ahmar	1
@AliAhmed-rr6ny	1
@AliAhnafMaheeb	1
@aliaksandryurenia8093	1
@aliakseilyshchytski223	1
@alialhar7775	1
@ali_ali125	2
@alialici5048	1
@AliAli-Roronoa3	1
@alial-isawi8590	1
@AliAliyev-ht8jw	1
@Ali-Aljufairi	2
@AliAllamee-k4p	1
@AliAlosh-i8z	1
@alialshohubi	1
@aliambo9047	1
@aliamir5153	1
@AlianaHines-m5v	1
@AlianaJames	1
@alias6676	1
@Alias82_	1
@Alias989	1
@AliasAliix	1
@aliasanonym9778	1
@alias-c652	1
@aliasgharkhorram1105	1
@aliasgur3342	1
@aliasjon	1
@aliasnamesake9407	1
@aliassafiart	1
@AliaStephens	1
@aliastopsecret	1
@aliaxi565	1
@aliay6427	1
@aliazarmehralparslan6067	1
@alibabaev1135	2
@AlibabaPatel	1
@Alibaba-r2y	1
@alibahrawy	1
@aliballesteros1113	1
@alibear902	1
@Ali-Bee	1
@alibehrozi	1
@AliBenjellounM	1
@alibenty	1
@aliblue7218	1
@alicankiranlar9838	1
@alice20001	2
@alice3418	1
@alice83ruby	1
@AliceAkame	1
@alicealicia3678	1
@AliceandYui-g9o	1
@aliceberethart	3
@aliceboss3134	2
@aliced7505	1
@aliceeliot6389	2
@AliceErishech	1
@alicefandom4466	2
@Alice_Fumo	1
@aliceh5289	1
@Aliceherz24	1
@AliceinEntropy	1
@aliceinwonderlandfan1951	1
@alicelangford2903	1
@alicemadeira8767	1
@alicemajorx	1
@AliceMarinho-q1k	2
@alicemichaelis9468	1
@AliceMMD	1
@Alice.Morningstar	1
@aliceNorwood-o4b	2
@aliceoabenoja	1
@AliceRowan-x4y	1
@AliceWhite_	1
@AliceWOWL	1
@AliceYobby	1
@alichamas63	3
@aliciafarnham9769	1
@AliciaguiselleFreerhernandez	1
@AliciaGuitar	1
@Alicia.Marie.13	1
@Aliciousnes	1
@alicjaoczkowska7336	1
@alicjawu	1
@alicomando1195	1
@ALI.CRISTALL	1
@Ali-cya	1
@AliDaffaShidqiAlFauzi	1
@AliDomble	1
@AliEditz-o6f	2
@AliEdizSucuoğlu	1
@alieduardoarmentamarquez8289	1
@AliElbeih-m8q	1
@alielchouli2809	1
@alieldardiry3938	1
@alien1519	1
@ALIEN199490	1
@alien29zero	1
@alien2oo469	1
@alien9279	1
@alienatedd	1
@Alien_cat_taco	1
@alienck3901	1
@aliencraft	1
@Aliendokusammler0707	1
@Alien_Faerie_Cat	1
@AlienFan25	4
@Alien-g9f	1
@aliengenius5555	1
@AlienGustavo	1
@AlienGuy0	1
@AlienHomesick	1
@AlienInSider	1
@alieninstallation50	2
@alienligenali	1
@alienorkano8539	1
@Alien_planx	1
@Alienplayz-h	3
@AlienQary	1
@AliensComeback	1
@Alienshade	1
@Alienshategod	1
@aliensmadeus	1
@AlienYogurtPot123	1
@AliepownZ	1
@alifarhat667	1
@AlifGames	1
@AlifHowlader-ql1hi	1
@alifhunter	1
@AlifJaelani_19	1
@Alif-le	1
@aliforever10	1
@aliforoughi92	1
@aligameov3r	3
@alighaforian2518	1
@alighieribosch	4
@aligilgiti	1
@aligindahouse7777	1
@AlignmentLabAI	1
@AliG-nr7ny	1
@aligv7107	1
@alih1210	1
@alihaider7653	1
@alihaideryt938	1
@alihanstreaming9473	1
@alihassan-dg4di	1
@alihassen7902	1
@alihc8444	1
@alihegazy3819	1
@Ali-i7o4j	1
@AliIhsan-qx3qy	1
@AliIsmaeel	1
@ali_ivvii	1
@alij0n3s	1
@Alijah_vr	1
@AliJazzYo	2
@Ali-ju3xt	1
@A-lik	1
@AliK415V	1
@alik9783	1
@alikarimi725	1
@AliKavun-20	1
@alikdm167	1
@alikellaway3901	1
@Alikemal-w7k	1
@alikhalid9827	1
@AliKhan-fr5xj	1
@alikhatami6610	1
@alikmine962	1
@alikrytr	1
@aliks6561	1
@alilabbene8166	1
@Ali.likes.OnePiece	1
@Alim-aesir	1
@alimagsi2045	1
@alimanski7941	1
@alimardan2665	2
@alimaydar-x8q	1
@alimbis	1
@alime6574	1
@alimehdi8878	1
@alimesutturan1313	1
@alimiraj7910	1
@AliMizan-h4n	1
@Alimkkhanke	1
@Ali-mp1-idk	1
@AliMuhammad-ze7le	1
@alimuhammet1721	1
@Alimustafaalimustafa-m4i	1
@alimyzz	3
@alimz3134	1
@alin.480	1
@alinaesayan1790	1
@Alina-jy9vl	1
@alinam05	1
@alinanto7013	1
@alinaqirizvi1441	1
@alinawaz4034	1
@alincrescens	1
@AlineMayne1	1
@ali_new_world	1
@alingamer123	1
@alinicol	1
@aliniliedavid7953	1
@AlinJoharchi	1
@alin.mat21	1
@alinn.4341	2
@alinnen6659	1
@alinouri4495	1
@alinoz	1
@AlinSpiridon-d5e5c	1
@aLinuxIce	1
@Ali.Omidvari	1
@aliothspectranet5678	1
@aliozanerbektas	1
@Ali-pn1vz	1
@alipridegaming1804	1
@ALI-qp3mi	1
@Alirahabi	1
@aliraheem6135	1
@alirahimi4477	1
@alirazi9198	1
@alirE2904	1
@alirehman4829	1
@alireza23943	1
@alirezaabasi.	1
@alirezaakhavi9943	1
@Alireza_Egh13	1
@alirezaeskandari2287	2
@alirezahodaee9150	1
@alirezakarampoor8914	1
@alirezakargar1498	1
@AlirezaKhodabakhshian-ny5xj	1
@alirezakhorram9962	1
@alirezakiamohamadi2504	1
@alireza.m	5
@alirezamohammadi7359	3
@AlirezaNizmo	1
@AlirezaSadeghi-o3f	1
@AlirezaSalehirizi	1
@alirezatadaiion6155	1
@AliRl07	1
@alirobe	1
@Alisa2.0	1
@alisadusic4300	1
@AliSafakk	1
@alisafari5673	1
@alisalah335	1
@alisalehi8114	1
@alisaliemabdi	1
@Alisamelf	2
@Alisha_Nicole	1
@alisharobinson7146	1
@alishawaf2837	1
@AliShenas1993	1
@Alisherri2010	1
@aLiShii_	1
@alishiri8820	1
@alisiabakerjb	1
@Alison-j5y	1
@Alisonmariachlor	1
@alisonrodrigofavero2878	1
@alisonshellum9870	1
@AliSot2000	1
@AlissaA94	1
@AlissaandAmelia	1
@alissonvert3552	1
@Alistair	2
@alistairalexanders	2
@AlistairBrugsch	1
@AlistairBuxton	1
@alistar2171	1
@ALISTEIN	1
@alister3200	1
@AlisterFowler-q9m	1
@AlisterPuddifer	1
@alistrane7163	1
@alisyed1867	1
@alitaher003	1
@aliteracola	1
@AliteReal	1
@alittleassassin	1
@A_LittleBitCrazy	2
@aLittlePal	1
@alituran7	1
@AliTVTzdx	1
@AliUguz	1
@Alius100	1
@aliveami	1
@alivecoding4995	1
@ALiveGeek	1
@Alivehorizon	3
@Alive_I_Guess	1
@AliveisKip	1
@aliverumm	1
@ALIVESCREENS	1
@aliveslice	1
@alivestaar	1
@AliviaaUi	1
@Alivia-b6s	1
@Ali-vu6eo	1
@Ali-wf9ef	2
@AliWithTheMW	1
@aliwXD	1
@alixsprallix	1
@alixwritesstuff	1
@aliyabenna	1
@aliyaghoobian5622	1
@aliyahgonzalez8965	1
@aliyan247	1
@aliyarx	2
@aliyasar3691	1
@Aliyea	1
@aliyevallahverdi	1
@alizaincodes	2
@Alizamk1	1
@Alizavr	1
@alizegumus4520	1
@aljahidlaskar7513	1
@Aljam66	1
@aljaxus2190	1
@AlJay0032	1
@AlJey007	1
@aljileanardi	1
@aljjhassan	1
@AljoMen	1
@aljon5947	1
@aljonisidro2265	1
@aljoschalong625	1
@aljoschaz	1
@aljustun5118	1
@alk1654	1
@Alkaahest	1
@alkabek9581	1
@alkabhardwaj444	1
@alka-holic	1
@alkal1339	1
@alkaline2493	1
@AlkalineBattery0	1
@Al-kamaSudad	1
@Alkaris	6
@alkasyan88	1
@alkata2995	1
@alkaw	1
@alkazaronyx8599	1
@Alkelly-hh6rv	1
@alkemix	1
@alkeryn1700	2
@alkevier7127	1
@AlkHacNar	1
@AlKhafajiOne	2
@alkitmakesit	1
@alkiviadiskaminaris1594	1
@alkostach	1
@alkovidra	1
@alkseisov	2
@Alkumist	1
@all4atlantis	1
@all4memes	1
@allaboutfarmingMN	1
@all.about.gaming.2000	1
@allaboutroofing2	1
@alladinal-ghannam6925	1
@allahbole	2
@allahhubirbal	1
@allah___maadarchod	1
@allahuyahoed249	1
@Allan4484	1
@allan710	1
@allanalbert9364	1
@allanaston3	1
@allanchino35	1
@allanc_me763	1
@allancmwa	1
@allancopland1768	1
@allandeheguiaphal64	1
@AllanFromThatShow	1
@allangibson8494	1
@allangreggy8791	1
@allanhanan	1
@allanjohnsoriano9408	1
@allanlees299	3
@allanleslieanderson1858	1
@AllanMakwaka	1
@allannevesjr	1
@Allanpoeart	2
@allanrussellsharp7431	1
@AllanSavolainen	3
@allan_scott	1
@allansmurf	1
@allantait-l9r	1
@allanvanbree2391	1
@AllanWilcox-c8b	3
@allanwrobel6607	1
@AllAroundHnadyMan	1
@allaroundsouthjersey1234	1
@Allattmeister	1
@allayhok	2
@allbarg1	1
@allbrightallday	1
@allcaps4141	1
@Allcars	1
@ALLCXPS	1
@alldave	1
@alldayagain	1
@alldayscapegoat	1
@alldaytubin	1
@aLLDragon49_real	1
@Allebvlle	1
@alLEDP	1
@Allegedly_Bread	1
@Allegiant_Rebel	1
@allegrosotto2126	1
@allegrostein	1
@Alleioan	1
@AllElitesAreBad	1
@allen_041	1
@Allen2	2
@allen2reckless676	1
@allen5976	1
@allenangels	1
@allenapril8581	1
@allenbinger3067	1
@Allen_Blunt	1
@allencunningham9002	1
@allencydell8071	1
@allendaoust5844	1
@AllendynastyMC	1
@Allendz1	1
@allenellisdewitt	1
@AllenF05	1
@Allenfrotman	1
@AllenGuarnes	4
@allenho2778	1
@allenjorgefsx1212	1
@AllenJ-q7d	1
@allen_key	1
@allenmckinney2082	1
@allenmitchell09	1
@allenn00	1
@allennicolas8534	1
@AllenProductions3559	2
@allenqueen	3
@Allen-R	5
@allenrice9223	1
@AllenSchoepflin	1
@allensword1855	1
@AllenTheWanderer	1
@allenvarghese2792	1
@Allen-w9d	1
@allenwilhelm7799	1
@allenwilson6514	1
@allenz_yt	1
@AlleonoriCat	3
@Alleralle146	1
@allergictobs9751	1
@allesarfint	2
@Alles_ist_super_hust_hust	1
@allesmedvesek	1
@AllExistence	2
@alleystargrowley2784	1
@All-Father8500	1
@allfatherasia5579	1
@AllFiery	3
@allfreetechhub	1
@AllGlitchdOut	1
@AllGoodOutside	2
@allgot1	1
@all-gv6ht	1
@AllHailshadow420	2
@allhailskyrim	1
@AllHandlesHaveBeenTaken	2
@AllHandsOnEveryThing	3
@allhonesty848	1
@alliaarias7054	1
@alliancecd	1
@AllianzYT	1
@AlLiberali	2
@allicen10	1
@allie12212	1
@allieandmaria	1
@alliebusz7832	1
@alliel5206	1
@alliemcburney9324	1
@AlliePaints	1
@Allie-s1v	1
@alligatorscrublord	1
@allinadadsday	1
@allindiatuber5259	1
@allineedis1mike81	1
@Allinone27goat	1
@ALL_IN_Parasocial	1
@allinwitad5557	1
@allismama	1
@allismith9813	1
@allisonbeese6195	1
@allisonjames2923	1
@AllisonJoseph-m6h	1
@allisonmccune9556	1
@allisonruby1448	1
@allisons6910	1
@allisonsantee88	1
@allisonseamiller	1
@allissoftinside	1
@AllisterCaine	2
@allisthemoist2244	1
@allisworld1isme	1
@Alliwantedwasapepsi	1
@AlliyahPerry	1
@ALLIZD9G	1
@allkindsofthings673	1
@allKnowingCraig	1
@AllLegs	1
@Alllies-rz17ou	1
@AllLightsVisable	1
@All_Loves_Lost	1
@allmhuran	1
@AllMightGaming-AMG	1
@allmighty4069	1
@allmo2009	1
@ALLMOVIIIIIE	1
@ALLMUTANTER	1
@AllMyNoodlesGods	1
@alln5739	1
@ALLnBTC	1
@AllNostalgicAnimeClips	1
@allo6596	1
@AllOfAbbysStuff	1
@alloffchrome9115	1
@alloftheabove1653	1
@alloftheForMaxesneverstops	1
@allofyourdreams	1
@allopssw	1
@allotherthingsokok	2
@Allovertheplacemedia	1
@alloy11	1
@allpaths4836	1
@AllPawsTrusts	1
@AllPileup	1
@AllPurposeNerd	1
@allpwds	1
@AllQuirksNoFeatures	1
@ALLRED913	1
@Allride_	1
@allround-vlog4576	1
@Alls3n	1
@alls8990	1
@AllSeeingEYE08	1
@allseriousness	1
@allset369	1
@Allsmileshaha	1
@allsportsAUS	1
@allstar7778	1
@All.that.is.J	1
@allthe1	1
@All_The_Freedom	1
@AllTheHandlesTaken	1
@AllTheVibe-ATV	1
@allthevideosforever	1
entity_id	cluster_size
