UgzY4G99Jo6ASZMRGCh4AaABAg	10
UgyvbdLdYLIlc5GepgR4AaABAg	10
UgymjWul7p-2juEiiJF4AaABAg	10
UgykgxH5_grilHQ3BWV4AaABAg	10
UgyfnWdQ0rVWmTZjtLJ4AaABAg	10
UgyeYAPxoT5GzuzKzhZ4AaABAg	10
Ugxrzl9oVck6IKwnLTh4AaABAg	10
Ugxdd1rDpmGjorDW7yh4AaABAg	10
UgxC5qm5EEh3OPItUZx4AaABAg	10
UgxbXG9SYLdcQvqpjbR4AaABAg	10
UgwwCMmxwA5x5_i00Fh4AaABAg	10
UgwvC4GKSwoYUn8skbZ4AaABAg	10
UgwqZQn4Fd3wwaVERMN4AaABAg	10
UgwPHHqZcghFQJfhOih4AaABAg	10
UgwnrliTyJiR4tCtJi14AaABAg	10
UgweaLf8hRSb6ze-FrV4AaABAg	10
UgwcnAlIZDtWd3GZGXp4AaABAg	10
UgzaCWjLLw3-pZhqSvt4AaABAg	8
Ugz6GCmla5mBFsRgZAl4AaABAg	8
UgyVfazJsqhBSApDeel4AaABAg	8
UgyPT1bA14RfTGMcDft4AaABAg	8
UgwqpOEMejHdTK9SJWN4AaABAg	8
Ugz4BAieKsMg2xK2tUp4AaABAg	6
UgxB1o7t2iPFoGwHC9d4AaABAg	6
UgzzXqvdgX4vSEtPNYN4AaABAg	5
UgzzuUYkthhKkbxyjZt4AaABAg	5
Ugzzs2w0z_wI8tysLFB4AaABAg	5
Ugzz_rwFRJPA1baX30l4AaABAg	5
UgzZnfRT4L27vVSVbLZ4AaABAg	5
UgzzN2NOy8jlPxBtdIh4AaABAg	5
UgzzlY4CIWKbJQWZRQ94AaABAg	5
UgzzhF1HP3fSUNEAYMx4AaABAg	5
UgzZ-alR3xJojPsqgGh4AaABAg	5
Ugzz0M2c46aEX4bf2Ut4AaABAg	5
UgzyYp0NLQ5hXuS-z7h4AaABAg	5
UgzYYA9lS-gVZwrLREB4AaABAg	5
UgzyXJxCZz8JcQULGTl4AaABAg	5
UgzymtDT64uxcRypA-h4AaABAg	5
UgzyMo7Oc1A1q8u5QuR4AaABAg	5
UgzyjScTaXa3FxtioZh4AaABAg	5
UgzYc78zVObr6cUrZVJ4AaABAg	5
UgzybPnPwzFcMc_bNYl4AaABAg	5
UgzyB886VaMxc8bpYPF4AaABAg	5
UgzYAwmsNRzpyr6ed654AaABAg	5
UgzyAnY32aOi38hm-yt4AaABAg	5
UgzXzDKBadZIMhXbCqt4AaABAg	5
UgzXw_7BZjlCbzxqBaF4AaABAg	5
UgzxVFahYWFbaay-b3R4AaABAg	5
UgzXTBHAuEuEqxgNBql4AaABAg	5
UgzXt4lDB8bgVR7VUgN4AaABAg	5
UgzxOJc--7IZcrurYLx4AaABAg	5
UgzXnn-_8L9IOE6oTH14AaABAg	5
UgzxlxdqImuSGu7JSMN4AaABAg	5
UgzX7MC9RECsBzFgNKV4AaABAg	5
UgzWz6NsEmmdF2_PD694AaABAg	5
UgzWXVDE4MBW6NW2uIB4AaABAg	5
UgzwVJfVyd6s7K8Or8t4AaABAg	5
UgzwVE0XQ1cZH_K3n8x4AaABAg	5
UgzWPuyLU-fnrJDKjK54AaABAg	5
UgzwPmcvVpjE0PR_ZKl4AaABAg	5
UgzwNa8xa1KySPiaeFV4AaABAg	5
UgzWmxw4zhD0ZESE9EV4AaABAg	5
UgzWmWNcrmF4znjtBup4AaABAg	5
UgzwJkeyBGMTsmqhMOt4AaABAg	5
UgzWIjTT23ydyHkXXUd4AaABAg	5
UgzWFPdiKPM4nl0-mih4AaABAg	5
UgzWdsJTuhe-XgmwXdN4AaABAg	5
UgzWDJ9kEQNW2u2sZxV4AaABAg	5
UgzwbvrqCfMUNcaxP7h4AaABAg	5
Ugzw4cXZIc4DnbyCTpF4AaABAg	5
Ugzw2OrDeuPJbWutyqh4AaABAg	5
UgzW1kmY9rcXxRobwVl4AaABAg	5
UgzVuoAp1BHiFFSU7ZZ4AaABAg	5
UgzvSAmIxcbsf7gOKIp4AaABAg	5
Ugzvs88thBEM9-2lll54AaABAg	5
UgzvhJ48ya3nT9-_v1V4AaABAg	5
UgzVee7ULxx8HSoXY254AaABAg	5
UgzvDrKislJgZS0nKv54AaABAg	5
UgzVChg4cSeuiudU9x14AaABAg	5
UgzV9dk6MoNUFeNffq54AaABAg	5
Ugzv80yj8UXhHarGvhJ4AaABAg	5
UgzV5XKI4PEurukZ01d4AaABAg	5
UgzuZHiksIE6j--9Sz94AaABAg	5
UgzUx35VFVHMDNDb1xx4AaABAg	5
Ugz-uwfLIgXI1QxtkNt4AaABAg	5
UgzUVe2onspMgSxjYW94AaABAg	5
UgzUtVR1ydAus8qJ_R14AaABAg	5
UgzUSDlpXnRJIDUzfYl4AaABAg	5
Ugz_UneBjlK19u8hjah4AaABAg	5
UgzulUrZB2R0twfhOH14AaABAg	5
UgzuaxIVf7YF0DxeWTV4AaABAg	5
Ugzu7agsG02ai4gANn14AaABAg	5
Ugzu3Jw4YDjogllD81d4AaABAg	5
UgztZSRIGifv4gXQJyJ4AaABAg	5
UgzTyOc1AmqnPrbl_8h4AaABAg	5
Ugztr5dIRbNYw1fGbaN4AaABAg	5
UgzTqj4NIGwlI61JGBF4AaABAg	5
UgzTPxMXejB7edjoIBl4AaABAg	5
UgzTPGKcVj89HSeU27V4AaABAg	5
UgztHkDeF_xk9eV_Jx14AaABAg	5
UgzTHJQ6H8-hEliMckp4AaABAg	5
UgztbIUorDF_ZVcRNrl4AaABAg	5
UgzT9snzPRUoL43MYrx4AaABAg	5
Ugzt78K9C8Vh1ykkD614AaABAg	5
Ugzstf7lI_4kZlxBE9l4AaABAg	5
UgzSNHyU6nNkmPf4IXF4AaABAg	5
UgzSISoKXez4W2aru9t4AaABAg	5
UgzSaagwzzaZkRFldtt4AaABAg	5
Ugzs9J047kT2gQ7kCE54AaABAg	5
UgzS31ngjDZGb-rxFEd4AaABAg	5
Ugz_S09vIE2N1oTu1JR4AaABAg	5
UgzRzCc6hHQGp_I6VZ14AaABAg	5
UgzrxwheTMM7idOpHfB4AaABAg	5
UgzRPhZmP0_z63MghGV4AaABAg	5
UgzRl_TdPCHFAM2vsqZ4AaABAg	5
Ugzrl3AmDoBKHlrRi1Z4AaABAg	5
UgzrjoI16J2KdbfDQUp4AaABAg	5
UgzRecW9JXBKmdaILpN4AaABAg	5
UgzRDNlCyW8zxvtjX3Z4AaABAg	5
UgzrbVGC_spQ_NKOgyl4AaABAg	5
Ugzr6LpNlY1K3rF8y094AaABAg	5
Ugzr46DQTndczmDdaKJ4AaABAg	5
UgzQYqGJox4s0NcSuRl4AaABAg	5
UgzqXrKvNYFbSmDftZ94AaABAg	5
Ugzq_WjZF8B4448pvvB4AaABAg	5
Ugz_QTW_WhvP1KJfIt14AaABAg	5
UgzqdxJU1PoogWUsSAV4AaABAg	5
UgzqDKb7TZCCfhqcc1B4AaABAg	5
UgzQCAv4xJuaeA2AzE94AaABAg	5
Ugz_q8qeu1Hu9JI0yl94AaABAg	5
Ugzq5jNNBbEmUzOEhgh4AaABAg	5
UgzpYNgys7RMHSxd99x4AaABAg	5
UgzpyJZDBWo2mm4LeRF4AaABAg	5
UgzPyAjUENaPP7j294B4AaABAg	5
UgzPQPkh_M5or6ZHcox4AaABAg	5
Ugzpqj56d8FXJKGcbVJ4AaABAg	5
Ugzpjte2bSsbW_un0rt4AaABAg	5
UgzpjdhkAFeXhpoFX7F4AaABAg	5
UgzPEUzWcDE9MHh2DwB4AaABAg	5
UgzP6tXhkvIPGXjJ5g54AaABAg	5
UgzoVCtUHI0LrnT2nGh4AaABAg	5
UgzouxxgQZD1TRnJeBF4AaABAg	5
UgzoRJbM3SGTNesg-ot4AaABAg	5
UgzOldwg4uUtCyqbp0F4AaABAg	5
UgzOG5Ha_BU8g0gb4Dx4AaABAg	5
UgzOdQisMv-cI7bD8O14AaABAg	5
UgzO5r62PMxiFGNA19x4AaABAg	5
Ugzo5NkQVlGBZ1Uel4R4AaABAg	5
Ugzo2QDpC9GACK2B68h4AaABAg	5
UgznwjbdRARcri_llAJ4AaABAg	5
UgzNv4h_1zO4MRyqnVd4AaABAg	5
Ugznv416QTtVvWXKlol4AaABAg	5
Ugznuxcw9OUXGq9TfRJ4AaABAg	5
UgzNTYrupbcPipFjCd54AaABAg	5
UgzN-hHJNx8Ovem1U6N4AaABAg	5
UgzNgwmv60fWXpmpN4x4AaABAg	5
UgzNEjlpwS6lmCkA9T54AaABAg	5
UgzN7JFPZrhSQChpdzh4AaABAg	5
UgzmsCnwaZvRrq9OM994AaABAg	5
UgzmrNmYkK3PmMM34U54AaABAg	5
UgzmoVUq3PvuRLZOItd4AaABAg	5
UgzmorY6jvLeIU8grnB4AaABAg	5
UgzMmtKOazSBAwwBX7V4AaABAg	5
UgzmfGkkvBTVRc6mZH54AaABAg	5
UgzMcOzOnQcMFGrX_7x4AaABAg	5
UgzMCGiVb2jcAWubj654AaABAg	5
UgzmAkYQ8caxet2ZCa94AaABAg	5
Ugzma8Kck3cX3kNFsr54AaABAg	5
Ugzm7vO35dcy-yqmK7R4AaABAg	5
UgzlypY6J7runRIleBZ4AaABAg	5
UgzlPoEaGfZx5UDUto54AaABAg	5
UgzlPabtwE42Ky9af9h4AaABAg	5
UgzLo0PiMrYxd3kLiEx4AaABAg	5
UgzlmQVKbkfZl7gvzVF4AaABAg	5
UgzlLlvCNj2DsI2I5od4AaABAg	5
UgzlJqUe3GwFyEi1H_V4AaABAg	5
UgzlItmoX7Z96rVTH5N4AaABAg	5
UgzlIrAXP_2nvi_L_794AaABAg	5
Ugzlij-6J1Vw12gLrLt4AaABAg	5
UgzlA6WVg5_5NWgba-J4AaABAg	5
UgzKYyhvSLAXFILYOsd4AaABAg	5
UgzkyTsI5lum8ye-MSh4AaABAg	5
UgzkmDgQNn7rYNSZ_VR4AaABAg	5
UgzKGpMSbUfc0GhuPLZ4AaABAg	5
UgzKGfpUCToYojrk2cZ4AaABAg	5
Ugz-KDjW6u4beWuaZXF4AaABAg	5
UgzK6W5zvbVnaLzYPhV4AaABAg	5
UgzK2frSAmq6MRp_kxl4AaABAg	5
UgzjYlqx0od8eBC9X5d4AaABAg	5
UgzjuybGYVArnT-6Ajh4AaABAg	5
UgzjrkqkE-wEgQ-mWSh4AaABAg	5
UgzjltXpZXiytN2-Ryp4AaABAg	5
UgzjLK8n3MWXxkNZrGR4AaABAg	5
UgzjilDUdaTUQKGj7t14AaABAg	5
UgzJd4-3bXW1nTdj9U14AaABAg	5
UgzjB67Uc0bUd8dlJkt4AaABAg	5
UgzJA3pulZy6Qwn7clx4AaABAg	5
Ugzj9icpLIJhNp0hnlN4AaABAg	5
UgziX8KeaCsP0e9MKl94AaABAg	5
UgzIwXPhegNga09gALh4AaABAg	5
UgziWe7y9IYazcPSmdd4AaABAg	5
Ugz-IVC4blwPXhmufrd4AaABAg	5
Ugziu52DeiRfUA69zO94AaABAg	5
UgzIpwwBnJeoPUnuq714AaABAg	5
UgzIOyzAwR3oItx1W254AaABAg	5
Ugz-Ihc7VKT389TrhZR4AaABAg	5
UgzIGBSjn2LNIBlE7Zx4AaABAg	5
UgziFkccVEzqGZQxOCp4AaABAg	5
Ugzif483AUlGBTe-cfB4AaABAg	5
UgziAUdM9rwa_R60uxZ4AaABAg	5
UgzI0mYRlYhvH_axGCV4AaABAg	5
UgzHRvEZlfUnw9YaB5N4AaABAg	5
UgzHqlaDBqfvAA-4Fhp4AaABAg	5
UgzHnttlvBf-32DA_Uh4AaABAg	5
UgzhNBP8udPalNNbkYF4AaABAg	5
UgzhKjRFt7PXzAh7K4V4AaABAg	5
UgzHjnc3MswhLxU1MER4AaABAg	5
UgzhjHOQE1_vqw0zF7p4AaABAg	5
UgzHE5MkSS5ZnJ2JKg94AaABAg	5
UgzhcrKioALxkdZEqxt4AaABAg	5
UgzH636ofsp2j2qzp7x4AaABAg	5
Ugzh3QKwB1PO0mjBQap4AaABAg	5
UgzGzXEWXOupLv6Q6wB4AaABAg	5
UgzGZsA9ROli0rs6lJV4AaABAg	5
UgzGZ59drtVojMnKPid4AaABAg	5
UgzgxzngKkyuU8QD3eV4AaABAg	5
UgzgWUH4-dd3sWddYVB4AaABAg	5
UgzGwGtyrWnH89zC9NV4AaABAg	5
Ugzgw4MxGo8hKUFxJul4AaABAg	5
UgzGPCypd65rmmZzmEN4AaABAg	5
UgzGoFZ-a0WVnFU2zMF4AaABAg	5
UgzGNnkBZTtIuJ8K66x4AaABAg	5
UgzGHdtKkDf2xdDLcxR4AaABAg	5
Ugzggked87eIt-TaPWl4AaABAg	5
Ugzg8LHXv4vxGtldIY54AaABAg	5
UgzG5Mi3EqWPeURNLr54AaABAg	5
UgzfXpVxPBMdvTgdgnt4AaABAg	5
UgzfTzFNPZ7LJ4GWrqN4AaABAg	5
UgzFOEg602eaJbTK73l4AaABAg	5
UgzFLtvJ92vd0bXU9G14AaABAg	5
UgzfkICvS4XNBSXoXRJ4AaABAg	5
UgzfEsuCF-1CBghMaqh4AaABAg	5
Ugzf8vNDPdkDkU4hh1h4AaABAg	5
UgzF0f5QuaV9TZVFpYl4AaABAg	5
Ugzeza8lEQiBWuw_4Kt4AaABAg	5
UgzEr3ms9eXZUmeosyp4AaABAg	5
Ugzer1t0cu-NWwAxx-R4AaABAg	5
UgzeqFzcOJGi4ujsc2p4AaABAg	5
UgzEoQTTc80NY_ONjzR4AaABAg	5
UgzENshhrWkhfimFFFx4AaABAg	5
UgzEMTOy_y1fovPvfKZ4AaABAg	5
UgzELKX3sEl2byhue2Z4AaABAg	5
UgzEHte1LV6dJ0lLsGp4AaABAg	5
UgzegGlrlEQ9f-BhG2N4AaABAg	5
UgzEB_h-uZ1AfJxHxHt4AaABAg	5
UgzE4q9CHcplXWo6dWh4AaABAg	5
UgzDxwdsQUgBVF0Gukh4AaABAg	5
UgzdWHlZAO8Ja51A50d4AaABAg	5
Ugzdv-m-zkIChDFRlqt4AaABAg	5
UgzdRzKl7KD1tum07j94AaABAg	5
UgzDQqcCofcCr6DqUW54AaABAg	5
UgzdN9inxuB8yraMWd94AaABAg	5
UgzDdjqcRgpg-HbqPQp4AaABAg	5
UgzDCKFRI3zsih_cvu94AaABAg	5
UgzDcJRlXZAPpXLkNIJ4AaABAg	5
Ugzd918x5CYV7zD3R1p4AaABAg	5
Ugzd8dnecyHJmNfc0Zp4AaABAg	5
UgzcxfcVsuqsUBtWx4x4AaABAg	5
UgzCOJPCJEC2zDQrinh4AaABAg	5
UgzcN87a2zSmQ7zhG5l4AaABAg	5
UgzCMGBryOof5eVTDOB4AaABAg	5
UgzCET-fAA-kDQKKBFJ4AaABAg	5
UgzCe7KMWS5_Mm3i0cN4AaABAg	5
UgzC4RSnUT6aKnwe_0p4AaABAg	5
UgzBzC7lr7Lj_kMKJHh4AaABAg	5
UgzBXXjufG6ftoUyln94AaABAg	5
UgzB-xk0apWZQQIfm1R4AaABAg	5
UgzBWAUyFQL8ElDw1QB4AaABAg	5
Ugzbl6Kb2cfFSBrbVk14AaABAg	5
UgzbIyF_dJgMgvJNQA14AaABAg	5
UgzbDeXVW6Ma1WprZj14AaABAg	5
UgzBc8gcR4TTSoUOdvR4AaABAg	5
UgzBbkQp3hSgbpQoVTF4AaABAg	5
UgzB9Jpyo-h2RsUaXx94AaABAg	5
UgzB8sRHOoiIF7tV9FV4AaABAg	5
UgzB5E_ktzJIt7IJCct4AaABAg	5
Ugzb2h_NaYXE7qBTJQ14AaABAg	5
UgzB1ZJr2dAHgJ_p4Qt4AaABAg	5
UgzAywniRDVwwSee0g14AaABAg	5
UgzAuvLO2UE_pd9Wii54AaABAg	5
UgzaRYr57deKl3x85tt4AaABAg	5
UgzaQTR_Ik5ZuclEbvd4AaABAg	5
UgzaI-Fpey2-UXm88BR4AaABAg	5
Ugzai0YnRTgVBzLK4254AaABAg	5
UgzaflUK0eV__glvn4x4AaABAg	5
UgzAFCvUzL9k39JuWOl4AaABAg	5
UgzaAzfTUlryfGMCVO54AaABAg	5
UgzA8aMfVLTA5Skildh4AaABAg	5
UgzA0YDwdHLDXy3IA2Z4AaABAg	5
Ugza01Af0jkTYrvCYXx4AaABAg	5
Ugz9zv_YIwV3EQtnFdN4AaABAg	5
Ugz9zAEaSul4yK1TQ_54AaABAg	5
Ugz_9ut7Fkb3LqsdIgZ4AaABAg	5
Ugz9TVy5Gb66LHByCSZ4AaABAg	5
Ugz9t_iDBTm38TFEuBV4AaABAg	5
Ugz9OzV7_YmRVa4yhH14AaABAg	5
Ugz9HGa5Zn2c07VNA6R4AaABAg	5
Ugz99GI3Ei5TWuqLf_Z4AaABAg	5
Ugz95N8Zup-7KKdXSBF4AaABAg	5
Ugz8R-Wiy4WFX0ZEvoF4AaABAg	5
Ugz8JZBgsAFZxE6almh4AaABAg	5
Ugz8h_89hD2xZYQS5CR4AaABAg	5
Ugz8FDXvgR5HdVPBEop4AaABAg	5
Ugz8C7eNhDlvOC7U1AF4AaABAg	5
Ugz7Xe3Zm4BfgTeVRBh4AaABAg	5
Ugz7JYqvcTMZxuZCr8l4AaABAg	5
Ugz6xbVFmVdjSwX5DhN4AaABAg	5
Ugz6wu3uaFXN2rIAZcB4AaABAg	5
Ugz6uxRPTigTgAU2Tj54AaABAg	5
Ugz6srsYCl2v4zetBk14AaABAg	5
Ugz6k3-1ulTOtNFVAI94AaABAg	5
Ugz6giiqRkxYY5wo8vR4AaABAg	5
Ugz6fdmiCseLo7fqUQd4AaABAg	5
Ugz6eQKj_gbFGBX8aBd4AaABAg	5
Ugz6dVEfnYlsfj_A7z54AaABAg	5
Ugz5sT-3yDAORS6ged54AaABAg	5
Ugz4SzH0aphQggcyFQR4AaABAg	5
Ugz45rvO0PBEjcREgfV4AaABAg	5
Ugz3N03Jyr4MG2X7xPh4AaABAg	5
Ugz3mDIZCrYbD1q2SlZ4AaABAg	5
Ugz39xybH39o26JIpG14AaABAg	5
Ugz39bKVZYQdzfAtz2N4AaABAg	5
Ugz33nko7Bfm42pYkft4AaABAg	5
Ugz2rz0Ra6BTEhnToEN4AaABAg	5
Ugz2QpeXONONZBXOqY54AaABAg	5
Ugz2mKtKgg10cHhWeNh4AaABAg	5
Ugz2MI8oknhAr9KMtid4AaABAg	5
Ugz2BuzEmcyhToJFPYV4AaABAg	5
Ugz1vn_bEpICTYhOjHl4AaABAg	5
Ugz1sOLM2lX-LGcbk-V4AaABAg	5
Ugz1OrPgpia0Ach5uUx4AaABAg	5
Ugz1GfoWHxxva6SHadt4AaABAg	5
Ugz1ahUM8R8a9ypWXyd4AaABAg	5
Ugz11obNedNDchrYMs14AaABAg	5
Ugz0Ym701RkecCq7Htx4AaABAg	5
Ugz0xLqjDhBqXWqwsf94AaABAg	5
Ugz0NWtLu43BnP1Fq1R4AaABAg	5
Ugz0n8KgCbRrxf2-jG94AaABAg	5
Ugz0hNeAUKqqMVf-BSd4AaABAg	5
Ugz0gWYTnRnOOVIGDNd4AaABAg	5
Ugz0eIi9FiVwHL176l14AaABAg	5
Ugz08B8fsxFl47mtzwh4AaABAg	5
Ugz05eJc6kW68T7WDGl4AaABAg	5
Ugz02ke4mH7yu3I66nJ4AaABAg	5
UgyZys5yscc3Ur_tEAp4AaABAg	5
Ugyzuy30Qm007g5yINB4AaABAg	5
UgyZuFShNvCtuBBRSJl4AaABAg	5
UgyZtRijISxui_eN6Q94AaABAg	5
UgyZTFyNGWZj3dhknuJ4AaABAg	5
UgyzOj3y-2ABH19ETit4AaABAg	5
UgyZMMCq3c0fssb7QUR4AaABAg	5
UgyZKXB4n3guFLuBBQZ4AaABAg	5
UgyzjnMYBPYMlxOEZ-B4AaABAg	5
UgyZj8U0AVesGJymywR4AaABAg	5
UgyzI6k6XMZLJfIkFXd4AaABAg	5
UgyZgayzfNgw8mtXVY14AaABAg	5
UgyZAuuRfbFo8sIm5bB4AaABAg	5
UgyzaIUrmrUY1ibxuVp4AaABAg	5
UgyywPsC5lN7dgWM3B54AaABAg	5
UgyYsKgiDorqs9qC3y14AaABAg	5
UgyYP1P6aH--tvvRJPd4AaABAg	5
UgyyN0Y-97m-KQuMspZ4AaABAg	5
UgyYMpbXOubNE3kp7Ld4AaABAg	5
UgyYfdBvWUkUKxlywGd4AaABAg	5
UgyYDaXuZYa0xwzXr7B4AaABAg	5
UgyycYxiiG1YEA1xVcN4AaABAg	5
UgyYBBPtcvSR2PC1MTR4AaABAg	5
UgyY8jE5RF9j8rYZYjR4AaABAg	5
Ugyy2tn_zCGjTyZiPJ54AaABAg	5
UgyXzRCdDe2TDYs99aJ4AaABAg	5
Ugyxxyzj68bV4Q869FN4AaABAg	5
UgyXvdcBrpWAh5D6U254AaABAg	5
UgyxtW_kf2dmx7FALEp4AaABAg	5
Ugyxn2m9LMq69qdoefl4AaABAg	5
UgyXMVQtVtyoWfH1ydN4AaABAg	5
UgyXlZZKzZDfp8nCL_J4AaABAg	5
Ugyx-L0j9LYITXIoi2p4AaABAg	5
UgyxJ-OL36O7Hff2Kqp4AaABAg	5
UgyxJNmtysy6ZeKQUdJ4AaABAg	5
UgyXfb6lt8caBVwtNgl4AaABAg	5
UgyXAh_A7kcVxGBQ5DN4AaABAg	5
UgyXa5_M0I6I7J-pwY54AaABAg	5
Ugyx8xdpo9xQ54Jws-l4AaABAg	5
Ugyx0gqMYoC-pt6o_7B4AaABAg	5
UgyWQ03CA9UVT0ojTYd4AaABAg	5
UgywjVq7Ek-eh4rWInx4AaABAg	5
UgyWjgEW_UNpOOx-TvB4AaABAg	5
UgywFFhtE6LdEq5zkC14AaABAg	5
UgyweOn8Y1iFMjHGaU94AaABAg	5
UgywDHPJJ5yB_JZYeeN4AaABAg	5
UgyVxeb1vEsCVuihpid4AaABAg	5
UgyvWrNMCkxWyqryV5t4AaABAg	5
UgyVsDvjB1Vc32248Hl4AaABAg	5
Ugyv_eWcDRhpxm8Xfgx4AaABAg	5
UgyvEkln668PABRmkjR4AaABAg	5
UgyvD0m6pxnzA4zGB6Z4AaABAg	5
UgyVCq4Xi7BxDLXvzcJ4AaABAg	5
UgyVC8llOYgnydCv83p4AaABAg	5
UgyV1VLE3p6K46UigQB4AaABAg	5
Ugy-v1AkumfAypU0IKR4AaABAg	5
Ugy-Uzt-Y1Ur9ueFXHt4AaABAg	5
UgyunkQXEgJ-AiWc2WF4AaABAg	5
UgyuKyUuaVyOaQlJLdd4AaABAg	5
UgyUKIeivEz66pT8Gz54AaABAg	5
UgyUjpkRYjft18NsOH54AaABAg	5
UgyUItqZjszbjxRw78h4AaABAg	5
Ugyu8uCL5KY1yH-n9SN4AaABAg	5
Ugyu1-brnPb9gCp-drV4AaABAg	5
UgytXg4KpFP_pea8CvN4AaABAg	5
UgytvOb6KidOedl6Hwh4AaABAg	5
UgytvCUiawJkVIxBMtx4AaABAg	5
UgyTV6J7Z_ZwLj8lTHd4AaABAg	5
UgyTmqW3BGGrtUvcrFh4AaABAg	5
Ugytibz1WUle65rGyrh4AaABAg	5
Ugy_tI6WwzCgl6tb3fh4AaABAg	5
UgytHs2H_IYSNULN49t4AaABAg	5
UgytEh8rBpq-UxCvZBp4AaABAg	5
UgySYYzIlyBCuUbeb6B4AaABAg	5
UgySxmKINPM3gr0lkQN4AaABAg	5
UgysTq8XhfD-fu2Ucvt4AaABAg	5
UgySquItvoaLFrg0Qot4AaABAg	5
UgysQRBStaTKRbeQNT54AaABAg	5
UgySohjewl5AApYeC7x4AaABAg	5
UgySgl-DvGegYiCA1J54AaABAg	5
UgyseS93cwOtR7XG2nF4AaABAg	5
UgySCItBQviBTAlV8Jl4AaABAg	5
UgyS3UqrnBOsfOnO3yV4AaABAg	5
UgyS_0xgEtFURqdQkTN4AaABAg	5
UgyS0QWKmRmFPYHdwv94AaABAg	5
Ugy_-Ru0xAzyAEzYhiF4AaABAg	5
UgyRT0dgqnIw0c8FZhh4AaABAg	5
UgyrSZTPN2QUV3ynqWR4AaABAg	5
UgyRs8UJBt6RhKWy6Sl4AaABAg	5
UgyRpU6hT3hfBLCT_Qp4AaABAg	5
UgyrOjLPfvdOrIreGGJ4AaABAg	5
UgyRNkFCKeBazNkKgct4AaABAg	5
UgyrM9vE3CO-vuRCpZ14AaABAg	5
UgyRLom-AOgPos0qUmF4AaABAg	5
UgyRjiMVFncRSBrakL54AaABAg	5
UgyrFVco4GHHIj6j-IJ4AaABAg	5
UgyRDuWYcZ12yFlUlop4AaABAg	5
UgyRBvF59VwtuHS6g7J4AaABAg	5
UgyQus7wDM4jmDi4AKZ4AaABAg	5
UgyqSmsyaZFrrhh_KnN4AaABAg	5
UgyqrAF2TaBMfjWKR7x4AaABAg	5
UgyQPtTLWGt4NDNlVTZ4AaABAg	5
UgyQmQh2zqX_CKj6Ub94AaABAg	5
UgyqKBt2lFfOZP8LvUp4AaABAg	5
Ugyqk5VCuJC-hkfjLrh4AaABAg	5
UgyQjCvbd7p3vmT_yRJ4AaABAg	5
UgyQI6eNgyJlXDVtGNN4AaABAg	5
UgyqE25mJeU8wuQMXXJ4AaABAg	5
UgyqD69oD86ovBALt-V4AaABAg	5
UgyqCIfr9ZP7Q1SzM-14AaABAg	5
UgyQChwq5BG4iYkybBp4AaABAg	5
UgyPzHR-gKx3-uujJJx4AaABAg	5
UgyPxw9Ln_Suk-O3ikx4AaABAg	5
UgyPxjO1B2mPp9dbwW54AaABAg	5
UgyPwYnzhL3bINmCdHh4AaABAg	5
UgyPSeAITiOy0Di_yOR4AaABAg	5
UgyPQcRTgteQ9LH0QcZ4AaABAg	5
UgyPPrQXgtXSFhNGkSR4AaABAg	5
UgyPPn_mnSzGgQsfEzF4AaABAg	5
UgyPoR4GPoEtAk3xFr14AaABAg	5
Ugyplra7GinvPuBiAzN4AaABAg	5
UgypGgcvEY64jT5vxtp4AaABAg	5
UgyPF_EIbvw8sabHPTR4AaABAg	5
UgyP33dJIZifhz27i894AaABAg	5
Ugyoy4--RSOmyPnSeIB4AaABAg	5
UgyOVGEI48_e9ZHKdpF4AaABAg	5
UgyoukcLBeCiXLZkJTh4AaABAg	5
UgyoOVIBsM03pz8m42l4AaABAg	5
UgyoKUcYp5sASkETj7J4AaABAg	5
UgyOkdVAesRcEjRC1r14AaABAg	5
UgyOiwfBifURCkcxQod4AaABAg	5
UgyOh9Kf8NxJF06033B4AaABAg	5
UgyO_FUDbqXDzCWbB1N4AaABAg	5
UgyOCXBM04A1UJ249gp4AaABAg	5
UgyO5nqt6KpzuMurcl94AaABAg	5
UgyO32Ocaz63xoYKSo14AaABAg	5
UgyNYKnNyM7UbjWFBtB4AaABAg	5
Ugynxpt6tPQ9oDxQ0-l4AaABAg	5
UgynVC76iHDgeQXbYfV4AaABAg	5
UgyntW4DAUag3cGAvSl4AaABAg	5
UgyntS0HW7yZD1gTBMh4AaABAg	5
UgyNLBvj0YEFXN12Xk94AaABAg	5
UgyNJ4s3wmX-q5i1lRB4AaABAg	5
Ugyn_HxVIgpRrO-UHN54AaABAg	5
Ugy_NgMPAztqXQR8w7N4AaABAg	5
Ugyn1iyk-bZ0GyoYJgN4AaABAg	5
UgyN0GVSweG-Jp66_3J4AaABAg	5
UgyMXVSebWDrJNq3yux4AaABAg	5
UgyMXU7uWTE0fw6jnHl4AaABAg	5
UgyMt-KEpgYt_wxxvpx4AaABAg	5
UgyMoXHhvcLSWVBJUoR4AaABAg	5
UgymO2gR-MCw6IBcQn14AaABAg	5
UgyMnwrEbmQyigk2VNB4AaABAg	5
UgymHoFnTAeJ6hfaYsB4AaABAg	5
UgyMgwIktlERyqMUWep4AaABAg	5
UgymB_Ey__A-qxC-DAZ4AaABAg	5
UgyM9oPREddeNbOzaGh4AaABAg	5
Ugym5FGNxXJ_kGGShdB4AaABAg	5
Ugym_37mIqg5y1H9Bit4AaABAg	5
UgyM2s46vWWi50iFuBp4AaABAg	5
Ugy_M10TGOUuke7GBfB4AaABAg	5
UgylZgjB8PxZN_nNgmB4AaABAg	5
UgylymHgOEbzDdX8Tf14AaABAg	5
UgyLxR0h7MMDGRE3bcB4AaABAg	5
UgyLwwifG5Mbzj6poQ54AaABAg	5
Ugyl_R67OhdTGaNfZsd4AaABAg	5
UgyLNqF0nlIS_zjXxJZ4AaABAg	5
Ugylm9usWnhN4ZBIoTp4AaABAg	5
UgylKcGzD-HUFeuRUP14AaABAg	5
UgyLGcmueafxG0Xx2154AaABAg	5
UgyLb9zw3ECRbyyzfKZ4AaABAg	5
UgyLAODSt9rvZMSOmQh4AaABAg	5
UgyL1lGIDCEoS1TwT-N4AaABAg	5
UgykZQWio_w73T1M27l4AaABAg	5
UgykYz-zWtKEfTDHVHF4AaABAg	5
Ugy-kXSQDc1uuHjKHTJ4AaABAg	5
UgyKxhY3i65woBjoCvJ4AaABAg	5
UgyktWsrpZNczwbx_XF4AaABAg	5
UgykpcBTAm1R9Jkw7tV4AaABAg	5
UgykmzGqxFQA6wyZDEd4AaABAg	5
UgykLM2WftXImMaNAvp4AaABAg	5
UgykKRPvvKzTM0JXq494AaABAg	5
UgyKGwcOU4teCI07BHF4AaABAg	5
UgykfhroD8sRROrVGT54AaABAg	5
UgyKChRfjpoqrq_ViAV4AaABAg	5
UgyK9nAYJnRQiAo5x7B4AaABAg	5
UgyK9Gzq4hr5w7za52t4AaABAg	5
UgyK5BBJWSuJA84aqOl4AaABAg	5
Ugyk29prK6BWGVB_jWR4AaABAg	5
UgyJwNTPALtl_dRyWVJ4AaABAg	5
UgyjsxTqqvf1g0hBtNZ4AaABAg	5
Ugyjr8c-QlE5t8xy-QJ4AaABAg	5
UgyjmpeH3vTP8WlAP5N4AaABAg	5
UgyJl3OoRVO9UkaxNBt4AaABAg	5
UgyJkoE_tyhDqN_mB2t4AaABAg	5
UgyjirjO9Qnyug-oqp94AaABAg	5
UgyJdL5XbJ_yAS5hwp94AaABAg	5
UgyJav1xulpBdhn8Eex4AaABAg	5
Ugyj7SqFHOGB8lRSkX54AaABAg	5
UgyizNfjj_szTLA1G914AaABAg	5
UgyIxzHM-LaIrEbA9fd4AaABAg	5
UgyixIMuOFYFJ-zFby14AaABAg	5
UgyiRAwf1TuIfS_-ZT14AaABAg	5
UgyipjRTkj8BBQXK5qB4AaABAg	5
UgyioTHSC2GM_pmuN2Z4AaABAg	5
UgyIOccLK9Rv_oy2Rs94AaABAg	5
UgyiHsP2yVQGvNcVhgh4AaABAg	5
Ugyi7VwFQNvzWjX4dct4AaABAg	5
UgyI55G-wZimUY78aZp4AaABAg	5
UgyI16QS2fSPHRI2mOl4AaABAg	5
UgyHxgxBXUcd9qHai-54AaABAg	5
UgyHtYPiEoiEmbY5Ffl4AaABAg	5
UgyhTYg8gRl2gxiM8b94AaABAg	5
UgyhtxO24sRtBfT3Q_d4AaABAg	5
UgyhsJKZO_KVS6Fp8Ot4AaABAg	5
Ugy_HpcFwFUDBrEZClB4AaABAg	5
UgyhltD7dN66cjn2PUZ4AaABAg	5
UgyHJt3eyvYuNtVTCKh4AaABAg	5
UgyHAmkAzqQTcJhBlep4AaABAg	5
UgyH8Xxxk--6lGJxdJZ4AaABAg	5
Ugyh7rbbPTqfJZ60Ict4AaABAg	5
Ugyh6_ujwTVtNh3x1B14AaABAg	5
Ugyh65WHyN2Rnx90IXd4AaABAg	5
Ugyh5UenQutjsFwE5Hp4AaABAg	5
UgyGXgN3lad2KBbMXht4AaABAg	5
UgyGWTPiIyubu5h2_7Z4AaABAg	5
UgygtQq2hV-NiCOtMnF4AaABAg	5
UgygLp1Iav6bHzD5Uad4AaABAg	5
Ugygfxjeu1Yn0p8IH7N4AaABAg	5
UgygEJG7fHZvBD1nLZl4AaABAg	5
UgygcaaquxWLHcu1GwZ4AaABAg	5
UgyGbdVf0ishRwURNBd4AaABAg	5
UgyG5ffO_AQ9FoRp5OJ4AaABAg	5
UgyFYajpCEs7cNReKMt4AaABAg	5
UgyFtkEml2IyiclwC5l4AaABAg	5
Ugyff7rPjQZ22GxOgYN4AaABAg	5
UgyFbzcfQvKgI-MYi214AaABAg	5
UgyfAxlb-9HJr9lg52J4AaABAg	5
Ugyf7uC9R5QXBwQorPN4AaABAg	5
Ugyf7qAqzRzSQam8wLl4AaABAg	5
UgyF3Z8rzNQwCwF_cVt4AaABAg	5
UgyeYw9_DoXdyaHv_OB4AaABAg	5
UgyEUli7XIsdpp9LiOh4AaABAg	5
UgyesyFGFab5Ofvd79J4AaABAg	5
UgyENAp8tKqdsPxWVKx4AaABAg	5
UgyemmZiKWVTjHeaAWd4AaABAg	5
UgyeMAvT0WILUsfsION4AaABAg	5
UgyeLSFeqt_nCHumBQV4AaABAg	5
UgyeKqJp3_Lew1KGUct4AaABAg	5
UgyEhI5XYwNKrUhPrxt4AaABAg	5
UgyEgR1kzDp4HX7kas14AaABAg	5
UgyeeX0J5_0yEgdF8EN4AaABAg	5
UgyeB6i6MU_5JPN6LL54AaABAg	5
UgyE925wfB81Znve3yJ4AaABAg	5
UgyE0OGgfJ4-LPMoFKx4AaABAg	5
UgyDzjAAL48yXSWDTap4AaABAg	5
UgydxtEBDniIHecVCJ94AaABAg	5
Ugydmxr-wL1aAtL1tZl4AaABAg	5
UgydKmgb2NRDmU3ky8l4AaABAg	5
UgyDGiOEsvV3srn_0Bp4AaABAg	5
UgyDDHsxvLqd2LGpbJt4AaABAg	5
UgydcMxmIaCBbvStdR94AaABAg	5
Ugyd8znIqG-V0cCHAoV4AaABAg	5
Ugyd5cKhOufmRKtdUSx4AaABAg	5
UgyCuqXtcxJW1cUb9W94AaABAg	5
UgyCUiWsihwIZr8mgvF4AaABAg	5
UgyCtgLrm1mAKLQvjvp4AaABAg	5
UgycsZxaqnCbAxGtyOl4AaABAg	5
Ugycpo_fufjRNthanUF4AaABAg	5
UgyCN4X2WicJ9no8qYl4AaABAg	5
UgycK4y85uGoz7kbPbJ4AaABAg	5
UgycIjmbCv8EJdYVjUJ4AaABAg	5
UgyceZfB7Dmkp-T8-fx4AaABAg	5
UgycEfpvHiUTUQEMsI54AaABAg	5
UgyC8C-p1pIkqs__OmN4AaABAg	5
UgyC4OITiLmIfkQ16oR4AaABAg	5
UgyBz91wksRV59J49Nl4AaABAg	5
UgyBxrrZaNCcgycZSJh4AaABAg	5
UgybwKYzrOw_6mM1EK54AaABAg	5
UgybvI9VYHaCxMgvP714AaABAg	5
UgybT_ISbRBA712-lj54AaABAg	5
UgybpUkzqElCCYtn9yB4AaABAg	5
UgyBOZlEKMmFw4aFu3F4AaABAg	5
Ugybbn4lTowvAOaGE_t4AaABAg	5
UgybAv4DNsmaUarkd5R4AaABAg	5
UgyaYhJqmSNPwiHem1p4AaABAg	5
UgyAuw8R4VYADf9v_RZ4AaABAg	5
UgyaUDVqbA61hGrC0XV4AaABAg	5
UgyAQccBdz7_ks9B8fV4AaABAg	5
UgyAlYJ722-gwWIQlFR4AaABAg	5
UgyaLAnjuqOPKQnNbFd4AaABAg	5
Ugyagn7239EgiGdnhWp4AaABAg	5
Ugyac8YBLySgL6d_zI14AaABAg	5
UgyaATW2zhvr8RZIXb14AaABAg	5
UgyA2HOWD7R4pQacFzt4AaABAg	5
Ugy9umIKjk5ITrQDk9N4AaABAg	5
Ugy9TrH_oX02PUS5g-t4AaABAg	5
Ugy9tFtVyizkNfZ_pk14AaABAg	5
Ugy9s_kbcPJ8w1iGd254AaABAg	5
Ugy9oNJCJCOvFATUyo14AaABAg	5
Ugy9NuuLK_hiITmPYjl4AaABAg	5
Ugy9ljW4ht_AyZJhCvd4AaABAg	5
Ugy9dyE4sO_PQ4wGMkx4AaABAg	5
Ugy8oVwOqdfyfbkwX5Z4AaABAg	5
Ugy8HumhDeyW1O73Jt54AaABAg	5
Ugy8fDBGewfkX_l1geR4AaABAg	5
Ugy8f4ldOtMQLWWqgnt4AaABAg	5
Ugy8CKWNOAziSsTQClR4AaABAg	5
Ugy87e0nlU2_QcUa1pN4AaABAg	5
Ugy7oZyhxjsJdFnaXKZ4AaABAg	5
Ugy7ny9VjW5KjKypH5B4AaABAg	5
Ugy7LRrE8BNVkRxlGyh4AaABAg	5
Ugy7JufMkySaEaYQtK94AaABAg	5
Ugy7JrCzanBn8WWETq14AaABAg	5
Ugy7J7OZ4lHzTClKHJB4AaABAg	5
Ugy6QFvEZYa-5VCDfFt4AaABAg	5
Ugy6mtYUU3LCkpbOwJt4AaABAg	5
Ugy6lah_g2AMMEaZCad4AaABAg	5
Ugy6k-cJ8-b2k9Xp-Lp4AaABAg	5
Ugy6k4S08ZHD7YWQJGJ4AaABAg	5
Ugy6ITOT6rJ-JiUl8XZ4AaABAg	5
Ugy6HAlTTITHebX_-ut4AaABAg	5
Ugy6F_fYCtTkjF3PLlR4AaABAg	5
Ugy6EMBhmZLTEGKUXDl4AaABAg	5
Ugy65wBfT0eYNXsyXQd4AaABAg	5
Ugy5tyIuZZmgFJqmxC94AaABAg	5
Ugy5RxFsi2oE0AnC4yh4AaABAg	5
Ugy5L0G4go5CEW58WjV4AaABAg	5
Ugy5EwdnU-qtJUy8FN94AaABAg	5
Ugy5bpTKUFKJ9q89w1x4AaABAg	5
Ugy4nTUnRfLfTwhN0E54AaABAg	5
Ugy4-gzXdH6PlD0YjqR4AaABAg	5
Ugy4GAN9RK1_3jOa1IF4AaABAg	5
Ugy4Ceq-g16aPRRedMl4AaABAg	5
Ugy49FVjPV_4ZwXIxhp4AaABAg	5
Ugy_3ztCr8CG3eb_dth4AaABAg	5
Ugy3I5vjFNI1ABwFDnV4AaABAg	5
Ugy3GQ3GBuN-fmsN3554AaABAg	5
Ugy3BVf-IhpWs2pdPpJ4AaABAg	5
Ugy378rAjuY3HsDBtFl4AaABAg	5
Ugy2hP9buZzdoAf40ZB4AaABAg	5
Ugy2EqUP7PjGaV1BlN94AaABAg	5
Ugy22CXcYwQZZR_0h1V4AaABAg	5
Ugy1Y1fGh-CnaVfAWIZ4AaABAg	5
Ugy1xJFe2nr7S5MvpKJ4AaABAg	5
Ugy1t47I5-K_WpCdY9J4AaABAg	5
Ugy1LQKCNthVBQEJgb14AaABAg	5
Ugy1Khd7UAoeRdtSUvp4AaABAg	5
Ugy1K_7Qeg_JBxlpSYR4AaABAg	5
Ugy13a-4dORbB1kinIl4AaABAg	5
Ugy10ejhwbYt_9_FLAV4AaABAg	5
Ugy0X0JqiKAxKJbXHWF4AaABAg	5
Ugy0T0W-ZJyMES5UGnx4AaABAg	5
Ugy0obC0rgCG8McNjhl4AaABAg	5
Ugy0nVuPmt4xOI4xQrh4AaABAg	5
Ugy0jxQQgIXYpb4cBKF4AaABAg	5
Ugy0F84tZBNP2OjPR6N4AaABAg	5
UgxZyrmd2y5EvCaDB4l4AaABAg	5
UgxzvJV3Yw4Fh0vToOl4AaABAg	5
UgxZvDwWsdMRkdbRscd4AaABAg	5
UgxzV55bb1yUc0U-CGx4AaABAg	5
UgxzQWMhi64yUVItk-x4AaABAg	5
UgxZouWxqPg7QHmyLOR4AaABAg	5
UgxzNnt1K16UnnUKh_p4AaABAg	5
UgxzlpH3FpV8twXlA1h4AaABAg	5
UgxzKNgJl2wRfiqcfch4AaABAg	5
UgxzKlbzXT44LE1w_sd4AaABAg	5
UgxzCzIzBc63zuomGud4AaABAg	5
UgxZ5rb6oYMUiJLkphF4AaABAg	5
Ugxz48qPoEJSiSpmY4V4AaABAg	5
UgxZ0yrFgxNecSfCFM94AaABAg	5
Ugx-yY4V-pXSQBApqSx4AaABAg	5
UgxYt2dbl2w3IW3dvnZ4AaABAg	5
UgxYSIPG4lVrrmcaBWh4AaABAg	5
Ugxy_SbmBR1-t7gOF-V4AaABAg	5
UgxyS2HwaWOUJVvwgRZ4AaABAg	5
UgxYrxqYVr-Av6lemnR4AaABAg	5
UgxYOHdVNQiL4LPgNel4AaABAg	5
UgxyOBBZyF4IBA5TTE14AaABAg	5
UgxyhrqmqXAzbEU2Ny54AaABAg	5
UgxyBb2PcAuJiNSWjv94AaABAg	5
UgxY8rCzZ_IDAmVQ_014AaABAg	5
Ugxy_76zzWRIG68KAYN4AaABAg	5
Ugxy2x0D3kyKgKZUWdF4AaABAg	5
UgxXzArL_5t_CYKJwUZ4AaABAg	5
UgxxSoODMoLeh1wlAzZ4AaABAg	5
UgxxP-wPztSrMccWe9x4AaABAg	5
Ugx-XmkAUudWFUUPfIF4AaABAg	5
Ugxxk9H-KDXfeNs6yr14AaABAg	5
Ugxxe_nUBJnUR3wCJT94AaABAg	5
UgxXeLYgQV3rZK2kJwR4AaABAg	5
Ugxxbwdm1Mq4NEpDJQN4AaABAg	5
UgxWyT01q3PM3Ahot0F4AaABAg	5
UgxWTN23HQQfhIdHRBJ4AaABAg	5
UgxwSgA1e0jDmnskPXZ4AaABAg	5
UgxWs611qq5Knr5OHO94AaABAg	5
UgxWOCQRNvoCHY6SUoZ4AaABAg	5
UgxwJWvKAuPI2U1Mv414AaABAg	5
UgxWh6n4XeAVzaeGGvR4AaABAg	5
UgxwD_-OzuWYQ26h4-t4AaABAg	5
Ugxw8b4MsqnhtOtM0ed4AaABAg	5
Ugxw6JKHmaJeIKMnazl4AaABAg	5
Ugxw6EuHiiT38OJda2t4AaABAg	5
Ugxw5hosgBbP6assPi14AaABAg	5
UgxvxSUCTZgfdjBAjN54AaABAg	5
UgxvPxkwoSAUbiO4Xz94AaABAg	5
Ugxvo7HDHjT81Mph4yB4AaABAg	5
Ugx_Vkk0XEMs5dZ7NRR4AaABAg	5
UgxVk8TKA8JzHq9JZxV4AaABAg	5
UgxvJe9eV5haYwAwvvF4AaABAg	5
Ugxv9UZC5h8QsH2j62B4AaABAg	5
Ugxv68XTaG4Ys5zuPAF4AaABAg	5
UgxuY4AguwuAkjQ246V4AaABAg	5
UgxuvQwEZJqANKLwhUZ4AaABAg	5
UgxuQPUw6k8zv9ngKxJ4AaABAg	5
UgxUQlLIfayD3A3ohuR4AaABAg	5
UgxUQkf2Gkz-7uyZEzl4AaABAg	5
UgxuPHP2S-l0mPSNHvF4AaABAg	5
UgxUoWs65J981gjx1ZJ4AaABAg	5
UgxUOrb3iZyDb3pOSqd4AaABAg	5
UgxUkGhUy5MDLxCP7oF4AaABAg	5
UgxUiRXjyoWnsock3hl4AaABAg	5
UgxUdD7h86alepIPHxF4AaABAg	5
UgxUCZ8sr_ZnuEmvJYd4AaABAg	5
UgxUAzDmtirMsEi08Fp4AaABAg	5
Ugxu9BdQq1VMLv3Aptl4AaABAg	5
Ugxu46TCJbRU4lZLPY94AaABAg	5
UgxTz5tWz_UPDAEvTm54AaABAg	5
UgxtZ2HSIzsSIO64JIB4AaABAg	5
UgxtWlySA3NXaXxwXKh4AaABAg	5
UgxtuW4blKvYiwemi8N4AaABAg	5
UgxtTvGdi6E7vDZbMN54AaABAg	5
UgxTsz5OYYAyo1T8rUt4AaABAg	5
UgxTRB7JUGY-6P10M8V4AaABAg	5
UgxTMuy-Q7oKNSE_cnh4AaABAg	5
UgxTM6PUPy8_KWNfvQJ4AaABAg	5
UgxThKP4KNFOsZXSJbB4AaABAg	5
UgxTH-jJM4U3EVETtY54AaABAg	5
UgxThHhqxwZaEBN6hPR4AaABAg	5
UgxTgEJyC4T6EWndq494AaABAg	5
UgxtGB7W7CY5FThgmUp4AaABAg	5
UgxsvDsYX0nQhktcdJl4AaABAg	5
UgxSRt7eIDXC8AmS4TB4AaABAg	5
UgxSq_FloIxD1Yk4Aa14AaABAg	5
UgxSoOcyGeY_6U1q0bR4AaABAg	5
UgxSg4zy-t3JNyXkBbd4AaABAg	5
UgxSCYPfw8P0QiJ-ex14AaABAg	5
UgxS3Ku5nKDJALj4Tex4AaABAg	5
UgxS140mZZBHYCiXKTd4AaABAg	5
Ugxry3MgCchJ-vC-do94AaABAg	5
UgxRxyzL6992gthi1154AaABAg	5
UgxrXcEl9XdMRZcmpIl4AaABAg	5
UgxRWngwtRxIdEKTrWd4AaABAg	5
UgxrVbygdEWwGWItueF4AaABAg	5
UgxrP9baq_3DnFJRjrt4AaABAg	5
Ugxr-gTuO1Ykc0nouoV4AaABAg	5
UgxrGd3T1Pz-NeTg8pd4AaABAg	5
UgxRfYubTidRnGDIGS14AaABAg	5
Ugxrf2VlsfSRVESgd0p4AaABAg	5
UgxRC1z2FtdLGWyCylN4AaABAg	5
UgxR9IHAHWGoVpgB35l4AaABAg	5
UgxqxdEGclJ7AYQqj_R4AaABAg	5
UgxQNO0N9xQEQrN5Tox4AaABAg	5
Ugx-QjUP3xulD2J724V4AaABAg	5
UgxQjkbQVcfXpbcf7814AaABAg	5
UgxQhvehDGxqxQNQugZ4AaABAg	5
UgxQeQk0MYWKIJsu7bV4AaABAg	5
UgxqEkhf4xpGp7juakp4AaABAg	5
UgxQDsVPdYAnzCxcIC94AaABAg	5
UgxQ7vcqrrlP1trITcN4AaABAg	5
Ugxq6UtoidZy_8YA7xh4AaABAg	5
UgxpVJJ1chrsRFZmw-Z4AaABAg	5
Ugxpva0iakiIaT_496x4AaABAg	5
UgxpuNvrbuKOeCiwfJd4AaABAg	5
UgxPtex48q2Klazg2Id4AaABAg	5
UgxpRRZpO7lradit3Gt4AaABAg	5
UgxpPfW_VnvuHxCvvyx4AaABAg	5
UgxPNa9YtbkbIp9qAoZ4AaABAg	5
UgxP_CT86xdFwoYO1SB4AaABAg	5
UgxP9gcZJ7wsj3c0tQh4AaABAg	5
Ugxp9f36Fo99iLO6KRN4AaABAg	5
UgxOv-46MWrUTupIQXZ4AaABAg	5
UgxOTz4lkMvHkccaZh94AaABAg	5
UgxOsnF7x9x1mPkYnih4AaABAg	5
UgxoR4iNzcctMWjr0nN4AaABAg	5
Ugx_oI3nSnvp-4k7GfN4AaABAg	5
UgxoH1L218tYyxdw6pd4AaABAg	5
UgxOfaFWl-KEnmNqB0N4AaABAg	5
UgxOEjEPC6qDfvYqWxl4AaABAg	5
Ugxoe-EMJ5C4FuQ-vnd4AaABAg	5
UgxodQE82gpoIZPJDbV4AaABAg	5
UgxOcUkBk4PrH8EjMPZ4AaABAg	5
UgxOaS7Illfaw8pfbwx4AaABAg	5
UgxO9NeQHKLzDLY9STF4AaABAg	5
UgxnxeLPLy6M-1Dp6pV4AaABAg	5
UgxnvYYt7S6SQmZpDj14AaABAg	5
UgxnVHAV-GamkDPOQX54AaABAg	5
UgxnmAUUZtaCOByU29x4AaABAg	5
Ugxnm25QbhJBnfGQsY94AaABAg	5
Ugxnh0lKxx5Ivl6hPS94AaABAg	5
UgxNgycTEn1fmhbl94l4AaABAg	5
UgxnER1bPEZPEu5M3HF4AaABAg	5
UgxNC3-Yp9mMpG3SnoZ4AaABAg	5
Ugxn_8Dip6XNLfRy6T54AaABAg	5
UgxN04anAIN-1lSz-wx4AaABAg	5
UgxMyP_yqXEdStjoJMt4AaABAg	5
Ugxmx1oRlrMLASEp0OZ4AaABAg	5
UgxmS5-MTFeKOLRjdS94AaABAg	5
UgxMohuyl14B-yyITJl4AaABAg	5
UgxmnJbolYJ8OgT9tGt4AaABAg	5
UgxMm15-W867sUY74yh4AaABAg	5
UgxM-GUaF6039WC_9fx4AaABAg	5
Ugxmg7cUNUHs4dmrHDR4AaABAg	5
UgxMDsw-VfsMQTIVZox4AaABAg	5
UgxmD_5f4T6KvsC8Pdl4AaABAg	5
UgxMAnXysBeDfFBq7N14AaABAg	5
Ugxm8QRPzLU4JHg_xK54AaABAg	5
UgxM8LQqJwh3Qpnyh3R4AaABAg	5
Ugxm51QgfckBTwDCbN14AaABAg	5
Ugxlv0hm6Q9EyMEIaHd4AaABAg	5
UgxlSJ0mdfh8ifNfZfl4AaABAg	5
Ugxls7PGqkpkX8jf7nV4AaABAg	5
UgxLRTnf4hBJQ7PPDRd4AaABAg	5
UgxLrmZoMZqu_HmD9FR4AaABAg	5
UgxlKwi7Gr7pZtvK5Wx4AaABAg	5
UgxLjN8vx4Gx5_Jpfd54AaABAg	5
UgxLglED6bKG_zEQJRR4AaABAg	5
UgxlgDvW0sFcqK2h-mN4AaABAg	5
UgxlakhbUB7ShPsrtfF4AaABAg	5
UgxlAiSvQLupuIK_-HF4AaABAg	5
UgxKz7i0IXj4uab2p1R4AaABAg	5
UgxkRwg338tsBKsXu_54AaABAg	5
Ugxk-R7Id0dgDPcHxA14AaABAg	5
UgxKq0iJSfxaLnbBk114AaABAg	5
UgxkkPszIE5yss7a2pp4AaABAg	5
UgxKjJYKyGtwymqY_KF4AaABAg	5
UgxkJhasQU_lDA7X7lR4AaABAg	5
UgxKIH7iGy39-KjHUM94AaABAg	5
UgxkIAdNRZWBQJQ7wCB4AaABAg	5
UgxKfzFqikKABHS7fCp4AaABAg	5
Ugxkd5dtzAxrnRWbhaV4AaABAg	5
UgxkCcuoEfT2zD5RTBh4AaABAg	5
UgxKC9WyD6kM4AfuNpF4AaABAg	5
Ugxk7MmxMgHF1u2cAcl4AaABAg	5
UgxK7BCumJZs65dwqEV4AaABAg	5
UgxK3B0fQszowx90P6Z4AaABAg	5
UgxJWQdlpO8gooLPOTd4AaABAg	5
UgxJrjpUqX5UcOrS8V94AaABAg	5
UgxjqdJ83btuSAdkXAF4AaABAg	5
UgxjpYI3BkIEb3Kf2Z14AaABAg	5
UgxJocsRWZPcWHyhSGB4AaABAg	5
UgxjlZ7f3tFfzZ1sm_V4AaABAg	5
UgxJl02SipJkjPfCbs94AaABAg	5
UgxJI5Y5pnuuEjzhpqR4AaABAg	5
UgxJgjTA0b5UwaXGVC94AaABAg	5
Ugxjct2NNER1DV8X1-V4AaABAg	5
UgxIXhCpPSLSywlUUEp4AaABAg	5
UgxIvpXIe-zLZNrCOTh4AaABAg	5
UgxiuLVvTHXaUNHctoV4AaABAg	5
UgxIU3XRQHd9bZvjmwd4AaABAg	5
UgxiST2nT9BCbjwZRKl4AaABAg	5
UgxIs4UxkWVzA9uAGsx4AaABAg	5
UgxIQ_fRdNgQMieIom54AaABAg	5
UgxiPnj9Mcmpr_BCFxN4AaABAg	5
UgxiogtFDQlJRwT0YwV4AaABAg	5
UgxIjirCqg6UDCAsodZ4AaABAg	5
UgxHw65FOJqVGW3YxE54AaABAg	5
UgxHScTBk6b5_N3IbvB4AaABAg	5
Ugx-hoSDb4lRRxQ78x14AaABAg	5
UgxHO4l9Qvy62H-fy4F4AaABAg	5
Ugxhno_dcgQjCuhcx3h4AaABAg	5
UgxHncKnf0EHqp2skl14AaABAg	5
UgxHM6UEUldJtJkeQtV4AaABAg	5
UgxhlJcAkj9_tMOFWPd4AaABAg	5
UgxHkX5PGczd-dnIB_l4AaABAg	5
UgxHI7LKppSsDs9KcBJ4AaABAg	5
UgxHhft4uU8daT_nk5V4AaABAg	5
UgxHDy8rwcDrcf7gF8B4AaABAg	5
UgxGZ5flelXa86uDr4N4AaABAg	5
UgxgWHv7cGL8ZIFZBrh4AaABAg	5
UgxgT_xJ--Lgmrlffgx4AaABAg	5
UgxGRgG5LP8dPunxsxh4AaABAg	5
UgxGpkndzFnjDiRrk894AaABAg	5
UgxGo6gm6NYHCnm2oSR4AaABAg	5
UgxGeZ7scGmoTMUlLwh4AaABAg	5
UgxgEsxs3-zaz45PM3l4AaABAg	5
UgxgehLWLS99MCs2hLB4AaABAg	5
UgxGbP-oZBBo-R1b0Y94AaABAg	5
UgxfzpIdrZ-rimD6E_t4AaABAg	5
UgxfzhsordMzmGy9nv54AaABAg	5
UgxFwuQTn2LbmPFOxM14AaABAg	5
UgxFwN2z0hwd9-cq0kt4AaABAg	5
UgxFwHgMQoDkxF_OB3R4AaABAg	5
UgxfVeuvRffbMnvCHKZ4AaABAg	5
UgxFTCxhnk1BTYfRfYp4AaABAg	5
UgxfoDrfabvlTsofQKR4AaABAg	5
UgxfjzhzbD9Ru-FA1K54AaABAg	5
UgxFdQ4PC4_TmHcVtwN4AaABAg	5
UgxfCvpgZc-X_W3jDOJ4AaABAg	5
UgxFa-DXhknX_ZBjivJ4AaABAg	5
UgxF58rp3M1wItm0jLN4AaABAg	5
UgxEXIusTWVa94g4sIZ4AaABAg	5
UgxeRCGyeQY6JwPppkx4AaABAg	5
UgxeqTEEmDN8OyCePVx4AaABAg	5
UgxemWHazBPslDJDuql4AaABAg	5
Ugxem2wKJYTPfgYC_tB4AaABAg	5
UgxE_cBRNTsVfSs_rfF4AaABAg	5
UgxE_-4ev4rvH53jZRl4AaABAg	5
UgxDvf5c6CXFQXS5mvt4AaABAg	5
Ugx-Dt_umSyGBRnSKph4AaABAg	5
UgxdsvpPpMnWxUrOAmd4AaABAg	5
UgxDQV_yZ8gQvv_8SbJ4AaABAg	5
Ugxd-Q6XEN2-64R0qpZ4AaABAg	5
UgxdncT70Xbv2UT3Qy14AaABAg	5
UgxdjnUTeRS_7DoceXB4AaABAg	5
UgxDHOTgK4yrmrJt3LR4AaABAg	5
UgxdhAILIgB7jF-IhcN4AaABAg	5
UgxdgQlnM1J8IeFIIh94AaABAg	5
UgxdDewgqRUv0KGUtOp4AaABAg	5
UgxdbS9ErwRIahL3_Q14AaABAg	5
Ugx_CwuwaewHN-R9jqJ4AaABAg	5
UgxCV0ATzi82miaQ4994AaABAg	5
UgxctXEZK80eJLGeSLV4AaABAg	5
UgxCt82wSHpiMz9xVLl4AaABAg	5
UgxCr9CokWQ2vTn9nNp4AaABAg	5
UgxcqG73nufUi4paspF4AaABAg	5
UgxCMaKNRwZ3G8VNI0l4AaABAg	5
UgxCgNfXp2HD_OS3ffp4AaABAg	5
UgxcG4XQDFJH2lckTSJ4AaABAg	5
UgxcByiQiGBCzy7s0494AaABAg	5
UgxCbO-KzTFlZoenn5V4AaABAg	5
UgxC6PcM415l0U3HSg54AaABAg	5
UgxBwRNJ20yhGOtCHTB4AaABAg	5
UgxbvYFYNYufvge9GNZ4AaABAg	5
UgxBvLwBmVayTNNGxW94AaABAg	5
UgxbQzhihOO8T2ab1554AaABAg	5
UgxbpHElPEF06mJ7sdV4AaABAg	5
UgxbG0_mnAKJyYZDgld4AaABAg	5
UgxBdLaM_kws0qioIcV4AaABAg	5
Ugxbc9SMa_wsnI10vMB4AaABAg	5
UgxbAfqq5fcLG8U55EB4AaABAg	5
UgxB8rFDL2S7p79BcIx4AaABAg	5
UgxB74VdHy7qDjqsP9l4AaABAg	5
UgxB6YnWoPsqG1iLKQ94AaABAg	5
Ugxb46845cogm-ehBJJ4AaABAg	5
UgxB45YatYmWAsjkHX54AaABAg	5
UgxAzf0oeKf0wEX9yLV4AaABAg	5
UgxAXIcB36SE-ihEiqV4AaABAg	5
UgxaUNYlMbww7KYhtQB4AaABAg	5
UgxaqypDlqQMGF5-9Ht4AaABAg	5
Ugxap-G3ZuPoVYcTxdR4AaABAg	5
UgxAMvdFCTOolQJgsc14AaABAg	5
UgxAAAM90cnRQjKeXnZ4AaABAg	5
Ugxaa47KKOrxErypmHp4AaABAg	5
UgxA9SQ4-Ht8Ktt0Fmx4AaABAg	5
UgxA8MYDFPgCbvGvnYF4AaABAg	5
UgxA7KSB_nOD8x_6zdd4AaABAg	5
UgxA6itqP_yRYGXhDjd4AaABAg	5
UgxA6HnkJ7j6O3IpEad4AaABAg	5
UgxA663vTm4jhxblbgB4AaABAg	5
Ugxa5wt-LJT-CNXbZPV4AaABAg	5
Ugxa0nj2bjhjdAze1_14AaABAg	5
Ugx9WOBQ_TvMj-a4Oll4AaABAg	5
Ugx9O74_Ij_cJtCR-0l4AaABAg	5
Ugx9NMM_58dLTQy3KEJ4AaABAg	5
Ugx9E8lG1n9RW-y9uWZ4AaABAg	5
Ugx92sNFE0c7X7jj9qp4AaABAg	5
Ugx8Y5uhgVp4iu_gyUF4AaABAg	5
Ugx8KVSqZedZEHNofd14AaABAg	5
Ugx8EpT8F8BCe_fS6ZV4AaABAg	5
Ugx8CbFNX-a_L9g1i9V4AaABAg	5
Ugx7uogOVgzH48836_F4AaABAg	5
Ugx7pMDaPBxNhw2XNeB4AaABAg	5
Ugx7gaZHdVRfr65sTmh4AaABAg	5
Ugx7BpsSLoAdr5r52TR4AaABAg	5
Ugx72O4WIbS6xsXpkWF4AaABAg	5
Ugx71qxaNO5JPC72kyN4AaABAg	5
Ugx6TjRNVI-HH0ICWTJ4AaABAg	5
Ugx6pNXHMfz-A--ehsJ4AaABAg	5
Ugx6iBeNuq7czGXPmlV4AaABAg	5
Ugx6alrPgPxE4u5Vev94AaABAg	5
Ugx61aiGKvAWeVGiUCJ4AaABAg	5
Ugx60MXWWoolzVby0kR4AaABAg	5
Ugx5VNZ2JvFqKt271ux4AaABAg	5
Ugx-5OAI2TB65RJ-XQ94AaABAg	5
Ugx5ml7gMYWiFCpGpAB4AaABAg	5
Ugx5GVGH7as_vt1BKaV4AaABAg	5
Ugx4snlXMricf1cj7e94AaABAg	5
Ugx4PY7bcyRqOerwAJ14AaABAg	5
Ugx4nFC9_P2cTuJ0iUJ4AaABAg	5
Ugx4iq5p-23R0TH2c1x4AaABAg	5
Ugx4HPkR0WjeVucwyWt4AaABAg	5
Ugx4FhmfErN2jobNZYR4AaABAg	5
Ugx4F3lWSjkXTMWtC914AaABAg	5
Ugx49knkfdL5fGUwkkR4AaABAg	5
Ugx42sgR1O-BqtGvdbh4AaABAg	5
Ugx42KK0rlZbK2c_ipt4AaABAg	5
Ugx3-t-IQQcUGfDVU2V4AaABAg	5
Ugx3sdCjprrSmMyu5tl4AaABAg	5
Ugx3S_3KMNQA6v7yfqh4AaABAg	5
Ugx3Qwf1xjHp5xtt7fx4AaABAg	5
Ugx3LXYx8naQSR81Adx4AaABAg	5
Ugx3Lg6FF9ZSXg9pn7x4AaABAg	5
Ugx3JirllulsbsZojJt4AaABAg	5
Ugx3HZjl-paHRpNrBzV4AaABAg	5
Ugx3-7xieBDQBRXUwHN4AaABAg	5
Ugx36PIDEPmHYHXHvwN4AaABAg	5
Ugx36Ehu9sVME3gXP0V4AaABAg	5
Ugx32KncizjY7cNCDX54AaABAg	5
Ugx2pmp1T3yCRMw7GtJ4AaABAg	5
Ugx2PakRSouABFdLq2Z4AaABAg	5
Ugx2IOFoVcpQl3Xph6l4AaABAg	5
Ugx2H6XuKWuLA9qgKkN4AaABAg	5
Ugx23EP4mPKtnoGOQXF4AaABAg	5
Ugx1V_cbsyb_8hSiMLV4AaABAg	5
Ugx1U4z3QfgayRbxj1l4AaABAg	5
Ugx1qmp4mIYIeKTRhxV4AaABAg	5
Ugx1Kk2PWblGSalbtSJ4AaABAg	5
Ugx1J6sRiiLpJbOK-1F4AaABAg	5
Ugx1GHPT7hQTNeFDUJx4AaABAg	5
Ugx1FjCZWOJ8a8ogI-B4AaABAg	5
Ugx1fIsl1ex8hOTFdJZ4AaABAg	5
Ugx1EG-uh_uLz3X1mct4AaABAg	5
Ugx10BHRh1rNQoupHGJ4AaABAg	5
Ugx0Z6QHtEsD6WuEcmd4AaABAg	5
Ugx0sfmZy2PePuoo3lN4AaABAg	5
Ugx0QcxMWEzfxvSqzR54AaABAg	5
Ugx0KE5eh6cxkyGAr_B4AaABAg	5
Ugx0JDF4-dmW1RKwcyV4AaABAg	5
Ugx0hMVheOC4QKy-Hv94AaABAg	5
Ugx0EYx9lawc-n8Todd4AaABAg	5
Ugx0AZAuZITCfCO8Zn14AaABAg	5
Ugx08KvJtaUzsMEeltp4AaABAg	5
UgwzWsaTFYkaT4xX-cJ4AaABAg	5
UgwZQ0Qa0FHrl2lyR4V4AaABAg	5
Ugwzog4_SJGO7Fmyorx4AaABAg	5
UgwZmw1iIDGr6xV7w514AaABAg	5
UgwZ_LP1CXdQDitdWmV4AaABAg	5
UgwZlHxKWM6BvvGtz8x4AaABAg	5
UgwZLEzRAmVXhc5Th5h4AaABAg	5
UgwzgQkXP1vTMBukFjR4AaABAg	5
UgwZdtpOHOleXJMweCh4AaABAg	5
UgwZBGOI7x0eus4K13V4AaABAg	5
UgwZbDPPsSENwEBbjRF4AaABAg	5
UgwZAmOOzY3ibYuE-Fx4AaABAg	5
UgwzAAGDPEWqstx8ZwR4AaABAg	5
UgwZ7fULn0xEBiCdH5x4AaABAg	5
UgwYXcTge0aNfDlF_F54AaABAg	5
Ugwyt-IvgA4q6BAPzKh4AaABAg	5
UgwYm2awNt9KPozFR4l4AaABAg	5
UgwYFF92yD7x4Lf_x7t4AaABAg	5
Ugwy8-z7nXX3OPY83up4AaABAg	5
UgwY4lZYELwmZy1TWwh4AaABAg	5
UgwXXRD9VT9_nEpJGU94AaABAg	5
UgwxxK_uCMM6y6Nuysl4AaABAg	5
UgwxNwmI4kXu0VjUMvN4AaABAg	5
UgwxNJ6c-WevkxeGryV4AaABAg	5
UgwXkzeiAOxoiO19kOp4AaABAg	5
Ugwxjc6NaXbtVXRDK0Z4AaABAg	5
Ugwx-HDHnBvC859uqDt4AaABAg	5
UgwXedfPRwvlRMIOGxd4AaABAg	5
UgwXBSgmObRjT02YeuF4AaABAg	5
UgwX5ym0yQL8JZWs8jt4AaABAg	5
UgwX1VLZCZ98WDPg6y54AaABAg	5
UgwWyAKkZR9U-Io4VcV4AaABAg	5
UgwwvVQysy31LzCvAeR4AaABAg	5
Ugww_VrdETckF08FZ-94AaABAg	5
UgwWsl7MCMUPK7DY3IR4AaABAg	5
UgwwQmknI5GS8TdpXLV4AaABAg	5
UgwWpOJrAjyA23-x-Wx4AaABAg	5
UgwWoklaRnm3HWGHn4x4AaABAg	5
UgwWnFXw1qvCFBVqFlF4AaABAg	5
UgwwJECuEKJclPQznKZ4AaABAg	5
Ugw-wfhxsLR1vKgroE14AaABAg	5
UgwWDNJKMJylYPHgKWN4AaABAg	5
UgwWbLhjfIS5PRLUeHR4AaABAg	5
Ugwvz3gN577r7WF2aJ14AaABAg	5
UgwvYWo31Zsl9Z5HqLF4AaABAg	5
Ugwv_YNM-psmfUkLd1Z4AaABAg	5
UgwVWZpqD9FHYVsTSuh4AaABAg	5
UgwVVhjY_C4RPKnXcCt4AaABAg	5
UgwVtIubGMQJ3V6HVwZ4AaABAg	5
UgwvpmzM0qOZaiM14jh4AaABAg	5
UgwVoZ2x3N-W8yQjsJt4AaABAg	5
UgwvkiDhgOXO4-8KYDJ4AaABAg	5
UgwVHgXPnF8r7N_UNpx4AaABAg	5
UgwVfIB-1LVQxbh7Pbt4AaABAg	5
Ugwv1tQnppH_i2VemBB4AaABAg	5
UgwUZF7Gmhqb0vd8fx94AaABAg	5
UgwUw1G9scy4PaxJyZ54AaABAg	5
UgwuTeexFJkaJtto-Wx4AaABAg	5
UgwU-Rmy2yH6JuKig894AaABAg	5
Ugw_Uklt2kfmNcUtSBh4AaABAg	5
UgwUkG1rpX-CRxuIurp4AaABAg	5
UgwUJfY5dz5nhYpoNaN4AaABAg	5
UgwuI1-6-wRvUov5JHt4AaABAg	5
UgwUBZ54D2zD0P0rRZx4AaABAg	5
UgwUbsRhCsed9P243sR4AaABAg	5
UgwuaOR7WqiOZo09GX94AaABAg	5
UgwU0r0e8Jzctolgyqp4AaABAg	5
UgwtxP2EQ1KM6gFj1xd4AaABAg	5
UgwTvcKN2anEEkCq6414AaABAg	5
UgwtuJ5vIL4NmBIkUoV4AaABAg	5
UgwTTeYiy942o19Rnmt4AaABAg	5
UgwtqOmXzWvPVvIRwKl4AaABAg	5
UgwTQBszT39-wLMReTt4AaABAg	5
UgwTo0RF8PgztdgmOtl4AaABAg	5
UgwThdZZHO1MWT_MG-d4AaABAg	5
UgwTGeuXNnm8VOMiTQN4AaABAg	5
UgwTAKg63GlJnohCL-Z4AaABAg	5
Ugwt85Pn0sYhm2Hfi-54AaABAg	5
UgwT-4F2rB6jqEG3K9J4AaABAg	5
UgwSW_ZkhlDuw-gORfR4AaABAg	5
UgwSwX-HHKIDm4TnkSJ4AaABAg	5
UgwSUxMbFmUoJEIsNu94AaABAg	5
UgwSlV95ZTnRMVKBW8t4AaABAg	5
UgwsioNgp1Z_Frllp5F4AaABAg	5
UgwSILfzM5TgbvUruZF4AaABAg	5
UgwShKTIKLW1B9ZFwIV4AaABAg	5
UgwsB-kN5b08fW05mwF4AaABAg	5
Ugws6tEQCTGFjJj9V8V4AaABAg	5
Ugw_s6kE_DOM1P8w3V54AaABAg	5
UgwRXcAUM8YJiBB1RfV4AaABAg	5
Ugwrw-CK0K8GePGp01h4AaABAg	5
UgwRPkaSXpDSxX5MmCJ4AaABAg	5
UgwRpHRS5DFhXGciYwh4AaABAg	5
UgwRMUfE3SnFE1fJtAx4AaABAg	5
UgwRHFT_-sqzxmgHinF4AaABAg	5
UgwrhDRkZ94N5bIwY054AaABAg	5
UgwrGSfm9wuLCjVTiZt4AaABAg	5
UgwrdIvp0Oo3xWZ7rhl4AaABAg	5
UgwR6F4TeigGukL5KWp4AaABAg	5
Ugwr5dXKUuLvmLAJDK54AaABAg	5
UgwqwUvGIYcQh5SmTZN4AaABAg	5
UgwqO75BDp34WQZXJPV4AaABAg	5
UgwqMEh48S-BRYsyUs54AaABAg	5
UgwqJi_xP1qE8NnbTCJ4AaABAg	5
UgwqDjAZpFAYOvXjseF4AaABAg	5
UgwQBtBxqrx_hrZb0D14AaABAg	5
UgwPZa1hSWUgDJhdI8l4AaABAg	5
UgwPvpHGLSrCNdxhK3d4AaABAg	5
UgwPSL7xiNXYvWofh354AaABAg	5
UgwPmfEZjXw8fwm6CZV4AaABAg	5
UgwpHTZOkBsagdq-wxR4AaABAg	5
UgwopgTsgjEewPRibGV4AaABAg	5
UgwomNVsM1anmPV-IsB4AaABAg	5
UgwOkV2iFtPyG3uz_4R4AaABAg	5
UgwoKhnyDW2uvpyZ1md4AaABAg	5
UgwojsuMy1wd__qQyIp4AaABAg	5
Ugw_OeC5UR3Qx2OUfVN4AaABAg	5
UgwocUwimELBGjW3AtF4AaABAg	5
UgwNoI_mhmpj02n28vx4AaABAg	5
UgwnNisePE1rt8Jd0rp4AaABAg	5
Ugwn_Nda35Mx7wx37aZ4AaABAg	5
UgwnErA9G-rZ8qYzzlB4AaABAg	5
UgwN2VzBgwqk_qM5t954AaABAg	5
Ugwn1xvdpAYxxyOxbCJ4AaABAg	5
Ugw-N1DrTxdfnONoBLJ4AaABAg	5
UgwMz7WWCDi5tJzwLfZ4AaABAg	5
UgwMwr8sb_AR1ZTLIW94AaABAg	5
UgwMnGyvIShgBaLeeql4AaABAg	5
UgwMmas8lLVfu6NdwKN4AaABAg	5
UgwmLXVOtQUJjgzELTl4AaABAg	5
Ugwm6BToPJ95TtMMpQl4AaABAg	5
UgwlV5C0Lu8fFMSn6p54AaABAg	5
UgwLsV4SfPkY6cGqtTJ4AaABAg	5
Ugwl-RU2vwaIzWMESft4AaABAg	5
UgwLQEzZVvNj4knl2xh4AaABAg	5
Ugwlp8NCk2UgAF7w7414AaABAg	5
UgwlN69-X66VkOSAi2l4AaABAg	5
UgwL-lDQDEDP1Fhd-rp4AaABAg	5
Ugwlitc3_7LbKg1TkGJ4AaABAg	5
UgwlgK7N9xISGKQT0ox4AaABAg	5
UgwlFzj-rpSma8AJ52t4AaABAg	5
UgwlFloTVcewYxAeOOF4AaABAg	5
UgwlffcOv88azyvxssV4AaABAg	5
UgwLEQQhMy6LHauHncB4AaABAg	5
Ugwl3xa9c4hU0VGy0jZ4AaABAg	5
Ugwl2SLmKEPudeAr3yl4AaABAg	5
UgwkwLaZQXShw6vN0LB4AaABAg	5
Ugwkv0A3leGS7R6UGOF4AaABAg	5
UgwkU67NbuKWlhqWH6Z4AaABAg	5
UgwKTFBm9cjH9Vye64B4AaABAg	5
UgwKT7mQFjk4-ktzQbR4AaABAg	5
UgwKravEtcvt97wiTvB4AaABAg	5
UgwKlRe2Hi_Nh_SG73d4AaABAg	5
UgwKLelom6XNbRJXwWV4AaABAg	5
Ugw-kKL-xaE7hXmnR8d4AaABAg	5
UgwkJ1u5rqsWjr2Qn1N4AaABAg	5
UgwkEkMESqFBiw1BhCx4AaABAg	5
UgwkDKV5f7GBMDNqNdx4AaABAg	5
UgwKcqH6sThsbTZT30d4AaABAg	5
UgwKBo0JgHnfjSxdBHp4AaABAg	5
UgwK8t2B3mKZUR7Nalx4AaABAg	5
Ugw-k7xyR47SQDfo-254AaABAg	5
Ugwk28BXoNYFWxkYMtt4AaABAg	5
UgwJrf3ieR9VmEg3X0h4AaABAg	5
UgwjPzj3seDovUoi-Ad4AaABAg	5
UgwjMdXlLn0f-qCDS614AaABAg	5
Ugw_JgadvlGNM2fF2_R4AaABAg	5
UgwJg63-E-yevMe2MYd4AaABAg	5
UgwjAkPPH8qp7Fqzspp4AaABAg	5
Ugwj7YAFoxMI-aC2WjZ4AaABAg	5
UgwJ3TyZoGKkcqU-z-Z4AaABAg	5
Ugwj26v8OSLtiu64qXF4AaABAg	5
UgwizJhInF1v1zLVBad4AaABAg	5
UgwiXXWzzMCrYpNIYhx4AaABAg	5
Ugwi_VzFXDuGTZ5N4CF4AaABAg	5
UgwipT_7HY1Msb5M9xt4AaABAg	5
UgwINkT2sksO2lb2aZd4AaABAg	5
UgwimjyJCF1_-cpm3Il4AaABAg	5
UgwIL3iptPwZJwB8Ql54AaABAg	5
UgwIKroGXkx2nBOuPk14AaABAg	5
UgwIIkEo22f9jOKQAKZ4AaABAg	5
UgwihtnJcFFgYoYyn0l4AaABAg	5
UgwIdirsH7ZifpHp7ht4AaABAg	5
UgwI7_yrLItSS6cd_RZ4AaABAg	5
Ugwi5Za9ehsNvLo-93t4AaABAg	5
Ugwi5xSXIiq2xaMW_HN4AaABAg	5
Ugwi5em5TjmJAjzXsAd4AaABAg	5
Ugwi1K9wpFpXXvZTOnZ4AaABAg	5
UgwhzXusxZffAN0qLtV4AaABAg	5
Ugwhz_H0jLWQSpH0aop4AaABAg	5
UgwhtegKllkBqadWPJx4AaABAg	5
UgwHtaHCJ3n2sHQNp_x4AaABAg	5
UgwHQ8kFOhhAc5mSXsd4AaABAg	5
UgwHPHa9aSA0TK-sNwR4AaABAg	5
UgwhkBTfnUQ8Mf4_vcJ4AaABAg	5
UgwhI4EASG9LghpFnMV4AaABAg	5
UgwhCI6iNp_G6eHrtlt4AaABAg	5
UgwHb34Ni5sVDxojG614AaABAg	5
Ugw--H7pZNcft71bx694AaABAg	5
Ugwh6rq0VyRh1b1iGwt4AaABAg	5
Ugw-H3i51s1EbJ-7_Jt4AaABAg	5
UgwgZ7t5wJMfLkdwOnd4AaABAg	5
UgwgtDZ7Zgk3jpy0R2N4AaABAg	5
UgwGmc37eHgkwkbrhcZ4AaABAg	5
UgwGKrwXI3FyDg4Bwa94AaABAg	5
UgwgfQrUaz9JqwXEMbh4AaABAg	5
UgwGcz0q2Z5BsxsHPN14AaABAg	5
UgwgCoXGP23j7dJHAcF4AaABAg	5
UgwGCjke781C_YhwF654AaABAg	5
Ugwg5zVnCnSGBxFPmdN4AaABAg	5
Ugwg5Lr7ooU3N0naHyB4AaABAg	5
UgwF-zrgx1mh_qgUhFt4AaABAg	5
UgwfzN3AFN3NiW1Ovid4AaABAg	5
UgwF-xf4P8m0P3KbLbV4AaABAg	5
UgwFo9-x-YS6RFDOKV94AaABAg	5
UgwFgcgeUHgL3XmdWGt4AaABAg	5
UgwfBpItdfjspdtEUiJ4AaABAg	5
UgwF6M6eiBEmjaIwAmd4AaABAg	5
UgweXRRSfI5ORw1rLq94AaABAg	5
UgwEVhZHn3ez_j19RI94AaABAg	5
UgweR-4Ay6_oi8rPlTp4AaABAg	5
UgwepKRHX-cEZDsTWLt4AaABAg	5
UgweOxjS0XbNegD8O4N4AaABAg	5
UgweM2aSnh8M7m3zBBF4AaABAg	5
UgwEM0ZVibo38J6_uJh4AaABAg	5
UgwE2C074uexRegmq8B4AaABAg	5
UgwduYgDEp-2mUNE_GB4AaABAg	5
Ugwds1sFYVFmBM9VDwp4AaABAg	5
UgwdQJXjaYWRjSpRrBd4AaABAg	5
UgwDLPpaEH1dSojZ1G94AaABAg	5
UgwdKRZ3gjRf7TXQzhB4AaABAg	5
UgwDkfmP1OqUDBQSVJ54AaABAg	5
UgwDK4ebOquJEcoGLwZ4AaABAg	5
UgwdeAWklGLT6pusfWJ4AaABAg	5
UgwdcsqpQidjDL8-zMl4AaABAg	5
UgwDAwEZpJYc8M7NGup4AaABAg	5
Ugwd5D-vJ3lvX9DFzFl4AaABAg	5
UgwD3j8URwdo-a2gMZd4AaABAg	5
Ugwd021K4P5dcgJQUK14AaABAg	5
UgwcUCJx9jh2Aqg1FZJ4AaABAg	5
UgwCtuHJ8q8u4Cnh_YR4AaABAg	5
UgwCSQKVc5H1n3x1yzF4AaABAg	5
UgwcLrdOrWivIWkcg214AaABAg	5
UgwCiDmCKIb18ZKkGfZ4AaABAg	5
UgwchiZOOQ5jQFM7jTV4AaABAg	5
Ugwcf5L_QUa8mpLz1Ap4AaABAg	5
UgwCeC37rclvyuDCQ594AaABAg	5
UgwCDoacveepmg9JZYp4AaABAg	5
UgwcA8eBQvCfCLgX3654AaABAg	5
UgwC7qDsLkE4V6NQIAl4AaABAg	5
Ugwc2D8fn51xQuM40Mx4AaABAg	5
UgwC1x1RhaQcdFGoceJ4AaABAg	5
UgwBZZf1UykEtkTamNp4AaABAg	5
UgwbwxuWIVpCooT2xGV4AaABAg	5
UgwBVmth7u8gE_rAHJt4AaABAg	5
UgwbStqK4eSbl2E7g7J4AaABAg	5
UgwBpHO-01mOn7erW1B4AaABAg	5
UgwBi73zsVFOBdF57LR4AaABAg	5
Ugw-bhPmhj0it4h0sI14AaABAg	5
UgwbGzX6MiaS22qFKpR4AaABAg	5
UgwbdRypeTUx5tNy8bh4AaABAg	5
UgwbDCY99MWX0crzzuB4AaABAg	5
UgwbCNHijEVum6IrJQZ4AaABAg	5
Ugwb9b7zzCYsJKOyqPN4AaABAg	5
UgwB2NMx79APik2Zqpl4AaABAg	5
UgwB0DIOADFM0BhCEPh4AaABAg	5
UgwaYxD9d9LIXJmarbN4AaABAg	5
UgwaUAWq6V-Xv1pBY494AaABAg	5
UgwATvTgPt4KeTYsNw94AaABAg	5
UgwatpXIi6Sta93a1pN4AaABAg	5
UgwarEcNSPQBvgSLw5l4AaABAg	5
UgwAr8K1MZEVn-iWgyt4AaABAg	5
UgwAFm-cuc8OLZoXxTt4AaABAg	5
Ugwae1wp-MVX8euGHTR4AaABAg	5
UgwaDdztInBbBBYg9wd4AaABAg	5
UgwaCOCMCJn0Qri7NNl4AaABAg	5
UgwaafkkPjcWlGt7foV4AaABAg	5
Ugwa6T8KeYVcDPh6j7N4AaABAg	5
Ugw9z7wZzL2nHJV1flB4AaABAg	5
Ugw9J5EEEHHEQpJiDlJ4AaABAg	5
Ugw9iyQYFsF7GMbWswp4AaABAg	5
Ugw90za22RYKOMMpQcZ4AaABAg	5
Ugw8UWnSjUbkGwbGnp54AaABAg	5
Ugw8quEnJhOdKJO4QdB4AaABAg	5
Ugw8Ok22dsHNTb7D8Ax4AaABAg	5
Ugw8h71OlbLoXro3ls94AaABAg	5
Ugw8ERZZTRhcGF5pV0t4AaABAg	5
Ugw8EGO1_24GTF9c4dh4AaABAg	5
Ugw88g1AVpcvKiE-R494AaABAg	5
Ugw7XzG-PZ6OxGfx5fJ4AaABAg	5
Ugw7W2DIQk1W4zKOY5Z4AaABAg	5
Ugw7RuvB8fW9cb14gqh4AaABAg	5
Ugw7lqr_Dee6IUTJcnx4AaABAg	5
Ugw76dVMpcvN2ip4t1F4AaABAg	5
Ugw72d83tN-9Vwxbl_t4AaABAg	5
Ugw6zxo7SmaC2JYYYw14AaABAg	5
Ugw6x3WGFV_jqHkRV594AaABAg	5
Ugw6atIJXoC4-gprjsF4AaABAg	5
Ugw6A9PUnBDP8fKWp3R4AaABAg	5
Ugw63Rip2h3MMe9jaq94AaABAg	5
Ugw5mWkauKQEQJ-Ji054AaABAg	5
Ugw5Kgtjyi62GpEjwqx4AaABAg	5
Ugw5h16yVpVUksY9xhl4AaABAg	5
Ugw56V17vVuKYUJhlQx4AaABAg	5
Ugw53M2vU2nl1sZc5nV4AaABAg	5
Ugw50JRrNZHqmGqJMUZ4AaABAg	5
Ugw4vH5ErtxZKb0OJpp4AaABAg	5
Ugw4tP896DeLYgBQ05l4AaABAg	5
Ugw4ccC9bhFv53RUAZR4AaABAg	5
Ugw41wZXukNwKwn3Pdt4AaABAg	5
Ugw3THnSq2xUaSisuPF4AaABAg	5
Ugw3PJaF-4ingLqUkSR4AaABAg	5
Ugw3mhC_kMbcmqh7-BZ4AaABAg	5
Ugw3Ks4mj758BXeLk8F4AaABAg	5
Ugw3ICCd8ufr7zjOcHZ4AaABAg	5
Ugw3bk39Zaug7vQEzHR4AaABAg	5
Ugw2r2VOm4MgBttq0M14AaABAg	5
Ugw2-mOkktFU9PfRh0h4AaABAg	5
Ugw23O-flIx6PSShNuh4AaABAg	5
Ugw1UJ7Q0qWcirsTx6x4AaABAg	5
Ugw1OJ0co1Cs7mnYp9R4AaABAg	5
Ugw1G7mTYWWGcpRHqh14AaABAg	5
Ugw1FF2VcCy1-mWMrZ94AaABAg	5
Ugw1f5jJj5mAVgHTpdV4AaABAg	5
Ugw1Ev78jWFWSSGWj0x4AaABAg	5
Ugw0VialTrejZfkNZNB4AaABAg	5
Ugw0v4RT58VXoP1h5ul4AaABAg	5
Ugw0mCyA8oivY48-CKJ4AaABAg	5
Ugw0CG2dj2xmnWcTj094AaABAg	5
Ugw0B7ECbbFXOLDQTxh4AaABAg	5
UgzZvf2-HzvQ5Equlkl4AaABAg	4
UgzzQovgiQhPWLeT1kh4AaABAg	4
UgzzqAfYcnFAIMpP8mV4AaABAg	4
UgzziHdTiMslPlVVTwR4AaABAg	4
UgzZ_dTthOjQIIeTz154AaABAg	4
Ugzyv5eXbnskhnCmfiJ4AaABAg	4
UgzYuNEHY_ZTjmbvUPF4AaABAg	4
UgzYtbxM51VvJzL3pdt4AaABAg	4
UgzYr7cLxZrYLHftMgZ4AaABAg	4
UgzyhSGd6iLxmNjp-4p4AaABAg	4
Ugz-YexndhpcmpkjIUB4AaABAg	4
UgzYERIZhUlHPSghET94AaABAg	4
UgzyeOfA2kzumfzk1nZ4AaABAg	4
Ugzy_4xYIXwILFGEAyl4AaABAg	4
Ugz_Y4R_Z5ad5QIepmJ4AaABAg	4
Ugzxv36Z_W8FlMjTpWh4AaABAg	4
UgzxsKXebfAG9feNQox4AaABAg	4
UgzXRmlKu36hsvo6lcJ4AaABAg	4
UgzXmOSdGjvaXA7J8vB4AaABAg	4
UgzXm5seC-JLgiCT5hR4AaABAg	4
UgzxhyR1edGl-jNxBQR4AaABAg	4
UgzXGqoeg-9jTeOV-2p4AaABAg	4
Ugzxg72vWMA2css2IgB4AaABAg	4
UgzxEWqbAKR-Zwe6d1h4AaABAg	4
UgzXENvMUN24RI6lBHN4AaABAg	4
Ugz__xdSbnum-UkoDP54AaABAg	4
UgzXbowoOPoDaSo1Lyt4AaABAg	4
UgzWWgnlLZ8zYovYUUJ4AaABAg	4
UgzWw9rsIY5dq3fMF_p4AaABAg	4
UgzwTb4q7Vl6fvgGCcN4AaABAg	4
UgzWRyNID1Kq9WyP1wx4AaABAg	4
UgzwGnR7kWT6GbprVdJ4AaABAg	4
UgzWfkOTq44BJyF0cUx4AaABAg	4
UgzWcgpNXfRGjyB-3QR4AaABAg	4
UgzVWicZTYSktOrRPpN4AaABAg	4
UgzvT3pdRzB_m9g9Vel4AaABAg	4
UgzvNGxNt2FjtejZTql4AaABAg	4
UgzVeg0N0lAfPihKlbR4AaABAg	4
Ugzv6nPQlM9-fGPRkkZ4AaABAg	4
UgzuyEQXc1PjU5i1EeF4AaABAg	4
UgzuwsJsIOmUB5P-UOV4AaABAg	4
UgzuLFL63aFoThQNw3F4AaABAg	4
UgzuDkdTzCcqglm8lb14AaABAg	4
UgzUcBDvFBPw7oaoWKx4AaABAg	4
Ugz-Uc8a0gL3XiC3hyV4AaABAg	4
UgzuALMrPTf3YlUoN9F4AaABAg	4
UgzU0-rAkuIV57XyLk94AaABAg	4
UgzTZsBWKetF4hv-MQd4AaABAg	4
UgztZkaSc7Lv8646k7J4AaABAg	4
UgzTZcgM0IY8mKBTHj94AaABAg	4
Ugztucoiygad5t-tk954AaABAg	4
UgzTSGvm4PFKshknkNN4AaABAg	4
UgztpSH0mOOtuSVEKr94AaABAg	4
UgzTMoeGahY9g78O9Wl4AaABAg	4
UgztL3cPK1tA_LVJrO94AaABAg	4
UgzTJmwG0EqXf2zW0sB4AaABAg	4
UgztIXVr61NxhC-mcxl4AaABAg	4
UgzthYcg67aSu6NYoNh4AaABAg	4
UgzThqNQ6LRXF4jQ_lx4AaABAg	4
UgztHl62aZYsb_hiXt14AaABAg	4
UgzTHEoXyHjXgfawXEZ4AaABAg	4
UgzteR4uhAbPEg2Nouh4AaABAg	4
UgzsydOqcfZ3c7JQ-Vl4AaABAg	4
Ugzswduk0zvOTZ2v0VN4AaABAg	4
UgzsuTPJngDCcuGaAEp4AaABAg	4
UgzsqhvaA3ERNhMOUxd4AaABAg	4
UgzsLwf5TMlJs2_gnF54AaABAg	4
UgzrMlz1j6RKkOo-Jux4AaABAg	4
UgzrHgLyJ9HSVGIIQUd4AaABAg	4
UgzRhA3dLpaKpGzoPB14AaABAg	4
UgzrEtHOTcKn84fLQcZ4AaABAg	4
UgzRD3kVFoamolbwCo14AaABAg	4
UgzRCr91a9i1TadJ-WF4AaABAg	4
Ugzr77deh34j8rjrvqF4AaABAg	4
UgzR6CayMSEOFZCk41p4AaABAg	4
UgzR40QJqoMHdQIhrb54AaABAg	4
Ugzq_T2C3YwKWItx7B94AaABAg	4
UgzQi0tyOLO54ZJ5dhJ4AaABAg	4
UgzpsX_kjlfhrXGUJyR4AaABAg	4
UgzPR6jki1xtLhInOHp4AaABAg	4
UgzPlfC5_KY1VpiNhKh4AaABAg	4
UgzPhr_Ef35QzRqW_UV4AaABAg	4
UgzPG7MLRMp56pkoPmh4AaABAg	4
UgzPG78NKMYxglwiFkF4AaABAg	4
Ugzp5xVL7sahwKHGHAN4AaABAg	4
UgzP5NJLZBNQ_i20ZqR4AaABAg	4
UgzP20E2Cf3cZC2XNBl4AaABAg	4
UgzOtXYT2cNXqkHupFR4AaABAg	4
UgzoKonmCdCxVJkjtMB4AaABAg	4
UgzOijMbsjxRdChlcGZ4AaABAg	4
UgzoeGxsJy34uYvsPhV4AaABAg	4
UgzobTaSSy5uxCwHWUl4AaABAg	4
UgzNFxQhA0l3z1niBcl4AaABAg	4
UgznCT8qmfH7ETnHzI54AaABAg	4
UgzMpNDYuOXm9ZZBfuB4AaABAg	4
UgzMp_2G9dCmVaJkG0l4AaABAg	4
UgzMoyxT8a_DyN82s8F4AaABAg	4
UgzmM_VLYCoD7RIW7YR4AaABAg	4
UgzMFJJVMhfXDdLgdWJ4AaABAg	4
UgzmdHzQ9FQ9u1_Yclx4AaABAg	4
Ugzm29qP447ChYb9aaZ4AaABAg	4
UgzlVVEp7BAOj8OEvqN4AaABAg	4
UgzlRGpgTppWLu6fbMp4AaABAg	4
UgzLR9Y3ZmmOzWfTdD94AaABAg	4
UgzlqMdx5Ad4B_86d_B4AaABAg	4
UgzLJPWX43XrC8rgWox4AaABAg	4
UgzlHrMxvAM4qcUt6Eh4AaABAg	4
UgzlHdptsNONxIW5fVh4AaABAg	4
UgzlFnt6F8HXERQnm054AaABAg	4
Ugz_lb78EMPfd20pzMp4AaABAg	4
UgzL3q2AcRbA08bjeF54AaABAg	4
UgzKxMKWoa_dX2CQhw14AaABAg	4
UgzKw2agQuLuMpZAy2t4AaABAg	4
UgzKoqGxJLnqilngW3J4AaABAg	4
Ugz_kfZ4m6Jb1hnhtSR4AaABAg	4
UgzjydgmFHUmOMfYzA94AaABAg	4
UgzJX5YZC_RG4BCW6vR4AaABAg	4
UgzjTTHWOluD96gg5ot4AaABAg	4
UgzJ-i4VOWbIeYvk0VF4AaABAg	4
Ugz_jfYRbul0FRxgTTp4AaABAg	4
Ugz-jCyC8edBsgclLpl4AaABAg	4
UgzJAoBE7U7zHDIAHxx4AaABAg	4
UgzJAkAEoULbMEIQo7J4AaABAg	4
UgzIV3nR48GQii8hr714AaABAg	4
UgzIuUZGmgbUpb9Ew954AaABAg	4
UgzIryjwggsetGCgptJ4AaABAg	4
UgziRQuMuqIXoRX5MFB4AaABAg	4
UgzIIh2vmAvxo1RoLAB4AaABAg	4
UgzIfgDK7Fr3QSY5xlp4AaABAg	4
Ugzi3UZi8NdGiggqpXF4AaABAg	4
UgzHybLbrzubRt2jASd4AaABAg	4
UgzHkFj26X_RzkLiBDR4AaABAg	4
Ugzhj8kxRDe5jnT-cV54AaABAg	4
UgzhHv1uB-E3cUiVb954AaABAg	4
UgzHFzRyBegbQCr1T4t4AaABAg	4
UgzHEB_hQQEMZm8iTGN4AaABAg	4
UgzhcPWZmplVzqYyAT14AaABAg	4
UgzGXJWwp2EWQGcLKQl4AaABAg	4
UgzgrOMcIdr7uA0A8W54AaABAg	4
UgzGr5zos5HmzBm8pap4AaABAg	4
UgzgJphiL1WdupBMI3B4AaABAg	4
UgzGd7XYd3rBdlj-bad4AaABAg	4
UgzgAmDZtvYyZ6BxJFx4AaABAg	4
UgzgA2_QDOF6rl15io14AaABAg	4
UgzFZdhMYhmKhjMW54R4AaABAg	4
UgzFZcZLRlO2Xk5j6aR4AaABAg	4
UgzfXvlHUcIPheBoqkF4AaABAg	4
UgzfuR8YLJ8eyM4uxdh4AaABAg	4
UgzFschVIz023T9-JQd4AaABAg	4
UgzfQ4Yjz7xVl0FW1854AaABAg	4
UgzFPBQbjfLFpY_j2hl4AaABAg	4
UgzFgDThc4ghZR_bqgR4AaABAg	4
UgzFFiYY_HA1HBui3Kx4AaABAg	4
UgzFesn9fu5OyISV7mh4AaABAg	4
Ugzf0Gz9uNMcGv6MNiB4AaABAg	4
UgzEwPDmJRnpnOvXC-B4AaABAg	4
UgzeWIF1NV6lF7yk3bN4AaABAg	4
UgzesJUJ7bgbh1EBCAB4AaABAg	4
UgzEs1NVa_q0FJkZ_fZ4AaABAg	4
UgzEqFf1bpAutqrZ98h4AaABAg	4
UgzepVJRLHim_UJkqSx4AaABAg	4
UgzEMSYvSAVzk627Ozd4AaABAg	4
UgzeMacSKvp-8SCfCyd4AaABAg	4
UgzElFlDpBhIrMZU1tt4AaABAg	4
UgzECQrfUCcVvCr2jQ94AaABAg	4
UgzDs6dSBD-GrzOW8Gh4AaABAg	4
UgzDnl3VMP7CtL8sMtt4AaABAg	4
UgzdB1CkSO23XLcNvL54AaABAg	4
UgzdaioTrKTmdiUVQRl4AaABAg	4
Ugzd8uaA1JGP19S7OCl4AaABAg	4
UgzcZsZJ-fSoxtkPnyJ4AaABAg	4
UgzcWghFdaNRbjGckzZ4AaABAg	4
UgzCTEcxoJ6SYPPwhnR4AaABAg	4
UgzcTcP6M0yz2CmYpDt4AaABAg	4
Ugz-cqS5SLDkQKChGtx4AaABAg	4
UgzCQovVaIVmPeNPPOd4AaABAg	4
UgzCk8PC7_3amVWcDKZ4AaABAg	4
UgzCJgz7w88Y8gLUq2J4AaABAg	4
UgzC-F02bXIgY8A7Np54AaABAg	4
UgzCeMzxPQ7vPrKU2qp4AaABAg	4
UgzcCqAUdu8-YmEgnhl4AaABAg	4
Ugzc2GGNLqrtQ1F_2V54AaABAg	4
UgzC0rDIMSuVilrBQDZ4AaABAg	4
UgzBXMoISEtlLjYQogl4AaABAg	4
UgzBvvTks41HJV_GsPR4AaABAg	4
UgzbVnA1VSzWi18YEY94AaABAg	4
Ugz_bsLcRGsvcZjzcCF4AaABAg	4
UgzBNrJJc22w5T1IcHx4AaABAg	4
UgzblYYyyJdxahowRVF4AaABAg	4
UgzBjrkyaFMrbc4QNEh4AaABAg	4
UgzBfUDrdRjFZKbSRA94AaABAg	4
UgzbF6gFhPxebwfEfq14AaABAg	4
UgzBaV1FX89aRRyEfON4AaABAg	4
Ugzb7MgkpOHRODUt-yB4AaABAg	4
Ugzb3ZgO1OjnEk30X9p4AaABAg	4
UgzB2JeFVDPIqjrs3Pt4AaABAg	4
UgzaMOwZ-OyyIZutXmt4AaABAg	4
Ugz9xFIsL0Vd9ut7Aml4AaABAg	4
Ugz9t0WwBKcVBJ47wlR4AaABAg	4
Ugz9FbsjLxxtCtyJlpl4AaABAg	4
Ugz95UBslMfrR1KLe4V4AaABAg	4
Ugz8njLuRn4deNizZkd4AaABAg	4
Ugz8EcnHbNH7m8MZPYt4AaABAg	4
Ugz81aRm1nfUOcDI_5p4AaABAg	4
Ugz7VMaz8jGVs6GlmwB4AaABAg	4
Ugz7p-y2YoKoJHUmvSB4AaABAg	4
Ugz7Mfd34XCIKYFSH4Z4AaABAg	4
Ugz7L8N8vi3Mg2VIH-B4AaABAg	4
Ugz76NhMsLSUeSRweN14AaABAg	4
Ugz6sMJS_qCKosRILZB4AaABAg	4
Ugz6p1WGsNIEL-rGrHl4AaABAg	4
Ugz6o9TWKExUiMhafLB4AaABAg	4
Ugz6HSfFCE0Sg3aA5qp4AaABAg	4
Ugz5YZTT8XN4JwQzy-J4AaABAg	4
Ugz5k9-H1VoQ0MBWNCt4AaABAg	4
Ugz5-IMnrjRN1jsVAGN4AaABAg	4
Ugz4Zt0nUQVIZcQfmhZ4AaABAg	4
Ugz4xdyseTAgPfjFmq54AaABAg	4
Ugz4pCLaZacPR0lvaft4AaABAg	4
Ugz4neEhNQj-njeJXWV4AaABAg	4
Ugz4NCM6jm9wYly2oWp4AaABAg	4
Ugz4MyGeFSPQquiWUrZ4AaABAg	4
Ugz3yqKWrfOyzkEiZCR4AaABAg	4
Ugz35FAxI_DmnXpIYlZ4AaABAg	4
Ugz1wT-xDLgrh9otPR94AaABAg	4
Ugz1vufUGe_OgESoCVh4AaABAg	4
Ugz1vQZ5-8Pk2UTkaD94AaABAg	4
Ugz1rj5Ocfk9kM-unWJ4AaABAg	4
Ugz1hauGYphJqaoycW14AaABAg	4
Ugz1DqWGXlnJKZVwM654AaABAg	4
Ugz0wVQmRyzaOC1DevB4AaABAg	4
Ugz0qisQzsenrSnO9zJ4AaABAg	4
Ugz0Mcs7QsrWD3jdQWp4AaABAg	4
Ugz02joTTCg9QH7Z5K94AaABAg	4
UgyZyVJwxH_AYb49IxZ4AaABAg	4
UgyZWngsI051or8WEYd4AaABAg	4
UgyztvCLGbxR93Kzu514AaABAg	4
UgyZ0Tphr0MMpxoLsv14AaABAg	4
UgyymuzpYA4aBCS1eDR4AaABAg	4
UgyYHvPc8wuO24Vx_yp4AaABAg	4
UgyyhgLgYRLfEPDLXvh4AaABAg	4
UgyYGmxD6WqINNRYtDV4AaABAg	4
UgyYEh0L2lE6ywun0iF4AaABAg	4
UgyyDeLwBbbVoPlWE5F4AaABAg	4
UgyycQqG2_tMLW6EyJ14AaABAg	4
Ugyy8b6OfDAmSllBN5l4AaABAg	4
UgyXX3UcA8F60Uh8pPl4AaABAg	4
Ugyx_wWh1cWKk7VVz8V4AaABAg	4
UgyxuhuOVdVqBxUiYGd4AaABAg	4
UgyxgvGH3jBBLU6pK0x4AaABAg	4
UgyxF4WY1V-1IZgFFPN4AaABAg	4
UgyXeUc8gH8vaYv9wkN4AaABAg	4
UgyX96ZIjFhCMU-YH9V4AaABAg	4
UgyWpxP8njZxpLwA_sJ4AaABAg	4
UgyWp3i69Qz1hv8UORV4AaABAg	4
UgywMsgwpPFMDFyKy714AaABAg	4
UgywHEddxqXXSlonuxR4AaABAg	4
UgyW-EwnB8YuusCH6gF4AaABAg	4
UgyWEjtYu94PZlQ_GG54AaABAg	4
Ugywdaw-dXdvRzDGcvt4AaABAg	4
UgywBsoTkP7mmS42bpR4AaABAg	4
UgyVzkiHIsBjAperXnJ4AaABAg	4
UgyvxP7XNm-k609_n194AaABAg	4
Ugy-VVgZWatAW2-E8Ip4AaABAg	4
Ugyvo1Of-ftwz1GcbAl4AaABAg	4
UgyvMTpcJ_Ba0KuUskl4AaABAg	4
UgyvLnQR8pTA0mOmduh4AaABAg	4
UgyvbqGGlMhMrA6_EB94AaABAg	4
UgyV8T-aVz3-yAsnQbJ4AaABAg	4
UgyV6BUtPUqQTk21P2l4AaABAg	4
UgyV5-Jm3tFHWAKGv9B4AaABAg	4
UgyUZv_ae6U_1bIM5tR4AaABAg	4
Ugyuwu0yVETtgRjAEoR4AaABAg	4
UgyuVNnYP1v_6T-SyEl4AaABAg	4
UgyuvgMk3B9qj6Huo2R4AaABAg	4
UgyUPvQjHSpCbYyuhWh4AaABAg	4
UgyUNaXmeJBxKLiHIWx4AaABAg	4
UgyUkKixCXiGub5ZbQh4AaABAg	4
UgyuJC9__R2JNJAYLRJ4AaABAg	4
UgyuHMg4cPMXMZvEznB4AaABAg	4
UgyueEwdQlePw1U3zhN4AaABAg	4
UgyUDwTl59gHGjRafpJ4AaABAg	4
Ugyu9fYw4ZdjmVCA1zN4AaABAg	4
UgytzcxYACw0fybkhxd4AaABAg	4
UgyTTC7V6xI9uQ52PMN4AaABAg	4
UgytpbOhUiladdN40xN4AaABAg	4
UgyTLubTc5QTYnIOB4Z4AaABAg	4
Ugy-SZGV6bCvpzibcqp4AaABAg	4
UgySNI8L5N4wQ2tHAm14AaABAg	4
UgySmXuBz7ci8LULQtx4AaABAg	4
UgySlekqyywgfnrBqYl4AaABAg	4
UgysjxpKVJ-VvYVf3CN4AaABAg	4
UgysJdnV7XXFnfFFn9N4AaABAg	4
UgyS1yXk9uFz4Dqb-bx4AaABAg	4
Ugyrs7l5tGCECBadOe54AaABAg	4
UgyRMcaXg0tHx7Ip3j14AaABAg	4
UgyRipc0oMDm0rnd0cV4AaABAg	4
UgyrgdgDzweTo4RdMyB4AaABAg	4
UgyRF7loaX7kE8xBDhV4AaABAg	4
Ugyre5X8J7mzbB2keV54AaABAg	4
UgyrAm5yOa_D02oJLl54AaABAg	4
UgyqXFA1a4jL6KCgsrd4AaABAg	4
UgyqKoRdyZ8wTWOvEb94AaABAg	4
UgyQIbd_0nqQb4Acwf54AaABAg	4
UgyqI5TsGQJEEP4HLIV4AaABAg	4
UgyqGjCDC-86U6yhavZ4AaABAg	4
UgyPx6IJQdegNGm7BbJ4AaABAg	4
UgyPKIBPxzCB0e4ES8h4AaABAg	4
Ugy_PJ8sGRymcpcE8Yd4AaABAg	4
UgyPhhLUX4Zfb6KHffl4AaABAg	4
UgyPDzKOCsHJZG5k4SZ4AaABAg	4
UgyPDW5RFNH3xTjBxMZ4AaABAg	4
UgyP-BB-2DFller0MMx4AaABAg	4
Ugy_p9sqVTT112wGcAh4AaABAg	4
Ugyp_3jMh55Mg0bf3kB4AaABAg	4
UgyowbuU-9jFfo6SMlJ4AaABAg	4
UgyOUVJ6u9sjH6gZ70V4AaABAg	4
UgyoUT-eeTPS_zeK7Tx4AaABAg	4
UgyorH1Gqn9iR63d-Od4AaABAg	4
UgyOFtNBGUx3d93QeXt4AaABAg	4
UgyNQ7PII0NsI_03xDp4AaABAg	4
UgyNpwLKJLQ93B0nZ254AaABAg	4
UgymwmsxeZpFdom9MRR4AaABAg	4
UgyMVvlfJZjAYcf8xZN4AaABAg	4
UgyMsdaGlLrfxAsna6x4AaABAg	4
UgymSCHa32N7UOMNlzV4AaABAg	4
UgyMnEV4rl5IVuc5dlR4AaABAg	4
Ugy_maL-BM-farEJzbp4AaABAg	4
UgyLXMpR-hb-bGmYAaR4AaABAg	4
UgylqsDRsYJ51lnW8Vh4AaABAg	4
UgyLQEF2pd3rOMQe5aZ4AaABAg	4
UgyLqCRlAtH7sHMgFwF4AaABAg	4
UgyLMUq8oNk8xadKxcN4AaABAg	4
Ugy-LlhABOaw9INpQCt4AaABAg	4
UgylKOOY8W6NxVvYSCV4AaABAg	4
Ugylk9hTtGnVeGPMGSN4AaABAg	4
UgyLEKrbHkGWvMDFbNV4AaABAg	4
UgyLDZvsQHGLY6sf3iB4AaABAg	4
UgyKsBWCkZT0w_exXbt4AaABAg	4
UgyKrIcE0r-rKtHpI6Z4AaABAg	4
Ugykr2JGmX49zXLWxVN4AaABAg	4
UgykORXijjvbiooVW9B4AaABAg	4
UgykMWifx_zVfOikQCh4AaABAg	4
UgyKlyR-R6NfV9jYjTB4AaABAg	4
UgyKH2_4Ao8KlGJOHZB4AaABAg	4
Ugyk-GK0aZlVPCr2WlF4AaABAg	4
UgyKASlm2NHvkDOmIO14AaABAg	4
UgyK83Q3ngBYzFCYzyN4AaABAg	4
Ugyk4G1I2h9ZjE02Y8Z4AaABAg	4
UgyJqsw2EAtfZhHOP0d4AaABAg	4
UgyjKHhSbO2D_dcrd0t4AaABAg	4
UgyJ-edPS7WJ5HqAtRF4AaABAg	4
UgyJAEUr5SpRRPVWDXh4AaABAg	4
Ugyj3hXAmhb5lB0o9vl4AaABAg	4
UgyiyeKPp_p5tQbd3gB4AaABAg	4
UgyIjFUdETveDVsbot94AaABAg	4
UgyIiwNNmsqvGHUDObN4AaABAg	4
UgyIhPpYszdjBwOkvBd4AaABAg	4
UgyI7HQopw6iP3KBaZh4AaABAg	4
Ugyi2yCggTyRDIPb2Bh4AaABAg	4
UgyhuJh9_AXyNTKXOGZ4AaABAg	4
Ugy-hT_pD8KGMPosvbx4AaABAg	4
UgyhsQrE5W0kClaw0jJ4AaABAg	4
UgyHOz6z04ZTysSxEUZ4AaABAg	4
UgyhjA4-fNuqFEq_odV4AaABAg	4
UgyHcTwA4lkWeuVoO6J4AaABAg	4
Ugygtdl7S8uH-48JdE94AaABAg	4
UgygRUmxkzGeRg1hctJ4AaABAg	4
UgygIB1uiO0gzT3PzSd4AaABAg	4
Ugyg2zU9O6NAt2ZYfSJ4AaABAg	4
UgyG2hq2spPOs_Z2Vnd4AaABAg	4
Ugyg2cjh2vLR8tqZ7Qd4AaABAg	4
UgyfZ4wCyRwVxzPOaw14AaABAg	4
UgyFVQJWnSV_9JQ7t1Z4AaABAg	4
UgyFSqJHnCN3j86jAZJ4AaABAg	4
UgyFSQbUsNpswgwoj4V4AaABAg	4
UgyfsHrEY56O_IoTpF14AaABAg	4
UgyfS3gVNQHXSeU4jeN4AaABAg	4
UgyFouS3v1aa20Aq5W14AaABAg	4
UgyfMlNNd_DQNbnnHe54AaABAg	4
UgyfK-zf4fTI1_ha9Xp4AaABAg	4
UgyFeM6eNiTa4BVZ_Mh4AaABAg	4
Ugyf2ctLITPPLK0s9Dx4AaABAg	4
UgyEV-d2_md9OHV7o1p4AaABAg	4
UgyEOPjjX9w42tNs7Wt4AaABAg	4
UgyeFOKsZj2d--EzS0t4AaABAg	4
UgyEehUf0NMF8y8OAD54AaABAg	4
UgyEdVnk-j5FaWHwIJV4AaABAg	4
UgyE1VXozW6vZveNAc54AaABAg	4
UgyDwZ08lIvSBnWclsl4AaABAg	4
UgyDWqcGUfWxYT6RR2V4AaABAg	4
UgydTzlcaiDwt9ZXS7p4AaABAg	4
UgyDKJwRcofuUaapk_F4AaABAg	4
Ugydj7h71-zrWQiBqUt4AaABAg	4
UgyDij6zJs5IdiagXH54AaABAg	4
UgydhWZ8v8SpvLTf--Z4AaABAg	4
UgyDFMz7s1jPCKsatRR4AaABAg	4
UgyCYgO2JOs23flDiFN4AaABAg	4
UgyCpdMM4eeIbJcpo7R4AaABAg	4
UgyCGlW44FibwONITC54AaABAg	4
Ugycf1f5UUThLX2hlvF4AaABAg	4
UgyceDMK5dqaHfdgWJR4AaABAg	4
UgyCD1tczQHuAoP_A1l4AaABAg	4
Ugyc3zo0_4U9ZCMv4mV4AaABAg	4
UgyC2mAuUAn_FxrKs4F4AaABAg	4
UgyC1A8ydD3vyLsVUx14AaABAg	4
UgyBwWiuTN-fDy5y69d4AaABAg	4
UgyBloAd3xJ6kI-HKgl4AaABAg	4
UgyB6rgsS1gtwV5MbsR4AaABAg	4
Ugyb1TrbZf8lIC9ElyF4AaABAg	4
UgyAZtdmE1F8AikOevl4AaABAg	4
UgyARsp-ngVKSsoOH814AaABAg	4
UgyAqqKuinwRqOjL38N4AaABAg	4
UgyAKNFFwJrBgqjjfB14AaABAg	4
UgyAHSgkV3QlQYq3WV54AaABAg	4
UgyaHkSuJrOO9N4RrKt4AaABAg	4
Ugya7A0YhqpsFR19hj54AaABAg	4
Ugya6ViU3wCUQftx_JN4AaABAg	4
Ugy9tk_afWkfQEyp1rh4AaABAg	4
Ugy9s4Ctkxyul6s29al4AaABAg	4
Ugy9qNI7HIpFigmW7C54AaABAg	4
Ugy9j-zqgpe8_knWBzJ4AaABAg	4
Ugy9Bf-MHGp8csLIcSZ4AaABAg	4
Ugy9a65uLDSbGlHnN9B4AaABAg	4
Ugy96lSt0ID_Nt8BPhN4AaABAg	4
Ugy8UvSlyqgv1DIXVPd4AaABAg	4
Ugy7QEDnD492ZPPLvHR4AaABAg	4
Ugy7OlxqO83kz-2-2eV4AaABAg	4
Ugy7-E24WmVCWJeS7bF4AaABAg	4
Ugy72BD9HrXpb9fLBGJ4AaABAg	4
Ugy6WphHZXJUaN8s_xl4AaABAg	4
Ugy6PckhBVIkEb-5_6F4AaABAg	4
Ugy-6ljnowTReAxJfXd4AaABAg	4
Ugy6HJE8sIkFCooLXKt4AaABAg	4
Ugy66xCiUr51evpLiqt4AaABAg	4
Ugy5tMDjk_FRL__7KR94AaABAg	4
Ugy5shk1LLAH7LBZ4gB4AaABAg	4
Ugy5-EguhvThb_vNTCh4AaABAg	4
Ugy_53_MuuD7vSLPoC94AaABAg	4
Ugy4VjXH6amZiQcsHZl4AaABAg	4
Ugy4PkzHwOBDLfkYK-h4AaABAg	4
Ugy4KLQlPWdXGBxYU4d4AaABAg	4
Ugy4GROtg5r8x4lTWvN4AaABAg	4
Ugy3lipMnKFR4urIvBd4AaABAg	4
Ugy2s4Q2EHyQ4TTlIdV4AaABAg	4
Ugy2jIjL0bWuuOBEMzt4AaABAg	4
Ugy2ifn4RHt2ExCr8gx4AaABAg	4
Ugy2F40pcQpcR7SXGR94AaABAg	4
Ugy2bbqlBXZzVyXyl0x4AaABAg	4
Ugy1ZVGiJOKQQBgqEgh4AaABAg	4
Ugy0b6YyXTqzbidfOzB4AaABAg	4
Ugy07F-U1FQa4LcT5Ft4AaABAg	4
UgxZZLDCx0n-PK7qiEt4AaABAg	4
UgxzVk6vwdRNXpHSrGF4AaABAg	4
UgxzUkYto8f6t4mKGHR4AaABAg	4
UgxzSsZcgH-vYoeW5iV4AaABAg	4
UgxZrGyqJ_kTFHsCxsF4AaABAg	4
UgxzKkvKKT9uhffUZKB4AaABAg	4
Ugxzk8t5MsGqCnMthtZ4AaABAg	4
UgxyYiIKtH5e4B6So0F4AaABAg	4
UgxYNFQHL7KwfNNpfSN4AaABAg	4
UgxYmuOmOGimic-1UDl4AaABAg	4
UgxYhQQwgOibk9rsYK54AaABAg	4
UgxYAkQue4TrZ--895B4AaABAg	4
Ugxy7joHwSyXx7GAud94AaABAg	4
Ugxy6tq9atBEPUpRPKN4AaABAg	4
Ugxy4MIK7_aLp9KHV014AaABAg	4
UgxY2c7aeriJbNSieod4AaABAg	4
UgxXU2VDzbC2geWsB0t4AaABAg	4
UgxxSyQFUConCsEqdP54AaABAg	4
UgxxLwvV4ZsJxQxYI9x4AaABAg	4
UgxxlOpW9futyiig0wV4AaABAg	4
UgxXhjRAAk120c-ION94AaABAg	4
Ugxxh467qG5IbLwR0Dt4AaABAg	4
UgxXfvnkJmwGgZGTB9x4AaABAg	4
UgxxCnVq7pSsqqmqdXF4AaABAg	4
UgxXce8zUytu8UlWGLV4AaABAg	4
Ugxx1o7BtM_lk0lT-el4AaABAg	4
UgxwnM7_7T3h8ViNBQh4AaABAg	4
UgxWcVxHZAclez2a8MB4AaABAg	4
UgxW1RcOkXA_CfQOHrZ4AaABAg	4
Ugx-vr7Ojkmy_rtQ0Mh4AaABAg	4
UgxVpvRIOhAxYuMYb7t4AaABAg	4
Ugxvn4ay6oGsjJnpGWF4AaABAg	4
UgxVg4OtFE5ftE5jfN14AaABAg	4
UgxVei9d1MwmxRPWe_54AaABAg	4
UgxVE8iDBvI3MpgfT2B4AaABAg	4
UgxVDV80nsXwmJ8p2D94AaABAg	4
UgxVC4TZv6F0-rwyMJ94AaABAg	4
UgxUy-hI38nvob8gxSp4AaABAg	4
UgxUTX9-ZRY2b6Kkbul4AaABAg	4
UgxUrbR30iYi6WTQP8V4AaABAg	4
UgxuohMk2zlUjgfbRax4AaABAg	4
UgxUlqzyjRirS0rnWIF4AaABAg	4
UgxUiakcIO93wiEwSA94AaABAg	4
UgxUH_Lq8m1eTAoNlUd4AaABAg	4
UgxU8EQKRKHDvOF-h3l4AaABAg	4
Ugxt_tdlXuH1bzz117p4AaABAg	4
Ugxts-CfA85ybtaHc8d4AaABAg	4
UgxtrOat_ZOd9ghHrpN4AaABAg	4
UgxTjTsjQC7fvIgjrAF4AaABAg	4
UgxTGHAx71kIam2m6QN4AaABAg	4
UgxTfdkjcvORaKr8y2B4AaABAg	4
UgxTbCfoVz3Pi6H9amR4AaABAg	4
UgxTalqifcR2lH3xget4AaABAg	4
Ugxt717J-g7Tr-7pG4l4AaABAg	4
UgxszKHOzknvBEzIY0p4AaABAg	4
UgxsUA13PX93CQmjq5p4AaABAg	4
UgxStLyDCxnofrAr6b14AaABAg	4
UgxSPxlugKv04oJhckp4AaABAg	4
UgxSPs5xyIr5Owm20S94AaABAg	4
UgxSh4yvsZZI2SKIhHp4AaABAg	4
UgxSeyNpFkGKNTgVz4h4AaABAg	4
UgxsCHb3cG1IV_bADkB4AaABAg	4
UgxsAtuQ-kMQMtsHMmt4AaABAg	4
UgxS1uWuwZ-SNK-pN194AaABAg	4
UgxRYCX6gZGFQF4llkF4AaABAg	4
UgxrTFGeUhnCiblv_ld4AaABAg	4
Ugxqzn3tKu8I1QgBL3t4AaABAg	4
UgxQ-zJ7_mPqFVoenVt4AaABAg	4
Ugxq_UPB8NG-7igK3Cl4AaABAg	4
UgxQQ2pq8uoHFjd2mCJ4AaABAg	4
UgxQhlyM9w5n3YiY7qV4AaABAg	4
Ugx_qFeXa-D_rCDlwpx4AaABAg	4
UgxqDn4T66MKyePrG-l4AaABAg	4
UgxQCGURBTRbcJRScOR4AaABAg	4
UgxqcGNrvPKb4K0g1PB4AaABAg	4
UgxQ9uHOU2LaBioAzoJ4AaABAg	4
UgxQ0lxWGVIR3lGEXKN4AaABAg	4
UgxPsaClqK3OrNONEF94AaABAg	4
UgxPlQutn5_MMrPh8Yt4AaABAg	4
UgxPh78-SDPhcGJeNkZ4AaABAg	4
UgxoYSK4jrmOaCxw-DV4AaABAg	4
UgxoxLGm5Gf2s6FKIj94AaABAg	4
UgxOX7GNO-ieyRjlRW94AaABAg	4
UgxOWwpOfeaQCT5R6894AaABAg	4
Ugxol0J8T6je1JsMgZZ4AaABAg	4
UgxOHcCCzzkhsguG-0N4AaABAg	4
UgxocYnUKk_nPTgWSZd4AaABAg	4
UgxO4cbRzc4yMW9DbKR4AaABAg	4
UgxnT4w-QWNcjorlMZh4AaABAg	4
UgxnSmzRLM_Unk613494AaABAg	4
UgxNod0EvcSFKmCkSax4AaABAg	4
UgxNkEeQxi5MBpP38cx4AaABAg	4
Ugxnk9Zpo7WO33ZPp4l4AaABAg	4
UgxnDK8s2OVvk0GblFx4AaABAg	4
UgxmYVb_yuYV0tVOpdJ4AaABAg	4
UgxMXQt9xrM20NEuTah4AaABAg	4
UgxmveUcKksL7KCr-uB4AaABAg	4
UgxMtX8jfScUAXQZSwN4AaABAg	4
Ugxm6s3JovINHcSpDh54AaABAg	4
UgxlyJuhH76qIcfKWEN4AaABAg	4
UgxlvAGszVOGEu1woXV4AaABAg	4
Ugxltct6_EDeF8ZMcuZ4AaABAg	4
UgxLqv3HnhNOy9c3deR4AaABAg	4
UgxKjUqxD_zmUGePyih4AaABAg	4
UgxKgkr-Uw9ngkygGvB4AaABAg	4
UgxKcdIRcWBQrNIob3t4AaABAg	4
UgxKCa3c0vY9gChrSwN4AaABAg	4
UgxK7hOgRpFKczfFScB4AaABAg	4
UgxK4ZT5RyLTIzW2N3l4AaABAg	4
Ugxk0-zS9PPIQCmmfpp4AaABAg	4
UgxJxSBeL0g6Oee9JGF4AaABAg	4
UgxjWKGd1NEVWLC9ljZ4AaABAg	4
UgxjSAY-rctkcx7Iltd4AaABAg	4
Ugxjs9NWBefnuC0UPwZ4AaABAg	4
UgxjjL7VPTEscKeoMUN4AaABAg	4
UgxJEgGrrmVHYkjScUF4AaABAg	4
UgxJd-2DkKe76FOxiyl4AaABAg	4
UgxJ3MUwoQuk--iu9E94AaABAg	4
UgxIUzvTq3AU8-uAgc14AaABAg	4
UgxImZeKhoXQB42EoeV4AaABAg	4
UgxIlJKZDca8_OoXAeZ4AaABAg	4
UgxIk8dz9vBXDpMXGWx4AaABAg	4
UgxiGPVw61-6Sf0LRcR4AaABAg	4
UgxIfHIO7eOoU3apL3V4AaABAg	4
UgxIF9suQ2JuuaHTgjB4AaABAg	4
UgxIF7ZI3AeqMwdTGVd4AaABAg	4
UgxIDe-R_Q6-pzhfYqB4AaABAg	4
UgxID8BoyGt6L3rlkVp4AaABAg	4
UgxHxV9uccgRofzoHoF4AaABAg	4
UgxhoFzey5J0eO3VGKB4AaABAg	4
UgxhobR4JROuDT07L_V4AaABAg	4
UgxHhaOUMo_rZF3XODx4AaABAg	4
UgxHgOo0MRmv20BWvw14AaABAg	4
UgxHFv8FvT4mAffVRe14AaABAg	4
UgxHEHxqr-1K7rUlx6p4AaABAg	4
Ugxhbg99l5PGSQdUOZR4AaABAg	4
UgxhaL0-wnYFl1Wax294AaABAg	4
Ugxgvx-zvjx4f_q3d9F4AaABAg	4
UgxGFmICHWjFnupgxUR4AaABAg	4
UgxFxbIGZ_-6r3zG35F4AaABAg	4
UgxfVmy8drKcoxltYzp4AaABAg	4
Ugxfr-brSyrhmy_5w5V4AaABAg	4
UgxFqaTakZYUmfRh_hR4AaABAg	4
UgxfQ9tCTiRS3icSxYN4AaABAg	4
Ugx-FkDuwBV8W_rcYu54AaABAg	4
UgxFfZ4lVqgMo6XZX254AaABAg	4
UgxFEPZtVAplglUu4OB4AaABAg	4
UgxFDqedYvCUsgnZK154AaABAg	4
UgxeZaYzbLYO3fjbAdJ4AaABAg	4
UgxeYMUMIM6evlLyoy94AaABAg	4
UgxexWB_SY83NMj8_ux4AaABAg	4
UgxeQmTZFalarMxCuUF4AaABAg	4
UgxekKsqN7fB2K8jlPB4AaABAg	4
UgxEIbEi2v57JLMY_PN4AaABAg	4
UgxeEY0uSrUa3wX8wzF4AaABAg	4
UgxeDZB1_2rroWbH7Sh4AaABAg	4
UgxED55LfBjtLbjR0N94AaABAg	4
UgxEaJAAgjM0Q5jMbGR4AaABAg	4
Ugxe2wHwC9yypK344pF4AaABAg	4
UgxDzokTmhBuNCdawAR4AaABAg	4
UgxdtlK5oL5rJSdZLe54AaABAg	4
UgxdP8Z-SwzI0dLyr1N4AaABAg	4
Ugxdl5jwXadYaNUr5lB4AaABAg	4
Ugxdh9VNsp47fInn6nx4AaABAg	4
Ugxd_EjLmZ5YRkA1T1x4AaABAg	4
UgxdbPHHL5gBM-6vDP94AaABAg	4
UgxCXaHSLLSNHYtXClt4AaABAg	4
UgxCWDE075uFIYZ8bKh4AaABAg	4
UgxcW9yHU6dmNfiHfSB4AaABAg	4
UgxcpjsWZSRwODvZYpR4AaABAg	4
UgxcmFiYrEmRC7Bpbfh4AaABAg	4
Ugxc6q9kZpx5W5DmhqF4AaABAg	4
UgxC6AYPRUbuRt9LBL54AaABAg	4
Ugxc4D6zfoQ975UfQdt4AaABAg	4
Ugxc3MDM36pET_xEciN4AaABAg	4
UgxBPFynMus_xcv3Ur54AaABAg	4
UgxbofeeJevJsEopGK94AaABAg	4
UgxbKhdxUS6T1ecXuel4AaABAg	4
UgxbhNfqEIUhHlPjZKB4AaABAg	4
Ugxb2Gox8ntiNwjRbCR4AaABAg	4
Ugxb2ANxdYQWcvT6VFl4AaABAg	4
UgxAYqCJecn7XiRaSGh4AaABAg	4
UgxaTTPVlKAO0JfXgsR4AaABAg	4
UgxArimrFDG3Y9SrD714AaABAg	4
Ugxa_ot16kmdKO-wvah4AaABAg	4
UgxanYzmQAmUcMKyFWN4AaABAg	4
UgxAh2_jqgK-V-ZKkNN4AaABAg	4
UgxaftbydrgZFm3J7_l4AaABAg	4
UgxaDD0m_xD06ekwQgR4AaABAg	4
Ugxa_7t2tSK1VrGhddl4AaABAg	4
Ugx9ycHalVJqNcq2_wN4AaABAg	4
Ugx9nngkCzN9SpnRgip4AaABAg	4
Ugx9mF-ewSxAoIHevdp4AaABAg	4
Ugx9Ck2xUM3cbjtHZBt4AaABAg	4
Ugx9BlJSa_agcS5FXBl4AaABAg	4
Ugx8YgXFwutmpx_AI9l4AaABAg	4
Ugx8xMWpjt2uWB1sCIF4AaABAg	4
Ugx8CWChkCZQS_F5pe54AaABAg	4
Ugx7xi5BJq7gIo6TyMF4AaABAg	4
Ugx7UTMk-ILMT0dg3gF4AaABAg	4
Ugx7RRxPxdUiOWOnM_l4AaABAg	4
Ugx7LhOnLdyz3je0qw54AaABAg	4
Ugx7et6AKHlQQ-9Dt8d4AaABAg	4
Ugx7dBMkzbj_bxpeenl4AaABAg	4
Ugx7cVQ0KzViVdiNmjp4AaABAg	4
Ugx6zfkPpup1pLYUefN4AaABAg	4
Ugx6BXoweq6syBCs4Jl4AaABAg	4
Ugx582yDNxOyZWfonjF4AaABAg	4
Ugx4T-RegOBiHNo3kUd4AaABAg	4
Ugx4KDxHkD8MeW4zhf54AaABAg	4
Ugx4Cf6IT0mmS9wQ5sB4AaABAg	4
Ugx4Bh7QCWAVuWAk14J4AaABAg	4
Ugx43Y8boM-IaEFD5rp4AaABAg	4
Ugx2WUfQhogJpHyoxEN4AaABAg	4
Ugx2WLm0l5ItHZElwjF4AaABAg	4
Ugx2VwRhr2_0RQNLLQR4AaABAg	4
Ugx1ySsy7BHAJaz6ha94AaABAg	4
Ugx1yFaocCjpCXTl4J14AaABAg	4
Ugx1TfK_QqB6y9l_4Q94AaABAg	4
Ugx1obr-14W4BP1Q7IR4AaABAg	4
Ugx1F-P-YyJqQPZuuPZ4AaABAg	4
Ugx1fpAfGNBF-8DGUAt4AaABAg	4
Ugx0nr0omSu9vwpSJmJ4AaABAg	4
Ugx0gPuM1JAn9LtiekN4AaABAg	4
Ugx0cyHlRZ5q7bU2zj54AaABAg	4
UgwZ_zENz-sfOhg8Auh4AaABAg	4
UgwzxxL-Q4S0wUCA-bR4AaABAg	4
UgwzwDiP7LxonwUbiQh4AaABAg	4
UgwzVLSTkEesgHEjDJl4AaABAg	4
UgwzO2Ik2YpC5yalydZ4AaABAg	4
UgwZHyXHkvfxGysErxl4AaABAg	4
UgwZhOtYf6f63LZX9G14AaABAg	4
UgwyZ3tc4QAB-Whd_Qt4AaABAg	4
UgwY-yrHiTN5ZMcRBTV4AaABAg	4
UgwywUHhzIct62RcGjZ4AaABAg	4
UgwYQzw_QTy5ubfcvcZ4AaABAg	4
UgwYPSs_xdruDoeggXp4AaABAg	4
UgwylPcrPdiutOaHYzd4AaABAg	4
UgwYE_mni-9X9lfUCwx4AaABAg	4
UgwybJeGnv0JH-pZxux4AaABAg	4
UgwYBhKpuQErbgQYn_p4AaABAg	4
UgwXXTQUs5dS9l0W4qx4AaABAg	4
UgwXsAFmSWuqiXSkCmN4AaABAg	4
UgwxOTDU-2tTcTNrtOB4AaABAg	4
UgwX-LRO72WKsvMj3NB4AaABAg	4
Ugwxc9dI1llyQaRDoHp4AaABAg	4
UgwXA6nAOJ6zj1mRXGN4AaABAg	4
Ugwx18CBSj0t_gB8XN94AaABAg	4
Ugwx11zgIdDhWMe5FqF4AaABAg	4
UgwwXyIafHTEeTP3SY14AaABAg	4
UgwWwDwMoLWkb10lVkt4AaABAg	4
UgwWoXl5y1Nyp5gqM6V4AaABAg	4
UgwwLYgpSRAwr6QQD954AaABAg	4
UgwwJF94KHG9a-1APfx4AaABAg	4
UgwWHNLZaRyDeEYDY214AaABAg	4
UgwwHMHO-6X_MxTeNwx4AaABAg	4
UgwVYkWsN7tH8CefgEt4AaABAg	4
UgwVXFkGoI-J879-Y1d4AaABAg	4
UgwVvTcXVakZpnLg7G54AaABAg	4
UgwvMFM0weow_ZPLZQ14AaABAg	4
UgwvkgxqZQ1NjztlFth4AaABAg	4
UgwVErK5nIcb5tb-Vc14AaABAg	4
UgwvDul5e_vg1co7wu14AaABAg	4
UgwV5H7k94pmouvzQOt4AaABAg	4
UgwV3fKG8lRs4PeFRvx4AaABAg	4
UgwuwN9NVHmx_pKjeK14AaABAg	4
UgwUuCDT7PExkmiKppB4AaABAg	4
UgwUTVQh96bPwy1tf214AaABAg	4
UgwUSyLHbDcDbb1k4qd4AaABAg	4
UgwUK1k7Z44YUL-X5pB4AaABAg	4
UgwU4w-nL9aYWvHs4314AaABAg	4
UgwU4_WljG3ySPRKIJt4AaABAg	4
UgwU40qnfn68cEfWYHt4AaABAg	4
UgwtV5e10VkzUSLMSIV4AaABAg	4
Ugwt-RemvypJ4LHTh_Z4AaABAg	4
UgwtnvzmnIuCigmJlnd4AaABAg	4
UgwtH5VK8GjhFw3D3SV4AaABAg	4
Ugwta45ui0qkce_NEpJ4AaABAg	4
Ugw_T355knGWTpEH9hd4AaABAg	4
Ugwt02bFG0uwdHWCwE54AaABAg	4
UgwSYf67IVvBAjzxFIN4AaABAg	4
UgwSu1MZWQJiAwJqu2Z4AaABAg	4
Ugw-sfBDzMAB2Kax4k54AaABAg	4
UgwS28mn6e81u429ML94AaABAg	4
Ugwrn_qgvt-pmLbbvNB4AaABAg	4
UgwrMtAjbn-GM-HRGot4AaABAg	4
Ugwrh8NWKGnaORZxRuR4AaABAg	4
UgwRglr2K0qAVkoSCTh4AaABAg	4
UgwR5W42ZsNEwspfyIB4AaABAg	4
UgwQyMVvcYvR0lSL8E94AaABAg	4
UgwqwLIwGokSY_KpzYZ4AaABAg	4
UgwQSeoycyORZP_Cux94AaABAg	4
UgwQQr-e_3CDOc-o2214AaABAg	4
UgwqOrAU9nxXlGwa5RZ4AaABAg	4
UgwqOB-6wepgwNL6Mnx4AaABAg	4
Ugwq-Ljv1e2psE3m6Nh4AaABAg	4
UgwqKPadscuv7QO4ZtJ4AaABAg	4
UgwQEVUptVbEd8Wzh194AaABAg	4
Ugwq6uKgQ_waPdiDFe54AaABAg	4
UgwPXiPP2dbIjf87IH54AaABAg	4
UgwPTttGteBJnwPbbyx4AaABAg	4
UgwpSePpvP77Ur8wvfJ4AaABAg	4
Ugwpsa3hM1XMwS4AWSp4AaABAg	4
UgwpOcF3pPBBrpwamqh4AaABAg	4
Ugwpkib7fnPLIokBqTV4AaABAg	4
UgwpChmk4f9wBEBlScZ4AaABAg	4
UgwP4NsulnK2F5h32XJ4AaABAg	4
UgwoulFSNyjG6VJAMlV4AaABAg	4
UgwOSJ7SXnQi18KTx6B4AaABAg	4
UgwOfpDSguUaCbTAmCt4AaABAg	4
UgwoeHCDFNEd1iTLL0R4AaABAg	4
UgwObIr5AZTbnGeXnKR4AaABAg	4
UgwObbCmzHorAxb_vYB4AaABAg	4
UgwOaF4kxMfkRub3XAJ4AaABAg	4
UgwO5yKoYwMhC4OZolV4AaABAg	4
UgwNzuf61n7OGQKJj5x4AaABAg	4
UgwNuNIVzla0NrTaPq94AaABAg	4
Ugwnr0lc4IQ3w-kpi294AaABAg	4
UgwnoGUIgeaWXue_Axl4AaABAg	4
UgwnJcOpDNT4axbNRrV4AaABAg	4
UgwnfLDJT1CCsFPgCCJ4AaABAg	4
UgwnexePR9z8J7XG1uV4AaABAg	4
UgwnCx9089DR_2Q_tnd4AaABAg	4
UgwNCeIoYtqSWrstOol4AaABAg	4
Ugwn48B8c2S7nolesOl4AaABAg	4
UgwmzPoJvHMO7fvyHW94AaABAg	4
UgwmmQG7Sk2aTkaycBx4AaABAg	4
UgwMbjd1qrtHa8ZrDEd4AaABAg	4
Ugwm4taNfFdOGNx9XQR4AaABAg	4
UgwM4jEF0Wl5hQiTW-94AaABAg	4
UgwM2jZwvBBWmK5bPop4AaABAg	4
UgwM0yCSZnnKx6PyeAZ4AaABAg	4
UgwlWjZvkeRBRov6_vV4AaABAg	4
UgwltF_IPv2fkj-4Lph4AaABAg	4
UgwLPQXUt6PmELn_0Y54AaABAg	4
UgwL_mLjXe9tTAsgz3x4AaABAg	4
UgwldG5ewEvV_POcsgR4AaABAg	4
UgwL3dac-fwrXfEvH8x4AaABAg	4
Ugwl27Ezikaj0zWsXIt4AaABAg	4
UgwKx9cg6VbfOr9EhgR4AaABAg	4
Ugwkltk6AVMxvRIh9eZ4AaABAg	4
UgwkHncOVm8py4Mq0uV4AaABAg	4
UgwKB6Ysh2yiZnjT4nt4AaABAg	4
UgwK3F7OxTrKhgoVNTR4AaABAg	4
Ugwk305eLGT8B5M13Ft4AaABAg	4
UgwjYFT9nBZ2edWEhd54AaABAg	4
UgwJTX1nqoqAKVxsdkt4AaABAg	4
UgwjQRgqtNV7ZRMjLch4AaABAg	4
UgwJJd8qxSQYdnV_csR4AaABAg	4
UgwJ1LnRX2km_LnikRZ4AaABAg	4
UgwIzLEJNjb5_5CvQcV4AaABAg	4
UgwiYib6ect2MOZVhnN4AaABAg	4
UgwixVv6RhsPKdQ71A14AaABAg	4
UgwINvoZTiyyZLrTMWx4AaABAg	4
UgwInt9OP5CtdRe6Oy14AaABAg	4
UgwIilsROYTSPKv5Xjl4AaABAg	4
UgwiDkd4IXOrHhSwX954AaABAg	4
UgwibXkiAcjOqyomymJ4AaABAg	4
UgwhUl2QvDmzSVhUQDV4AaABAg	4
UgwHsOksQBcXRu0hcfZ4AaABAg	4
UgwhNPbNghW5O7Ldv2h4AaABAg	4
UgwHBqICP9Lp2GvXxg54AaABAg	4
UgwHBPw2Fx0TJvlICB94AaABAg	4
UgwhB2xxtV_a0Oz2Jxp4AaABAg	4
Ugwh7oz8-ZllyoTj8DZ4AaABAg	4
UgwH78zff5SXqqldtIx4AaABAg	4
UgwgZn41kybZNnrsHBx4AaABAg	4
UgwgRN_0LkMzyjyQ4R54AaABAg	4
UgwGcw_UgNFru_oZFpB4AaABAg	4
UgwFXKZvSGROyIO7N114AaABAg	4
UgwfVR0Hk3XreWr4U414AaABAg	4
UgwFTs4ccsbh1lF5Ssl4AaABAg	4
UgwfTgSMEKSOgv8EDTl4AaABAg	4
UgwfShPlda_MuUKSvnd4AaABAg	4
UgwFSf8VuNgRJqWKO9t4AaABAg	4
Ugwfrt6byBoUrYz0iTx4AaABAg	4
UgwFqwP_EdjSTkiBy2Z4AaABAg	4
UgwFPE2owLeRN7fuKwN4AaABAg	4
UgwfO6qC6uFlPkZppOV4AaABAg	4
UgwfnZFtMc8QS3OwgbF4AaABAg	4
Ugwf-LG9kIhbo6OaUkR4AaABAg	4
Ugwf-Fu_vKEdoXVYopB4AaABAg	4
UgwF-f6rEeQNeyoNz4d4AaABAg	4
UgwF54ngfrKGA4t8pzZ4AaABAg	4
UgweyV9abXKbYmYNpZ94AaABAg	4
UgwexOHr_gTJFOUIHfp4AaABAg	4
UgwEW8p-3emIl48OIxB4AaABAg	4
UgwevSfUnVVQ4JX1h614AaABAg	4
UgweS0uP3ijxumKols54AaABAg	4
UgweRbaqr9PZNvPkLcJ4AaABAg	4
UgweoYY78YX3E_h3fNV4AaABAg	4
UgwenD_MCB21JunbRnl4AaABAg	4
UgwEMxF9fnsyuWAl_Zp4AaABAg	4
UgwEKFrHusAEqScYTxl4AaABAg	4
UgwdYYSIY-Yqd8aodSF4AaABAg	4
UgwdXTY9vpUD1hwYjg54AaABAg	4
UgwDQj8s8k7VoANCI2p4AaABAg	4
UgwdmhbT3gJ1Zt3esk14AaABAg	4
UgwdDutJYv8LezDmgfZ4AaABAg	4
Ugwd5HBbEmxAuECznKZ4AaABAg	4
Ugwd4g4JuD4AT1H8eUV4AaABAg	4
Ugwd3VbdOlJIhbOTm-p4AaABAg	4
UgwCz5kqrfw35hwVpuV4AaABAg	4
UgwcuZoK39SkUV4xGaZ4AaABAg	4
UgwCrdV_Km2NFZCXEvh4AaABAg	4
UgwCqSVlOyawpM7NhAZ4AaABAg	4
UgwCQR3uvtLKP93nzsR4AaABAg	4
UgwCm6KOZMrzJxU2Pmd4AaABAg	4
UgwCLJn4Myw7yNkEU414AaABAg	4
Ugw_cHtr8DTBlI3qoQV4AaABAg	4
Ugwc7GoSc1_mead0Hsx4AaABAg	4
UgwC3f5l7l0k3hV82X14AaABAg	4
UgwbwpsmPbDwTfWQuBt4AaABAg	4
UgwbVAX2F2ghYEttGCV4AaABAg	4
UgwBoUjf3gLGS6Efvxh4AaABAg	4
UgwBM9YntDs7E38izfh4AaABAg	4
UgwBJA4fG-iECJMDKUd4AaABAg	4
UgwBAdyUFykaOG3NR8N4AaABAg	4
Ugwa-zICxBQbH2I8asN4AaABAg	4
UgwaSmm8pfrYR9-yk_Z4AaABAg	4
UgwaSL2gXZhCDlak-H14AaABAg	4
UgwApp8N4MZQvLF-2N14AaABAg	4
UgwahrT8LV9M3cRpgll4AaABAg	4
UgwACjXdH4e5aGYUoQp4AaABAg	4
Ugw9Ku2Pt-dovohZZK54AaABAg	4
Ugw9BfR4D07f6bESLqh4AaABAg	4
Ugw96IbXODStXRyFjBB4AaABAg	4
Ugw8yaSUSFDVj4ikXqx4AaABAg	4
Ugw8XHC8Dwma-mX1rfV4AaABAg	4
Ugw7VN5snLeWGvCQc554AaABAg	4
Ugw7SRoQoCQiyqq7DPh4AaABAg	4
Ugw7RBtiNOJHlURkrtt4AaABAg	4
Ugw7NUhETp-IPoPRp3l4AaABAg	4
Ugw7l0nlMDREAiH9HCZ4AaABAg	4
Ugw7KqwjzsurkLT_dih4AaABAg	4
Ugw7dbfVWY3t_IyFM714AaABAg	4
Ugw73GBjQeq2KAe-oBd4AaABAg	4
Ugw6ykFOu-up1W73XJZ4AaABAg	4
Ugw6RFtuNWWtJwKDbCF4AaABAg	4
Ugw6NlEUvDOaVxgLVMx4AaABAg	4
Ugw6DXRgLAMWLDhD-6J4AaABAg	4
Ugw5b3mYH1AsYQYAp7d4AaABAg	4
Ugw52ILkKnGy-n5RCVt4AaABAg	4
Ugw4Xe7ZGxUmJ4TzmnR4AaABAg	4
Ugw4RpZYUtXLkA9lVdt4AaABAg	4
Ugw4Jh5ZR76GpSetOnt4AaABAg	4
Ugw4B1BbI5Ymn9DgjXh4AaABAg	4
Ugw42wcwG_JMV0CK7rl4AaABAg	4
Ugw3skA5qtw13A-RSah4AaABAg	4
Ugw3k9JDq5x-vihIDJV4AaABAg	4
Ugw3jiQyJAJWl-78miF4AaABAg	4
Ugw38IqLRbzagO-FUP14AaABAg	4
Ugw32i2ofgNnnMSidXp4AaABAg	4
Ugw2zUY5MqifoFDJQNd4AaABAg	4
Ugw-2TG300OeAC_xW0N4AaABAg	4
Ugw2OytWu7RGLHnsHGl4AaABAg	4
Ugw2mRV5sQWU9XeTjp54AaABAg	4
Ugw2kwsxlPa0Ad3pqMJ4AaABAg	4
Ugw1sJeMDIufIWljFhd4AaABAg	4
Ugw1S7GRHHxkoB1NJQ14AaABAg	4
Ugw1O3w_fjiGoi0lfet4AaABAg	4
Ugw1M03NlJJp1DAMRup4AaABAg	4
Ugw12qr1KwytGdfN3Z54AaABAg	4
Ugw0FmGmwhXDOLe8rK14AaABAg	4
Ugzz-zVTaKLwqBz6bdt4AaABAg	3
UgzzXsQ6Gl_zt6x-cTd4AaABAg	3
UgzzFJ8vaeBGQHz7s0R4AaABAg	3
UgzZeM1XzcSN_EDMKgh4AaABAg	3
UgzZdxOazH1_UY0qUEx4AaABAg	3
UgzzBYXI9IPzKEMdY6p4AaABAg	3
Ugzz6WKV142YpQ8xkTR4AaABAg	3
UgzyMBIQk7b_1Znsrip4AaABAg	3
UgzyjFOCK348i9jbDmN4AaABAg	3
UgzYdscOz274NrJfxWl4AaABAg	3
UgzXX235kbabYmqn35F4AaABAg	3
UgzxT3qCBOmZy8Gvntx4AaABAg	3
UgzxMPCdJgNAE-nygbJ4AaABAg	3
UgzXhXcL3oWuE-4Ko8N4AaABAg	3
UgzXfF0bwxTBxhP7Zb14AaABAg	3
UgzxEoH0yzRJNBUHr6t4AaABAg	3
UgzXE9HuSGUOPsx9Zux4AaABAg	3
UgzXE6zBgg0DdhCvPhh4AaABAg	3
UgzXe38LAE4yOfU-M3F4AaABAg	3
UgzXcYm2hlTt5Yz3rt94AaABAg	3
UgzXc6A3Z68c_QqLVJZ4AaABAg	3
UgzxBztc0eLQuwqpad94AaABAg	3
UgzX7LPeDPBRM_gUfCh4AaABAg	3
UgzX6e7D3WUw1KV8zpJ4AaABAg	3
UgzWvz3CVxJrcONPN4F4AaABAg	3
UgzwtFwKZywu5ifG0Tx4AaABAg	3
UgzwSW2ehWR4E4TSoUd4AaABAg	3
UgzWmIAfute5ZmhpPER4AaABAg	3
UgzWj9J6gVIxVxyW6xx4AaABAg	3
UgzWF2gwiXAolosgn4p4AaABAg	3
UgzWCJJTFzUItP_nESJ4AaABAg	3
Ugzw7geeaQ_eE12CfWR4AaABAg	3
UgzW7G-4zV1dHdYmcBV4AaABAg	3
UgzW-76k9Xcx77BDidh4AaABAg	3
Ugz-w5HkCqdHDQPLRsh4AaABAg	3
UgzVw0_ClDtRxjGEm0h4AaABAg	3
UgzVmBOU7C1g_-odqid4AaABAg	3
UgzvJyHCZsQupik-gsV4AaABAg	3
UgzVbxE18R3i0-Ib9ip4AaABAg	3
UgzV8qhbZMF_0LD1MrJ4AaABAg	3
Ugzv4Ek0FUm7KFK7Cn54AaABAg	3
UgzuW6ZhYmHvtmHkhfN4AaABAg	3
UgzuU7Rc6eEnND0N4pp4AaABAg	3
UgzUs5Qj73XZq5_N5zR4AaABAg	3
UgzUPpPf8yQM6T4nP1R4AaABAg	3
UgzUkZh4n5xuB5Y93Jx4AaABAg	3
UgzuizK9-fYKF_BBZ8N4AaABAg	3
UgzU5iFo2nytvA3p-PF4AaABAg	3
UgzU4D0vlFXNGsLOAjp4AaABAg	3
UgzU19pxvEBS_mYpRpR4AaABAg	3
UgztzGlLJaSgM51U1X54AaABAg	3
UgzTTzJ3vBXMLHN1dHJ4AaABAg	3
UgztTwfypXC54-Ine4N4AaABAg	3
UgzTTSe8nDsadDEAjcB4AaABAg	3
UgztnvUXqbKVKQYcaYZ4AaABAg	3
Ugz-TGGPNq63pAM14rd4AaABAg	3
Ugzteheg8vQyW-F_h714AaABAg	3
UgzTa2iovDw-LsRqYC54AaABAg	3
UgzsuVB58_LK3g0XemV4AaABAg	3
UgzSuTr76b-YMSmqbgJ4AaABAg	3
UgzsrpJM3RpCErxck4B4AaABAg	3
Ugzsozr9A5mJGxt16FZ4AaABAg	3
UgzslduTXPV2ogamaJx4AaABAg	3
UgzsKDkcE1RK-lVafNp4AaABAg	3
UgzSEYOXQVZPrHrU0VR4AaABAg	3
Ugzs_BevzZ-Hk4qb6up4AaABAg	3
Ugzs2gTGUq3LnjsftcR4AaABAg	3
UgzrVRjcAIEFsjKOMYB4AaABAg	3
UgzRuPYQAxTk0lvV8f14AaABAg	3
UgzRu4WG-LYW26jvrAB4AaABAg	3
Ugzr8SU32VyQSGAoD094AaABAg	3
UgzR6w-jevPFNt45B7Z4AaABAg	3
UgzR6SZKJ2awsZwrLYV4AaABAg	3
Ugzr4oNjOA2Ia-ZFO-Z4AaABAg	3
Ugzr1tOX9wXm4AiIyvd4AaABAg	3
UgzqyX0-tKnxMLlVr8d4AaABAg	3
UgzQY4mVi7uAw-eN9Hh4AaABAg	3
UgzqtQk5fPButOUO9r94AaABAg	3
UgzQtjtciC3NOdoCAa54AaABAg	3
Ugz_qLFpjN2JkspClS54AaABAg	3
UgzQghBM8h9GyAOjKwF4AaABAg	3
Ugzqg51PB7vwMzLwBwx4AaABAg	3
Ugzqdk_IA0jEr3C25o94AaABAg	3
UgzpXZ-4nEpxZ5jUqT54AaABAg	3
UgzPX6fzUzOEw1qQss14AaABAg	3
Ugz-pPLaF2uqZ-2iXTd4AaABAg	3
UgzPPJtgvBn0BBWq0Xl4AaABAg	3
UgzpInZzWOdIv3_PpuB4AaABAg	3
UgzPhi88a5rTrIZL-014AaABAg	3
Ugzpez7qgRsFa-3IslZ4AaABAg	3
UgzP0qsCnmVvIMJPkhR4AaABAg	3
UgzoV5f05oZLgb0zXZ54AaABAg	3
UgzoTJcggDd1ppegH1F4AaABAg	3
UgzoPDNfemMQhSfjfVd4AaABAg	3
UgzOKnOqzQVreiISsr54AaABAg	3
UgzODvPLe9HYlv7Tfkh4AaABAg	3
UgzOAjBBqeCxdQtaVPB4AaABAg	3
UgzO6oqpEDSv3EHNvkF4AaABAg	3
Ugzo2LWC44f12Ekjijt4AaABAg	3
UgzNhZ0t1Kng8U4-hHN4AaABAg	3
UgzNC05aMFdBXSacGBF4AaABAg	3
Ugzn5sv8YhFZB2AcV-14AaABAg	3
Ugzmy3gRJqijOPg08X14AaABAg	3
UgzmV19tiX22Tl-0SrV4AaABAg	3
UgzmrsM0biLVFto4AKF4AaABAg	3
Ugzml0nOr5XgO4GiZEx4AaABAg	3
UgzMeXxnT4fbVMnc1y54AaABAg	3
UgzM_e7BxLXeDHV-EEB4AaABAg	3
UgzmdRkbfKbr38ZZ7qJ4AaABAg	3
Ugzlxi_zW9Mo4CFMXa54AaABAg	3
UgzlVZFdAF1yshAqx5N4AaABAg	3
UgzLSC-qNNzdXvZLylJ4AaABAg	3
UgzlRkacXXe7IrFUGHl4AaABAg	3
UgzLPmy9JOKpSq6danJ4AaABAg	3
UgzlMOeyTkxNEOsbdfF4AaABAg	3
UgzlcfabTq7Ba7pZ_HN4AaABAg	3
UgzKWXgIXJ_rm13FWbx4AaABAg	3
UgzKqPbGHAd14sow-0h4AaABAg	3
UgzKjgKgEZUaXkcqsCd4AaABAg	3
UgzKFSlSjxseUXhsOQF4AaABAg	3
UgzkbV48X3lNcltUTQ54AaABAg	3
UgzJyVeIh8jLx380Q0Z4AaABAg	3
UgzJxmo-tkv6EKGYMO14AaABAg	3
UgzJv_GEVHm59NhdV1N4AaABAg	3
UgzjMk8iOGSqdBPv1A14AaABAg	3
UgzJltAFj4hqJ9pxbGB4AaABAg	3
UgzJh74dEGd8XlzJ1h14AaABAg	3
UgzJFEAqQgi7-yQJ59V4AaABAg	3
Ugzjcx2iSixP9hF6LAp4AaABAg	3
UgziZjBtrwK85DH77NJ4AaABAg	3
UgzIZ_C6i_TUzmOxKoB4AaABAg	3
UgziyZ0mKXl8NqnYCax4AaABAg	3
UgzixqvPRvj9jLdouGV4AaABAg	3
UgzipoVJdtEFfduGCed4AaABAg	3
Ugzinweor3Im6oaC5fp4AaABAg	3
Ugzinn963iAN-qlxVJV4AaABAg	3
UgzIn1oXAOyPY6m1tpl4AaABAg	3
UgzIk2HBq7VBnZVB0PV4AaABAg	3
UgzIaXvlkc3uNRgLOFB4AaABAg	3
Ugzi8zFUo1I1FNHRpkF4AaABAg	3
Ugzi3g9bps6bcJG947F4AaABAg	3
UgzHU1SheR_M4n5PzoN4AaABAg	3
UgzHr3rO4-d4BUcXGfp4AaABAg	3
UgzHlaTZYt9bCJJwpKt4AaABAg	3
UgzHJQ6O7v7bCJjaMsN4AaABAg	3
UgzHIxqhko-_432orM54AaABAg	3
Ugz_Hiugcqv9GTHl20d4AaABAg	3
UgzHHAB0phrgok9RqU14AaABAg	3
UgzgTENNEUPkzP-yjl54AaABAg	3
UgzGFipoI-LWzo8Sdvl4AaABAg	3
UgzgDM6IASvsNNTsM3V4AaABAg	3
UgzgA_8LfslrhQVMRUt4AaABAg	3
UgzFymECDFbNTK5I1wF4AaABAg	3
UgzfSmpba933w1BrRFJ4AaABAg	3
Ugzf-HXHA_x_kd2IT2F4AaABAg	3
UgzeZI9sEHwLc_xgxst4AaABAg	3
UgzEW4yIBoEYMGeJPqR4AaABAg	3
UgzeTU94m8X_Y9lbZAh4AaABAg	3
UgzeNIH5UTp4RFVmk1J4AaABAg	3
UgzeFYqDZD0qa3xBxEB4AaABAg	3
UgzEErI5rdnl9XfZJrB4AaABAg	3
UgzEDCdqG1JXzmlJQLR4AaABAg	3
UgzEbC2i0tnGBygvYy54AaABAg	3
UgzDYnOCxV9BlFTPhZZ4AaABAg	3
UgzDW4PkFApVKeVSiJd4AaABAg	3
UgzDSyLaTuMMB12LjGx4AaABAg	3
UgzDQnAWYSWEAvYCfu14AaABAg	3
UgzdlWm2c20XMR-YyfJ4AaABAg	3
UgzDl71X0wWU_xlADNh4AaABAg	3
UgzdbMulluiLHL282kZ4AaABAg	3
UgzdbCTtttCs81I5XHx4AaABAg	3
UgzDAYZ6cw55Xd1CnN94AaABAg	3
Ugzd7FCZ9E9QRCFE1Z94AaABAg	3
UgzD3lBMh681lnUGeyN4AaABAg	3
UgzD-0lkddQQv7fhyxh4AaABAg	3
Ugzc-QGInkoPZBRSsZt4AaABAg	3
UgzcmVPlB7vx3mfojpp4AaABAg	3
UgzClZBMX-Sp2ByExe54AaABAg	3
UgzclwHgmQ8oVFYa9TR4AaABAg	3
UgzCD0uhJt8PosEFzmt4AaABAg	3
UgzcAkycCjCYXgPE_Hx4AaABAg	3
Ugzc8rLncysiUA3eNuR4AaABAg	3
UgzBXlrl2l4BwBZGGwl4AaABAg	3
UgzbSLDKh61E2nWKrnN4AaABAg	3
UgzBrCfLmA2Y-PJPO7N4AaABAg	3
UgzBoL_VgqpV6VqCTqt4AaABAg	3
UgzboLKUMZ4HdXjxQu54AaABAg	3
UgzBDhTb0Vw6oA18w_t4AaABAg	3
UgzbCd2mxXIit7qs2P14AaABAg	3
UgzbAEXANJrwulfAJtx4AaABAg	3
Ugzb5FE9F8nFrXOIuj14AaABAg	3
UgzAZQSzMLMOqTAIRkZ4AaABAg	3
UgzaZazjwXbSJJ21BKF4AaABAg	3
Ugzau_dLxXGVdP8vHQ94AaABAg	3
Ugzapg4dy42Bg8lvdGV4AaABAg	3
UgzaoOjnw72OmOJhpqJ4AaABAg	3
UgzaKrp2EN17Orxy8814AaABAg	3
UgzAcYoyAsUcOFEGWEh4AaABAg	3
Ugz-acR2OcqSrM9oSnZ4AaABAg	3
Ugza7EkPzydZz_3_TLF4AaABAg	3
Ugz9zecF4spW5cQlRZh4AaABAg	3
Ugz9vY0nlNnis3CnAmJ4AaABAg	3
Ugz9SJwt4iFHBzJD3tJ4AaABAg	3
Ugz9r9cQE_m1io1seAl4AaABAg	3
Ugz9QikFHQkroTs09Yd4AaABAg	3
Ugz9fwy-BzbiW_ilSbd4AaABAg	3
Ugz8XwYRI7srL4zDmZd4AaABAg	3
Ugz8jYci1KEMhPgdAcR4AaABAg	3
Ugz86xgVL8IcDXGmUdJ4AaABAg	3
Ugz7hVSfsFu9Nl7SPNV4AaABAg	3
Ugz7gslVP_ip8qqX21d4AaABAg	3
Ugz6ZbIeCkyefOA1e6p4AaABAg	3
Ugz6r7T4QCmmstrBitt4AaABAg	3
Ugz6p210qJAACljpLQB4AaABAg	3
Ugz6n4sB5bWq4wMQdGB4AaABAg	3
Ugz6hWzx29ddKrtMUcB4AaABAg	3
Ugz6h2nESb7TMzxJtDJ4AaABAg	3
Ugz_5QXy6jZWY3IUd994AaABAg	3
Ugz5OUyO2wL72rJusJx4AaABAg	3
Ugz59TtV3EFcv9tLuVV4AaABAg	3
Ugz4t1gPBMpWwnZbflp4AaABAg	3
Ugz4p_PDfXMVBbBNBe14AaABAg	3
Ugz4Nv8bh9tI9TFNVHN4AaABAg	3
Ugz4_Im3RwbvvayfYEB4AaABAg	3
Ugz3PhZNVkqiUqvXaq94AaABAg	3
Ugz3Hx85EfrI3OCxW_B4AaABAg	3
Ugz3-3Phof6PgGLDY094AaABAg	3
Ugz2ovrxj0nxurRXReh4AaABAg	3
Ugz-2_gUcxXbyMT84l94AaABAg	3
Ugz2evKK4OpFQ6dgR6d4AaABAg	3
Ugz22claF33yth9ATP54AaABAg	3
Ugz1_qIBL-sutz17Lhh4AaABAg	3
Ugz0xW7O9DVmJG3bdyh4AaABAg	3
Ugz0tG55gZrnznk9b8d4AaABAg	3
Ugz0HqEgBygF4DCi1x94AaABAg	3
Ugz08859E5eVX7P4v_t4AaABAg	3
Ugyztkh4elFjjPSkcbl4AaABAg	3
UgyzteXtfnlz5-A_iCB4AaABAg	3
UgyZNyeIN2RZKj0dA6F4AaABAg	3
UgyZm3QMykZDC-yMI1N4AaABAg	3
UgyZK9IbVyz65WVJNFN4AaABAg	3
UgyZGVyTZOEP7nyEHcJ4AaABAg	3
UgyyWpwGABlNw-i6msF4AaABAg	3
Ugyytvk7c4PwSsh3_WV4AaABAg	3
UgyYS_WY-7YzZARIkyF4AaABAg	3
UgyyOvx9DsFrWFud71l4AaABAg	3
UgyYDBVe229hI_Zf2zl4AaABAg	3
UgyXXRE9p33oxkCbdvp4AaABAg	3
UgyXtU-Yl3zzL0i9n1J4AaABAg	3
UgyxP2Y5YhDnXlj6JH14AaABAg	3
UgyxNOd_TZSN6BPUond4AaABAg	3
UgyXKPbq7hVXi6mGBMR4AaABAg	3
UgyXhPGKWCyDUCByDAt4AaABAg	3
UgyxhbNQVJu-23UjBgR4AaABAg	3
Ugyxfn7V-sqTVFl6jKl4AaABAg	3
UgyxbSBvMLqGjeQKf_N4AaABAg	3
UgyxBFAJ-wu3i1lialp4AaABAg	3
UgyX9UGtCyCQoqLGVFB4AaABAg	3
UgyWW_2kcuEHZ7ImAch4AaABAg	3
UgywqgOdWmtMUsu6yaZ4AaABAg	3
UgyWnyLiUww6jSswu2t4AaABAg	3
Ugywniv-39lQ1GSko2R4AaABAg	3
UgyWJBicjCY5891ODs94AaABAg	3
Ugywj7Nzp-VAClrjMe54AaABAg	3
UgywHwMlelQmAktLo1Z4AaABAg	3
UgyWGIzmgo-ZRAsTW3F4AaABAg	3
Ugyw9r2YJKZnLDpwlwt4AaABAg	3
UgyW5myHcdSuREMbjn14AaABAg	3
Ugy_w49TH7bUiXXzDCF4AaABAg	3
UgyvW6dQO1KJaNPAAMd4AaABAg	3
UgyvuJdiRa81amBYdOp4AaABAg	3
UgyVsw029ykmWWS9emd4AaABAg	3
UgyVnhjLiPlFOlpgy-R4AaABAg	3
UgyVLVUBrlFGmpmvNvN4AaABAg	3
UgyVGnEPPPTY6Vs0JEt4AaABAg	3
UgyVgGNCsFcda2Chf8Z4AaABAg	3
UgyvF0KIkBCwlq25KrV4AaABAg	3
UgyVF0F6qHtkFHc6Q2V4AaABAg	3
UgyvDX1dJ4rHpbDuHCV4AaABAg	3
UgyvdnEbZcIXRPG3RwF4AaABAg	3
UgyVc8tNbWzdVuK3Och4AaABAg	3
UgyUrhm9iZ7NM-rzXwV4AaABAg	3
UgyUQ6vPnOffDPXjQIZ4AaABAg	3
UgyunKGfa0AWDC2bz0l4AaABAg	3
UgyUlAv_g9m-khY4aEN4AaABAg	3
UgyU4V0d_LvzlejTbU14AaABAg	3
UgyTY4KKnlUnYrYnx0N4AaABAg	3
UgyttbcvpXC5iJ-SmLV4AaABAg	3
UgytAmiHNn4kFcQKXZB4AaABAg	3
UgyT3zknplSys8E_MIV4AaABAg	3
UgysztgYaoBCehwLK9d4AaABAg	3
UgysysqfMSIkFPZQHtF4AaABAg	3
UgySV6KPwI3GNbg0n6d4AaABAg	3
UgysUtSzxwjYVK0r9L54AaABAg	3
UgyS-tMh6W58em3c0HV4AaABAg	3
UgysP_7YHTPW5cQErjd4AaABAg	3
Ugysni6a3ES7QR2FQyh4AaABAg	3
Ugysi56wQgl1XGL6Jpt4AaABAg	3
UgyS_gsKh5-DObXd9dh4AaABAg	3
UgySggxrgV2bCcheQa54AaABAg	3
UgyscYqpe80ltxM6VF94AaABAg	3
Ugys7BOGH71s5ROmY6l4AaABAg	3
Ugys2Q1hBAe59uKZgF94AaABAg	3
UgyS0kYiQodWei6A-Rl4AaABAg	3
UgyrVlWByy0ncXWQaqZ4AaABAg	3
UgyruVBZezUtCHvD-VF4AaABAg	3
Ugyru8zeJhtLcm1jkMd4AaABAg	3
UgyrsNf1xKsdbh-waJl4AaABAg	3
UgyRsLXJyZWrPj9PxBt4AaABAg	3
UgyRqYMsWdNP3aHcbXJ4AaABAg	3
UgyRQ96HHY-I6H62epJ4AaABAg	3
UgyRKlL4uswhq6R-MFR4AaABAg	3
UgyRHYaHw4xU_9mG7sV4AaABAg	3
UgyrHw_6u3DjU8cLQOR4AaABAg	3
UgyqzPvpOoatrK-GtZN4AaABAg	3
UgyQUsLWKuZGMauvvZZ4AaABAg	3
UgyQrxEyl0weZCUlaxd4AaABAg	3
UgyQKRzIt8Hw9p2d5u14AaABAg	3
UgyQ5JAjgu09d5ddp0l4AaABAg	3
UgypYoR7B9P7ZS49ja94AaABAg	3
Ugy__PYhjl5bGY5lgbR4AaABAg	3
UgyP_SXCqScMAO5IqWd4AaABAg	3
UgypQ2lZIVgR7x56aRZ4AaABAg	3
UgypH5kiFYP9thz2W8V4AaABAg	3
UgypGObWegjpHU9VXe94AaABAg	3
UgyPG4kfl5_a_U3TmNB4AaABAg	3
UgyPashSbU3ZzT6auCR4AaABAg	3
UgyOWJq_p1VOwxAE9SB4AaABAg	3
UgyovjoG96eWmjXLCC54AaABAg	3
UgyOubeVhIl1TA6FYWp4AaABAg	3
UgyOlrHalcCi-1NGOz94AaABAg	3
Ugyok2ZDUkYnZZ05lKl4AaABAg	3
Ugyo8UIjzU74Q6COL9B4AaABAg	3
Ugyo7Nt44RJDbvvTrbd4AaABAg	3
UgyNTv9ujaZrkIdBuX54AaABAg	3
UgyNt6OZwroslTNGdJt4AaABAg	3
UgyNl2_AlpUJWXKOQ5Z4AaABAg	3
Ugy-nkJQ7tr-3Tc97RF4AaABAg	3
UgyNk6qwi9hMR5q9Su94AaABAg	3
Ugynho0JITiCifueWZF4AaABAg	3
UgynGQ-Se7CsFqehNel4AaABAg	3
UgynabAOizfGdXCjyMN4AaABAg	3
UgyMzq0s9_Y_h2kIdVJ4AaABAg	3
UgymTvzCcKQTvfqNzth4AaABAg	3
UgyMKk1hOqil-cCG0yR4AaABAg	3
UgyMii-_t6ovTIgTCNB4AaABAg	3
Ugym6-bdkuLM--UtLsd4AaABAg	3
UgyLZDG9XwRAyVVcnRd4AaABAg	3
UgyLZAx6ltRlaTMAg394AaABAg	3
UgylvrhCW78_DXlquhJ4AaABAg	3
UgylvioZeePCKoaBRC14AaABAg	3
UgylVc85Nv3-Qf7z2n94AaABAg	3
UgyLPsImZ8SchUuEaBx4AaABAg	3
UgyLjMQ7A-rb0YWCbvt4AaABAg	3
UgylHXuNue_v_I41gm94AaABAg	3
UgyldP_UBP37KV2HiI14AaABAg	3
Ugylc575zVpgM8-EA3p4AaABAg	3
UgylAy1Gl0IhEDvIARR4AaABAg	3
UgyLacP7QQ9zgKhls3J4AaABAg	3
Ugyl6PlPvzJ3p40nRkd4AaABAg	3
UgykQV8sKNI219ksXYl4AaABAg	3
UgyKOpSoGhcXUFcESFZ4AaABAg	3
UgyKOfkJBP8WW5eD07B4AaABAg	3
UgykmgflzHAbFSTakE14AaABAg	3
Ugy_klU8SIJcYLjHUZh4AaABAg	3
UgyKl7nqIVQGUukQPoR4AaABAg	3
UgykDzylrp181Qq5TUZ4AaABAg	3
UgyKCCihxe45G3qkZbR4AaABAg	3
Ugyk646HHhAC2lw-ObN4AaABAg	3
UgyK4v70scoq67qGQwV4AaABAg	3
Ugyk32LQdjHPYfWkTLl4AaABAg	3
UgyjzJ_xRDeYWBorrVB4AaABAg	3
UgyjW09tY-ZkHqfvO-t4AaABAg	3
UgyjTVYlMpxi_r7Hw0d4AaABAg	3
UgyJoqLaHpFkUDZuMfB4AaABAg	3
UgyjnVK9rXoCUMYRIJR4AaABAg	3
Ugyj_k00xxUU2kfXfjt4AaABAg	3
Ugy_jb5ffboOzjqNXeN4AaABAg	3
UgyJ5vPqzP69iHhTzgF4AaABAg	3
UgyIZFY8jwu9r-7PZqd4AaABAg	3
UgyiwDpUtoxvoqsEoEx4AaABAg	3
UgyInYxnel7vWSIpQNR4AaABAg	3
UgyiLCh5lnAHfLygDrR4AaABAg	3
UgyicBuiryeNkrfWf5J4AaABAg	3
UgyIbdlz9Oh-P7S01Q54AaABAg	3
UgyI73oZJKhnqctd9U14AaABAg	3
UgyhxuVzTNrnl2P6hop4AaABAg	3
UgyHwm_dVqYKl3YHyEV4AaABAg	3
UgyhVdmII06sHjsZAh54AaABAg	3
UgyhR8ISTW9N85uGTUN4AaABAg	3
UgyhmsZylu2VLmsCCG14AaABAg	3
UgyHH3ms6e2acbg0UHV4AaABAg	3
UgyhFyjTx4pwl-RZvzZ4AaABAg	3
UgyHC41_I8WmsDTEGOF4AaABAg	3
UgyG-zU4PwVfvAixWRR4AaABAg	3
UgyGZ8wSpNvfmkt-KvZ4AaABAg	3
UgyG-U6I6K102enGlbx4AaABAg	3
UgygPoTRTRstt-iuOa94AaABAg	3
UgygkUZ5JfcMJfidH7t4AaABAg	3
Ugyg8XssP-P_f8rzm_h4AaABAg	3
Ugyg40WuGMLmoErhzT94AaABAg	3
UgyF-tXanAEn0EBGsx54AaABAg	3
Ugy-Fs1PCUsXUc-5JNN4AaABAg	3
UgyFqQAGjpiFBvq_ivl4AaABAg	3
UgyfP28x2R4g8RDZapt4AaABAg	3
UgyfN023pL8fWn12zn14AaABAg	3
UgyFjUNYzcOkAH7vHZF4AaABAg	3
UgyfESx_m74UbLRwqHF4AaABAg	3
Ugyf2pJGGMreu1Xfocl4AaABAg	3
Ugyf00Gglrq6RhNLUSR4AaABAg	3
UgyeZfWsIqenpeoFJSV4AaABAg	3
UgyepYYGwIEt2bV2_2N4AaABAg	3
UgyedWGga5gTkKj0FMl4AaABAg	3
Ugye1W4UVd_QKf6or8N4AaABAg	3
UgydXkKTwCCAfN5GnbN4AaABAg	3
UgydVZKaYJN3wCAmRdd4AaABAg	3
UgyDQiNkEmhvjc4OnE94AaABAg	3
UgydiUl0fsz__YwEQd94AaABAg	3
Ugy-DF40RsjvT-ZWGpN4AaABAg	3
UgyDe9UlU6ixYnAxJeV4AaABAg	3
Ugyd3bckJsFTPIIv-uN4AaABAg	3
UgyclE0KxT5Ojuv1Ns14AaABAg	3
UgyCFXN7-77h3HLaJxV4AaABAg	3
UgyCdcKlhlDNQTMi1KF4AaABAg	3
UgyC5dU_K9VeyDYbvr54AaABAg	3
Ugyc0J2Bnj7kDXfCgi14AaABAg	3
Ugybxb9mhI5_I7JBjch4AaABAg	3
UgybQeThyx3-_HkAFj94AaABAg	3
UgybPPNlNMntJBJcRdh4AaABAg	3
UgybN9xaFJbkZZEAAvZ4AaABAg	3
UgybGVyprLmIv7EoIeF4AaABAg	3
Ugyb6AxWHiw9kLW5oh94AaABAg	3
UgyAWAmnXbBkRT0BWoR4AaABAg	3
UgyAuncJzB56Waw60al4AaABAg	3
UgyaDhUA1aaTsaptDmR4AaABAg	3
UgyA5ZRUCXnLrqS6RBB4AaABAg	3
Ugya2afVpJE5rO6i23d4AaABAg	3
Ugy-9wQMzK-z3_Ba_hl4AaABAg	3
Ugy9aNQiJa9YHnZSF1l4AaABAg	3
Ugy8uF-u-ZPgAtYCZ7R4AaABAg	3
Ugy8O0soOCrIKlT3AFt4AaABAg	3
Ugy823PsTUKXJs8P0Vx4AaABAg	3
Ugy7Feb8bdMQNL8t_Ft4AaABAg	3
Ugy7ECL1aCbi215_ASh4AaABAg	3
Ugy6pat22j-Z-pdiLpt4AaABAg	3
Ugy6LyrmIXqeTAzRFhl4AaABAg	3
Ugy6KhxHLXEXoQTU9ZR4AaABAg	3
Ugy6CKBCKmKOJoHaDJx4AaABAg	3
Ugy6489HgmvJpqkt11t4AaABAg	3
Ugy5wPwNNoQ6QuWLNeZ4AaABAg	3
Ugy5W1HKyCpWnfejNm94AaABAg	3
Ugy56UtubdC7opAj0jZ4AaABAg	3
Ugy4Vju7kRiGzOurNwh4AaABAg	3
Ugy3FQla1rgAi4CO94Z4AaABAg	3
Ugy2zRQOWKTdpte5EjB4AaABAg	3
Ugy2lyzqBQExz-gBCMh4AaABAg	3
Ugy2fretOdf5tsGQk5p4AaABAg	3
Ugy1XMqFd_cuglEDYlN4AaABAg	3
Ugy1Tz3bah0ABMtuMkF4AaABAg	3
Ugy1SqTpBp7ZfvLAPmd4AaABAg	3
Ugy1seakUJUezeJnvlJ4AaABAg	3
Ugy1mY16ncvlzbHhaB54AaABAg	3
Ugy1joQL2o_vvRipkvl4AaABAg	3
Ugy1gmzB23fLmkYfskF4AaABAg	3
Ugy0N-pNwMiKkgHqCnF4AaABAg	3
Ugy-00ElkdvreD4-VhJ4AaABAg	3
UgxzWklH8xK2mjbo0gx4AaABAg	3
UgxZLfj_ZYyzExxT7794AaABAg	3
UgxZJ9I86YyVXF3gDe94AaABAg	3
UgxZ1iEKNRcw1gvBX5B4AaABAg	3
UgxyYG-dW5x6rkyWAsp4AaABAg	3
UgxyuSXLxp-CMZg-cw94AaABAg	3
UgxYjJRTURlLbhjWXD94AaABAg	3
UgxyI6Ye2h3M3arRQqd4AaABAg	3
UgxYHtRg6VwjLChX5hZ4AaABAg	3
UgxyepTOrGyHosFCeld4AaABAg	3
UgxYAO2C4CwE9qWl0614AaABAg	3
UgxY8YoaFKdcuAhjfEd4AaABAg	3
UgxxXZaAeJIYxlA360J4AaABAg	3
UgxXsYb6XZ_LQurR4gp4AaABAg	3
UgxXsLZuiOis9swUFfN4AaABAg	3
UgxXQo71U5Tw31bjYwV4AaABAg	3
Ugxxk7b38GhWl8rfQy94AaABAg	3
UgxxFifg8xduT9DsxTF4AaABAg	3
UgxxF8zQo0gxE0VKoVV4AaABAg	3
UgxXBPZvHTw49NQ4tMl4AaABAg	3
UgxX19L5iJ8Mn1WmGXh4AaABAg	3
Ugx_WrVM1zbV2PaarmZ4AaABAg	3
UgxWRs90FtkE0_5GUJd4AaABAg	3
UgxWnGPIbRhDCourebF4AaABAg	3
UgxWLXnfyHjTsTqs1f54AaABAg	3
UgxwfYxevm526n2WgMJ4AaABAg	3
UgxWFctKM1ipcJ9bQaN4AaABAg	3
UgxwEq4nan2ZyK6BHmx4AaABAg	3
UgxwE_fpUSokl551CxZ4AaABAg	3
UgxwaNz1zoV54BsFykB4AaABAg	3
UgxW7nMQHSZ6KdNWqux4AaABAg	3
UgxvzKx0IT2fjvjyCUN4AaABAg	3
UgxvvPxmfAcyiXo9QKV4AaABAg	3
UgxvuljfpmJpx5T65kR4AaABAg	3
UgxVr_8JUNj57Z8QHEh4AaABAg	3
UgxVk8BYAW3VibxsjcF4AaABAg	3
UgxvjVfxOk_zct-B5-x4AaABAg	3
Ugxv_bOQjn6MdofomtR4AaABAg	3
UgxV_bJ2B1w1-D_CN7Z4AaABAg	3
Ugxv-9AlglmxYBssvNZ4AaABAg	3
UgxV_6zLly837V5YVQJ4AaABAg	3
UgxV1-t7j_Et28oT4X14AaABAg	3
UgxV05G-rS5UelukHSR4AaABAg	3
UgxuZoGJrxynJ6m7xrx4AaABAg	3
UgxUziOeG4cAtpdmmUN4AaABAg	3
UgxUXSwrpFeuTCapb4p4AaABAg	3
Ugxuref7w7kk1ExKrjt4AaABAg	3
UgxUMmHwjDfP0gTDIeF4AaABAg	3
UgxUJZSyheYnz_IISDd4AaABAg	3
UgxudIl8DaGq-MZdM4B4AaABAg	3
UgxUcmtFiQVwuejFZBJ4AaABAg	3
UgxU8gtxbKfuQzp_7FB4AaABAg	3
UgxTxr5EuZRUHSbmLSt4AaABAg	3
UgxTmqqQq_t1GpTtbd14AaABAg	3
UgxTJdpJtyOTnQxYeCJ4AaABAg	3
UgxtGJnrx4Af-uyKWUZ4AaABAg	3
UgxtFbwfai4_wX_vFON4AaABAg	3
UgxtdPrvW4wqmTb4eKR4AaABAg	3
UgxT0TPSU0zahl7XCFx4AaABAg	3
Ugx_sX0-aBYV9TawZxV4AaABAg	3
UgxSwSCR0qgCUWah_rl4AaABAg	3
UgxSvYtTJDWBoWmbexJ4AaABAg	3
UgxsSRa22CjfFtupaM94AaABAg	3
UgxsPzcnJqWWbD8yby14AaABAg	3
UgxsPYQrEPXDE5S3E0t4AaABAg	3
UgxsiUiR7NxAiIThO3p4AaABAg	3
UgxSCJCrUiJSzdHvovJ4AaABAg	3
Ugxsb0XtXRcejeIDRXV4AaABAg	3
Ugxs8k-q17-5zdWu-uB4AaABAg	3
Ugxs7lT9-hkB98xtff14AaABAg	3
UgxS47nmG1jQJvcyfqd4AaABAg	3
UgxrZrzLozThzIz5rJh4AaABAg	3
UgxRRZv-0f_eV0FvIm54AaABAg	3
UgxrqzpjnlMfJtsviZl4AaABAg	3
UgxrOY36iGkUE4MNcq94AaABAg	3
UgxrnPUYwKWRSS6NwQZ4AaABAg	3
UgxRnCB8Pz34pGCZTd94AaABAg	3
Ugx-RJEBTbzZIogHD6l4AaABAg	3
UgxrHLiGMhH9m-CsRFp4AaABAg	3
UgxRFHPY17gWrXxrZIt4AaABAg	3
Ugxr7G8qHxG7xUCUtbl4AaABAg	3
Ugxr3E_KgELqdwcY_dl4AaABAg	3
UgxqTktmkdOB3W2TD_J4AaABAg	3
UgxQLIUEhLoRn8EAFRh4AaABAg	3
UgxQkqLOkY9rZD1ywOh4AaABAg	3
UgxQKCYEWsp9w2XJG8N4AaABAg	3
UgxqjhB5ZabthWcuA-Z4AaABAg	3
UgxqIpwByDgWDwgVBEZ4AaABAg	3
UgxqfNc2j56bIr5YR8d4AaABAg	3
UgxQfIHccjmlLdTr8DV4AaABAg	3
Ugx_pZ4a1EaDW1g8hwJ4AaABAg	3
UgxPUHNwZox-EoSLo5J4AaABAg	3
UgxPregbVztR8mrzU_V4AaABAg	3
UgxPjRzZQLnmw9qCCkV4AaABAg	3
UgxpfCO6JDCgI_-eLhx4AaABAg	3
UgxpDTdpYzrXO4PRUlt4AaABAg	3
UgxpcQO6wA6lxLg6jDx4AaABAg	3
UgxP9tnVZnNghJMq2GN4AaABAg	3
Ugxp7oLg_RJUGu72aAJ4AaABAg	3
UgxoxxnW5D1g5ZX0TPV4AaABAg	3
UgxovRVITPOlTH4G3wt4AaABAg	3
UgxOVAo_w3BjOedOOrB4AaABAg	3
UgxonJmulnFB7bDrLXR4AaABAg	3
UgxonfmXdvXuyA1S3PR4AaABAg	3
UgxOiuTHPaPLAWOS9NJ4AaABAg	3
UgxOIIi4xxcQasPCqiV4AaABAg	3
UgxohrQhcPy-obkF9Jh4AaABAg	3
Ugx-OH6a4839Fyl5u_d4AaABAg	3
Ugxogx_MVCpgiNV3q1l4AaABAg	3
UgxoFBQQyCeuqKBPj2N4AaABAg	3
UgxN_li-tLmKLU9OS0V4AaABAg	3
UgxnGPW6EsViVQ_Dqqh4AaABAg	3
UgxNCOFPSkgS1R-_wGl4AaABAg	3
UgxN7GLFJBB4O2Zb1Q14AaABAg	3
UgxN6MLxGOp4Fd5YsaB4AaABAg	3
UgxMx9yy4BpXAXlCchR4AaABAg	3
UgxMqAyh6V3LhLPUhBt4AaABAg	3
UgxmOWfXa_pnNEONful4AaABAg	3
UgxMO2SUWGCjRt5A3IV4AaABAg	3
UgxmLH9Hbc0OoKLbcS54AaABAg	3
UgxlvMin4bJ2eyd3Fwd4AaABAg	3
UgxLS26NvwEUzmr_1D14AaABAg	3
UgxLrpRCOPYxH4Y7Nit4AaABAg	3
UgxlNUISUClmQfRMQ994AaABAg	3
Ugxl6Hk8LhvOAh3dv1d4AaABAg	3
UgxKwcei4b9dN3TDKrF4AaABAg	3
UgxkVLs5rs9yZIred6Z4AaABAg	3
UgxkU-WuOlxGFMG5KuB4AaABAg	3
UgxkQ9l_No5kkiw6iNl4AaABAg	3
UgxkOJqNaheaK0jkjxJ4AaABAg	3
UgxK5VlW0VDpcQ75F9V4AaABAg	3
UgxK1KwDgC9weXUiZap4AaABAg	3
UgxjwHrqKy3VQ-D9tqt4AaABAg	3
UgxJNYVyGooyWFp1U014AaABAg	3
UgxJmgSuMKzzH-Cz6qJ4AaABAg	3
UgxJJhHapxtEwtHKmf94AaABAg	3
UgxjIPlIhCpZDbN4fKt4AaABAg	3
UgxjgOcEJ7k7Po1SlHF4AaABAg	3
UgxJaz80jS9wMJRS4994AaABAg	3
UgxIsJjnHivbnQ4NjWJ4AaABAg	3
UgxIo5GAvqZz5W6S1l94AaABAg	3
UgximewSVOflW44dmRt4AaABAg	3
Ugx_i9VS88o0DeQss2B4AaABAg	3
UgxI7TH1HWxQ_b715Nt4AaABAg	3
UgxHQMbJBx3IzvFP5YN4AaABAg	3
UgxHoC6AQejUGWQoIGh4AaABAg	3
UgxhobX1auM8S27-V394AaABAg	3
UgxHmvvNB-hlFK8EBQl4AaABAg	3
UgxHLyabKiV12yn1bzd4AaABAg	3
UgxHkQ9hHs0ApbdMSq94AaABAg	3
UgxhJVbFT5bPXFf0HwB4AaABAg	3
Ugx-HjRuY100mhbRDOF4AaABAg	3
UgxhJ50XrOrzA44XtFp4AaABAg	3
Ugxh7Xzt8jV6WRN_gk54AaABAg	3
Ugxh4b_jT6qZIucplLx4AaABAg	3
UgxgZ3HgrhblxQGdLdF4AaABAg	3
UgxgXZBRTr8-ZjXdunN4AaABAg	3
UgxgWx7iEn8xI7bgx5Z4AaABAg	3
Ugxgvi-jI0gutdY4hO54AaABAg	3
UgxgQCvlCJ-iTm1ubOB4AaABAg	3
Ugxgq5q4B2en8zInRel4AaABAg	3
Ugxgp0e17ib-vZCWtHN4AaABAg	3
UgxgKAvnAfv9nJ2AoFp4AaABAg	3
UgxgiHuew4WOb4ZBt5t4AaABAg	3
UgxGIaX7gg7dus5a_b94AaABAg	3
UgxgD83EutrR4VduC1V4AaABAg	3
Ugx-gad62c0vLe63GVB4AaABAg	3
Ugxg8Qvn6YuVpYpebh94AaABAg	3
UgxG0nzSf8QDQScUmu94AaABAg	3
Ugx_fvyEu38iJnajGsF4AaABAg	3
Ugx_Fu3COoUmyl8J74F4AaABAg	3
Ugxft6NnNFAEeCp3oJl4AaABAg	3
UgxFmE70IHl7JtUWupF4AaABAg	3
UgxfIC11KUjmkd_w0dF4AaABAg	3
UgxFh7ozuotj7yuGE1Z4AaABAg	3
UgxFghML8wuSVS3kKfB4AaABAg	3
UgxFgGq8yyh073aTddZ4AaABAg	3
UgxfcFOJ6SYE5ybSjOF4AaABAg	3
UgxF9WSWGyRNg0rhi3l4AaABAg	3
Ugxf1noay-eNZge6oiN4AaABAg	3
UgxEXvZi3OFc7gYc_bt4AaABAg	3
UgxEwSviH031-sHRC154AaABAg	3
UgxET-dvAHsUp_32XpV4AaABAg	3
UgxeQa1f3Z4dKqzxofx4AaABAg	3
UgxeNk4Dq_6A5VBdC2R4AaABAg	3
Ugxem2xjBAbyg2dNpax4AaABAg	3
Ugxel-GL3JbVa6czadV4AaABAg	3
UgxeImxx9u_615UdCJ54AaABAg	3
Ugxe8OZ2jqqM9tKlD6J4AaABAg	3
UgxE17tJO8zFg5igDG94AaABAg	3
UgxDYpS8DCvP9vv9leZ4AaABAg	3
UgxdXNYR2WrFo3GGCb14AaABAg	3
UgxDwp5pqTgribqq88t4AaABAg	3
UgxDuRxG3L0_LkkWq554AaABAg	3
UgxDPjcks6iNke1X4j54AaABAg	3
Ugxdp28QeRXHw9pZ7794AaABAg	3
UgxDNOCnoGNOjT-2i5x4AaABAg	3
UgxDhNjyjC4H0XLheqd4AaABAg	3
UgxDcfmqTuMk0jMVHaN4AaABAg	3
UgxdBl6H4z1s9NMk1CJ4AaABAg	3
Ugxc-yjfRDudH0aco8R4AaABAg	3
UgxCxGIxS7gh2hmn4gF4AaABAg	3
UgxCUTF85oXuf_581gp4AaABAg	3
UgxcRif1BNyV_hX6-Bd4AaABAg	3
UgxCM_Hgju2zHIlGjbd4AaABAg	3
UgxCDyAeV_3WGKJuDiJ4AaABAg	3
UgxCBQiHdAkNmJRhFDF4AaABAg	3
Ugxc5zeRg5N5w7TgibF4AaABAg	3
UgxC48qtR5UHOPmORUF4AaABAg	3
UgxC0ZZHXe-6kIfPgCR4AaABAg	3
UgxBogzK7lvZfxz_hhp4AaABAg	3
UgxbNipBBFFz1kpGQUt4AaABAg	3
UgxBkYvO3FMnCjlXNsB4AaABAg	3
UgxBFqr6SaU8OI0_KrJ4AaABAg	3
UgxBcR89nCjvwdust1F4AaABAg	3
UgxBcN6FFTKOHEjHgsF4AaABAg	3
UgxaZ-b6PcXroEPR8wN4AaABAg	3
UgxaLhaa6hjGHtylvFd4AaABAg	3
UgxAGWXarohGIziYMFh4AaABAg	3
UgxABRUUpw1Ls42ooFF4AaABAg	3
UgxA7Y1E5mvT-XtT_Oh4AaABAg	3
Ugx9KdW99q5fSQwGUtV4AaABAg	3
Ugx8wIEWIhpDpVBQC6h4AaABAg	3
Ugx82eHCM7DLpat_xCR4AaABAg	3
Ugx7zTUowownCA-hxyp4AaABAg	3
Ugx7RzaeCVf3iNaiGWB4AaABAg	3
Ugx7Bu8ok9cHB6UdiEh4AaABAg	3
Ugx6JpRER2r-mGwUfBZ4AaABAg	3
Ugx6HprecJ0m4L84W8p4AaABAg	3
Ugx5TTOBvySQyKskaB14AaABAg	3
Ugx5qKU4uqV06ewDIJ14AaABAg	3
Ugx5aElOnkKj5-FZnhx4AaABAg	3
Ugx_53AFPJEU_9CJEqF4AaABAg	3
Ugx4y2yDFT2oan7UDZp4AaABAg	3
Ugx4pTH2vLufQ_QD9BJ4AaABAg	3
Ugx4Lw_SuKznki-SCbJ4AaABAg	3
Ugx4LTDpvL42OIc2pZF4AaABAg	3
Ugx4HuUxRdsneCrXIXZ4AaABAg	3
Ugx40MO8d4Yb4tx5YZh4AaABAg	3
Ugx3ThMfqf8cw82QA114AaABAg	3
Ugx3i7oRSkFCda0pssp4AaABAg	3
Ugx3A2GDXDag6_NCUAJ4AaABAg	3
Ugx_371qQsFZKRX_PGx4AaABAg	3
Ugx2gZqRjQ63jalyZ0p4AaABAg	3
Ugx2Fxvq0Men4vcAael4AaABAg	3
Ugx24ZX1mTj0Ak3iQVd4AaABAg	3
Ugx20JCW1KumKHxU0IR4AaABAg	3
Ugx1uF1zZKsXClR_rYd4AaABAg	3
Ugx1p-uGt3ItY_l6DoZ4AaABAg	3
Ugx1Mp-f1VzOGYbmLCF4AaABAg	3
Ugx1HzpZNPmdCJpZsnF4AaABAg	3
Ugx0WUINPnqKNW8MXA14AaABAg	3
Ugx0VC0854zbroajL0F4AaABAg	3
Ugx0Hiw92KjBkvQ320B4AaABAg	3
Ugx0cbqBuXND408xszd4AaABAg	3
UgwzQ-N-bvdv0ALGx1t4AaABAg	3
UgwzIrki8dvMSN4hXzN4AaABAg	3
Ugwz4zx2WERHvjheMhx4AaABAg	3
UgwYX3XcTqrCCqActpF4AaABAg	3
UgwyLZFljFtlN_eocwh4AaABAg	3
UgwYKEJt7yIeWGDuLr54AaABAg	3
UgwyilHizYh0VwH4O8x4AaABAg	3
UgwYGm8COWsFdnwHE0N4AaABAg	3
UgwygbkmUU0Aht8DBjJ4AaABAg	3
UgwYEN6LcWUgddLyBqx4AaABAg	3
UgwYCQpq5eKVYB3swa14AaABAg	3
UgwY-B90zBPAJUgBml14AaABAg	3
UgwY8NOrEWf3F2AvLkR4AaABAg	3
UgwY6y83jQjRv_3Ty6h4AaABAg	3
UgwxyGtXad0q4h5zeJN4AaABAg	3
UgwXwuxxLFqyVHF1zrV4AaABAg	3
UgwXw25Xyq7iJn_MOSd4AaABAg	3
UgwXSTBn2LHAhPiMUNd4AaABAg	3
UgwXsSE77VdnUpJqLvR4AaABAg	3
UgwXIq5MkFd-ME2GTl54AaABAg	3
UgwX3FfbRBNbs16pled4AaABAg	3
UgwWy5CRlqnCQtjtP1N4AaABAg	3
UgwwShYa61FX3de4sc94AaABAg	3
UgwWrRIgxe1qAGQDWPt4AaABAg	3
UgwwMxuP7pPURbm2tfB4AaABAg	3
UgwWlCdBzB1OZ7mlT0l4AaABAg	3
UgwwiHiDo6UruRZ0NDt4AaABAg	3
UgwWiB5m1Nv-wECPcO54AaABAg	3
UgwWHBI1LcaGXqYBjxZ4AaABAg	3
UgwwgLA1szfz0Lh4DTJ4AaABAg	3
UgwvZJ9x__CwTgF0cax4AaABAg	3
UgwVvkjVDN9Z2KDr7f94AaABAg	3
UgwVs4E-lYOliFyW30Z4AaABAg	3
UgwvRlTbyLwPrdVBc_B4AaABAg	3
UgwVfXM1CgqP5g-NTwN4AaABAg	3
UgwVF3fu74VBN2Yb8Q94AaABAg	3
UgwVAAOPxQk__I2dMD14AaABAg	3
UgwV00vZrb4U59UsYXx4AaABAg	3
UgwUusK8c_2R4pWsyw54AaABAg	3
UgwU-TWZGVWUS7vRcyx4AaABAg	3
Ugwuts37UQkUO59yLiZ4AaABAg	3
UgwUKRSp5MHA2uPu0Ah4AaABAg	3
UgwuI5GCT5c7eWZauLR4AaABAg	3
UgwUC4TKu7XNcbvGXx14AaABAg	3
UgwtRfLQzD37pRTzW-t4AaABAg	3
UgwThHW5dsUFg5TnP654AaABAg	3
UgwTeNICZNy8F5BJ6Vt4AaABAg	3
Ugwtak7dZWl_KT9xG2x4AaABAg	3
Ugwt0pJiKpHx_v_ayvt4AaABAg	3
UgwsWuI5GlUkvEJJRSZ4AaABAg	3
UgwsVhe1J6SB1Oy7had4AaABAg	3
UgwsoIo-GBOuyQYE8AV4AaABAg	3
UgwSO9XOWoNA-lHhOGR4AaABAg	3
UgwS-Lnzuek6dUW2pAV4AaABAg	3
UgwsIhXzfqD4un324IZ4AaABAg	3
Ugwsi4QPTl9-kaJuqBR4AaABAg	3
UgwsfZlb6UNq1prZT314AaABAg	3
UgwRY32v2DoZNOJ_Xel4AaABAg	3
UgwRXcESfvETosmLaZl4AaABAg	3
UgwRwZyAiPCHk2RARcx4AaABAg	3
UgwrwhfhCuHJpx_X8Px4AaABAg	3
UgwRus9RKiW7RaWsFtB4AaABAg	3
Ugw_rnERBN6nibBSMHJ4AaABAg	3
UgwRmzBs8kRS3w86z6V4AaABAg	3
UgwRJnGrz4c3VaUHAlp4AaABAg	3
UgwRIlLHo29O3QAImVF4AaABAg	3
Ugwr5hGHoedcA1sHNq54AaABAg	3
UgwQUgOtz2UZm5rIjuF4AaABAg	3
UgwqUeSdhby9pAGuMUB4AaABAg	3
UgwQSs_z9AtJndjPn6p4AaABAg	3
UgwqoE85K9ErpjymMAd4AaABAg	3
UgwqnJHy73wVIiC3q014AaABAg	3
UgwqmKGMml66rXyd2Zx4AaABAg	3
UgwqlpBi0NUoGLf4qnF4AaABAg	3
UgwQjKCvd-34h1ASWVF4AaABAg	3
Ugwqb9xXiYRv4ptwiUV4AaABAg	3
UgwQ6-v984QVK4XV9b94AaABAg	3
UgwPwX3ylVnXxEHXlSZ4AaABAg	3
UgwPUop7kPlje2wqdSl4AaABAg	3
UgwpoVvA5rIwlkSTQTh4AaABAg	3
UgwPlegRU6E8amrLJw94AaABAg	3
UgwPJKBheyCdxY2r31N4AaABAg	3
Ugw-pJAAJvIiwB0MvoN4AaABAg	3
Ugwp7v8KD2wRSOotcFt4AaABAg	3
Ugw_OX09ka02oAlbrMl4AaABAg	3
UgwOVvLevrfG4Gf3iyt4AaABAg	3
UgwotZho6T_AUCMxdcF4AaABAg	3
UgworQw3EEoq6YuYQgt4AaABAg	3
UgwoMQp0-1qJUa_cUwN4AaABAg	3
UgwoIMEh2led_nHeNzl4AaABAg	3
UgwoHYbk2oVk3sDXBWF4AaABAg	3
UgwOGCC0kx-L40xtvrl4AaABAg	3
Ugwo_Fm3hHhy4o4igUd4AaABAg	3
UgwO3ymFwdQl-yZhznx4AaABAg	3
UgwNuTdSvH8A3HQjfV94AaABAg	3
UgwnmBgF7n8V4r-qYUN4AaABAg	3
UgwNIVf7KIna-HBt5iZ4AaABAg	3
UgwNft-Cukm-vSTKdER4AaABAg	3
Ugw-nbs7ff-fAMEDF3V4AaABAg	3
UgwMo_qLDRxEwpXV8Y14AaABAg	3
UgwmnusgjmKa6HPfOHh4AaABAg	3
UgwMmroHDX1qc4-hhzN4AaABAg	3
UgwmJY13v5xwIXO5DlJ4AaABAg	3
UgwMH-XHizeDjTXrYK54AaABAg	3
UgwmgSd7dh4aWdBA2j94AaABAg	3
UgwmftEnk5Wt5UvMvQ94AaABAg	3
UgwLZ3ZRtv5nxgz9HSR4AaABAg	3
UgwlYToCh4O7e6kEiIN4AaABAg	3
UgwlXf4fTVpfj4POdkh4AaABAg	3
UgwLWqZWQNOCMqSEuMl4AaABAg	3
UgwlWj2Njakbtbgw-Xl4AaABAg	3
UgwLrlXz5YiEuRrF-y54AaABAg	3
UgwlriGCbn2o8TPgyw14AaABAg	3
UgwLr5yOpSgww-mtfy14AaABAg	3
UgwlPdsSGD2B5VAhqEF4AaABAg	3
UgwlmNVd-H-OJ7tFak14AaABAg	3
UgwlFXkw5HFK-DOuo0h4AaABAg	3
UgwL9ccl47OcIiwIFFd4AaABAg	3
Ugwl1Q_IEBEhtEr_1yx4AaABAg	3
UgwkhpSbpNSKHfuQqrJ4AaABAg	3
UgwKcTGNOi64SNH_9p54AaABAg	3
UgwkB5aOQATKwls0s6l4AaABAg	3
Ugwk7Rwh1DYwpVIxF3t4AaABAg	3
Ugwk2zDSPiT7YuUFYjN4AaABAg	3
UgwJzOdEosjID9hzJpp4AaABAg	3
UgwjwIOvoiF3lf_6LNl4AaABAg	3
UgwJw1RPVbMw6wSakWd4AaABAg	3
UgwjsDQPf8_7vanRwxt4AaABAg	3
UgwjgcRplPoRp62KWwp4AaABAg	3
UgwjbeHFLwoxcW4uVH94AaABAg	3
Ugwj1Jgmiz99WDNdekN4AaABAg	3
UgwizbCSlAGhXuYIywd4AaABAg	3
UgwIsqb5jUeGNXnXgwJ4AaABAg	3
UgwirDfHpL96lR58V_N4AaABAg	3
Ugwi-pQLJ7l79hhkAtB4AaABAg	3
UgwIhHQ0crShUZnziEl4AaABAg	3
UgwIfWiW8NHhIKPQp114AaABAg	3
UgwIdZmpG4rJuGafr7Z4AaABAg	3
UgwIc9bu7DfacY04piN4AaABAg	3
UgwiaZOr5nN8bDngJ7F4AaABAg	3
Ugwi5CvdNc23_JNreK54AaABAg	3
UgwhUWmM2CVT8EoFuIh4AaABAg	3
UgwH7hlPKqV7qdrsla14AaABAg	3
UgwH2zgXujDJCMEuQod4AaABAg	3
UgwgxEv5k6CBix4r_7R4AaABAg	3
Ugwgo7_525XxobmnWsB4AaABAg	3
UgwGiAEmCLXXVV4hIvJ4AaABAg	3
Ugwg-GnGYN4yUtmSNyV4AaABAg	3
UgwGBUcUKXAosxeU6C14AaABAg	3
UgwG6tSkWQ7TEMdzEAV4AaABAg	3
UgwF_rZBunV8c7mUbnh4AaABAg	3
UgwfREOlIuBDYqQjO_Z4AaABAg	3
UgwFqHD57QbTAbTEZyh4AaABAg	3
Ugwfq62Lcd-Bny_8aGp4AaABAg	3
UgwFD_pCcAT9DDUxrpF4AaABAg	3
UgwF7UweS8vuxM7Z3_x4AaABAg	3
Ugwf6V9Iz7WYC0g2s1Z4AaABAg	3
Ugwf0rt23xRxmOAlFr54AaABAg	3
UgweT9RZjW3wp3ieYOB4AaABAg	3
UgwErIPUgwXRVEZ0tcp4AaABAg	3
UgweLRtahbNWXWyjxQR4AaABAg	3
UgwejZqDSNtBOjoaVhJ4AaABAg	3
UgweEH22fmJ06BknPVB4AaABAg	3
UgwEB6YIa-1D-Rsc6Xd4AaABAg	3
UgwE9sUSaekEZ0WI3y94AaABAg	3
Ugwe72gWsxkrqtjsBoR4AaABAg	3
UgwDsGaza9v4qXmQxpd4AaABAg	3
UgwDRBBTQdzhbCZ9Hod4AaABAg	3
UgwDQisZdHQYUMEMr3d4AaABAg	3
Ugwd-QERaWVM-DWg3e54AaABAg	3
Ugwdpf4BDl2ZyV5-IzZ4AaABAg	3
UgwDfYnM9JWBC07VCex4AaABAg	3
UgwDfLTG7walP6QTReF4AaABAg	3
UgwDe5dDJ4UE8iBlO0p4AaABAg	3
UgwD17OR6nN5EWb0uBF4AaABAg	3
UgwD-0gE0JWRIJjxHDJ4AaABAg	3
UgwCThDUwin5IgNFwEZ4AaABAg	3
UgwCM53XxvxhrePFx014AaABAg	3
UgwcHFkhgBS5JHI_JEp4AaABAg	3
UgwCfaIdQSvJ_9pXhKp4AaABAg	3
UgwcexeJ-e5nFRPyfvl4AaABAg	3
UgwCAQc5SR2eJ8W452t4AaABAg	3
UgwcaFnz4xuV6kr8lgR4AaABAg	3
UgwC7qi-LRQ6vPvBC_J4AaABAg	3
Ugwc21q0Vli-qL0iEsR4AaABAg	3
UgwC0QunVdSGlFxd4MV4AaABAg	3
Ugw-byANgDsNlKRd4Kt4AaABAg	3
Ugwbvioc0sLrwfZ8lml4AaABAg	3
UgwBosPV06pJ3Z3FSwt4AaABAg	3
UgwBJUPqgJ1az2X4nHR4AaABAg	3
UgwAyxXZJBpkgY2DB6F4AaABAg	3
UgwAUuViR2PXxx8dwPZ4AaABAg	3
UgwaS_kdSLOedXUrblR4AaABAg	3
UgwAk5RqljVwkU7iQqd4AaABAg	3
Ugw-AJzrTqfdbVgaRCN4AaABAg	3
UgwaHQFw_Z8QJstoGzJ4AaABAg	3
Ugwag6A35YvjZaabVVd4AaABAg	3
UgwafPpZi8boPIPseAl4AaABAg	3
UgwaAZatXM7FaA6D1Ht4AaABAg	3
Ugw9bgBPobwOOJrB5uh4AaABAg	3
Ugw8pNz7Tcoi3ZuVxzJ4AaABAg	3
Ugw8HWQNtLMnPcGafDZ4AaABAg	3
Ugw7wg9zeoRhSlAD1VZ4AaABAg	3
Ugw7Qa8j2yNvEKebt3d4AaABAg	3
Ugw7iYpqZ2KRbFzz-u94AaABAg	3
Ugw6qIfdrOKwC7GAwRh4AaABAg	3
Ugw6PeP7Wf2PllqmQDh4AaABAg	3
Ugw6C3gp9wPq18nabW94AaABAg	3
Ugw63Inl-w1IIJsi25F4AaABAg	3
Ugw5rACgOisXGl0lHCZ4AaABAg	3
Ugw5oFKrDznoJ_5kBup4AaABAg	3
Ugw5Lls3bvzcCgSFmkx4AaABAg	3
Ugw5by2kMUWCyww7XCl4AaABAg	3
Ugw4Z__h3VNfnYip-494AaABAg	3
Ugw4t3eCYb-wotoYKDF4AaABAg	3
Ugw4JrX8TMPfZC0JreB4AaABAg	3
Ugw43Wt83T-7tVh-t_N4AaABAg	3
Ugw3QUQIEprIo087jaR4AaABAg	3
Ugw31cuXkicLpjwCEbF4AaABAg	3
Ugw2Q3iQFhGlA5cCDd94AaABAg	3
Ugw2mNieG5ubBCm55Ot4AaABAg	3
Ugw-2KH-7VFMgVJhpSd4AaABAg	3
Ugw1y1APjxtkX-9V9kt4AaABAg	3
Ugw0wXPfNoFrGEOfDzF4AaABAg	3
Ugw0JmMB9EByaqP3FyZ4AaABAg	3
Ugw0bUHMavu4krWuSjV4AaABAg	3
UgzZz6LenT05ZZCMLRl4AaABAg	2
UgzZVnZSTUCiijWnxed4AaABAg	2
UgzzvhtO7lzTmadUC0t4AaABAg	2
UgzzQ5EWVl37ah-3vBp4AaABAg	2
UgzzpXQrDQPN99Ebidp4AaABAg	2
UgzZpJ6qQppGljJLYN54AaABAg	2
UgzzOvkVfveYh9nEkhV4AaABAg	2
UgzzOdDObuzGKhtlE414AaABAg	2
UgzZJLb2x-Y6FaUYq-B4AaABAg	2
UgzzI92YoFaOPi1nWzl4AaABAg	2
UgzZGmVtD9zu_SIHkLR4AaABAg	2
UgzZGfqeIjlVfefRgmx4AaABAg	2
UgzzAv6yThOkhDLRwR94AaABAg	2
UgzZa05JWV0ewWQU1it4AaABAg	2
Ugzz8EMJ24pFL_nScER4AaABAg	2
UgzZ5my5XNdwxtCEKlp4AaABAg	2
UgzZ49kli5zOyCIxMId4AaABAg	2
UgzyZ8giEOdyNyheLdB4AaABAg	2
Ugzyw2f3b6p00xVpd1V4AaABAg	2
UgzYVEKAzsqhMwI_iq14AaABAg	2
Ugz-YtPqOU3XzAwhGZZ4AaABAg	2
UgzYrRvJGIBaO8bX8uh4AaABAg	2
UgzyqSjLNgMsKPURvul4AaABAg	2
UgzypUb_mWHfNLMETpp4AaABAg	2
UgzYnfObG8jssZkxWLh4AaABAg	2
UgzYk-snrgSw6pKXM7h4AaABAg	2
UgzYhcC8l53Zr4x9xz54AaABAg	2
UgzYEO2OFkLx9sEI3gl4AaABAg	2
UgzYD7VRGrQ6M1eCyg14AaABAg	2
UgzyALxY-dWcTU-31_94AaABAg	2
UgzYaFoA5IfI0MU4QLt4AaABAg	2
UgzY8qLJs_1rXCass3B4AaABAg	2
Ugzy-843ivD9h8WfHEJ4AaABAg	2
Ugzy2urrgrY-zySfTaR4AaABAg	2
UgzXZhCBCZQ1-Fxu7xB4AaABAg	2
UgzXWVxh3NY7tIDDZSJ4AaABAg	2
UgzXwV-Cz_lhAuyA2JV4AaABAg	2
Ugz_XUtWt5f0ZShRtWJ4AaABAg	2
Ugzxt7VLsdnHtRYTdoB4AaABAg	2
UgzxMPtL4UjeC81xKNV4AaABAg	2
UgzX_miUI8eVN65QrQZ4AaABAg	2
UgzXLw8w3-tpKWT3vpR4AaABAg	2
UgzxJFVTRCz4IRjyw_d4AaABAg	2
Ugzxf8t675Jk3h-GMYd4AaABAg	2
UgzXDJ33JMj_vs2JwOB4AaABAg	2
UgzXd0-4AccIbNn-GHF4AaABAg	2
UgzxAGprfqDhWFulolR4AaABAg	2
Ugzx4MWHcVIy2FrAl0F4AaABAg	2
UgzX_1RdIdY07GMvYEZ4AaABAg	2
UgzWyc1Qw0IRW4h6o6J4AaABAg	2
UgzwtBpUT6rNrVEgdBZ4AaABAg	2
UgzWOSmghgp94Iy1nlJ4AaABAg	2
UgzWOKigyhGuMfNrVvN4AaABAg	2
UgzwM74hE6B3_FqmyPF4AaABAg	2
UgzwLquh4477q7BSAL54AaABAg	2
UgzWL8UjkcT06vG1uB14AaABAg	2
UgzwkqAfc6vvdXq5n0p4AaABAg	2
UgzwkgF3OSKfj5_gpXd4AaABAg	2
UgzwKE2_DKF3nUgEn6J4AaABAg	2
UgzwhvtQFjSAHGcr8pN4AaABAg	2
UgzWF1WEFrFWwrXwk6Z4AaABAg	2
UgzwdQdnCWkTcFdgb454AaABAg	2
UgzWDAy-BPzEg3mVLj54AaABAg	2
UgzwbJe8CEY-J8-XGux4AaABAg	2
UgzwBCO7KsrjUjiKfQp4AaABAg	2
Ugzw3U8UyLR2nqCvCbl4AaABAg	2
Ugzw1jEqlFLZGVxUxQ14AaABAg	2
UgzvzyAaF6hwr2nE34Z4AaABAg	2
UgzvYR0Zpexy2Lddq_14AaABAg	2
UgzvwR29oHyqTJN63zN4AaABAg	2
UgzvqkNKdSY0utd8F1d4AaABAg	2
UgzVpGc6RHfcRtPy0kB4AaABAg	2
UgzVOwoglDfK6Ew3UTh4AaABAg	2
Ugzvnatc0oBQ22uLOx54AaABAg	2
UgzVJQ_hTk3LwqIdfCB4AaABAg	2
UgzvInR_U1XcgaOyOSl4AaABAg	2
UgzVhMoxCJaBz6VzHJt4AaABAg	2
UgzVHBN_79v69Y4VIlt4AaABAg	2
UgzvDy4Z513aOWLu5Up4AaABAg	2
UgzVAdLcipUO7JMOkg14AaABAg	2
UgzuZ31bH7659BeYu1p4AaABAg	2
UgzuuZ7O54XpuPx3fCZ4AaABAg	2
UgzU-t_FYmB0TeePXvp4AaABAg	2
UgzUO2z6tGendGnuhRh4AaABAg	2
UgzuMkbi_EbVVeg2fYt4AaABAg	2
UgzUJ4JatJutXQljDV94AaABAg	2
UgzUggBRJdgaAUNG_3R4AaABAg	2
UgzUDZ7rW5LxPon0ha54AaABAg	2
UgzUd8B1dKWDdEIdXgB4AaABAg	2
Ugz_UBzDaCGUW6LfdAp4AaABAg	2
Ugzu5RyJ971Pn8H6ThB4AaABAg	2
Ugzu4z-npExcy6VgGJ54AaABAg	2
UgzU2rxwc5EH4uzfH0h4AaABAg	2
UgzTyqt6Wc2WIwI4jnd4AaABAg	2
UgztYIl9rQr80yCNSO54AaABAg	2
UgzTYcMx35HIUlHWqCd4AaABAg	2
Ugz-tx1Tdul39D3u6_N4AaABAg	2
UgztUvvDw9Sv-yvANQF4AaABAg	2
UgztqaCFVhtWiCpZg894AaABAg	2
UgzTov9GHq1chuAhaCN4AaABAg	2
UgztoeLEKNJj9d41jDJ4AaABAg	2
UgzTiYyrgcAhFn08oQR4AaABAg	2
UgzTCKxopgdI56KRobZ4AaABAg	2
Ugzt7o5TfMi4wdf6X714AaABAg	2
UgzT7FJFQ0C_sJ_bb1B4AaABAg	2
Ugzt0suKW178pvGcLYh4AaABAg	2
UgzszhjhoIr0R-Cm3AN4AaABAg	2
Ugzsx9TBYvkUbJUpaPx4AaABAg	2
UgzSUC_4dsCsMC-pqnl4AaABAg	2
UgzSOGtTWFZnOZc2nRV4AaABAg	2
UgzsnIXBTb2hm-5yFAV4AaABAg	2
UgzsMrizlEx-jpOSXvx4AaABAg	2
UgzSKeVCu0wx7iL_e_J4AaABAg	2
UgzskckYhvJbqu2sJ2R4AaABAg	2
UgzsIIzfwhO6xJ98ySR4AaABAg	2
UgzSiEBveBWDuusWdo54AaABAg	2
UgzsD7fXOxLrlbgUoU54AaABAg	2
UgzsCbPgCZyepbce4Bd4AaABAg	2
UgzsBlrAQ_s22yJK6yJ4AaABAg	2
UgzRyXgTVs8i8oyI07V4AaABAg	2
UgzrwX98CLTi3cLyF7V4AaABAg	2
UgzRwH2F9Jh0nQh0dwh4AaABAg	2
UgzRVNJV1Sc-AwLL2iV4AaABAg	2
UgzrU91TQXXrYu8ZUWx4AaABAg	2
UgzRORYE2ioKti9ajX54AaABAg	2
UgzrLfqvXdzTkkky18R4AaABAg	2
UgzrkUWK29G8GB2fwTV4AaABAg	2
UgzR_iqOGI6etqv2lW94AaABAg	2
UgzrI8_69013EAIbGcx4AaABAg	2
UgzrCeh6QkmSAUg3eTF4AaABAg	2
UgzRBl_PKKNrPUctM594AaABAg	2
Ugzr8Qdca6ir38cUaip4AaABAg	2
Ugzr4JePGRbk6koxXHJ4AaABAg	2
Ugzq-XdjSRz1TevDGL14AaABAg	2
UgzqUXJaBdO1r4ukmN94AaABAg	2
UgzqUHiC7Uwj1vK1XlB4AaABAg	2
UgzQSoapypLNGrxkxq14AaABAg	2
UgzqS_35JCJ3y7Gs49N4AaABAg	2
UgzqRYWu9WWJ2XElxr14AaABAg	2
UgzqpHJ0wP18RKBQj314AaABAg	2
UgzQoj4WFpfxTXLQF394AaABAg	2
Ugzqo16srdWQnHwvvfB4AaABAg	2
UgzqnL7Z9IPLCrnkXEh4AaABAg	2
UgzQMdhfq6A-YSqewKl4AaABAg	2
UgzQM4J-GAp5ZtZwPKt4AaABAg	2
UgzqGzYFf3JZMT9AjkN4AaABAg	2
UgzqgTsygSiVd-KD_0l4AaABAg	2
UgzQFw2h6M8au0CEG1J4AaABAg	2
Ugzq-Ed-J4W1NgqUBB94AaABAg	2
UgzqAg6AIhCIRbeo8h54AaABAg	2
UgzQaFOe7qwqlit2t8l4AaABAg	2
Ugzq-5Z7_pFCIpR0BpZ4AaABAg	2
Ugzq4PKkHcsTptivnC94AaABAg	2
Ugzq49CT288Pkvgvdn14AaABAg	2
Ugzq3j5da8H8kA_6XE14AaABAg	2
Ugzq39-ZNpsXKuiTd914AaABAg	2
UgzPw-EOpAjrkMyYhuF4AaABAg	2
UgzPvTWcqsfW48LQ7lF4AaABAg	2
UgzPUHATE5Nq_fZsNTl4AaABAg	2
UgzPrUUALOGfka7SAtp4AaABAg	2
UgzPpL2kK7XpIxAnTGR4AaABAg	2
UgzpPAqsQJaijf5OAxF4AaABAg	2
UgzPnWNnVU0Q1FUHeeR4AaABAg	2
UgzpnNw8IxDPIvnMahJ4AaABAg	2
UgzPNkPP24J57gLl3qZ4AaABAg	2
UgzPNgFurO68JdS-2xF4AaABAg	2
Ugzpn08XEABXQ5afWO14AaABAg	2
UgzPMotUFMpfkRrH-aB4AaABAg	2
Ugzp_La-7v8Njqh_9lp4AaABAg	2
UgzPL38bmWYgF7RKV-h4AaABAg	2
UgzP_JGwJ-3WUy91C5B4AaABAg	2
UgzPIC7XC1bRna-ebp14AaABAg	2
UgzpFFc9mkgVgP7LEOB4AaABAg	2
UgzpEUXesm1TVshPCkp4AaABAg	2
UgzpBPVVsrVunIQc-vN4AaABAg	2
UgzP9KaagcS0So-zf5V4AaABAg	2
UgzOZqimuTrkoy4g2994AaABAg	2
UgzOXJjbIEZfhU2zXIR4AaABAg	2
UgzOvyFw-gGEfScGZYp4AaABAg	2
UgzOVnlzmiC7Pomoqap4AaABAg	2
UgzoqebmR-Nha6izcLh4AaABAg	2
UgzOPGkDigh-Sc--Z3p4AaABAg	2
UgzOoVjd52pJXzXA7gJ4AaABAg	2
Ugzon2udgI2IdpVGq8l4AaABAg	2
UgzolICTFdhW_pCKvCF4AaABAg	2
UgzOhXAEqzueCqxeHLR4AaABAg	2
UgzOgT_Gz8rtGmpk1dh4AaABAg	2
UgzOfMpFvAwCPV4kP1F4AaABAg	2
Ugzodp0v_qJFQXdeUoV4AaABAg	2
UgzoDDZqdInHY0jxJV54AaABAg	2
UgzOcQIgFgbX9kILrG54AaABAg	2
UgzOcjxonylZAMUCs8F4AaABAg	2
UgzObEL65TVpo2BIuvd4AaABAg	2
UgzO9tOZ_pZyPj2-67V4AaABAg	2
UgzO1NrdpAbfpcS-lOd4AaABAg	2
UgzO1ExoIo8gLyAz4Vt4AaABAg	2
UgzO0Xnngjm4CkfIzk54AaABAg	2
UgznW9HhXQPCLA5mUHt4AaABAg	2
UgznT210oP_P1sMzK2p4AaABAg	2
Ugznsxmaahn818BgdAN4AaABAg	2
UgznsBEEOaYBKxktXdN4AaABAg	2
UgzNqIrl_1raClCF56N4AaABAg	2
UgznNzMmHSQWTNqxbpB4AaABAg	2
UgznmU5hgU_ZCLrgdgl4AaABAg	2
UgzNkHhLo36v27cAqdd4AaABAg	2
UgzNJt06hkvWH01i8qp4AaABAg	2
UgznFzlvPV-GNfagMY14AaABAg	2
UgznFPjJLyF3_1_cl754AaABAg	2
UgzNfKXKd56ZK1cTD6t4AaABAg	2
UgznBzvHzi0JhNN1Z6N4AaABAg	2
UgzN8Hxh-2yibk6kyEp4AaABAg	2
UgzMzyZFrb5R4OHICep4AaABAg	2
UgzmZWn4CXVJzjDHCih4AaABAg	2
UgzmWFJi0qnUaHwr9qZ4AaABAg	2
UgzMVWAOd7BJAnpldQN4AaABAg	2
UgzmtdZk_NIcN3nLrSl4AaABAg	2
UgzmQbw6rw5GoB76eNd4AaABAg	2
UgzMjhLjtQBzzyXii_p4AaABAg	2
UgzmhIEr9RoZlWy49494AaABAg	2
UgzmGhqpkZbjEKu8MvN4AaABAg	2
UgzMem2HerQ3j_xxh-h4AaABAg	2
UgzmDOicrHvWJCPrMbx4AaABAg	2
Ugzmc0azHd2kLbCm0Lt4AaABAg	2
UgzMAx7pTQlrKoJHy8Z4AaABAg	2
Ugzm5m3F-u5k0-iGbgZ4AaABAg	2
UgzM2YSTotzwAhSjWHF4AaABAg	2
UgzLZYPwYrjBLWBOs8N4AaABAg	2
UgzlVkLM-i0HEkJCwY94AaABAg	2
Ugzl--OjRixupV4Zfkx4AaABAg	2
UgzlKYz6g9wS5jv4n2B4AaABAg	2
UgzlkXbSMZzzKjIMift4AaABAg	2
UgzLheLukvKbZpO2T754AaABAg	2
Ugzlfy0h0rtD_TcBPRl4AaABAg	2
UgzlFTZAWd1cV8Pa-oN4AaABAg	2
UgzLe2jXzSROjwCkFRp4AaABAg	2
UgzLCXrD90Up7P9XSa94AaABAg	2
UgzlBp7YFqy03sT5jgR4AaABAg	2
UgzLANkapMy-s5m8bMp4AaABAg	2
UgzlaMMiFQudyLYRt0N4AaABAg	2
Ugzl8kLhBLndHEbUMiJ4AaABAg	2
Ugzl4JTz8q9MSMP6v_x4AaABAg	2
UgzL3jM5gX9h8RAKzaR4AaABAg	2
Ugzl1UP1XhaA7-mx_694AaABAg	2
UgzKyFfQkGZHw3FD4Jx4AaABAg	2
UgzKY5aO9TDBC365CUd4AaABAg	2
UgzKXoXv6Z4hPS2W5zN4AaABAg	2
UgzkX6q25RbdvFwAZS94AaABAg	2
Ugzkt_8gkNxBn6UyEzp4AaABAg	2
UgzkpOBekSIOVN8YaO94AaABAg	2
UgzKP3XxiYT-gCoFlXN4AaABAg	2
UgzKNY3lnxCzz4VDLu54AaABAg	2
Ugzkn8nIQoXCz52V-4p4AaABAg	2
UgzKJq8oDUZygIc4bUR4AaABAg	2
UgzKJJASvfATt1Or5j54AaABAg	2
Ugzkg6a-_5z2gvVA70p4AaABAg	2
UgzkEpjQUvKfVgiClHN4AaABAg	2
UgzKeKqbd0JHxKZHbot4AaABAg	2
UgzKEFKKvOsF6N7qrpl4AaABAg	2
UgzKC92g6uZ1JgX35Vd4AaABAg	2
UgzKBpBdmW2p-pSfzxJ4AaABAg	2
UgzK-bK75zfHe7v9nPJ4AaABAg	2
UgzK9qw7AsxE9oX6dY14AaABAg	2
UgzK3rMIFOBDBmUfQLV4AaABAg	2
UgzJVsDTfDAQDFDkJ9h4AaABAg	2
UgzJuMm5wrGPg7-Lvs14AaABAg	2
UgzJqdK2k0CvzWzx6XN4AaABAg	2
UgzjQ05G50MQRoX-uqF4AaABAg	2
UgzjjO7luF_EznCjo2l4AaABAg	2
UgzJhblmK7IODPytwpR4AaABAg	2
UgzjGsEpvg6LK-m6BJ54AaABAg	2
UgzjCJSOf6LSr-kJJkd4AaABAg	2
Ugzj9AQzU18ncK1zWKN4AaABAg	2
Ugzj3XZeh-hagYaSjm14AaABAg	2
UgzJ3rAr2u_eeN22tB54AaABAg	2
Ugzj1-3fnFLSlrGtHIh4AaABAg	2
UgzIYAiyxgW8sWWmTEl4AaABAg	2
UgziwgKSnvD4zVDqORF4AaABAg	2
UgzIVMPhyuBDE6_1ent4AaABAg	2
UgziTpvjyrZ0snF7tM14AaABAg	2
Ugzio5AMqzzTGqN-AWp4AaABAg	2
Ugz_io0jH1Lg6x61zFF4AaABAg	2
UgzIM59_qs4hY9vD7g94AaABAg	2
UgzilSRQyVxMt2BDZ6V4AaABAg	2
UgziITwY0FiG0FMsHKt4AaABAg	2
UgzIhCS7TeQyKLeT9W54AaABAg	2
UgziG50UvuCQYeKjzrN4AaABAg	2
Ugz_iaQRgyH9TPVxovp4AaABAg	2
Ugz-i5k31hChX5j-pKN4AaABAg	2
UgzhyWpjJ3Ic76qGZ_x4AaABAg	2
UgzhYO4jYO8DPiNBiCR4AaABAg	2
UgzHUsOfmnNIxD8m_cx4AaABAg	2
Ugzhu9f7xZ_9BpLVhWt4AaABAg	2
UgzHscKcrgeRrVqgMiJ4AaABAg	2
UgzHraGwtsD0e7ZclzR4AaABAg	2
UgzHqCBOITv3fQOFmnx4AaABAg	2
UgzhnL_w284T96MrTWJ4AaABAg	2
UgzHmU2Ou5TrEpVxO9V4AaABAg	2
UgzhKczSQh1DzpjJbth4AaABAg	2
Ugzh-Ilx01b6peslnTt4AaABAg	2
UgzhiLC9RSlcZi60Qll4AaABAg	2
Ugzhet_nhx0Gm-Ildv14AaABAg	2
UgzhciB_8H5pB7i6lPV4AaABAg	2
UgzHAQKDSGLpDC0Jyw54AaABAg	2
Ugzh6tSld9ay8Yz8ZI14AaABAg	2
UgzH4GIN_Zv2f3thw9F4AaABAg	2
Ugzh0Kcm9YfYoxzVhNx4AaABAg	2
UgzGz_MLBs6M-eCztS14AaABAg	2
UgzGxjQ7s-7uj9MqlRZ4AaABAg	2
UgzgwN6oaKTR_DJCD_p4AaABAg	2
UgzGUsTVSzz-ooETnzx4AaABAg	2
UgzgTRD_ZsyDwt_Rt694AaABAg	2
UgzGT-A6ukjv5JX7U7h4AaABAg	2
UgzGRQYfKoWIDVY4-Pp4AaABAg	2
Ugzglm2cYanzi5W2d4F4AaABAg	2
UgzGh51gPZriZqIEOch4AaABAg	2
UgzGGJNblENv0Gc87Np4AaABAg	2
Ugzgg-0REsFxhrcRnGJ4AaABAg	2
UgzG5j6MRtot5BEc3A94AaABAg	2
Ugzg0EqZLgV1MShSV0F4AaABAg	2
Ugzg0DjAg6-bAwWGXrx4AaABAg	2
UgzfX8sa_O0XrFNdIcR4AaABAg	2
UgzfW1mUP72RIRM1t4F4AaABAg	2
Ugzfu_eh-47o5UhaOhx4AaABAg	2
UgzFtVqNK_sYLn37sWd4AaABAg	2
UgzFsTGW6XUykUAX5V94AaABAg	2
UgzfsNOGpN37pUhV-8p4AaABAg	2
Ugz_FopWL5llrzqLxzh4AaABAg	2
Ugz_FnPnNeZ0iCbOX-x4AaABAg	2
UgzFLXDrHiqdayacOkx4AaABAg	2
UgzfLtXgJqumkRgQhnV4AaABAg	2
UgzFJtIhf3eA72kWhZ14AaABAg	2
UgzfIzDRlmOFcoHg1RJ4AaABAg	2
UgzFISknpG3ieRSstLl4AaABAg	2
UgzFGDZNDscKkCoj3bJ4AaABAg	2
UgzFFNEDALn42W8bAmB4AaABAg	2
UgzffKgtavhM_sTkWHh4AaABAg	2
UgzFe_CKk8I8wqDlPZJ4AaABAg	2
UgzfDh6iGpqEv7Pj8TF4AaABAg	2
UgzF7jiP-zMuSu7ACph4AaABAg	2
Ugzf6TBCslZkve7noBh4AaABAg	2
Ugzf55o59x0jgdpNQWF4AaABAg	2
Ugzezq7SxPsey9ZaTgJ4AaABAg	2
UgzEz9CAe2VY5xdBVnF4AaABAg	2
UgzExsEGsjmdeaiaR1R4AaABAg	2
UgzeV_gud8O_Abu_95V4AaABAg	2
UgzEUXeLOFYExIlEYuN4AaABAg	2
UgzeotljJp2NL70ccPJ4AaABAg	2
Ugzeo0sufuDjncTGGGF4AaABAg	2
UgzemxrTxZ__yLlauzB4AaABAg	2
UgzeLCCY62iDTGcPc014AaABAg	2
UgzEl-7QcFLXt-ET4fB4AaABAg	2
UgzEl4NyQermGLcLQsl4AaABAg	2
UgzEJoz3RP_h41EjFp54AaABAg	2
UgzeIuVHMRBq27V9rIp4AaABAg	2
UgzEh2K_4ibGImIVmSV4AaABAg	2
UgzEekABU2UAG4mgzox4AaABAg	2
UgzeE8ttf5BM3VdClNV4AaABAg	2
UgzeCgD9YDr5WGDxWjV4AaABAg	2
Ugze656sX9Z7VOysm9Z4AaABAg	2
Ugze4Wbi09f27QosLsp4AaABAg	2
Ugze23VPGVr_nYzEFpN4AaABAg	2
Ugzd-ZaOB_Kc8x8SliN4AaABAg	2
Ugzdv2tbeI_xORcRRWN4AaABAg	2
UgzDTxO0hbL2CzHvWY14AaABAg	2
UgzdtjLwq1Y8cYbbgrR4AaABAg	2
UgzDQh3j96vfQGCZpdp4AaABAg	2
UgzDp04UTDs1jV7akqh4AaABAg	2
UgzdoHYmD9yV8AOysax4AaABAg	2
UgzDo7cqnVGOgeyFist4AaABAg	2
UgzdMvj6FgYzuNqnHsR4AaABAg	2
UgzDlW59KzlqoD0-uLp4AaABAg	2
UgzDILg3QysaaHvpabB4AaABAg	2
Ugzdh6v4WqcT2kLHSix4AaABAg	2
UgzDgSKub-Kl-pt1FMZ4AaABAg	2
UgzdGlQgUHgFFox7xwx4AaABAg	2
Ugzdg-L8ZEbq8q6ab954AaABAg	2
Ugz-dFDoGDJcn-1YDkx4AaABAg	2
UgzdBro5uU-7TcjHX5d4AaABAg	2
UgzDBKYKxlUpe0B--UF4AaABAg	2
UgzD4bgvD_UVRFTw_054AaABAg	2
UgzD1FcXBAN5eDBzTfV4AaABAg	2
UgzcY04fKq3rjXgyHtt4AaABAg	2
UgzCT2g7BXOLCqJIZhR4AaABAg	2
UgzcsNtG_g1fejkGkVh4AaABAg	2
UgzCRIkyCynSClexjR94AaABAg	2
UgzCJlnfMRVmMSho3el4AaABAg	2
UgzCipYjUHdZlsW8CKp4AaABAg	2
Ugz_ChWujVm0DUWmpsN4AaABAg	2
UgzCfm58YRu2FQzGPpd4AaABAg	2
UgzCFIdCGMOK9my5Q7R4AaABAg	2
UgzcDzjOnRF2Zo07Kql4AaABAg	2
UgzcAKiD8yfjY7RdGlB4AaABAg	2
UgzC7H_exNkKWXqL6Zd4AaABAg	2
UgzC6-ikRluczKpkgDV4AaABAg	2
UgzC4vkoBKgs21OAmlB4AaABAg	2
UgzBYDZvaQuBHx6X3yd4AaABAg	2
UgzBvQZ6CaLC9OIAqTZ4AaABAg	2
UgzBrPWR1_c0hitiOcN4AaABAg	2
UgzBqmh_2WFu_TuB0zl4AaABAg	2
UgzBOvJZIk1PXEmbxvd4AaABAg	2
UgzbOFpnyZ9yJeaJOGl4AaABAg	2
UgzBnSlGU2ewfJlUR_94AaABAg	2
UgzBmEcr3rvJ-3AwIHF4AaABAg	2
UgzBj7emvudWiqhU7HV4AaABAg	2
UgzBik8vxgweO512B6V4AaABAg	2
UgzbHOkmeuX8D7kkwKh4AaABAg	2
UgzBgqUjBBc4Ui8Ke0h4AaABAg	2
UgzbegEVUG5TMONY4wJ4AaABAg	2
UgzbdZmndJq5bdLgeu94AaABAg	2
UgzBCYv1BQosL4b-TpR4AaABAg	2
UgzBC_9slnWzQxqFOvt4AaABAg	2
UgzBC8-TPS9NIi9pnmJ4AaABAg	2
UgzbbsaY3t2eLlGpqix4AaABAg	2
UgzbaY_DRVhBGzyj1T14AaABAg	2
UgzB9oW8Qb6RiXOvgNV4AaABAg	2
Ugzb9EETz-aO-rU8Zml4AaABAg	2
Ugzb9BAqVyzfWuuNagx4AaABAg	2
Ugzb80oZF_geoK-vt2V4AaABAg	2
UgzB5102V2kwGHhgvRN4AaABAg	2
Ugzb2mf2y_j-E-0E1Vx4AaABAg	2
UgzB21_PBT8TnWfDG014AaABAg	2
Ugzb0g-28IhejEQlYfl4AaABAg	2
UgzB0Br8-jwPtM79_Ql4AaABAg	2
Ugz_aXTjTN-MK4B3J_t4AaABAg	2
UgzAt5FA1rtJ28_GODJ4AaABAg	2
UgzAsEzQmL6falNdisF4AaABAg	2
UgzAqW6hKkBwDh-MqQd4AaABAg	2
UgzAQtkexYx8Q5jshC54AaABAg	2
UgzaPDlkAfkQlHZOWjp4AaABAg	2
UgzaOrawI_SYFqmdcNl4AaABAg	2
UgzAomq5xHxSvfY8IIJ4AaABAg	2
UgzAn8rZfeS1h91M2Fd4AaABAg	2
Ugz_aMMyac4ZL_e8xAp4AaABAg	2
UgzaJ26G8jEyWTNJ_YF4AaABAg	2
UgzaGjsCjOVPPG_nWi54AaABAg	2
UgzAFXSORccSu9-nCfB4AaABAg	2
UgzAfdYk3WEpSvQnGq94AaABAg	2
UgzaeXv3caGBBFgyJkp4AaABAg	2
Ugzae0gtEsMQdW0mcqt4AaABAg	2
UgzaBMTkTomjF7xh4pJ4AaABAg	2
UgzA3V5kdPO2SoFiQCN4AaABAg	2
Ugza1UjgNsW9mqtMVwh4AaABAg	2
UgzA13AaASyf__7s5zF4AaABAg	2
Ugz9xUCz-cxDgtUbv9p4AaABAg	2
Ugz9U5xni_fF6AjyQ6R4AaABAg	2
Ugz9TMkOTBulFqHjbIV4AaABAg	2
Ugz9TLSyNSjvhefbgep4AaABAg	2
Ugz9ngBEV_E-BULxpmF4AaABAg	2
Ugz9mNL1NdiH8ESb3bx4AaABAg	2
Ugz9AEplWOZHG1itVPV4AaABAg	2
Ugz8WJH-l3xne7S4MxN4AaABAg	2
Ugz8WEkX6c7flihaB0l4AaABAg	2
Ugz8UZ9sT4irvr_8bMp4AaABAg	2
Ugz8QhZ3uie0b4cl4E14AaABAg	2
Ugz8PZgTznoIcru-u4h4AaABAg	2
Ugz8nOej2mIQcliGwDB4AaABAg	2
Ugz8KJvQiIzh9WBttWF4AaABAg	2
Ugz8JazeL0KkX8KDtWB4AaABAg	2
Ugz8Izt7YT1RDHdd7Al4AaABAg	2
Ugz8gRBjAhKxRVXIMy54AaABAg	2
Ugz8CvYNji4W4rESlI54AaABAg	2
Ugz8AUn-qHW2inH7Vfh4AaABAg	2
Ugz89BFvV9iM8Pt6Kg54AaABAg	2
Ugz82bm3pnkXqFjZnv14AaABAg	2
Ugz7wZreJhcLlmk6hs54AaABAg	2
Ugz7_WO9c9B8bZESxwJ4AaABAg	2
Ugz7TWcpmMQgyErkxaF4AaABAg	2
Ugz7Pgsg9lW4f_tJEbF4AaABAg	2
Ugz7o-JFp6HMF-ZVI7t4AaABAg	2
Ugz7FVAg8uwg0nTISWh4AaABAg	2
Ugz78KPMfACDhyTwoSt4AaABAg	2
Ugz6UAod9k6R7Lx-3h54AaABAg	2
Ugz6rKOees5RuwxZxvt4AaABAg	2
Ugz6PNwWkdrFn4Pl_ZZ4AaABAg	2
Ugz6Ch-H1LHPOtk3mwF4AaABAg	2
Ugz6-0LC0ZyjtblBOLZ4AaABAg	2
Ugz5TJ0O8yqzV9M0KXp4AaABAg	2
Ugz5mw1HldeBkDKmHj54AaABAg	2
Ugz5k8ku5mJK4FGDJ0N4AaABAg	2
Ugz5J5CchThkgN6m24B4AaABAg	2
Ugz5GjF_4dW29xfUR9l4AaABAg	2
Ugz5BnZcTsKBh52R6h94AaABAg	2
Ugz58d4KgzqKwivOQ5N4AaABAg	2
Ugz4V9pqubbw5a9ouSZ4AaABAg	2
Ugz4uTurLeQVV7UjNVh4AaABAg	2
Ugz4mqKVSO4OGM8eoVB4AaABAg	2
Ugz4m9ou_GvQYdq2hvt4AaABAg	2
Ugz4LyM-wNNYw2x_EId4AaABAg	2
Ugz4lJ5xv0yZ2u0mD3p4AaABAg	2
Ugz3_y_ltH1jCVzyLCR4AaABAg	2
Ugz3R-dlnWZOJ9ZQlLt4AaABAg	2
Ugz3OMN7T4lx3w41Yk14AaABAg	2
Ugz3ITlwh1mB3oSbzMF4AaABAg	2
Ugz3H6lP_5uCbFqJqlR4AaABAg	2
Ugz3deaKPxyM9dTsPTh4AaABAg	2
Ugz_3bTcgJdOgY_6pUx4AaABAg	2
Ugz3bBOm-SYoQJuaG6h4AaABAg	2
Ugz3aSTDMRPYyxDh3Ix4AaABAg	2
Ugz39mMUvuaWZPVOUiZ4AaABAg	2
Ugz2WJbDxlCJjSjJ-uR4AaABAg	2
Ugz2TdJTcrh4JqYUo3d4AaABAg	2
Ugz2QkJ4-FW3qjNHNyp4AaABAg	2
Ugz2ohI5EIZKuUd_pdt4AaABAg	2
Ugz2F5lxxeK0bQUofHB4AaABAg	2
Ugz2d2S5fHIG7uyULh94AaABAg	2
Ugz2arVe-QYrqb-Swyl4AaABAg	2
Ugz1XO4NH5_xvQRM0_Z4AaABAg	2
Ugz1x7ezgWpj1XUdyKZ4AaABAg	2
Ugz1vvP8VWfEiMm9TJ54AaABAg	2
Ugz1PpjUwITU2t36dYh4AaABAg	2
Ugz1ow3d8wGWpUKYMsl4AaABAg	2
Ugz1mOZ6exKhBKFnVLR4AaABAg	2
Ugz1FYKCuDGQ4mtiEdJ4AaABAg	2
Ugz1dE8T70E-4DIiN1J4AaABAg	2
Ugz17tt3-t82gl4-Gl14AaABAg	2
Ugz14k6M_ND-CDoOcaJ4AaABAg	2
Ugz0rwMKWTmChKBJkVR4AaABAg	2
Ugz0RNPLfooTakq7J-h4AaABAg	2
Ugz0Pa92RfZ5Umd03hZ4AaABAg	2
Ugz0n8-JyfClUeAQX2d4AaABAg	2
Ugz0jaF-ol_hnrqPy0t4AaABAg	2
Ugz0I2i98UUFNpvGz_Z4AaABAg	2
Ugz0dPdSVgOTLKQCXGp4AaABAg	2
Ugz0CLktflfa6k-mXpx4AaABAg	2
Ugz0aWtpG5EqTFpOSo94AaABAg	2
UgyzZMHBKB-7z_qhCYZ4AaABAg	2
UgyzYVioufRBJjOZQLx4AaABAg	2
UgyzXLkOBC75serHavp4AaABAg	2
UgyZWkLMTj2ptUBjt8N4AaABAg	2
UgyzuehFfMMxUuw-8tR4AaABAg	2
UgyZn0WReGipQBIfowl4AaABAg	2
UgyZIu6Ei7JkVOTjWT14AaABAg	2
UgyzITb4zr7EI0CedNp4AaABAg	2
UgyZgq2LktnBXuCIOqp4AaABAg	2
UgyZeLpP5i5-rRiFvLJ4AaABAg	2
Ugyz6Uk60Aunrzekbvl4AaABAg	2
Ugyz4hud6uqSccY3UQN4AaABAg	2
UgyZ3FZ91--LyMzcaPV4AaABAg	2
UgyyXsPij2einqkuI0V4AaABAg	2
UgyYXshEYM5fDtBVKQ54AaABAg	2
UgyytWNoSsIYq8Pn6914AaABAg	2
UgyytGZhvOIHdWJsUd14AaABAg	2
Ugyytcf-wTwwrrV8q-d4AaABAg	2
UgyYs7-e0hbPm3-PMsR4AaABAg	2
UgyYQH4iFLpEgWDJAWl4AaABAg	2
UgyyQfelTd0vQzYQ2GV4AaABAg	2
UgyyoF-dVWDUVJxVkQB4AaABAg	2
UgyYMamutdO_huBBGf54AaABAg	2
UgyyLSgPsZKsUhl-z9V4AaABAg	2
UgyYHXeRCe9KCzy9U414AaABAg	2
UgyyHWbFD-SFIjc8Bht4AaABAg	2
UgyYFpckfsHk4PsDp4l4AaABAg	2
UgyYCBo6sWn7UEfKZMF4AaABAg	2
UgyYBzP0_4bSDh7KVhh4AaABAg	2
UgyYbvksaSL6HdUp7Ip4AaABAg	2
Ugyy7qvx5dZcYwWJqIl4AaABAg	2
Ugyy5bsW84gHRRRYi-h4AaABAg	2
Ugyy1rIR3uxDuGz9JR14AaABAg	2
UgyXzPJenH0AwwMffpV4AaABAg	2
UgyxzgojzAV-lS_C9E94AaABAg	2
UgyxXvts02sMnROuKJh4AaABAg	2
UgyxVtM3KEZnfKpzOUl4AaABAg	2
UgyXU_ShhqQJXNebX154AaABAg	2
UgyxTmZRR_5UELRKqMt4AaABAg	2
UgyxtA8t022v-09J-LR4AaABAg	2
UgyXrZlj_C6KioLHLMZ4AaABAg	2
UgyXK9YgrTAzq7fxINN4AaABAg	2
UgyxHfrAQoyxoA0bpi14AaABAg	2
Ugyx-G37s2kHUTjIrTd4AaABAg	2
UgyXbaRQkVMzZGZfd2t4AaABAg	2
Ugyx9-vf9FwlUxZvGzl4AaABAg	2
UgyX25Gq3aqx03-Uyt54AaABAg	2
UgyX25doCn60dBZ4Gup4AaABAg	2
Ugywy6w8gcajoIT5JQt4AaABAg	2
UgyWWPvB_nvAZmt44Ct4AaABAg	2
UgywVX3EsWX0Dckc_fF4AaABAg	2
UgywpXfRS5506vqLan94AaABAg	2
UgyWNVt2ukRc5BWnLtV4AaABAg	2
UgyWNAbK4r3llFuW3jx4AaABAg	2
UgywMeGup6qQNZhYRWF4AaABAg	2
UgywIoTIVf774-ZfvBN4AaABAg	2
Ugywi-a14C4-YerzUZh4AaABAg	2
Ugyw87GFfdCfhwU48kF4AaABAg	2
UgyvwrRS9abjBlocZ8R4AaABAg	2
UgyVvYlfprSVxlVKu6R4AaABAg	2
UgyVsbX8tdy-9cSM6Il4AaABAg	2
UgyVR1PNRbHidnlAUVB4AaABAg	2
UgyVoHhLs0RCYZywiwZ4AaABAg	2
UgyV-lpoi_DAh7gFtLB4AaABAg	2
UgyVLhdKu49JXzKlMAl4AaABAg	2
UgyVJD_gWcaIouF6A4p4AaABAg	2
UgyVHpVywba7YQiOzsh4AaABAg	2
UgyvhKRSMHUf_d40NG14AaABAg	2
UgyVGonmrtogIHNt7dt4AaABAg	2
Ugyvge20hNSssY8pPRl4AaABAg	2
UgyvDjiFYaG3qlMDsRp4AaABAg	2
Ugyva2IC6GR1h3yq0ON4AaABAg	2
Ugyv6bUP50H7tSZkAdt4AaABAg	2
Ugyv5YReuC1v3LjxC6F4AaABAg	2
UgyuwLTEoqJWqeWH6bV4AaABAg	2
UgyuTCFz2A6qkx8H6IR4AaABAg	2
UgyusMxgDMXNx4e52AN4AaABAg	2
UgyUQG7_IuEI3z7trtN4AaABAg	2
UgyUpOJqpQv5oUTviJ54AaABAg	2
UgyUMpNxIuXa8PPj_1h4AaABAg	2
UgyuLjq5Sr0RtDoInC94AaABAg	2
UgyUKyW7RzJG9itv5iV4AaABAg	2
UgyuIxSFGYRIUlkLdm14AaABAg	2
UgyUIHyjbjYBEPC_4sJ4AaABAg	2
UgyUHnbmpEAsntr-X4t4AaABAg	2
UgyUFKjvnUnCMCeT_Ih4AaABAg	2
UgyUfh_3CBTEZZyyUGN4AaABAg	2
UgyUbPjpgbatq4GMUvt4AaABAg	2
UgyUaCsn5sQLUflhmoB4AaABAg	2
UgyU8vqVI-xVOYmV-TZ4AaABAg	2
Ugyu8hbV20ffR-N7zV14AaABAg	2
Ugyu5FRmSEykBsjGKWt4AaABAg	2
UgyU0rXYPthW-Hj5Upt4AaABAg	2
UgytYIyg6XJ1-xT13lx4AaABAg	2
UgyTYAM1UtNwGhWiJ5p4AaABAg	2
UgyTw6FON2D9VVvwd_V4AaABAg	2
UgyTUaMo8yunxnwfJ4Z4AaABAg	2
UgytRzXlHM6X3YDZkyt4AaABAg	2
UgyTmH9Gu8qW3OtoosZ4AaABAg	2
UgyTLzDjIWbf4bCtLoJ4AaABAg	2
UgythZhFU3w7QTs8_SN4AaABAg	2
UgythkFkID1Hlajlej54AaABAg	2
UgyteP0E8aawWBSicTh4AaABAg	2
UgytdwiZ_LuDS77SHZx4AaABAg	2
UgytB7J7uouEd1badS14AaABAg	2
UgyT7A8p4E4CFXgCOaZ4AaABAg	2
UgyT5WebyhH_Phr3Hsh4AaABAg	2
UgyT5qg9cSIYnkQZTv54AaABAg	2
UgyT4_cTXP6fiiW1-w94AaABAg	2
Ugyt4BJHPDX6dPZpHs54AaABAg	2
UgySziTNy5HKDNObgE14AaABAg	2
Ugysy4L6lGXcLNJwQBF4AaABAg	2
UgySwpuiXEPlYbFOSvN4AaABAg	2
UgysUqrtVdgM0w57_kV4AaABAg	2
UgysrSAoWjBwb2TQsiN4AaABAg	2
UgySQtxDrsbeH83Ddk94AaABAg	2
UgySOi7ZyCJGQjVb8pR4AaABAg	2
UgySO2BBnyQFxwy5tj94AaABAg	2
UgysLwTXeaaWEZ0v_sx4AaABAg	2
UgysjWpx_G0k-XNRTjB4AaABAg	2
UgySivV4YtrSz7bDeTp4AaABAg	2
UgysHL_QHn9q4yq6EJZ4AaABAg	2
UgyShiRVQsvKQsnqngt4AaABAg	2
UgySH5uPW0bms8oINOJ4AaABAg	2
UgyseMatYFNkBv1dcUd4AaABAg	2
UgySe_IvgygAye1IBAt4AaABAg	2
UgySEfer0dDFJtswdBd4AaABAg	2
UgysEE0MGXjYKX7dfnd4AaABAg	2
UgyS_C5unT_sMOlq1Xx4AaABAg	2
UgySBEki0NITYc2Lx6B4AaABAg	2
Ugysb9zNyUwbJE4vTER4AaABAg	2
UgysB0C10rvDGyBt5VJ4AaABAg	2
UgySaVLjIC2K7NY75zp4AaABAg	2
UgyS4mNxvOD2OslwiLd4AaABAg	2
UgyS1zJefYoMBBFpKtd4AaABAg	2
Ugys0tdnLJAxSfSciWd4AaABAg	2
UgyrZ8NRP0_mPeUZ1Vh4AaABAg	2
UgyRXObSMtNAjhb9AYx4AaABAg	2
UgyRwScG0Lgul24AI0p4AaABAg	2
UgyRulA8SvstQTLKR-V4AaABAg	2
UgyRUCMopdcao1UkxqJ4AaABAg	2
UgyrT0cKLfRNQznh31F4AaABAg	2
UgyRPLnjHnsDYGmXq014AaABAg	2
UgyRJjEQ8pVl8znl28Z4AaABAg	2
Ugyre7l4fm-SQsLWsGF4AaABAg	2
UgyRdMvKpCuXw6-SQZ54AaABAg	2
Ugyr8qicSdnfMruNYUF4AaABAg	2
UgyQZIVhnmgP6zpwBkV4AaABAg	2
UgyqXbSX90AOjs0ZeV94AaABAg	2
UgyQvz1bJGzuY4KjqiF4AaABAg	2
UgyQTcL_xYu-hUdbbzZ4AaABAg	2
UgyqRX12oO7URnmvs3N4AaABAg	2
UgyQrFq2TOxXNwlotZh4AaABAg	2
UgyQNnY1NpoXt6u40jt4AaABAg	2
UgyQGx-IRTMKdFkDQhp4AaABAg	2
UgyqG8LjLMj7qE9ExNl4AaABAg	2
UgyQfYX-sNZGfNlOjl54AaABAg	2
UgyQE8XDAdF01gf3avF4AaABAg	2
UgyQAFjMkeDd4eXwEXl4AaABAg	2
Ugyq0z6CxQhyzytuZO54AaABAg	2
UgyPxiP-MqHwaOEdwSp4AaABAg	2
UgyPXiN4cTPTCPKg7WZ4AaABAg	2
UgypW8qH0M0X927Bf0N4AaABAg	2
UgypVJC_7X5mRj6_81x4AaABAg	2
UgyPNgpUCPCzQfAq5v94AaABAg	2
UgyPLQcu3T_-t6z51aB4AaABAg	2
UgypKpjjJ6aXgluBGMR4AaABAg	2
UgyPDrZb9O3Uz1oJzYR4AaABAg	2
UgyPCl7hYOkWxR3l2Kt4AaABAg	2
UgyP4T1yKm9dCDcX8z94AaABAg	2
UgyP0FbBA8y_I9gTRZh4AaABAg	2
UgyoYv-qFvlOsjpA4z14AaABAg	2
UgyoUhkoGDaYICJ-Cvp4AaABAg	2
UgyOu4PeoHrCIgLkETx4AaABAg	2
UgyOrK1jkxVHDG0EAZF4AaABAg	2
UgyOPT0A7LRyCQE56EZ4AaABAg	2
UgyooNqAFWVxyUmOGvJ4AaABAg	2
UgyOlpQYnnrEZx9I-XN4AaABAg	2
UgyOIPnU1FnjRE2xSxp4AaABAg	2
UgyOGhuh7_WbyT6lgXR4AaABAg	2
UgyOE5jRBzjqynWcf-Z4AaABAg	2
UgyODAnOOKfBWR-PYsF4AaABAg	2
UgyoCLhrLwSfxxXjuBJ4AaABAg	2
UgyO6s9dR8XAhPlGJKx4AaABAg	2
UgyO5SqAK1pkpklZKl94AaABAg	2
UgyO1uydaIWbNvlFHeV4AaABAg	2
UgyO1qqGWfhRb_UsWx14AaABAg	2
Ugy-NyVqVnAhpbkKmMl4AaABAg	2
UgyNY6GOC7m9k0oUN_B4AaABAg	2
UgyNxHMd6Pds_Yu13z54AaABAg	2
UgynvY7zcrePPi7_jxN4AaABAg	2
Ugynvnpxj8dflCM8iRZ4AaABAg	2
UgynTIukoIt4nV2m7A94AaABAg	2
UgyNt7gLVeznmlQdQYx4AaABAg	2
Ugynt3Zt-alTmo8S1wt4AaABAg	2
UgyNsOhkF6AOuInzr1l4AaABAg	2
UgyNPvznY_Y0ah1uiA54AaABAg	2
UgynOQbUvJ7fGsbjHO54AaABAg	2
UgyNnxagIk5n735wrbh4AaABAg	2
UgyNlT0e1_Cy9AKexd14AaABAg	2
UgynL32f3RC7CwhmE814AaABAg	2
Ugynk9MOLYWqgKvB7NZ4AaABAg	2
UgyNIarsgd7YpgiuAw14AaABAg	2
UgyNgU87VK1IUlun4wJ4AaABAg	2
UgyneFFh6LlPmqpjKKl4AaABAg	2
UgynE5E6H31tsbIOV_14AaABAg	2
Ugyn0qm2QSnjZPf82VZ4AaABAg	2
UgyMykcl5HHx_Gbtrx54AaABAg	2
Ugy-Mxh-d07jMrGVQ-h4AaABAg	2
UgyMwtD2JijEm1NOeEZ4AaABAg	2
UgymV95mipDJK5WNRxF4AaABAg	2
UgyMtk_ut6Q4Phx7cKV4AaABAg	2
UgyMrpeDrfpZvPvieoJ4AaABAg	2
UgymLPJEr9hMzr-eVVZ4AaABAg	2
Ugymkw3uhRW84PyDnDJ4AaABAg	2
UgyMEfP6EUMnldC4H_p4AaABAg	2
UgyMDHNb_WoXJporJd14AaABAg	2
UgymCl38aEZD0_HQuJl4AaABAg	2
UgyMbuc6HxVg2yVoWWt4AaABAg	2
UgymAt4b-DPjebOKwXx4AaABAg	2
UgymAaSxDkAbyGHwCM54AaABAg	2
Ugym854CWOCmLu7UOFF4AaABAg	2
Ugym5rLUly5f3eOvgM94AaABAg	2
UgyM3cWFZiHLBolyKGV4AaABAg	2
UgyM1mPZzuABVsGlABp4AaABAg	2
UgyLVtnxI_Kl-mmCMGF4AaABAg	2
UgyLVRkMGWZdZuA832N4AaABAg	2
UgylUUIFTo7cSDud0iN4AaABAg	2
UgyLUN1ymobFrriu2pR4AaABAg	2
UgylTV2u5y7Ak4o_6VF4AaABAg	2
Ugy__lLzYhfm7twV7kd4AaABAg	2
UgyLjITXLJLH_u3Niml4AaABAg	2
Ugy-l_Geg27lcH_kYUV4AaABAg	2
UgyLFbk14TJ-4k9IGZh4AaABAg	2
UgylCvn5746Al80R64B4AaABAg	2
UgyLBmIZZafu873Ry-R4AaABAg	2
UgyLaqdMIddJh3CXBNl4AaABAg	2
Ugyla4t4titLZPGG-pB4AaABAg	2
Ugyl5SC6Ga66ashanH14AaABAg	2
UgyL0BmJMyNXSIeqDX14AaABAg	2
UgyKz1GJcEq03KiZLaN4AaABAg	2
UgykytooruJKcPtnKXZ4AaABAg	2
UgyKyf_7umEi-TwfsSR4AaABAg	2
UgykXRWN8xgaUFpW2o94AaABAg	2
UgyKUMtf4XupEMQ9OcR4AaABAg	2
UgyKrRUg7tYDdiEG4Jx4AaABAg	2
UgyKQUYFcRx6QvnqQa94AaABAg	2
UgykNIP-_5XU9rVWPLx4AaABAg	2
UgyKMAon2qlVeOvGnVd4AaABAg	2
UgykkXbs2Lye0e3gSdt4AaABAg	2
UgyKITtpBC27u-UYK0B4AaABAg	2
UgykgzBxFrC5m4iQ3694AaABAg	2
UgykguyzisJzihZQg1J4AaABAg	2
UgyKeU3QgxpY2Gz2XLB4AaABAg	2
Ugykd-TgK4djFJ0vqAh4AaABAg	2
UgyKCwym3QFI2FQPiRV4AaABAg	2
Ugyk79ejaURG340LeWx4AaABAg	2
Ugyk6qmqLVIEGc_OM1t4AaABAg	2
Ugyk3KmjvIuiwvbLaYd4AaABAg	2
UgyJYTUyiv4zCXGfPn14AaABAg	2
UgyJWoeQk-f0IK7jRPh4AaABAg	2
UgyJvxhfMRfZ2lORA4t4AaABAg	2
UgyjvM6Q76DM0E5SB3t4AaABAg	2
UgyJUVVFvh5Zu-G4jSV4AaABAg	2
UgyjTya2l_6rxLbFo954AaABAg	2
UgyJspjMo-tRlw7qKCN4AaABAg	2
UgyjrL8esSnFVdhzYPl4AaABAg	2
UgyJQANL-60sLpr3JDx4AaABAg	2
UgyjNbMzAuPkhLXBY8N4AaABAg	2
UgyJI7WtBquaqIHlFg54AaABAg	2
UgyjgDzDpwlMzlFtYW54AaABAg	2
UgyjG4Y6jodYx2NFbkN4AaABAg	2
UgyJCaQdcBUdpPJLYoh4AaABAg	2
UgyjBGwg6lLJEJ0cmqN4AaABAg	2
Ugyj4R2ioOTzx1yddxl4AaABAg	2
Ugy_J37AFs5l9Q6srwt4AaABAg	2
UgyiXqBSQLmueBuqpYZ4AaABAg	2
UgyixHoxIG949HGub3Z4AaABAg	2
UgyiSYnC6a5BD78N1bZ4AaABAg	2
UgyIOn-efWPx4JWAB4R4AaABAg	2
UgyimOQKQrNPc0beAXh4AaABAg	2
Ugy-ILn_a4lIbidsI8R4AaABAg	2
UgyIKo1C4xslxBqz6PR4AaABAg	2
UgyIigUGuipKBkKfnsl4AaABAg	2
UgyIhwvmoqgkyDe1Tzd4AaABAg	2
Ugyig8C9c8dIot5hng54AaABAg	2
UgyHzQwfTiM9cWiK-l14AaABAg	2
UgyHwLypEfEEURRV7hF4AaABAg	2
UgyHV_MVvHrIR_FFgEB4AaABAg	2
UgyHvmm5g5Z9Aw5XQsd4AaABAg	2
UgyHuMEYIpT_7OnQ5cF4AaABAg	2
UgyhtfXm5KNJRhaCeP54AaABAg	2
UgyhRS2K4jpEcUXC6Dl4AaABAg	2
UgyhrrowbC1TlJ2TI254AaABAg	2
UgyhO7b2m5pYKCAjUVV4AaABAg	2
UgyhkwkOGWowdi3OWuR4AaABAg	2
UgyhiQ5nktYI0xHj0nZ4AaABAg	2
UgyhgoPeMqGev2Ytk3V4AaABAg	2
UgyhF7Xd5chmRCqACCJ4AaABAg	2
UgyhcWqX2iq55Vs0wBJ4AaABAg	2
UgyHcTgFsy0iaaufwj94AaABAg	2
Ugyh_AghcBuKFy5Tfvx4AaABAg	2
UgyHae7XdHNog_IOUUB4AaABAg	2
Ugyh8JAAp9JUiHkDJpZ4AaABAg	2
UgyH8G2IGo_n1Xmbl9d4AaABAg	2
Ugyh0FDOQeynGWBpVX14AaABAg	2
UgyGzR_twW1tl3RUW5N4AaABAg	2
Ugygy-wrO_tcP5rDSjZ4AaABAg	2
UgyGu9DjznqnD0s2_-14AaABAg	2
UgygSYACTF6Kt16ZrnJ4AaABAg	2
UgyGruvDxSv2Ka24gPJ4AaABAg	2
UgyGpZCECQOhJGdYxpR4AaABAg	2
Ugy-go_mCJh6aW_qQsZ4AaABAg	2
UgygnSJBZpR_PKgIYax4AaABAg	2
UgyGMlY6CNoG6NZgjsp4AaABAg	2
UgygkqGOTcc0chCO9qN4AaABAg	2
Ugygg4XhoH-CY4Th5B14AaABAg	2
UgygEtFWyUvUgIdV-D14AaABAg	2
UgyGE0C6rCSP85ea0Ct4AaABAg	2
Ugygdy7BG72SGavGAgd4AaABAg	2
UgygcqOuaNR-fLWuAxd4AaABAg	2
UgygB-iiknQ7PsGOOmh4AaABAg	2
UgyGAuk0gQ0r0fLMzfh4AaABAg	2
Ugy-g3YIZOk0v_z-IFh4AaABAg	2
Ugyg26w6Cf8BdScutVh4AaABAg	2
UgyfZMdRMFZuZ_feqp54AaABAg	2
UgyFyZE2Xx932IFjN8F4AaABAg	2
UgyfwIRb-M7tgjAIldp4AaABAg	2
UgyfUWFo0dybRFnvrBB4AaABAg	2
UgyfTSkL0TZSoHf9O6V4AaABAg	2
UgyfSEF7OQP-HOqqv0d4AaABAg	2
UgyFnFABWVj6BePRWWN4AaABAg	2
UgyFmwfxf5zRAsdbXLp4AaABAg	2
UgyfmPCTxziukzRqyVZ4AaABAg	2
UgyFjQ-Mtu6FuuFUYKh4AaABAg	2
UgyfHUD1X1Bc54M7uYJ4AaABAg	2
UgyFG1EyimfSRnvqKu54AaABAg	2
Ugy_fFUJrvLC42_HxWR4AaABAg	2
UgyFcA6Ern64G3D4tEx4AaABAg	2
Ugyf9sdq3zKyJPv7Hc14AaABAg	2
UgyF9D0QU_tcbc0Zq9p4AaABAg	2
UgyF4dYIVlJAQ-KBHaV4AaABAg	2
Ugyet_krAHA_EH3tTAZ4AaABAg	2
UgyepSp0qvwa5GL5UQx4AaABAg	2
UgyEOlT5HhUJbqOE6i94AaABAg	2
UgyEOcX1HqkW5SMmjl94AaABAg	2
UgyenTYYz1K94oiMqvJ4AaABAg	2
UgyelxkeNwzWphYHyWt4AaABAg	2
UgyelfVRMjdFhie0e3l4AaABAg	2
UgyeJH7Ze4GBCpUqWTR4AaABAg	2
UgyE_IfhqFiFOfiDG0V4AaABAg	2
UgyEi85uuhWraZsco9R4AaABAg	2
UgyegjaCOf29Sxo9IiJ4AaABAg	2
UgyEFrvXSrAu9h6-r9J4AaABAg	2
UgyEEm4gBx6Y83Ne0E54AaABAg	2
UgyEdBahl1LOtPcLanF4AaABAg	2
UgyEB391hOFCdYQ6C_N4AaABAg	2
UgyEajLfqrDwehEkLOp4AaABAg	2
UgyE5CIZPhkBXfRvVN14AaABAg	2
UgyE0LNy4Pk1MSyxESN4AaABAg	2
UgydpoLxBRkVFePjWQ94AaABAg	2
UgyDo9Z3S--RtHbi3YV4AaABAg	2
Ugydo92UcUHzRzkFsT94AaABAg	2
UgydJ0QjrqaGvXUIfBd4AaABAg	2
UgyDItr2ztdDT-fyXLl4AaABAg	2
UgydigaH3kNPXWkx_iR4AaABAg	2
UgyDG9Kpz_xxqOdfk1Z4AaABAg	2
UgydG3xaA2ljY4s3CYl4AaABAg	2
UgyDA_S0N85tRJ53hh94AaABAg	2
UgyDA8ybO8jYPRCZTp54AaABAg	2
UgyD9_SIKytwmbdRJd14AaABAg	2
UgyD8sX3FsZ-BFPHMWN4AaABAg	2
UgyD6hluZSp87UPg0bt4AaABAg	2
Ugyd43g6usjN5MQyzX54AaABAg	2
Ugyd1iT11S-YsQD0TV94AaABAg	2
UgycZmdxnnsuaZj4Qal4AaABAg	2
Ugy-cyZca2rTeXXckoN4AaABAg	2
Ugycyd9_SMOWUvxtk9x4AaABAg	2
UgyCVeBQEvmpjTVS11t4AaABAg	2
UgyCRGxfTXQCUyhR1414AaABAg	2
UgycOcCA4KN9ki5cz0p4AaABAg	2
UgyCmj1WWQG2URlfdD54AaABAg	2
UgycLS3SvfiTnDgEsq94AaABAg	2
Ugyckf-lRxcBijRy7L54AaABAg	2
UgycKASDEufFP_w7O9N4AaABAg	2
UgycK33OM-avGhRkXtd4AaABAg	2
UgyCJ2ysy4tFLlUH1b94AaABAg	2
UgyCGq4wrq4g1aO3k3Z4AaABAg	2
UgycfVlSa2-olRaozJ54AaABAg	2
Ugyce5kQrCDhr63gilJ4AaABAg	2
UgycbcfRbflXJGCO5Th4AaABAg	2
UgycBAKuyIdBtkEOOct4AaABAg	2
UgyC5bpndQF3o2fiRqp4AaABAg	2
UgyC1nHH9TfLqhIKHoh4AaABAg	2
UgyC0oyoCrvZbonMUJl4AaABAg	2
UgyBZZ8QioYniswQsZR4AaABAg	2
UgyBz5mwqMRZaOv5RWB4AaABAg	2
Ugyby-Q8uPUr3klzgZ14AaABAg	2
UgyBUTnOhe-epaYvTNh4AaABAg	2
UgybuT6hGkjJvTtFw8Z4AaABAg	2
UgyBt30XsYdgjJX655t4AaABAg	2
UgyBSY2Dd02Cyuy7ixp4AaABAg	2
UgybSw98zCSLP1hINWt4AaABAg	2
UgybO14zNFSJnovKnCV4AaABAg	2
UgyBNLn7OIowFefMhbJ4AaABAg	2
Ugybn0bFGnFpcBPHHgV4AaABAg	2
UgybMwYF54jA6775JA94AaABAg	2
UgyBln-do45a9kPCPul4AaABAg	2
UgybJZjop69ue0H2i394AaABAg	2
UgybiPCmUsDMq-qsnmB4AaABAg	2
UgyBf0eJGTQMLDrkWhZ4AaABAg	2
UgybE_R_e3bykKQeVwN4AaABAg	2
UgybAEjh4ckrkT9AhW54AaABAg	2
UgyB9NpxvUrdRwxVr0Z4AaABAg	2
Ugyb0MVH4WE2aYccf3N4AaABAg	2
UgyaWIuxF-MJ1FW7TvR4AaABAg	2
UgyAujfpZn7F3wMlyuJ4AaABAg	2
UgyAu0x9BysXgZlJiox4AaABAg	2
UgyaSJt-j24roD46EqB4AaABAg	2
Ugyarrm2OYdJSme8NOh4AaABAg	2
UgyaQoiROGWDZxU3afB4AaABAg	2
UgyAMyOtx6vDRxTq-Ot4AaABAg	2
UgyAjP5QByK3E0ThfkV4AaABAg	2
UgyaEhJFtA8q9KwcYA94AaABAg	2
UgyAdvpsRAPZ1tYGHF94AaABAg	2
UgyacZ1tF5SqitS3Jb94AaABAg	2
UgyaB_4yZOdZduw0aE94AaABAg	2
UgyAAz41vxs8ob88hGd4AaABAg	2
Ugya9Gq_pGVR7iZKY_R4AaABAg	2
UgyA66PQG-PoU7dJzPF4AaABAg	2
Ugya3WUXncTSJN1yjuR4AaABAg	2
UgyA3hf2BSF6EuYRUwp4AaABAg	2
Ugya0aWXWG2KYGN2MWJ4AaABAg	2
Ugy9ZCtkAOhubk_pCaN4AaABAg	2
Ugy9XGkML3K2dCOz47d4AaABAg	2
Ugy9PhqVWLUxeikl6ih4AaABAg	2
Ugy9JGShTdMlC_kzneZ4AaABAg	2
Ugy9inbBKylLCG1oOzB4AaABAg	2
Ugy9ewK7O3JzEWArkOR4AaABAg	2
Ugy9dZTi9AGg3a2Gzk14AaABAg	2
Ugy9crE_G5F7k-vTAw94AaABAg	2
Ugy9bnaOELmrmcubn114AaABAg	2
Ugy98fnHz_xCvN1p5sp4AaABAg	2
Ugy97PMt_xtEC6uJnNJ4AaABAg	2
Ugy93nErX52KeOqPsRx4AaABAg	2
Ugy8Z-Lh4_R3BRvXE1N4AaABAg	2
Ugy8ZFKECvPhFOAJ9T94AaABAg	2
Ugy8xUaK7HmxuwN6Bk14AaABAg	2
Ugy8v8ddizUreCa3NTd4AaABAg	2
Ugy8uJsA3BOnLqg-vtd4AaABAg	2
Ugy8M9jJYRhDhSLrN3Z4AaABAg	2
Ugy82aGb0oU_37IoeXd4AaABAg	2
Ugy7Y0c-9SfCjqNMIWt4AaABAg	2
Ugy7uI5QrhxRclFiYbd4AaABAg	2
Ugy7RB87eU0Y5vMwO8l4AaABAg	2
Ugy7KFhfObyWrpyHGPp4AaABAg	2
Ugy7-H21f0jAJC5kD5Z4AaABAg	2
Ugy7_Dl5fWUnmcAXSkl4AaABAg	2
Ugy7-brPfxQo41FSCtF4AaABAg	2
Ugy73I7B9EjqFoWXWKZ4AaABAg	2
Ugy6xXUi64XPSG5eF3R4AaABAg	2
Ugy6vJY6iTFUMbr2Vcp4AaABAg	2
Ugy6RopDYKX9U28e8Cp4AaABAg	2
Ugy6KqLvRJzMKrvqzdl4AaABAg	2
Ugy6gRGUu91XO96_vfF4AaABAg	2
Ugy6cHTRmaG6d0FLzPZ4AaABAg	2
Ugy63iCr06zS722fdLd4AaABAg	2
Ugy62FILHXXJjnMr-0N4AaABAg	2
Ugy61oST8BVjw_zXAyh4AaABAg	2
Ugy5ZYlcXf4wvq5LtR14AaABAg	2
Ugy5xhAJdPKIHU6Z6Qx4AaABAg	2
Ugy5RGbuA762r0gzgwV4AaABAg	2
Ugy5NzkjPGOP1LwcWFZ4AaABAg	2
Ugy5nkfrPonLJfkkTLZ4AaABAg	2
Ugy5MuUizT7109xfMHZ4AaABAg	2
Ugy5m9Y_EU0ONIp02Bp4AaABAg	2
Ugy5LCjGVmkG1qgX6aJ4AaABAg	2
Ugy5hCnRyovzViZwkfR4AaABAg	2
Ugy5DM5eCRE0CHgjFSF4AaABAg	2
Ugy5BZ5iFvWTj-ZS4Y94AaABAg	2
Ugy58GSmsBEbd1zrltV4AaABAg	2
Ugy54OvYfOuRZC_C9jl4AaABAg	2
Ugy4zJmA0-0j34o8z2Z4AaABAg	2
Ugy4XX5E1l6QjktA8ex4AaABAg	2
Ugy4MZg63YrI4h937Vp4AaABAg	2
Ugy48TZPApdCnGb3qB94AaABAg	2
Ugy-4_52jieuV_fSioB4AaABAg	2
Ugy3-zeQtIFuhM4I4S14AaABAg	2
Ugy3w5hYzUp9u4ciEaR4AaABAg	2
Ugy3I57V56b5NDmxMZ14AaABAg	2
Ugy3BkkYUZ1eAsXHIVl4AaABAg	2
Ugy2y7vKvoTT9QfjLUh4AaABAg	2
Ugy2QPF3oDzcjl1BxDJ4AaABAg	2
Ugy2hpNCNJJBSi2wCYZ4AaABAg	2
Ugy28qb5Fy3ZYih8mAp4AaABAg	2
Ugy1w0W3W31lzezMg854AaABAg	2
Ugy1op0lDY5ViCI2sD14AaABAg	2
Ugy1CCqdby2gSoPjZbB4AaABAg	2
Ugy1C_5VkUbGwweUrlJ4AaABAg	2
Ugy0PU6B2m1VwrW86ut4AaABAg	2
Ugy0OckdL0NnTTdKuWB4AaABAg	2
Ugy0mqZpkmMTkdwu_p54AaABAg	2
Ugy0KSi7hROT4UVc64l4AaABAg	2
Ugy0KrNIL6UePWEM_tt4AaABAg	2
Ugy0BfG-sYVE1ufBDyR4AaABAg	2
Ugy08plUNAhnyVRUNEx4AaABAg	2
Ugy045GnBvYhH4Nz1L54AaABAg	2
Ugy00vUcWb9hxgbfAgR4AaABAg	2
UgxZZMHKVef6w098FVZ4AaABAg	2
UgxZZ-dwv-fphDpuO6Z4AaABAg	2
UgxZW5flmxBz4ir2qRd4AaABAg	2
UgxztQT3C9f_w0jymEp4AaABAg	2
UgxZtBwIiRvbikhezgZ4AaABAg	2
UgxzT2AYEKOwl1YKpaZ4AaABAg	2
UgxzsJriU_l_6PWjHb54AaABAg	2
UgxZRtELhWr8_el1aTd4AaABAg	2
Ugxzr1Z6hzgZpSiCW3J4AaABAg	2
Ugxzq7H5Hf8UWa1LgSp4AaABAg	2
UgxzO-RU2177Qjlej_J4AaABAg	2
UgxZo6AaV_7-q6oV6Lp4AaABAg	2
UgxZlnS9_kk6aFm8LWt4AaABAg	2
UgxZKhiSNj-YBc0i9fl4AaABAg	2
Ugxzk3bbb5YQq-oISPd4AaABAg	2
UgxzJm4iFUfVg8DibxV4AaABAg	2
UgxZelO2o8WywxA07w94AaABAg	2
UgxZDV1z5XHHvqw4lq14AaABAg	2
Ugxz2tFkz2AIn0etH2B4AaABAg	2
Ugxz2g4PwOSYsRVnBQB4AaABAg	2
UgxyZxdRH0Xs3RTkL254AaABAg	2
UgxYVuBx4ZJct28FX054AaABAg	2
UgxyVEUfdWEQSnOeWCN4AaABAg	2
Ugxyv0LEuZdmuCTT-j14AaABAg	2
UgxYuwCuJ7Ogc241hLV4AaABAg	2
UgxySlb4ojluAEz18QR4AaABAg	2
UgxyQ0wMvooqesEHS8V4AaABAg	2
UgxyNOZztLjWsyuf-994AaABAg	2
UgxylPd0ftqvFuqqCBR4AaABAg	2
UgxyKB6YEYkPnBKu0C54AaABAg	2
Ugxy3sNyiG7eJak2e_54AaABAg	2
UgxY1TUPsNCw4xfzQzh4AaABAg	2
UgxY-1m29XTfMtRYBoF4AaABAg	2
Ugxy1GGdw5fw_2iRIIB4AaABAg	2
UgxXyICe7u3f68hYLap4AaABAg	2
UgxxwapXKyX4b9kxCUd4AaABAg	2
UgxXVyj4s7v05eg_lRZ4AaABAg	2
UgxXu9M2DKDxxCXPOqt4AaABAg	2
Ugxxo4l_VeWSF528i794AaABAg	2
UgxxNdu8NWnvle29WQh4AaABAg	2
UgxxN9I8EZ4cGxCt_H54AaABAg	2
UgxXn5M_YuVpTLtAN-x4AaABAg	2
UgxxMPwVDUdvrzBeV3N4AaABAg	2
UgxxiG2n4hcQbWBxwAJ4AaABAg	2
UgxX_FYDygFB0BKe7I94AaABAg	2
UgxXdxkxd2SVsaX0o9J4AaABAg	2
Ugxx_aW89skQojOPW2l4AaABAg	2
Ugxx9dcDnHYc0zVgL714AaABAg	2
Ugx-X7d1CQtZ1Ixy3Zx4AaABAg	2
Ugxx6qFzIj0UzNUfVmh4AaABAg	2
UgxX4bwmiyPmPnoTNOp4AaABAg	2
UgxwYZmHUMiwroWY99Z4AaABAg	2
UgxwynJwhR3dH0C3C554AaABAg	2
UgxWxilDWLPvVlMpJfR4AaABAg	2
UgxwW9IVFIUYWV_AlEV4AaABAg	2
UgxwpkXQciU8Jpxj-Et4AaABAg	2
UgxWPdMKMsH8oXYKKvZ4AaABAg	2
UgxWO6UiBk79AtwA6eR4AaABAg	2
UgxWly30wJ1qXzN6m4R4AaABAg	2
UgxwLstpswyLrWu4UQ14AaABAg	2
UgxWiKr8PNTHw7TcNTV4AaABAg	2
UgxWhDRN_Ecx22Zve-x4AaABAg	2
UgxWb_Dfj6H9w9GB3Dh4AaABAg	2
Ugxw9hewaPAOI34qTot4AaABAg	2
UgxW8D9oEcp1oEfalWp4AaABAg	2
Ugxw86JkZpL3ygI3faV4AaABAg	2
UgxW7xAG8YOtpiN4un14AaABAg	2
UgxW7QC1YNJ_7DPIzTR4AaABAg	2
Ugxw4iHcS8QyC7hPae54AaABAg	2
UgxvzPkg47p8oFVEUyB4AaABAg	2
UgxVv9epF8651jVRWgl4AaABAg	2
UgxVsfN5Av93Hr61oF94AaABAg	2
UgxvRLbcbC9V9BLQBYh4AaABAg	2
UgxvriY-4EJlBx5mANx4AaABAg	2
UgxvKVSzGRHklWqNNMd4AaABAg	2
UgxvE0DtkxjnhLjWHqh4AaABAg	2
UgxVBcg8AY-EG9FZiUl4AaABAg	2
Ugxvb4LplGHpm2iWsAx4AaABAg	2
UgxV8PS-8dyy4IsszCl4AaABAg	2
UgxV79pufJsm8PPZIDN4AaABAg	2
Ugxv6ntIAFN7kBFlrld4AaABAg	2
UgxUy92zp1TzLy1RHXR4AaABAg	2
UgxuWNFPI6FHu95TV4p4AaABAg	2
UgxuwBzOQFjkOPhSchN4AaABAg	2
UgxUvapu-Scalg49WXN4AaABAg	2
UgxUUzqSTIQPV9r6DSZ4AaABAg	2
UgxuTADWIxDQlNp3N9B4AaABAg	2
UgxUswe0Ze_8fchonL54AaABAg	2
UgxURm2BvQmCVPyQNup4AaABAg	2
UgxuQWnYQsZ-ChYY_9x4AaABAg	2
UgxuNXqFUC_aic-18V94AaABAg	2
UgxUNiMwxJiq1AztVql4AaABAg	2
UgxUn5tgOnQ4Bd-xyil4AaABAg	2
UgxuHRvRpN7YUcYh3kZ4AaABAg	2
UgxUFnnwocF2WZ-yf8F4AaABAg	2
UgxuF-Adfaw80OGTGDB4AaABAg	2
UgxuEYwbkuw5xp23bsF4AaABAg	2
UgxUc6meu9-Q4Pg9HLd4AaABAg	2
UgxUbpPahKW8PEHUCvZ4AaABAg	2
UgxUAUut-yH1ooBQHrN4AaABAg	2
UgxTZA7RjtAYtJWvgSR4AaABAg	2
UgxtZ6ZJHaeud9kh6Eh4AaABAg	2
UgxTxuNWmRkRW7m8s054AaABAg	2
Ugxtu6tsHq1g1g36jKN4AaABAg	2
UgxttSEYWK50D30rfF94AaABAg	2
UgxTtqqRYAX4HavIp-N4AaABAg	2
UgxTSQRwQHkR816jkhx4AaABAg	2
UgxTrWkr5SOBYB4L3Xd4AaABAg	2
UgxtR6ScIr0kfc-qrbh4AaABAg	2
UgxTQFI4jRa0LERDFIt4AaABAg	2
UgxtPz1tn5_EKGPXgPN4AaABAg	2
UgxToyenraRrJB4i1Dx4AaABAg	2
UgxTL8iKduJiWqW7mUh4AaABAg	2
UgxTgTsUkZ4z7upQh2h4AaABAg	2
UgxTfL07Olh4jmi4d-t4AaABAg	2
UgxTDejaS4gBYTIr8XZ4AaABAg	2
UgxtCxTD1d2_KhzyNtJ4AaABAg	2
UgxtAn4pehfVLAZfqZZ4AaABAg	2
UgxT4DIg7FX--cvChkt4AaABAg	2
Ugxt2lVLfIeFTi8rUHl4AaABAg	2
UgxT1M5FnvrdCoslZMB4AaABAg	2
UgxT0rJjhJhh0DTeBip4AaABAg	2
UgxT0o6K9RAcDrfvIWl4AaABAg	2
UgxSX12CwhBlcSHdwKh4AaABAg	2
UgxsWDI70konlWCFiTZ4AaABAg	2
UgxSs2Pwu6yoSR1sC_h4AaABAg	2
UgxSrm7Ltxmu4Qe-ZIF4AaABAg	2
UgxSqWCAy8Bagett17F4AaABAg	2
UgxsqHhq3Dg1RZHicMl4AaABAg	2
UgxsqDsfMwBWd3z27Id4AaABAg	2
UgxsqcSPNsK26SQ6Ljp4AaABAg	2
UgxsnGUatPkY5fZbN1Z4AaABAg	2
UgxSn9pe5E0KO-j3cQh4AaABAg	2
UgxSMWrM9KKjGYeVAKl4AaABAg	2
UgxsK3EH2iArvKldVZF4AaABAg	2
UgxShha4kbyvEaruYgF4AaABAg	2
UgxsewzlkIm_xkPEQEB4AaABAg	2
UgxSDZ2-nLLHp-YGeAd4AaABAg	2
UgxsBYFysfEFGi4e4kl4AaABAg	2
Ugxs8iuoXuLSQhxgCbJ4AaABAg	2
Ugxs4wsHax9Ny3lhfhJ4AaABAg	2
Ugxs4-2OdKfm2CRcLnl4AaABAg	2
UgxRukRlgda9yCdNxaJ4AaABAg	2
UgxRuEjgsDUczrOJHR94AaABAg	2
UgxRse0os_xWwVXOpyh4AaABAg	2
UgxrMy-A7kLrAk3qB7V4AaABAg	2
UgxrmCSh4CUeuJKEoQp4AaABAg	2
Ugxri3ixKcagECDIDfZ4AaABAg	2
UgxRf5Yej-zmXgIabgx4AaABAg	2
UgxRcAvvVH36qlx75hJ4AaABAg	2
UgxRBidv5RoyiYjuY9x4AaABAg	2
UgxrAZTx_L1ff5lBgKV4AaABAg	2
UgxR9QxKHgoOdR5zvWp4AaABAg	2
UgxQWotOOjLCYAb5CgJ4AaABAg	2
UgxQpWk1Q-yeQ3TcVPd4AaABAg	2
UgxQOBE1k9ul7cqojgx4AaABAg	2
UgxqjAoOutqLHTEXg794AaABAg	2
UgxqDN-xPS-9uTBA92B4AaABAg	2
UgxQD_C8aJzSjnSJyDh4AaABAg	2
UgxQbGpLC1GlZrEgwCt4AaABAg	2
UgxqAh2CMRWvT3X501x4AaABAg	2
UgxQ9yj4JiQwJnhGxCJ4AaABAg	2
Ugxq3PGq4_u5guX5byt4AaABAg	2
UgxQ2MZNgPH2-mZG4kR4AaABAg	2
UgxQ0rBQ1XHuuB-hHHN4AaABAg	2
Ugxpzvl_MA_2JHSb9tl4AaABAg	2
UgxpyehOVO_UZ_CEQCJ4AaABAg	2
UgxPwxxzGADxS0QLNEx4AaABAg	2
Ugxpv1AfMXaLAHf19fN4AaABAg	2
UgxPuD6syMmMwNaK4NV4AaABAg	2
Ugxpu7x2lb3X7osixBh4AaABAg	2
UgxPsrk6d_FBBLWINfh4AaABAg	2
UgxpPyXHQnh728xOCKx4AaABAg	2
UgxPiE5Rw3zYo6w8Bf14AaABAg	2
Ugxpi4PrfFPHQXRjjPJ4AaABAg	2
UgxpFPF4svDkO4bW3tl4AaABAg	2
UgxpDXCS7Rvh2BN3YgR4AaABAg	2
UgxPdHRNGyNPcak_qtp4AaABAg	2
UgxPCxESFnf1qBGW94t4AaABAg	2
UgxPcCdASeEy4JwnIF54AaABAg	2
UgxPAW4TSQ4zEY-A3ll4AaABAg	2
UgxP1IKlHTZOJCPqMUB4AaABAg	2
UgxP125PbfjQELykWb54AaABAg	2
UgxP0MmwQeuDtiY2zop4AaABAg	2
UgxP0JjZ9M66OpM8Fz54AaABAg	2
UgxozY9yp-o51WWIlNp4AaABAg	2
UgxOw9_QcPlQvFKSUrB4AaABAg	2
UgxOt2r7CFblRHGXBJB4AaABAg	2
UgxoSTYLlMrb9Zyk7514AaABAg	2
Ugxo-sk4wiqUuZnxRqZ4AaABAg	2
UgxOrm3iqvg8PH9rXm94AaABAg	2
UgxoqsBJvFhbjn--gcJ4AaABAg	2
UgxOOs7G1FlbBFBwvO14AaABAg	2
Ugxoo4GznC9PrCDpHbZ4AaABAg	2
UgxoMwcR8WMPvew8bEV4AaABAg	2
UgxOM8TR21VEFIjnt-J4AaABAg	2
UgxOlcREsSVCndvWmHd4AaABAg	2
UgxOh8Lg4bM8Vk4tj5B4AaABAg	2
UgxoG46lQ4zIRpf8vBB4AaABAg	2
UgxOcRZp8xXtGenMYHZ4AaABAg	2
UgxOAAxVcJQoEBU98bp4AaABAg	2
Ugxo6GMFg_Nydq5fq7d4AaABAg	2
UgxnYcv5GFLqnMm8d1x4AaABAg	2
UgxNxUxDTyBMeWyqjDR4AaABAg	2
Ugxnxo8_Db1EzPOiaN94AaABAg	2
UgxnXb1fWC5FOBIWbWh4AaABAg	2
UgxNv6cC1SdQMy_Maod4AaABAg	2
UgxnsznukQiMDF-CqTB4AaABAg	2
UgxnSQjpeeZfFZbV0px4AaABAg	2
UgxNQwFTETTkA1oEhFt4AaABAg	2
UgxNqveizYbljt3uqlF4AaABAg	2
UgxnNn53vOdxjdd4jbV4AaABAg	2
UgxNgysJGBFr2_H8hNh4AaABAg	2
Ugxngx8eTrlyL2-tqtV4AaABAg	2
UgxNGT_zbg6Uoy4c0c94AaABAg	2
UgxNbpJDyiG6TDHIGaZ4AaABAg	2
Ugxnb6MFSWGdu4l0_iV4AaABAg	2
UgxN9NLCsZ2PjTONJv54AaABAg	2
Ugxn8VYrFLpfOCdxCl54AaABAg	2
Ugxn3rCuCuyEiNFf3bh4AaABAg	2
UgxmZvLNHWzvqfHacHB4AaABAg	2
UgxMhltsC3JbBSnODmR4AaABAg	2
UgxMdEvgzzuoEGXd7yN4AaABAg	2
UgxmbANXo_0uWdJHUs54AaABAg	2
Ugxm7xURmyo7zVbXO014AaABAg	2
Ugxm3Q3rI94rCSZUZRt4AaABAg	2
UgxM1OONnKrK4f81t0h4AaABAg	2
Ugxm0Rt2n_wes0lf3dV4AaABAg	2
UgxlWvS-Fa5aitajfJp4AaABAg	2
UgxlWQbqc-cPwEJu8YV4AaABAg	2
UgxLS7Hc2YRh1BkVLKd4AaABAg	2
UgxLrgrp8jw6eSP3s0h4AaABAg	2
UgxlR8xUT4qWY1hU3094AaABAg	2
UgxlQuSPx95V8bdNr-94AaABAg	2
Ugx_lq5WUnNDvBKI6kR4AaABAg	2
UgxLovLJEqALmaMWyOd4AaABAg	2
UgxLMkSDsDW8QZAlD2Z4AaABAg	2
UgxlIAXJWDg7qpa-G6R4AaABAg	2
UgxLGsjNI25hYW0kBlN4AaABAg	2
UgxlgCUL9S15VLMbiw94AaABAg	2
UgxL9qMovlx_Pbenkhp4AaABAg	2
UgxL9H1m6sPOY4_3Smp4AaABAg	2
Ugxl9Di2qug1bUwBUkt4AaABAg	2
UgxL7hm3ApSY9r63U-l4AaABAg	2
Ugxl6n8DOe1T1pquGMh4AaABAg	2
UgxKxxBi1nwaE9VjHep4AaABAg	2
UgxKXWYpjHxl_3Gca1p4AaABAg	2
UgxKvY-nsEeVZgovO3B4AaABAg	2
Ugxk-uR-PFpxmbQ5suN4AaABAg	2
UgxKuF8Xsm3s9b-jXZx4AaABAg	2
UgxktkjW-xEL0-8p3LB4AaABAg	2
UgxKMsu8tbkAj50_jLZ4AaABAg	2
UgxkljpxlZrYEFw6-f14AaABAg	2
UgxkLhZkXVkhT0f-tox4AaABAg	2
UgxkGz5OFGvWa0bZ4bl4AaABAg	2
UgxKGfVze7t9RqzBBAl4AaABAg	2
UgxkfT1BMPtdS6HfL6p4AaABAg	2
UgxKfQwEYMLQLvIW1DZ4AaABAg	2
UgxkCsPveCfIpn6IfN94AaABAg	2
UgxK8aPkDeGTatUz3454AaABAg	2
UgxK5zHrvxUjYDzJzXV4AaABAg	2
Ugxk5F7L2cr6v48b64J4AaABAg	2
UgxJXKD84x793b7KpZh4AaABAg	2
UgxjSNmWn-d-ONf4g614AaABAg	2
UgxJRkQGhzEOIB2S72B4AaABAg	2
Ugxjr7oOSUPZKPo8en14AaABAg	2
UgxJR0_lDK1WGX92CyV4AaABAg	2
UgxjpHakBm3Pui3zyGl4AaABAg	2
UgxjNxhg7IbJErqgY314AaABAg	2
UgxJNSqu9w-z-2ITPuR4AaABAg	2
UgxJKlOab-KODQdesLl4AaABAg	2
Ugxjgrt83_TMZVN59M94AaABAg	2
UgxjFIvmC36TTqLx9LZ4AaABAg	2
UgxJDzCsngzyArWtL-B4AaABAg	2
Ugxjbf6LIELcrb-3clZ4AaABAg	2
Ugxj2zY5252FMrb3FMd4AaABAg	2
UgxIZ6f24jQSy-RqFrF4AaABAg	2
UgxiWAiceQ9NHMf_GW14AaABAg	2
Ugxiw1eTnz6uxr4ote94AaABAg	2
UgxivutLbia8mMIx7XV4AaABAg	2
UgxiUK6YZ68SL2wStvB4AaABAg	2
UgxiUhLCjmK7a7aeKnl4AaABAg	2
UgxIS30PEiPkKW-08J94AaABAg	2
UgxIRZZjJAF33ene_zZ4AaABAg	2
UgxIO30UsX-j_e9y6t14AaABAg	2
UgxinWzhjc_sEpODIkh4AaABAg	2
UgxiLJK1YKZLjIFe85R4AaABAg	2
UgxiIGjVAox7LNuJjXx4AaABAg	2
UgxIGYDB1GuZJvbZ6aR4AaABAg	2
UgxieVK-eAN6JrukjSB4AaABAg	2
Ugxi2fydmtSjRtZ_-Ad4AaABAg	2
UgxHyYArgHSp-cqsPwx4AaABAg	2
UgxHwlxtTBrSfMwH-fJ4AaABAg	2
UgxHWBZ-ycYS4Wcb1Kd4AaABAg	2
UgxHW6Il8HcRjF3ZQSJ4AaABAg	2
UgxHuXFnArl24gtMD4h4AaABAg	2
UgxhS0Lkrha3wTiQf254AaABAg	2
UgxHovb0Dw2J7JixOCJ4AaABAg	2
UgxhoqA6VrFNca31Yox4AaABAg	2
UgxhlN3cceEwtjpuCVh4AaABAg	2
UgxHKqm3u929CVp2KMN4AaABAg	2
UgxHHYd4Syf_ZArKNCx4AaABAg	2
Ugxhg-Wb6O2IsqS9oqx4AaABAg	2
Ugx-HgsxR0X5KkRacUN4AaABAg	2
UgxHggjHNYeQBO7rPL54AaABAg	2
UgxHG0YiZrx4iECst2N4AaABAg	2
UgxhFpz4wl2a-QPhGFN4AaABAg	2
UgxhEEyyCGBSl15eZTV4AaABAg	2
UgxhaNtd6TH4UaKXlsB4AaABAg	2
UgxH95WXtHUaZs3rwR54AaABAg	2
UgxH5vA_xmGDv5_L6-R4AaABAg	2
UgxH5JVhNEACfKJ9TP54AaABAg	2
Ugxh3A3-CiElbSYITpR4AaABAg	2
Ugxh2A-hEKoJVlLDwMF4AaABAg	2
UgxgxvH2mpezSYAb9DF4AaABAg	2
UgxgWaVl1CvV_0pealN4AaABAg	2
UgxGm6ujUDeepzle3r94AaABAg	2
UgxG__JOwz9fQLB3oIN4AaABAg	2
UgxGJ8A27B91lDz8YHR4AaABAg	2
UgxGJ301-Sqjh4NTP_14AaABAg	2
UgxGhUucjljJ1SkUhuJ4AaABAg	2
UgxghDnbCcr7GHg1Ydh4AaABAg	2
Ugx_gH7fLareg7K3LVB4AaABAg	2
UgxGEhKRIAA9Th83wHV4AaABAg	2
UgxGd9npFiFZ1QaCJaN4AaABAg	2
Ugxg2gsDzL6IBwlp2Zx4AaABAg	2
Ugxg21KUhvi_Up7zk1J4AaABAg	2
UgxG1J2cbXFirjCGsfh4AaABAg	2
UgxFYaL07LTFtXs-ORh4AaABAg	2
UgxFuwvdbx9OUpDEzRZ4AaABAg	2
UgxFukea9T6m0SNCOut4AaABAg	2
UgxFQdWT4ltEM7xr5Ax4AaABAg	2
UgxfPd5zjR9icVXsr8l4AaABAg	2
UgxfNAl-7fMzVeAoWXx4AaABAg	2
UgxFMz-VPl92qcuZj3Z4AaABAg	2
UgxFLxGXyyGbOEV9LCt4AaABAg	2
UgxFKAKXdHKD-uR8CnN4AaABAg	2
Ugxfe8rH_QyzJdf4KwB4AaABAg	2
UgxFarfqKpd5hhwtwr54AaABAg	2
Ugx_F5Qx9mjzslstTUR4AaABAg	2
UgxExKaTWXllZuvJhXl4AaABAg	2
UgxEVQiQNuINXZnrru54AaABAg	2
UgxEtkBDeif1Uo-MxP94AaABAg	2
UgxEq4MMpx3nCHgOZLF4AaABAg	2
UgxeoouEzDitjPGqwT54AaABAg	2
UgxEnpx-EOxlmHTDBup4AaABAg	2
UgxEMMQ8Wra4dGglj794AaABAg	2
UgxEKsWhE7KpWSVM_IB4AaABAg	2
UgxeJbPt7nn1Ap04gbp4AaABAg	2
UgxeIEg1rPgYbAzel4t4AaABAg	2
UgxeI4ajGvty-dcnzRx4AaABAg	2
UgxEHZd9CP95ksIpoyl4AaABAg	2
UgxeHvOPaoxR_c657i14AaABAg	2
UgxehNwNvHqm2Iq3wBN4AaABAg	2
UgxE_FjUhrIHtx788Gt4AaABAg	2
UgxEbKEBnHsi28TUuxd4AaABAg	2
Ugxe8cP12Rt6Otlbq-d4AaABAg	2
UgxE4IXtTASuqlu3A3p4AaABAg	2
Ugx_dzvjbt1XwLVDDGZ4AaABAg	2
UgxDwdEUxm3nT8m5plx4AaABAg	2
UgxdVzXchDkYkkO0Z_N4AaABAg	2
UgxdVQGUcZzSlNAhy1x4AaABAg	2
UgxDTrFOD04O3i4LgdF4AaABAg	2
UgxDR2znCKbIJoTOFo54AaABAg	2
UgxDqCLC-gs9QGRdDXd4AaABAg	2
UgxdQcK6lI-LLRKYfjR4AaABAg	2
UgxDLMqZwBvF_MHfOhB4AaABAg	2
UgxdKxH7Y6iyJWiuOvl4AaABAg	2
UgxDH2975vyB9gSTPp54AaABAg	2
UgxddxFcZSwZMx4lzlF4AaABAg	2
UgxdDw4Phiy9cMRFTeN4AaABAg	2
UgxDDbejFbAcmpA1_zh4AaABAg	2
UgxD8kxd_AWz7s8Tsot4AaABAg	2
UgxcxXHVFvjydiRu3-p4AaABAg	2
UgxCVja0DRnemd8yNi14AaABAg	2
Ugxc_v4aYW_tAP0oFN94AaABAg	2
UgxCUnf6wQEHIWqCGK94AaABAg	2
UgxcRrpX88wHX18t41h4AaABAg	2
UgxcO-_dRCT49UVRpGZ4AaABAg	2
UgxcM5MFHIhNogYUual4AaABAg	2
UgxCjU0HQ_PqajR4vGZ4AaABAg	2
UgxcJlwcE69J7GAIUTx4AaABAg	2
UgxcFGeboLVtA19ARYB4AaABAg	2
UgxCDuG-8UuF4yCAc754AaABAg	2
UgxCCsXFqBqH6HSOp3t4AaABAg	2
UgxCCsxFByI1PhuBUYR4AaABAg	2
UgxCC8Fa0Dva2yXUo1Z4AaABAg	2
UgxcC7oavIopsd1etfl4AaABAg	2
UgxcbuMzWxQEpa8cx4F4AaABAg	2
Ugxc5V_TMqboCB8OOmN4AaABAg	2
Ugxc4qbmdwwamjnlnVp4AaABAg	2
UgxbUC2DoOmiPx4CZrJ4AaABAg	2
UgxbUAG4SkzumKXsBq14AaABAg	2
UgxbsYJcziKLmm8SPch4AaABAg	2
UgxbSorflIhvL2oTCrZ4AaABAg	2
UgxBRhUI_6W36hWwntN4AaABAg	2
UgxBrftxCIg5PFdgWpZ4AaABAg	2
Ugx_BOrU2rSt-agobnl4AaABAg	2
UgxBL5zoQp2wbgR__Q14AaABAg	2
UgxBgACctHWRMUUCI7p4AaABAg	2
UgxB-CIJiM4orcOnJZV4AaABAg	2
Ugxb9zKE94b3A-CT7jt4AaABAg	2
UgxB8GhCobNcaSpm9654AaABAg	2
Ugxb3_OnnXLY5ZMYO0F4AaABAg	2
UgxB1LcyoOs7HpOj1W54AaABAg	2
UgxB1jzHmqkPX1hzPSp4AaABAg	2
UgxazRkMfJwGJ7cKNqd4AaABAg	2
UgxaXmxa7XQc5afXgUh4AaABAg	2
UgxAwpPWQlJJZ-ILkH54AaABAg	2
UgxAWKDGcavDGdym3SN4AaABAg	2
UgxaSza5VjaBKfPUQr14AaABAg	2
UgxasILQI19qXXThHX94AaABAg	2
UgxaqUW4JJi54pbl57N4AaABAg	2
UgxaoX5qyXjN0PwfVCp4AaABAg	2
UgxADZTp92J1okGuzwt4AaABAg	2
UgxAc6xB4P0zp8hNP5J4AaABAg	2
UgxA_AC04UcA4zeCgO14AaABAg	2
UgxAAal6ZeS_VzYkZ1N4AaABAg	2
UgxA9Y_VjE5wMuyqhw94AaABAg	2
Ugxa868bKjF_MsxaI3x4AaABAg	2
UgxA1mytPtR9wJRgcFZ4AaABAg	2
Ugx9y1mjqgl-RY2V6rl4AaABAg	2
Ugx9wakXsojPZ016RgR4AaABAg	2
Ugx9T47vYHn3HtTsGtB4AaABAg	2
Ugx9o89_KOFyumxMTOh4AaABAg	2
Ugx9NQZSpcpblG2GUzR4AaABAg	2
Ugx9MOvxlJp3K6ut5ZR4AaABAg	2
Ugx9MDYzzIU1ACd-Fzh4AaABAg	2
Ugx9h2OTs6SpTNE-b6x4AaABAg	2
Ugx9eEz1a3n-bg0pmDl4AaABAg	2
Ugx9DrIIS8GcI9y6e754AaABAg	2
Ugx8kYHOJU3he1I_BF14AaABAg	2
Ugx8HpMykVI2D6bQMgV4AaABAg	2
Ugx8AAhCtxpc3XdyDrp4AaABAg	2
Ugx88nArFlJk0s4fRzZ4AaABAg	2
Ugx7SpIp42OWTO4M8MN4AaABAg	2
Ugx7SN5qVgE1Sx-xeZN4AaABAg	2
Ugx7rgHJ7-WAQE1pSax4AaABAg	2
Ugx7qC4bNyHTt-utm3d4AaABAg	2
Ugx7-Q5JE0N8rZIxruh4AaABAg	2
Ugx7PlQG5qqu2wslyAd4AaABAg	2
Ugx7axcUPmVbX1yVLAd4AaABAg	2
Ugx77nkPQ8QiPJ9b7oF4AaABAg	2
Ugx70FTN3nvOcNu7KBd4AaABAg	2
Ugx6Yf_rwh4iI_p3vwV4AaABAg	2
Ugx6ToLqSd2R05-W-x54AaABAg	2
Ugx6syOzMYT7qfuUjt94AaABAg	2
Ugx6lFIiqmUxDSpmJrx4AaABAg	2
Ugx6GNNWQdxU6tCnVgd4AaABAg	2
Ugx6Fj8zYxYhOopn2jZ4AaABAg	2
Ugx6f6iFK9dsqnylpsh4AaABAg	2
Ugx6dM_ux53xLu3ueKh4AaABAg	2
Ugx69L7lUz7dFyHYSjF4AaABAg	2
Ugx5SKzs77XL3pkYnwN4AaABAg	2
Ugx5hFNYpmceAfiCb9t4AaABAg	2
Ugx5D3YjPTNgvSI4_u94AaABAg	2
Ugx5chZLFb55WiBmuvx4AaABAg	2
Ugx5A-TS7TU0GGPskDF4AaABAg	2
Ugx5-2xTN1Sfs_tyzKF4AaABAg	2
Ugx4w20CH51T7_kqclt4AaABAg	2
Ugx4pbgxAiiRSIkusp94AaABAg	2
Ugx4OVPhVfYgUz-ecDx4AaABAg	2
Ugx4n9pXy7wS0IYdj2x4AaABAg	2
Ugx4MSk7yfJOhRQihZJ4AaABAg	2
Ugx4IRWYiQadluLTa9J4AaABAg	2
Ugx4IFhJZu-JQM3T0_d4AaABAg	2
Ugx4G5QdelGcW_rCu9J4AaABAg	2
Ugx4B2kmLnJ1yUuenDZ4AaABAg	2
Ugx46ZNIaDD5-XBe5px4AaABAg	2
Ugx3vg6FPlb3c6arkwV4AaABAg	2
Ugx3tS5yqn7N3B5wq5N4AaABAg	2
Ugx3ScfmwnUQAD5tOdN4AaABAg	2
Ugx3PlJBlc5VD_xgz1F4AaABAg	2
Ugx3jimQuTo-7IcrDQh4AaABAg	2
Ugx3ENjqdC9X5TzlMVh4AaABAg	2
Ugx3BZ6DC_z3lEBO3hh4AaABAg	2
Ugx38EOlK7CBFMdy60d4AaABAg	2
Ugx36zslpr4cOJoT4Tx4AaABAg	2
Ugx3131xMDtzUMIGj_94AaABAg	2
Ugx2XVcSJerOWLQFE4p4AaABAg	2
Ugx2xogS7K_s8R-Fs-Z4AaABAg	2
Ugx2WcY7Tos1ri_079B4AaABAg	2
Ugx2vfg8E_r64NlMPNd4AaABAg	2
Ugx2OKSwhQJPTUw2wpV4AaABAg	2
Ugx2M_wfhNoq0I6ABpV4AaABAg	2
Ugx2kPi9Kjl1iEEhOip4AaABAg	2
Ugx2J5wZ0M3XUSmBWjF4AaABAg	2
Ugx2-dEb1-NL4qhleFF4AaABAg	2
Ugx2Baq7A4V5XcjvHdB4AaABAg	2
Ugx2ANLRJz6_eOI6br94AaABAg	2
Ugx24-7yoPapeBUWh9x4AaABAg	2
Ugx22990Eg8YKxeDhCZ4AaABAg	2
Ugx1wgEs7oyxMqst7cV4AaABAg	2
Ugx1pEV0NdcVLRwiK8Z4AaABAg	2
Ugx1mGmn6OrBcWq0eTh4AaABAg	2
Ugx1lmtLQ8Ng8Z6B-hJ4AaABAg	2
Ugx1G54DkSNe-RF2Wb94AaABAg	2
Ugx1fnHV__T5zJttx254AaABAg	2
Ugx0Z1YtfSS1Go3QsKV4AaABAg	2
Ugx0tTf_gWYF1yoCaTV4AaABAg	2
Ugx0Op6LbLPUqb10B8V4AaABAg	2
Ugx0nonggXNpuDnBk1l4AaABAg	2
Ugx0EdB9ajeeujMK8H54AaABAg	2
Ugx04-nD8W2GHxJ1fGx4AaABAg	2
UgwZZnVVv7XVfZWGpxF4AaABAg	2
UgwZzHSIHBjXKXS1EXR4AaABAg	2
UgwzXEvDfI77uBePGoF4AaABAg	2
UgwZVwh089tuy7BHHPJ4AaABAg	2
UgwzTC98eM-kRTodyIt4AaABAg	2
Ugwzt9IF46EEqmvDRix4AaABAg	2
UgwZRaKpDIptHR7Bk4R4AaABAg	2
Ugw_zQUycWkaKnoDGQB4AaABAg	2
UgwZqCU4sj-_7_y_vJ94AaABAg	2
UgwzqCfI5yjq22cuf2t4AaABAg	2
UgwZp9ycKXYkPwYy-Ut4AaABAg	2
UgwZMJ2NyHtJcRN74np4AaABAg	2
UgwzLxn5fkE5Y1kMM2F4AaABAg	2
UgwZiN3rQqtdXE2lztt4AaABAg	2
UgwzgkiGYNcgGaPguzV4AaABAg	2
Ugw_ZF4Hqfqxq_inRCx4AaABAg	2
UgwZeDg4gYpeGUywqk94AaABAg	2
UgwzdW1MaGaKXowxrf14AaABAg	2
UgwzDuM89P9sA0qm1t14AaABAg	2
UgwZCLUYjhpMa1Wnb8p4AaABAg	2
UgwZAVAu2Qr1UxG5caZ4AaABAg	2
UgwZAtUccJZrIxlwYMB4AaABAg	2
UgwzAKXNtwVNtq4KhUx4AaABAg	2
UgwzAc_gyRKMv-keU_V4AaABAg	2
Ugwz8eGor7Y_eTiuJ154AaABAg	2
UgwZ7WR0rA3Y3zJH_Fd4AaABAg	2
UgwZ4C6jrePQZRqQRP94AaABAg	2
Ugwz2DLfUaU0PfZcQVt4AaABAg	2
Ugwz29P1QHmmeDKySth4AaABAg	2
UgwYwPIVxfevEAITpml4AaABAg	2
UgwYVps1_WsKTK_6l8N4AaABAg	2
UgwyVdMZZJxn0Uler5V4AaABAg	2
UgwYV9n57VAQt5xKwFh4AaABAg	2
UgwYuu2J-fyU5wqCqR94AaABAg	2
UgwYtxQ-ahSf4L_8XB94AaABAg	2
Ugwyt9CKyia6KrX2o854AaABAg	2
UgwYRfDWRt6NbMm7lU14AaABAg	2
UgwYq162w1Fo1QHcv1x4AaABAg	2
UgwYq10kmetb_UzdgRh4AaABAg	2
UgwYOJmMV27Fi82fmJ54AaABAg	2
UgwyniVjkNJsn5Uh0Ux4AaABAg	2
UgwyLB8dTWQr1uuHSIx4AaABAg	2
UgwYJxIavL98fNW2IeN4AaABAg	2
UgwY6hcpvcFNCdFypSR4AaABAg	2
Ugwy5ytI8vJ22Acjuzp4AaABAg	2
Ugwy3A7mABc7Be1rz654AaABAg	2
Ugwy2SmC1UGLGfOqkhV4AaABAg	2
Ugwxz_LBEmEVBECGabV4AaABAg	2
UgwXVW1abmOTv0kxIGh4AaABAg	2
UgwXuWdFbsZQbK9ObKN4AaABAg	2
UgwXsvixBoZ5F4In_AR4AaABAg	2
UgwXQVti3kpG600cGfh4AaABAg	2
UgwxpnKUB4D5OflHrLd4AaABAg	2
UgwXpDSsVxoUWtRTSlZ4AaABAg	2
UgwxNCNl3Aj4WPhRCF54AaABAg	2
UgwxlBkyoFr9o2DDal94AaABAg	2
UgwxLbeWCVq0V6xfkP54AaABAg	2
UgwxBTK0PTVzJd-BpcR4AaABAg	2
UgwX8b4UBnPk2fZNKXd4AaABAg	2
UgwX4AvtrEiIhWk7YGF4AaABAg	2
Ugw-x1DCZmmMJacpVAp4AaABAg	2
Ugwx0tYsfGw23jgb3I94AaABAg	2
UgwwxdjtYofmSL115VZ4AaABAg	2
UgwWws1npGnU6WX9yr54AaABAg	2
UgwW_U2SQN1nfNtcWMV4AaABAg	2
Ugwwsjo46jb2Yu-KsKd4AaABAg	2
UgwwqTPWJ__XYnQD_1R4AaABAg	2
UgwwmtKMCPpPNryyOUt4AaABAg	2
UgwWLxn401pDPDCe60l4AaABAg	2
UgwwIoXIYqUfbbxvvDd4AaABAg	2
UgwwgWBn7iRYWXwXwE94AaABAg	2
UgwWf2xjn-674bo1zHF4AaABAg	2
UgwWEnuxhnbFie-omQt4AaABAg	2
UgwWdMuhsuEKZIQsq_l4AaABAg	2
UgwwdlWdNGWNQYIWW1B4AaABAg	2
UgwWbvn9kQeLqxTl8sp4AaABAg	2
UgwW6UxLPFt3bMlBkTB4AaABAg	2
Ugww5TkaLcvhX4MXqvh4AaABAg	2
Ugww57FNCKMzrxIouDJ4AaABAg	2
Ugww2OZc8w4hjxzh2yB4AaABAg	2
UgwVWi2Vrtgb0wUKTU94AaABAg	2
UgwvVrYPqMm3BTaufIt4AaABAg	2
UgwvuHreKnXAaIJ9K414AaABAg	2
UgwvTck2dv8TNxUQPfV4AaABAg	2
Ugwvt8HG9oB4FNwWIEx4AaABAg	2
UgwvQMqa4_jGMjYlDcF4AaABAg	2
UgwvNcQ6_acwjz8F_454AaABAg	2
UgwvmBnrVuIaX7bFtj54AaABAg	2
UgwVJA7eJhRbdNTqQX54AaABAg	2
UgwViWnei4JbUz0i3154AaABAg	2
UgwvDz2sJw4XNThxffV4AaABAg	2
UgwvdYcjr6Z3SHKVBnl4AaABAg	2
UgwVdlasV64oYT8pNlh4AaABAg	2
UgwvAt_zbE8uHzkw8Wh4AaABAg	2
UgwUyYRjmaPODpRKAt14AaABAg	2
Ugwux_E4yOJZ5BV97tl4AaABAg	2
UgwUWJldcxH42Um8T-R4AaABAg	2
UgwuuNWGNqCoNuopEPp4AaABAg	2
UgwUt4m89swQPsdor514AaABAg	2
UgwuslA2Rn8fnlEg6MR4AaABAg	2
UgwUrVwhWZ7TF-dgLUt4AaABAg	2
UgwujuZoHKtUG2jRrop4AaABAg	2
UgwUjHpFrxgMZpwjOgN4AaABAg	2
Ugw-Uf1BMU2TrpShI_R4AaABAg	2
UgwUcQ0BB6q3pu6eBll4AaABAg	2
UgwucdojeX-4dA2IxlV4AaABAg	2
Ugwu6obtViIojdikzFZ4AaABAg	2
UgwU3xJmTKybcoZt44N4AaABAg	2
UgwU3-WvpJgqJZzeA9p4AaABAg	2
UgwU1mFp4fq2M5t2F0F4AaABAg	2
Ugwu0AfuFLX0JOTwn994AaABAg	2
UgwtZAWs-iEKYg3WgXl4AaABAg	2
UgwTyuDigJOxxQU6mst4AaABAg	2
UgwTyQf5OD3XygKVggB4AaABAg	2
UgwTRX6wTEIS7VvLtnN4AaABAg	2
UgwTRMU1r4o7VTAvm3h4AaABAg	2
UgwTPRieyamFY-QBwgt4AaABAg	2
UgwTPM7D7Hbr0mnuzt94AaABAg	2
UgwtoeWE8_wNtKxlu-B4AaABAg	2
UgwtLCBbVj7oQDWVTs94AaABAg	2
UgwtkrGy5AtBAExyJvJ4AaABAg	2
UgwtKNrXouryQT_2tBV4AaABAg	2
UgwTJb7bOJMJFQ1S6hF4AaABAg	2
UgwtifRJOhQiuFMKzt54AaABAg	2
Ugwte0oZlHVN5id0YUh4AaABAg	2
UgwTDZ0rs8WCiHob_114AaABAg	2
UgwT9x6q-9JZlP4s4Ep4AaABAg	2
Ugwt92BFq2UvACf77y94AaABAg	2
UgwT8S0nzzhahXWCvnJ4AaABAg	2
UgwT6jvHyiI8IaJZ5CR4AaABAg	2
Ugwt12yRlAj8CQpeJVV4AaABAg	2
UgwswKrLBH94imarbPZ4AaABAg	2
UgwSwKNRpK7NH55fxWd4AaABAg	2
UgwSQdYfx1mAC8HUiN54AaABAg	2
UgwSl8Zke0f4DZeH2914AaABAg	2
UgwSl0vcYwqEOUZWO8Z4AaABAg	2
UgwsKhv-PK_XBbEaui14AaABAg	2
UgwsevfO0K0EVKNGFtp4AaABAg	2
UgwsCBKyLXznNfia-q94AaABAg	2
UgwSb6VGOC6JIyJZbIR4AaABAg	2
UgwsAOEkU1Io0a9YRBN4AaABAg	2
UgwrXzL59fJThO19Lot4AaABAg	2
UgwrvKcvZrSx5KC4iL94AaABAg	2
UgwRUQiNutYTQd_Stpt4AaABAg	2
UgwrSB4s3ncl64pyazl4AaABAg	2
UgwRReSRliuKn_BqOEZ4AaABAg	2
UgwrPi4J36oQUB3ZBKd4AaABAg	2
UgwRp2ne0SMNt1DC70x4AaABAg	2
UgwRn7muqcrS_RwClNp4AaABAg	2
UgwrKunBtpl4QSy--UN4AaABAg	2
UgwrKP4bp3Qb7yZEzLV4AaABAg	2
UgwrHJ4LxuZvyhnLlS14AaABAg	2
UgwRhBKwYDYEog-P8iB4AaABAg	2
UgwrFOchTNzFtQ4o5AV4AaABAg	2
UgwRbQxvTT_RSOuJ5bd4AaABAg	2
Ugwr5tYSPTGNjOZP7U54AaABAg	2
Ugwr3_djIR1u9BkcE7V4AaABAg	2
Ugwr1zMIshrPc7ulDeR4AaABAg	2
UgwR-0wWeHFyjERKAix4AaABAg	2
UgwQUdOSzTBVY-OzUg94AaABAg	2
UgwqTCbU3wd0Nt8sDvt4AaABAg	2
UgwQqpP1LHYl5J1Hw3F4AaABAg	2
UgwqoBcv6CieCkj2TxV4AaABAg	2
UgwqnihV2z6n8SEFiet4AaABAg	2
Ugw_Qmuto0keQfgJlIx4AaABAg	2
UgwQmO1lBLBi3r-14q54AaABAg	2
UgwQLZCizSUc-I-dFqt4AaABAg	2
UgwQixwGdodQTFaSpWB4AaABAg	2
UgwQHLvbDTXxml9n4sV4AaABAg	2
UgwQGaDRNSQyWAPsDwR4AaABAg	2
UgwQeXfKDQnGy1-B7n54AaABAg	2
UgwqebAeDi8hc0QiISV4AaABAg	2
Ugw-qdEse1FrYPpEJvl4AaABAg	2
Ugwpzli-qKucARJ0SK14AaABAg	2
Ugwpy1mRsId1bGFf4KV4AaABAg	2
UgwPWG6GUFrGqe-bYKh4AaABAg	2
UgwpV8O_07JmsX4a4UB4AaABAg	2
UgwPSFjRobt_UADBviZ4AaABAg	2
UgwPQELV7J1LZd7vi6N4AaABAg	2
UgwplaaTe4fQhEs_pOZ4AaABAg	2
UgwpG1rA6GH9920qeKp4AaABAg	2
UgwPcwSfozMwhac5Kn54AaABAg	2
UgwpBRnS0i00k46Y2jZ4AaABAg	2
UgwP9w0Behfmxi1m3Zd4AaABAg	2
Ugwp7_yA3ialzG3CxNZ4AaABAg	2
UgwP5yvrWYd3eaD91g54AaABAg	2
UgwP5QzBbv_PcamSrDV4AaABAg	2
Ugwp4Z1UDP8ZNTn3Pvt4AaABAg	2
UgwozBke0fM5fImEfXB4AaABAg	2
UgwowOqpH9kFoNm31qd4AaABAg	2
Ugwow_fj_RiRTHnZfIJ4AaABAg	2
UgwOVOw5pwT6EkwuotJ4AaABAg	2
UgwOsfMCV_WO7gEB-Gh4AaABAg	2
UgwOsDjw1uLrPwc24gx4AaABAg	2
UgwOQaZgYPEWsGHPzop4AaABAg	2
Ugwo-OyYwpBimw3Ge2F4AaABAg	2
UgwombLJUPYt4crUizl4AaABAg	2
UgwoLVlLSWL7nT1sJF14AaABAg	2
UgwOJ75IWGH1v2xfNsp4AaABAg	2
UgwoGmIgXwMwWWtCLCR4AaABAg	2
Ugwog0S5zW9boAN9ilR4AaABAg	2
UgwO-CMVGKP0up3uQ3R4AaABAg	2
UgwOBgrEY8wlcb-aich4AaABAg	2
UgwoAq-SXORxGk1z1ER4AaABAg	2
UgwO7LXRwPFXgVtGPIF4AaABAg	2
UgwnxrOca0bi1yP-6H54AaABAg	2
UgwnW4S_-4Cbe2_txkB4AaABAg	2
UgwnUtKzgPj9WS1C8JN4AaABAg	2
UgwNuqKGeohGMUhdRVB4AaABAg	2
UgwNrQjAUdPPXEZ86Kl4AaABAg	2
UgwnqomGy6b2B0OqTkV4AaABAg	2
UgwNNt-waaO3vHdGcL54AaABAg	2
Ugw_Nk2mK1w11tXBgb14AaABAg	2
UgwNikIxceJ0uTN0PxB4AaABAg	2
Ugwn_H8fPepdK48NqTh4AaABAg	2
UgwnD6Yek8mXjrKN__d4AaABAg	2
Ugwn7i9itAa9sJl_12N4AaABAg	2
Ugwn6DRXvkQuIKjdaet4AaABAg	2
UgwmVA02YjAzTBSaYTB4AaABAg	2
UgwMUFdgQMyafNDIo794AaABAg	2
UgwMtIiCR8tbKtMYisN4AaABAg	2
UgwmSX-hO23rHx91IwV4AaABAg	2
UgwmsgVV6jA960bGvpB4AaABAg	2
UgwMRw8_ZIHOygC1CIx4AaABAg	2
UgwMPhikuxGoOylJtUN4AaABAg	2
UgwMp2Qm8EKDC_dyEgN4AaABAg	2
UgwMmQitkmQNEsVMmYx4AaABAg	2
UgwmluQDwRy34CmuLEd4AaABAg	2
UgwMJvxfn-UL7_XR-nd4AaABAg	2
UgwM-jHeCFyN9MrI5nN4AaABAg	2
UgwMg-u4ZY-tb5NRH3t4AaABAg	2
UgwmGcEZaOOkru3eMod4AaABAg	2
UgwMC-1tIxgQhrWNdi54AaABAg	2
UgwMblkS2VQj50XiN_l4AaABAg	2
UgwM6UwtiHRzcczJSkx4AaABAg	2
UgwM5Vls5OU4nu-ACut4AaABAg	2
Ugwm57ON9J-9b0gBYLB4AaABAg	2
Ugwm54x7fOwaxslBF5d4AaABAg	2
Ugwm3uaT1A3NOtybvMx4AaABAg	2
UgwlzM2gpeWCs1GCduF4AaABAg	2
UgwLXydu3R6ntBzQvKx4AaABAg	2
Ugwl-XmEskFArNNvvlN4AaABAg	2
UgwLVyOPb8z8l71qfh14AaABAg	2
UgwlTTXJEumjkgL994p4AaABAg	2
UgwljL-f4POjJOgSmZ94AaABAg	2
UgwlIHJFjYS15Y8xzyd4AaABAg	2
UgwlExZMepYxeS4KDRx4AaABAg	2
UgwlEWAIqrIdibiP6Lx4AaABAg	2
UgwlequFEScRABeA_ON4AaABAg	2
UgwLAVXatkyjeXBvcrh4AaABAg	2
UgwlAdZ6egmeBD-xgEp4AaABAg	2
Ugwl79Dk2UuMJOjI7tZ4AaABAg	2
UgwL517vEwJuoavbq3J4AaABAg	2
Ugwl44FQdk87dl97yGN4AaABAg	2
UgwL3pX6mXn8YPYJBB54AaABAg	2
UgwKZ6cqbiVWOWUXieF4AaABAg	2
UgwkyUy2bf3FBrRGDmp4AaABAg	2
UgwKxWIQ_aecYQ3Bnvx4AaABAg	2
UgwKxgqPDwvpleJQEwR4AaABAg	2
UgwkWbDT3GZ5hS6Ece54AaABAg	2
UgwKrJJ6bT9_u3D7lV14AaABAg	2
Ugwkp_emUKUlvu_zWHx4AaABAg	2
Ugw__-KpDb3G7wGwL4Z4AaABAg	2
UgwkKwYwNU7KdHVrOzZ4AaABAg	2
Ugwkk7VKKuDSSCuigAp4AaABAg	2
UgwkJmuIrANWjk2Dhqt4AaABAg	2
UgwKiovPdYsPWHkREIp4AaABAg	2
UgwKInv5Puoi0pVWxWZ4AaABAg	2
UgwKfcP70ThfOcQPoCt4AaABAg	2
UgwkARvtjNDhX9K87fR4AaABAg	2
UgwkAgYdbcdztBnDSI94AaABAg	2
Ugw-KA_9rXmvnJkzk954AaABAg	2
UgwK5wRjKRBrK6ALfn94AaABAg	2
Ugwk3WRIz0mm6KdOk7d4AaABAg	2
UgwJXPXRNfu5WAeuOD14AaABAg	2
UgwJxFWSoWs_0zUC6f54AaABAg	2
Ugw-JvLM9UKlYv3XJDh4AaABAg	2
Ugw-ju5vL4wBDeXZ9oh4AaABAg	2
UgwJR44xoS9mmFRstw94AaABAg	2
UgwjQp_6zsxYSZanhhx4AaABAg	2
UgwJqETgxa8xfGLLV7N4AaABAg	2
Ugwjnf8wYRnJgfVwwHx4AaABAg	2
UgwJLhIEbnmqYF8ybeh4AaABAg	2
Ugw-jldtZn4-GhCVUj14AaABAg	2
UgwjGY59IBatTmYCTbJ4AaABAg	2
UgwjEYReAnWVs2_9ca14AaABAg	2
UgwJeV_kmZFtFagRysl4AaABAg	2
Ugwje0D4eUnG6iqWX0t4AaABAg	2
UgwJdFwzKmSdh0aueLJ4AaABAg	2
UgwJcV9NFgqUDEQxvxl4AaABAg	2
UgwJccwWYskTGejxKdR4AaABAg	2
UgwJBnHTk6oGZoeHgop4AaABAg	2
UgwjAODkhOpsrdKeESl4AaABAg	2
UgwJ7G72PpNU5a1-iN14AaABAg	2
Ugw-_J6M8c0lRHy4jAJ4AaABAg	2
Ugwj2I3tWe8QrGmOxEh4AaABAg	2
UgwivWZ_Odx4EnLPThR4AaABAg	2
UgwiVecLc98oeS-COn54AaABAg	2
UgwiV8aY-CnDK25RGaZ4AaABAg	2
Ugwiq8nQ2R9WStpM4ZJ4AaABAg	2
UgwIPRd6O8WuSO7o_sV4AaABAg	2
UgwIO3BVIsIDugZQz2N4AaABAg	2
UgwIM974QawCjdOATNd4AaABAg	2
UgwIjP64hUVqvtx6woF4AaABAg	2
UgwIGiKScNnyKB-or8p4AaABAg	2
Ugw_ifsiBoLXhkJP9nx4AaABAg	2
UgwiDT5jOEU-lCinIRh4AaABAg	2
UgwIDL2PwYNNdiLM78B4AaABAg	2
UgwicRqqcx_Q2rM_hwV4AaABAg	2
UgwiCbhKTsiz56nOhIh4AaABAg	2
UgwI562e0AWtBVnwlsF4AaABAg	2
UgwI3EztkLPyOMouMl94AaABAg	2
Ugwi1O4AshnJvfloH254AaABAg	2
UgwI1MzzO5QCnEEj6EN4AaABAg	2
UgwI0h3BPSd1TyQCAWl4AaABAg	2
UgwHY1NZhK5Y6CIgGE94AaABAg	2
UgwhWw04g37Hanp-wE94AaABAg	2
Ugwhrh1QJeRMWX8brfd4AaABAg	2
UgwHqDVQRiMRnCW77xB4AaABAg	2
UgwHO0WekiHV9gR6dv94AaABAg	2
UgwHBt7nuzs7XOP3L3N4AaABAg	2
Ugwh7a4RIJwt2wJelbR4AaABAg	2
UgwH4zHaIASafXgEdhV4AaABAg	2
Ugwh4-EASjUGYs3-wox4AaABAg	2
UgwH3LYIIh3LX-bg8494AaABAg	2
UgwH2FuUR3RaRAlvhvR4AaABAg	2
UgwgzfAWzXVOw-EsHkJ4AaABAg	2
UgwGVy4JNDpSz7u4i7d4AaABAg	2
UgwGUBkvFTQDZ4fv7pB4AaABAg	2
UgwGtm8f3SyCzQml50B4AaABAg	2
UgwGnDG_V2GGGfaw-VF4AaABAg	2
UgwgKsQpKaVkYfKOpct4AaABAg	2
Ugw_gkjvRwJNjGpNX0R4AaABAg	2
UgwGJxH0h4KLm0-EzdV4AaABAg	2
UgwgHBpxbn_bjsBoF6p4AaABAg	2
Ugwgh6K_Fdg-SfnFpCl4AaABAg	2
UgwGezJRiIZGpiTNWzB4AaABAg	2
UgwgeS0ZHdYB5IktmzN4AaABAg	2
UgwgcHpS8eS0yqQb0Yt4AaABAg	2
UgwgbANunnl3gRfQro14AaABAg	2
UgwGb9WkPtqG9ow0R_R4AaABAg	2
Ugwg9QL28gK_xCfBh454AaABAg	2
Ugwg8EVPp8zFI3vC2it4AaABAg	2
UgwG7MOGcix2vB0Nm954AaABAg	2
UgwG26N3LENmzEnElSZ4AaABAg	2
Ugwg_1ZgvdTfBl4ppwB4AaABAg	2
UgwFXsV8yuTO7HORdb14AaABAg	2
UgwfUmqhjsCvmIgu-vF4AaABAg	2
UgwFryie9PjdgM87pOp4AaABAg	2
Ugwfm46hrVtre-Dgvhl4AaABAg	2
UgwfjXUJgOpYIyeew3B4AaABAg	2
UgwfJEfg5YVPZKgq_ll4AaABAg	2
UgwfgHDCd4ybqrXO2qB4AaABAg	2
UgwfChTy0un5SMpGzax4AaABAg	2
Ugwf2CicZ_elrvtATup4AaABAg	2
UgwF0T7Vah4OI3tDpD54AaABAg	2
UgwF0KFq_yR7rvLLF594AaABAg	2
UgweYcpMBbzlIM7TEQ94AaABAg	2
UgwEXM4ERCI_XtpZk3Z4AaABAg	2
UgweuV_0-NOHQD_gfb54AaABAg	2
UgweRftwxebRsyXcyF94AaABAg	2
Ugwerc3ivBlU0e0T7Qd4AaABAg	2
UgweQgWCzXcMD13hS7d4AaABAg	2
UgweqDkKe_0F1z168Fd4AaABAg	2
UgwEIPIZr7duOUU0owp4AaABAg	2
UgwEHXaT3GyuRUTipCZ4AaABAg	2
UgwEEzd7krl_GAxrxtd4AaABAg	2
UgweEa-kcPPDBD9WdWB4AaABAg	2
UgwebRtnf7_V_9eODY14AaABAg	2
UgweB-pyQFO39zN2i3t4AaABAg	2
UgwE6BvhQ8BOtUuhQ7Z4AaABAg	2
UgwE5lXqj6C1Gw2c49N4AaABAg	2
Ugwe1OVvyf7ZdnAnQSZ4AaABAg	2
UgwDx1WCnzm5J3fTwm94AaABAg	2
UgwdVGfmo8GOPNOJTyx4AaABAg	2
UgwDqHRc_MLLw3rTkkV4AaABAg	2
UgwdqGif633KTcj26hh4AaABAg	2
UgwDOzrvmLjqGuC5Q594AaABAg	2
UgwDO3dSyyAVkOpaA1h4AaABAg	2
UgwdnxetJXZEuBuKvtd4AaABAg	2
UgwDnNYzxZE18pizrwR4AaABAg	2
UgwdMIocuw_dCaBCDDd4AaABAg	2
UgwdjplEedo8Ro_5ZWd4AaABAg	2
UgwdHVE2tjuEY3xXT6t4AaABAg	2
UgwDfn6x3AMw4Y0tsEV4AaABAg	2
UgwDewNJ0bRwJY5I9mB4AaABAg	2
Ugwd_Ea4bGwKml6yJrp4AaABAg	2
Ugw_D84rHYcAlMITNU54AaABAg	2
UgwD7aOD6eaW4eFJLE14AaABAg	2
UgwD5oS1N4lR2suKC-R4AaABAg	2
UgwczDzmw1Isr2fe-754AaABAg	2
UgwcYeWBn5JfQ7uANsN4AaABAg	2
UgwCYdQBqD4FD96njeB4AaABAg	2
UgwCWYUZtrPPmBT6rqZ4AaABAg	2
UgwCWBIGDHdaCnfI5Tt4AaABAg	2
UgwCW8lU5Spi2y1UZcR4AaABAg	2
UgwCtVra7ic3v4X9XJB4AaABAg	2
UgwCsgANQxjuCDZzTt54AaABAg	2
UgwCQtJNeF0Yu3Y-yUZ4AaABAg	2
UgwCOIaDPsurmfezXzV4AaABAg	2
Ugwclu0j4_7TKVZT0al4AaABAg	2
UgwCKtXYITaPuD5TZxN4AaABAg	2
UgwCixVfdvuRI_2QgFt4AaABAg	2
UgwCfN6QWuhzUFuxao94AaABAg	2
UgwcFkjthiKxruezDct4AaABAg	2
UgwCeGAtVtZZT2vUWCJ4AaABAg	2
UgwcbOpLPknABA3WBzp4AaABAg	2
UgwC6dhyNLnx8cccl8V4AaABAg	2
Ugwc0C7Mktu9j2Iqc4Z4AaABAg	2
UgwbzLJkToxxFGOwNAp4AaABAg	2
UgwBweBsqlJwZ_wJO_x4AaABAg	2
UgwBwE8oUbo9K4fbr8t4AaABAg	2
UgwbpQzZnskcHdgUx4F4AaABAg	2
UgwbjoqyTHJcMbJz2vl4AaABAg	2
UgwbeT8pq7vAgoprWNp4AaABAg	2
UgwBciRtyGJJk4s8QOl4AaABAg	2
UgwB0Dwfjxf6JVTLkHl4AaABAg	2
UgwATUvVtkfUTZkbSo94AaABAg	2
UgwAsqZRcaB-w2uHM5R4AaABAg	2
UgwApFp4tVaGWYq2lSl4AaABAg	2
UgwANAfoboP9NdUqvzR4AaABAg	2
UgwAN4ZfwT9v_4xP2Sx4AaABAg	2
UgwALi16h77zayRQk8V4AaABAg	2
UgwA_kaX7IXLEeJNqVp4AaABAg	2
UgwAGEcOtYO678BbJ794AaABAg	2
UgwAeyYVASaqNQI2bZt4AaABAg	2
UgwA6eio5aEH1dzbtwN4AaABAg	2
Ugw9yCsDq9tZQIFzUbd4AaABAg	2
Ugw9xt-WIGpIdUDiJ_B4AaABAg	2
Ugw9xgys6lI7J-AFJtV4AaABAg	2
Ugw9V_hqQDSRg7H8iT14AaABAg	2
Ugw9uAlVtu903aEZTL14AaABAg	2
Ugw9sWE3k3gPX4elWdh4AaABAg	2
Ugw9qGaZmnpzirlZG_14AaABAg	2
Ugw9jfOEX0DnPTBDJnp4AaABAg	2
Ugw-9COE8UNgfBRwqiR4AaABAg	2
Ugw9b-kN0aqlgeP51XZ4AaABAg	2
Ugw94fqpy5ULRpSO5wN4AaABAg	2
Ugw92V42uxrIxiz34rt4AaABAg	2
Ugw8Uzb0VfPcnY43Oyh4AaABAg	2
Ugw8UdqYKKleGAZ6gRp4AaABAg	2
Ugw8dkF_3tzCRWb2C0R4AaABAg	2
Ugw8D71AWm7O4K0A1EZ4AaABAg	2
Ugw8cVi7M3j7DwLe-wZ4AaABAg	2
Ugw7ZEJVQI8wVlmcJ0d4AaABAg	2
Ugw7uCkMow2s71c3ILx4AaABAg	2
Ugw7RH5JYnGCSDKyraF4AaABAg	2
Ugw7oVy_-lsbMYO0Ru14AaABAg	2
Ugw7mdNanvRKJ0huRih4AaABAg	2
Ugw7m80Pxd1jUb9O92B4AaABAg	2
Ugw7IrVlf8ALesvk5hp4AaABAg	2
Ugw7ajAKjymbRYwr_v94AaABAg	2
Ugw78w0_5M7VH4XdTWh4AaABAg	2
Ugw75AT5W39HwGaC7vF4AaABAg	2
Ugw-6-yuuOJFVEsjZHJ4AaABAg	2
Ugw-6xgqLzOhIcr-KBl4AaABAg	2
Ugw6wNnU5F2A8ZHkKkB4AaABAg	2
Ugw6kHwBGs8vWYa3q5F4AaABAg	2
Ugw68jm9kjnXqBmpi154AaABAg	2
Ugw5yrqi7ElU4Vjg3nN4AaABAg	2
Ugw5V0moTjl438DlD4F4AaABAg	2
Ugw5uXEXVKljBr1OHON4AaABAg	2
Ugw5MkzsBjwHw1VwkAx4AaABAg	2
Ugw5lU7J-0QMtzfqb4B4AaABAg	2
Ugw5gz2zRVjeT3goRoR4AaABAg	2
Ugw5gk2SHRXai984e-B4AaABAg	2
Ugw5g0oYwjxr0s_3z1d4AaABAg	2
Ugw5FFRZRnjKwO1MQXV4AaABAg	2
Ugw5ExqqrIved03zDMR4AaABAg	2
Ugw594LNhMVJvDMm8bB4AaABAg	2
Ugw4w20GrXkwwqooShV4AaABAg	2
Ugw4pRomgYIW1EubY5Z4AaABAg	2
Ugw4l8GmfTG9Nv_Smsl4AaABAg	2
Ugw4J2-OwmpzfEXJHGp4AaABAg	2
Ugw4ej591QBrIIZSBeN4AaABAg	2
Ugw4cL8YjbzZA8kS6454AaABAg	2
Ugw47gqI0gjzdMnEI-d4AaABAg	2
Ugw44CQAmSpMU2RUgSt4AaABAg	2
Ugw3ZnmN2kf7AiBwxSF4AaABAg	2
Ugw3vzLvMCFwlFByOdl4AaABAg	2
Ugw3viODbw72-maOVQt4AaABAg	2
Ugw3JY1ojBsMGdm-2xV4AaABAg	2
Ugw3hLEayzc_I0arX-B4AaABAg	2
Ugw3g4hYygBHGCPbAs54AaABAg	2
Ugw3cb82MnL62eQr4KZ4AaABAg	2
Ugw3C69tmid2k2ipHOp4AaABAg	2
Ugw3aQpsxrFg43Z0O6Z4AaABAg	2
Ugw380-cWCmhKKEwbjt4AaABAg	2
Ugw36Mc2-eq2sloh5aB4AaABAg	2
Ugw2zEafQSnjejSmyIV4AaABAg	2
Ugw2vZ1kAgD3z-dV5op4AaABAg	2
Ugw2UVrc7Ifu76Scd9t4AaABAg	2
Ugw2qThzhYmqI71cAsB4AaABAg	2
Ugw2LYxVOPEGVxeWK-d4AaABAg	2
Ugw2JobwtoNE93hLZZF4AaABAg	2
Ugw2FkI0Aa8yKdbUQnN4AaABAg	2
Ugw2c5zOp0ttGSdSlkl4AaABAg	2
Ugw26PxghemHLcYu_hV4AaABAg	2
Ugw1yt36Dv4Tzr5__h54AaABAg	2
Ugw1ynzVXDDSNqKL1454AaABAg	2
Ugw1qkkIE_RclvHrXXB4AaABAg	2
Ugw1n0acAR2pL_iCsUh4AaABAg	2
Ugw1K1rFACaWSp6IRXB4AaABAg	2
Ugw0xwVN9bIszBrQ5uF4AaABAg	2
Ugw0Sp60_JRCLdPb4uZ4AaABAg	2
Ugw0_sJfLM7MiCdjcq54AaABAg	2
Ugw0rmetq8vkxhvyHxJ4AaABAg	2
Ugw0pkwNKFM2OeeF6Ip4AaABAg	2
Ugw0nkxfwQAAIdBmgUF4AaABAg	2
Ugw0msaJzkkuJkvudXV4AaABAg	2
Ugw0AwFVbt7rvs4JigR4AaABAg	2
Ugw07UxHxn_fK0QBZGx4AaABAg	2
Ugw05U5cX8XgmHS7GU54AaABAg	2
Ugw05rla183_1sD0RnF4AaABAg	2
Ugw00RrCxPM9jB0qqgR4AaABAg	2
UgzzydMdR5huYW47lyF4AaABAg	1
UgzZwwCLj3AWRlMrIxJ4AaABAg	1
UgzZw0Id-wVgj1G2bSJ4AaABAg	1
UgzztcurauSGB2FI21Z4AaABAg	1
UgzZSz46e_4OTJyf1I54AaABAg	1
Ugzzsw1vZs3xCAlYcfZ4AaABAg	1
UgzZsLwr_VlPwxoFAdd4AaABAg	1
UgzzS4NkgL85Ak8xX-V4AaABAg	1
UgzzRd56fi3VnbSHSZJ4AaABAg	1
UgzZraLCnxObGR9IqqR4AaABAg	1
UgzzQsPNQzBJCODUui14AaABAg	1
UgzzqdBMfcJggAbvaW94AaABAg	1
UgzZQ0_CH2CbEHzQ2fJ4AaABAg	1
UgzzPv6VKiY1HMOYUzZ4AaABAg	1
UgzzpOUcjNEm82HwndR4AaABAg	1
UgzZpLSshWUx8MQL2aR4AaABAg	1
UgzzPKmieQEEbsG1mO94AaABAg	1
UgzZOJ1KcUEzwKjJlLV4AaABAg	1
UgzzOFLtWK5K2TsmwYd4AaABAg	1
UgzzO6ZG6nodHIF2egl4AaABAg	1
UgzzNFRbiFzTgdbNAiZ4AaABAg	1
UgzzMX7CabsnKui9F-54AaABAg	1
UgzzmfVj3yy-wbaRpvV4AaABAg	1
UgzZmF5IggMCmpLY_4x4AaABAg	1
UgzzLtcz0o-tPX5fIMZ4AaABAg	1
UgzzLe8cYpq5E3JrtfJ4AaABAg	1
UgzzJww6V9KLQw6Aza54AaABAg	1
UgzZjQUHFHLB1nPbtSV4AaABAg	1
UgzZJOTdcZhz16n5Z_J4AaABAg	1
UgzzjNW1Z0bvBWKKIKV4AaABAg	1
UgzZjMVGmj33gUGJDpx4AaABAg	1
UgzzjFXK3Gjn3LvYNkd4AaABAg	1
Ugzz-j6gw_h9vwr-8tx4AaABAg	1
Ugzzi35p_NVgETEPild4AaABAg	1
UgzZhy2XBIlInyrhcIB4AaABAg	1
UgzzHowwzw-v8bXyqHh4AaABAg	1
UgzZhN0v5lWic4vbZ_B4AaABAg	1
UgzZFDWWmmBnWUtRXzp4AaABAg	1
UgzzF8Y0uoFFg49PF0F4AaABAg	1
UgzZe0Y8kIWN8gFgeB94AaABAg	1
Ugzzc3I7qNQ5e1oozuJ4AaABAg	1
UgzzBTiF_hB-bhpodUZ4AaABAg	1
UgzZbd630aUo19XnO4p4AaABAg	1
UgzzaS8_N1nO-_yTeSB4AaABAg	1
UgzZ9laJUhdlhuSOc154AaABAg	1
Ugzz8p9RxOXEH01zGwF4AaABAg	1
UgzZ8DieQ0xloXVNJy54AaABAg	1
Ugz-Z7zzdqzuCH-WZ9t4AaABAg	1
Ugzz7P_b5iK3e3pFeUd4AaABAg	1
UgzZ73SXfOGotAdgazt4AaABAg	1
Ugz-Z73qbAZdmRABQRl4AaABAg	1
UgzZ3YJUNh8yZ1XojT54AaABAg	1
UgzZ3xSGg_2JkBsGymh4AaABAg	1
UgzZ2lViJaiDxEfLCRt4AaABAg	1
Ugzz1EjO4GF-4o0X1tR4AaABAg	1
UgzYzSR5zvSEEZrHYet4AaABAg	1
UgzyZb_xo_Bp9IUfdD14AaABAg	1
UgzYySQpc3k-r4QW4uh4AaABAg	1
UgzyyN4LZrlDhz5dTip4AaABAg	1
Ugzyxu11NqIocU8InhF4AaABAg	1
Ugzy_xKt78E6KZ7Vhj14AaABAg	1
UgzyX_8cA_vLioJT7Zh4AaABAg	1
UgzYWSoZn2T0pUJbFDt4AaABAg	1
UgzYwMgTUfVaZlo8jVt4AaABAg	1
UgzyW1NWo8xCQMV3o454AaABAg	1
UgzYVz1m0pmVXIAYJHB4AaABAg	1
Ugzyv49Tr3YlKXtkdVR4AaABAg	1
UgzyV01Y-L-n8n4j_NZ4AaABAg	1
UgzYuVTbNq9molTcr6h4AaABAg	1
UgzYsYBLow7vziejPMF4AaABAg	1
UgzYs2Vs3G4YuCeWLDV4AaABAg	1
UgzYRbm_srrfHr9l9c54AaABAg	1
UgzyQMSnLRsY1_A6Tzl4AaABAg	1
UgzyqDNemtLFJbRn6Mp4AaABAg	1
UgzyQ9GkA6IPqFzL3054AaABAg	1
UgzYowybPMUF7SPzZOd4AaABAg	1
UgzYo64RjnbVGFNOm0V4AaABAg	1
UgzyNvLwGNN9oXyjmdJ4AaABAg	1
UgzyneFsmaYRcGm55G14AaABAg	1
UgzynB39vGfdAHoycet4AaABAg	1
UgzyMukaoidGV69PxYp4AaABAg	1
UgzYMDT4e9CCVi0MG794AaABAg	1
UgzyMChJoe2dcHfSBP14AaABAg	1
UgzYL0FfZ5n86jXF6UB4AaABAg	1
UgzyKrE00UienZ9P_GV4AaABAg	1
UgzYKNgZW3XvEY1Y_Ml4AaABAg	1
UgzYKf1Y4BdV7hOZktF4AaABAg	1
UgzyK8m1Gg4PIVaY7sd4AaABAg	1
Ugzyjz0FQS0xhk8nWSJ4AaABAg	1
UgzYj7MsDdjCnaagY2h4AaABAg	1
UgzYISedQo5hdJXVg2R4AaABAg	1
UgzyiS4WKrDdB95td0t4AaABAg	1
UgzYIp2LBhffex-ji-t4AaABAg	1
UgzYhnYKTl6qWJ8YgSJ4AaABAg	1
UgzyGtOm5o1A5O0DLed4AaABAg	1
UgzyGlIJtXp2o4AfKMh4AaABAg	1
UgzYg-EkrRG6_So5rOp4AaABAg	1
UgzYfs06t4Mx5MBhq7x4AaABAg	1
UgzYFMalaE74-yWO5jR4AaABAg	1
UgzyFfQNlnA7dpZUn1R4AaABAg	1
UgzYEUA7zHfj8nhGGjp4AaABAg	1
UgzYEh5P1R0c2MkCp-p4AaABAg	1
Ugz_YCAOB84wYNeA8_l4AaABAg	1
Ugzyc0vlERqezA7jWdd4AaABAg	1
UgzYak_31jUXxP2NhG94AaABAg	1
UgzY8FL8Ox0R1vs0M254AaABAg	1
UgzY7q5qcf88G7FYxst4AaABAg	1
UgzY6IhKsxOSdM7IMXt4AaABAg	1
UgzY6hKigLWIi698g3R4AaABAg	1
Ugzy5VAWeJ6FxSy5rGd4AaABAg	1
UgzY3tJsw62awp4wbMJ4AaABAg	1
Ugzy2X_BfubPGeeJbkN4AaABAg	1
Ugzy2S-YCSbPgKsRyVB4AaABAg	1
Ugzy2htuqGFbQMoExxZ4AaABAg	1
UgzY-2eKmP0HbRcHIEJ4AaABAg	1
Ugzy1PflTyYEWGA87414AaABAg	1
Ugzy1DFLv5maaqMdAZl4AaABAg	1
Ugzy0OU0h3Q8v8Kbv_t4AaABAg	1
UgzY0mDek8OZk94_QWZ4AaABAg	1
UgzY0lCPMd8codnKb2l4AaABAg	1
Ugzy0Az6cyZQjSujnJl4AaABAg	1
UgzXZ0WBumklmPpNkSt4AaABAg	1
UgzXyOUSzh2w7Ng2hQ14AaABAg	1
UgzxXIby2QvTDGGlwDJ4AaABAg	1
Ugzxx5pNUrPlraci8nt4AaABAg	1
UgzX_WPHDMmTzjCSkgN4AaABAg	1
UgzXvT0mBApIKYlZ0v54AaABAg	1
UgzxvK0xoGRpcJPhK7V4AaABAg	1
UgzxVj23_LeZBAi6K_N4AaABAg	1
UgzXviTDigFVUuEDN-l4AaABAg	1
UgzXuxynK8etSHGB4Gh4AaABAg	1
UgzxuwP5rurCXqA5sDZ4AaABAg	1
UgzXty3egnZUMclVhmZ4AaABAg	1
UgzXTSxM4nh_vB_xzOJ4AaABAg	1
UgzXr3JMqN_XSG9JXZl4AaABAg	1
UgzXq5Fv0rGhYK3_YzV4AaABAg	1
UgzxpByNmmp9afm4Pa54AaABAg	1
UgzXon-6OuFpbL1QnpR4AaABAg	1
Ugzxo5dhBSccmOZr9YF4AaABAg	1
UgzXNmt0_PZaHknkFY14AaABAg	1
UgzXNeGrIbzV5p-5IMZ4AaABAg	1
UgzXmmJHg-jCerh_WOB4AaABAg	1
UgzxmErvldtwLvuCFVt4AaABAg	1
Ugzxli1Xgp_WR2PMaQB4AaABAg	1
UgzxJvRoCNSo5IptlKh4AaABAg	1
UgzXjg8DLQBHUfZL5QJ4AaABAg	1
Ugz-xjEvhmpgwdZpnAZ4AaABAg	1
UgzXiugZjeAgxnE1MGV4AaABAg	1
UgzxiOxRKpLN2LsM1_h4AaABAg	1
Ugz-xiDA1NVwap55dyZ4AaABAg	1
UgzXhCvHYW9INu0P0kl4AaABAg	1
Ugzxgnv_6Y4vcPv-H3h4AaABAg	1
UgzXGA3b7qYLp7qZMj94AaABAg	1
UgzXFX1V3YQXhl7YX9F4AaABAg	1
UgzxfOQVWnUYpC-HSDZ4AaABAg	1
UgzXfFqkCjOhTjvDJd54AaABAg	1
UgzXDuNcyIhc7BnD9Px4AaABAg	1
Ugzxdpc_WAHwnxGmASp4AaABAg	1
UgzXDmVsVnoLcf9IH4l4AaABAg	1
UgzxDK0zpqTs0bj6EyJ4AaABAg	1
UgzxDiIH-hVGRqrpbdF4AaABAg	1
UgzxdBXlmG2u40dxQ4t4AaABAg	1
UgzXBhb_qJ2sgRUnzAt4AaABAg	1
UgzXB9s5fufTghX-9V54AaABAg	1
Ugzxb3P2ij5crE9KwAZ4AaABAg	1
Ugz_xAZ3_NI4yFTahjZ4AaABAg	1
UgzxAJ1fDTre1uUcQb14AaABAg	1
Ugzx5cVvDGQ9o8NJhfN4AaABAg	1
Ugzx4tXf4_tiWUHmmql4AaABAg	1
UgzX2TnJmiSMt9_rPeV4AaABAg	1
UgzX2kUPPJeFRruNMgh4AaABAg	1
Ugzx1ZZXWzg2vCsSKHB4AaABAg	1
UgzwyXVnBmOJ_q5H-K14AaABAg	1
UgzWyMTERtDdSZlKY5h4AaABAg	1
UgzwxR4ro0M1z3ZkHiZ4AaABAg	1
UgzWW_8-_hjCag4qSml4AaABAg	1
UgzwVvU40g1Ups1PccN4AaABAg	1
UgzwVpE6McvuLCA23RB4AaABAg	1
UgzWVCnw4tLvHDdI-z54AaABAg	1
UgzwVauNd0EQ97jPjpF4AaABAg	1
UgzWu-1mzvMBjuA0vmB4AaABAg	1
UgzWTw4IpYmbN_5OBa54AaABAg	1
UgzwRRsbQvCX2pU7Xv94AaABAg	1
UgzwRcvMeJoQrt8EGVh4AaABAg	1
UgzwqwvwbS5twVtz4VR4AaABAg	1
UgzwQw0fMGPthjuyb-h4AaABAg	1
UgzwqkmswADQie0InCt4AaABAg	1
UgzWq2uPsoxhv4yZVtt4AaABAg	1
UgzWq0HC_tyK5ZkErF14AaABAg	1
UgzwPxA7BTOEUu-EYbd4AaABAg	1
UgzWotfaHeSPArdxrpp4AaABAg	1
UgzWo3XVOkeUeg81lod4AaABAg	1
UgzWNvCcfYlKmCO9emJ4AaABAg	1
UgzWnPcPTLVqrc4oLvF4AaABAg	1
UgzWndgG4A7ZQ4SjoGd4AaABAg	1
UgzWnBdq6gISnh05GJV4AaABAg	1
UgzWMZUZP9rMotO2nf94AaABAg	1
UgzWMzISb7TAsKAZ48B4AaABAg	1
UgzW_MOQmN2WnMOJZJN4AaABAg	1
UgzWmAuMAgklFZS_DCp4AaABAg	1
UgzWL9qAI-qKI7mCvRp4AaABAg	1
UgzwkSuIcb8J1M47UTV4AaABAg	1
UgzWjRzY5Gkxbfny4B94AaABAg	1
UgzWJpkrC1WvBBU0zsR4AaABAg	1
UgzWjIEc_kJdtv4jFg14AaABAg	1
UgzwjDpXSn-UMp4zNPd4AaABAg	1
UgzWj5lzhdpDRFxas4h4AaABAg	1
UgzwIEc39XXvbr45n4p4AaABAg	1
Ugzwi2Vz3QoJZDkd53J4AaABAg	1
UgzwgzIU1gcmhQ1D8Z14AaABAg	1
UgzWg6aPSzSH7ZnaQPl4AaABAg	1
UgzWFoDWidXAwQhKN_t4AaABAg	1
UgzWeEhFJ_ZNH6b0z994AaABAg	1
UgzWDXqhcdJSvdJiG9N4AaABAg	1
UgzWdsXOVglEkfVb2it4AaABAg	1
UgzwdsEAe03WJkyfKad4AaABAg	1
Ugzwdmn9Cl8niUBOSwd4AaABAg	1
Ugzwdii3O8SbxDkRLSl4AaABAg	1
UgzWCsSHUdgGvrm-2lV4AaABAg	1
UgzWCGZxuAtYqL3B2Gd4AaABAg	1
UgzWCgqNktK3ID1hsGV4AaABAg	1
UgzWCdRq3Wr8kVQQ9FB4AaABAg	1
Ugzw9nrgvBLrQiU0Y2t4AaABAg	1
Ugzw-7C-MCqqmfWOKIN4AaABAg	1
Ugzw733Sk4mazUet7GR4AaABAg	1
UgzW6n4MpkQAf1DHR694AaABAg	1
UgzW4XLnvOAuR5O18dR4AaABAg	1
UgzW42lozlQFhFTR_4Z4AaABAg	1
UgzW1qcVPeaCOsBHD-p4AaABAg	1
UgzW1FMjJ8Tbu_B4P_V4AaABAg	1
Ugzw1DDHIp5UX_J88N14AaABAg	1
Ugzvzoz7ylJRjIuVwdt4AaABAg	1
UgzV_ZNjynw0umJn6K54AaABAg	1
UgzV_Yv4U201B6oIGjB4AaABAg	1
UgzVysLGiRAYjK6rR3J4AaABAg	1
UgzVxXnXhYYEEBQwVmp4AaABAg	1
Ugzvxh65PHblYx9hff14AaABAg	1
UgzvWB0wJAXzAkv6oJR4AaABAg	1
UgzvVTxrKKL0XDfdLVZ4AaABAg	1
UgzVv53vesoC-Rlnhox4AaABAg	1
Ugzvt5InqJh1ALgcpyV4AaABAg	1
UgzvSWbDGuPGv1B8_BN4AaABAg	1
UgzvSBM90LhfLOz39Ox4AaABAg	1
Ugzvs8KEEqhjBtOV4Il4AaABAg	1
UgzVrrl8fZtZmalQ4nN4AaABAg	1
UgzVqYi6FHUCUN3lBQh4AaABAg	1
UgzVQPnEM0VcWCgYpsh4AaABAg	1
UgzVq6p9cd5lgY7kMJp4AaABAg	1
UgzvPzIQFBChm3rzzaZ4AaABAg	1
UgzvPsyN5-xJXV9dnGR4AaABAg	1
UgzVPGhDTc_kh0T4QVJ4AaABAg	1
UgzVOUqKLmVfIK8wqMN4AaABAg	1
UgzVOAOxbygg4pbb8Fx4AaABAg	1
Ugzvo9Ppr1_GET67UAR4AaABAg	1
Ugzvo6vEkj07lGf_eml4AaABAg	1
UgzvNPOGV82s9qgKP2p4AaABAg	1
UgzVMSUoCylny0ccJsJ4AaABAg	1
UgzvmgkgareeknUZhZV4AaABAg	1
UgzVm1rk1fKM9I_ECdd4AaABAg	1
UgzVLvo5Apy5qS50jzN4AaABAg	1
UgzvLHBKGijSp40iWzB4AaABAg	1
Ugzv_lcRUNcJmaiVZ9Z4AaABAg	1
UgzVL7FgTV8aJR8P6NZ4AaABAg	1
UgzvKuB-cd8VwlxuM1Z4AaABAg	1
UgzVIHFmD27aFCA9pwV4AaABAg	1
UgzVHPheyhCOQRgTv9t4AaABAg	1
UgzvfqhR4Z250Zh_cAF4AaABAg	1
UgzVfP1Xdaef3DWqLUd4AaABAg	1
UgzvFl3d6jx7V4bP-_t4AaABAg	1
UgzvdrOmzmr1IHKcsQR4AaABAg	1
UgzvDqF76ocYS_y6lZ54AaABAg	1
UgzvDIacxHolTnHHIr94AaABAg	1
UgzVDDpkIElHzh3AGql4AaABAg	1
UgzvCIKgGB1DDMkVo0V4AaABAg	1
UgzVBuuulYEIEsmuaSt4AaABAg	1
UgzVbp6S3l0rxLKuSaB4AaABAg	1
UgzvbH4uz6v5du5ySO94AaABAg	1
UgzVbA5i_Rzh6_qaL1R4AaABAg	1
UgzvazYX8c9h48-XjsF4AaABAg	1
UgzvapL2lGqoFx1eC3p4AaABAg	1
UgzVAjL1pDMWg3iZvAh4AaABAg	1
UgzV9QKftts5PFZI_nx4AaABAg	1
Ugzv9lwKdpGramQ_0bl4AaABAg	1
Ugzv93lcjUoqvqk4aD54AaABAg	1
Ugzv8SGm3k1VVMUffvN4AaABAg	1
Ugzv831Y9RiuLLDbOyh4AaABAg	1
UgzV73g1kC9XgB4_h4h4AaABAg	1
UgzV5s10DcF2scfWN054AaABAg	1
UgzV4ylHA9i7vZaqcl14AaABAg	1
UgzV4tdOtFSwzaVz_wV4AaABAg	1
Ugzv2O9iXrpsWTL3wR14AaABAg	1
UgzUzvP2lKCmG846rsR4AaABAg	1
UgzuZcI-nwMQIgwpiOZ4AaABAg	1
UgzUZ2gwGr29qDthjz94AaABAg	1
UgzuYnKwS25KvKS-rIV4AaABAg	1
UgzuYhYCVgow7OmQwVp4AaABAg	1
UgzuybV7U4y2aJ4-BZZ4AaABAg	1
UgzUXjF6r27WMwrukw14AaABAg	1
Ugz_UXeAAedJElurgfp4AaABAg	1
UgzUwtoXSB_vSvOXoWh4AaABAg	1
UgzUWQKdzDFlBT02ZFR4AaABAg	1
UgzuWO13V5cIdzJz1ix4AaABAg	1
Ugzuw6fdS7hUuitEhHx4AaABAg	1
UgzuvhEkKyQFnnyhvJx4AaABAg	1
UgzuuuCIQ6cqU5Fxk9B4AaABAg	1
UgzUuby79EOEkMp-N0R4AaABAg	1
UgzUU1iCJg16xlTPx114AaABAg	1
UgzUTOK66mQkmdiqL4h4AaABAg	1
UgzuTOGiQ_4ogdgE3Ex4AaABAg	1
Ugz-ut7Gtc0GnAP26Yl4AaABAg	1
UgzUSsNDEe5f1vHUdI94AaABAg	1
UgzusKv-D_ovZwAmpAJ4AaABAg	1
UgzusbqI74YCdnZ1oqd4AaABAg	1
UgzUQzAmsHf2QSlOufB4AaABAg	1
UgzuqgWQB7AJwnlT1aR4AaABAg	1
UgzUqeL2jeKSGJ4OPVB4AaABAg	1
UgzUo1sO_j-yvmsNkkV4AaABAg	1
UgzuNu3_a7a1Aa-XYLh4AaABAg	1
UgzunSOQObsb89drPXV4AaABAg	1
UgzuNP5gBTKKawsfHuJ4AaABAg	1
UgzuNk-IDeFR_zUAxSB4AaABAg	1
Ugzun2F6UUh7FkamnmJ4AaABAg	1
UgzUmJzN8LhxHxkEBpJ4AaABAg	1
UgzUmDe6tb007EoPDYN4AaABAg	1
UgzULZQP-DwKQpb_ucR4AaABAg	1
UgzULHRL-HAgtqN6SoB4AaABAg	1
UgzuJVOXyJcSzLtL2OR4AaABAg	1
UgzUJP9fie92M8zEDxN4AaABAg	1
UgzUjjgyuwvC17NbAVV4AaABAg	1
UgzuIw4-zVxiFDFMQwl4AaABAg	1
UgzUiRjBmgOlY7czNqF4AaABAg	1
UgzUII2UxLoZksqYs0N4AaABAg	1
UgzUhNW9T-oZabrQMK14AaABAg	1
UgzuhAI2LMfdbBrNmdJ4AaABAg	1
UgzUGp1V95rg1llgfot4AaABAg	1
UgzUgFgVJDUUgDUfHKB4AaABAg	1
UgzUEY4UiDIJr1t9fZh4AaABAg	1
UgzueUX8Wi60oFaRGM94AaABAg	1
Ugzu_e2_zF7i5c_LMHp4AaABAg	1
UgzUDuQj2z3Cat-WkU14AaABAg	1
UgzuCTPJ2E_0SYMy6b94AaABAg	1
UgzUcJakKjSsZIx0MjF4AaABAg	1
UgzuCewYWb89x6MY65R4AaABAg	1
UgzUC76yt9FrjZbXnTN4AaABAg	1
UgzUbGgl61eMhvDfEo54AaABAg	1
UgzUb4jyUdhtj3JM1mh4AaABAg	1
UgzuAIaRWzSfthyVq094AaABAg	1
UgzUa7alCUxomSSSoi14AaABAg	1
Ugzua3k8FFCgRsIrMQx4AaABAg	1
UgzU9ECEwYUMMC3Y-Ap4AaABAg	1
UgzU8W5YUkDENlQYFA94AaABAg	1
UgzU8GOlYxmrxxMPoHB4AaABAg	1
UgzU6S1YfOWntSgPclJ4AaABAg	1
Ugzu4FdXRbUsVXuwkm94AaABAg	1
Ugzu3Nba8qMYLXLn32l4AaABAg	1
UgzU3BNhla7nZtcQUrd4AaABAg	1
Ugzu2z6TyXq-ZHrq9Bp4AaABAg	1
UgzU0nzWpjzHwRWjX3h4AaABAg	1
UgzTZE_ZDU25LDoTVtV4AaABAg	1
UgzTyntGans76qQ-Lzh4AaABAg	1
UgzTYc9aKvrquRWr6Z94AaABAg	1
UgztxRzQnBGilgPnKGt4AaABAg	1
UgztwSNvPfBm65rvkL14AaABAg	1
UgztW7GLXpEEPcwZZrN4AaABAg	1
UgzTVIOEpPhCkvEJpGd4AaABAg	1
UgztV8-I6UVopeT30U94AaABAg	1
UgzTUSp5mhdEseZI57B4AaABAg	1
UgzTtmPHhr6velHZ54l4AaABAg	1
UgzTt8wO5Wp7MyYQiMx4AaABAg	1
UgzTSRxcKKFsPtiPBzh4AaABAg	1
UgzTs1Ca3-_RRGaX9_t4AaABAg	1
Ugztrs1oeBzAXQYJAqp4AaABAg	1
UgztRf-8QotQMrf2Xm54AaABAg	1
Ugztr-dUhwLXpliocWZ4AaABAg	1
UgzTQUgnVi555Z7vpF94AaABAg	1
UgzTqL-J4Vpo-4lrfw54AaABAg	1
UgzTOXSWMScMf9zDqhJ4AaABAg	1
UgztOL-32UaNCBuNisl4AaABAg	1
UgztoG-E_5QyjL7w3DR4AaABAg	1
UgzTo0L29dl5F_FpaGJ4AaABAg	1
Ugz-TNdTcDaY99G974R4AaABAg	1
UgzTncGlDnfIYfi4lfx4AaABAg	1
Ugztn2OXGk1nUH52iep4AaABAg	1
UgztmItZFnE9pmS0qxN4AaABAg	1
UgztMCq96N9nEa_jHDp4AaABAg	1
UgzTKgIRp6iMneT_ZCB4AaABAg	1
Ugztk1nTy9-5iUXzhPp4AaABAg	1
Ugz-TJwBIeImEE4mEQx4AaABAg	1
UgzTjuG8kCyinxtJ_FN4AaABAg	1
UgztjQElI92yloY0Y5d4AaABAg	1
UgztiittA8NX9FjDl6d4AaABAg	1
UgztiAJakXPz3OxFQnt4AaABAg	1
Ugz_Th0NEOS0WZwhNuR4AaABAg	1
UgztGQyiQR-3YkODyt14AaABAg	1
UgzTgjShR0lntzPwJol4AaABAg	1
UgztgCMRaTnjXx_KG9B4AaABAg	1
UgztfwOrfsB40GlRTER4AaABAg	1
UgzTeUL29Zl3kC_EhF94AaABAg	1
UgztEcoD9fESEu4u3bV4AaABAg	1
UgztdN7nzjhBG_TvcCZ4AaABAg	1
UgzTDN0Xx0w-8Jkle6Z4AaABAg	1
UgztdF7qj4JdlIhIiqh4AaABAg	1
UgztCO8ullT5_T39VOV4AaABAg	1
UgzTcfpIyRZMncd2-nh4AaABAg	1
UgzTc1znADjfCtpUi2l4AaABAg	1
UgztBYCVnrHbhMU8cQ14AaABAg	1
Ugz-TBwI9EjpNadACuZ4AaABAg	1
UgzTb7DF9ZjEBRhJg9d4AaABAg	1
UgzTaOfaL3KpDVF6nW94AaABAg	1
UgztA-JrX49B5G8bj654AaABAg	1
UgzT9z3bUJ3IESYqCCd4AaABAg	1
Ugzt8SHz4QKEUE657Ml4AaABAg	1
UgzT4EeswhUSxiixlP94AaABAg	1
UgzT2D-1IjxrQs2a45N4AaABAg	1
UgzT0rN9wyYYAHZRh9x4AaABAg	1
UgzsZfAUcl82fZYbqbF4AaABAg	1
UgzSz6HJTTV33fdv6uF4AaABAg	1
UgzsYWSLyIgw6V_YoL14AaABAg	1
UgzsxHS6-ApyMN0KYDZ4AaABAg	1
UgzSWrNMIVqojjiibLN4AaABAg	1
UgzsW9YwlF7r4teqXrZ4AaABAg	1
UgzSvi1JN3RlOxr3QKh4AaABAg	1
Ugzsv933jMT2g4Wc3kt4AaABAg	1
UgzSV39pKuSbmshvS6J4AaABAg	1
Ugzsv1iQ7Ey_gCU48Hx4AaABAg	1
UgzsUOKl286Dhhwh70t4AaABAg	1
UgzSsz5KvcVfsI_rRNt4AaABAg	1
UgzsQxJ4n0msnFgaubl4AaABAg	1
Ugzs-qfpjLGXHv4EGax4AaABAg	1
UgzSPySrQhrEotvCYup4AaABAg	1
UgzSodhvTgCx2vbjwed4AaABAg	1
UgzSnErbKYQJfpUw4v54AaABAg	1
UgzsmzdR1W79I8Ps-sp4AaABAg	1
UgzsmXKrJKii5B6r7eZ4AaABAg	1
UgzSmIk-CS-JspjcsAN4AaABAg	1
UgzSmhT3P-JwvUdUE7R4AaABAg	1
UgzSm96RkpWuWmaWsjd4AaABAg	1
UgzSl9vVTMXuSfCMJkx4AaABAg	1
UgzsjeMeIHJCfRF8QJh4AaABAg	1
UgzSJamK1FTRDd7I5bp4AaABAg	1
UgzSIsTuuwSWN1-5RrF4AaABAg	1
Ugzsgs5xPIwsC1bQ6mZ4AaABAg	1
UgzSFVKoVJB50cqoA4d4AaABAg	1
Ugz_sFsupbuQSX4IlN94AaABAg	1
UgzSFpORGL00H8-nwnJ4AaABAg	1
UgzSFIPlLBVLoZqWyL94AaABAg	1
UgzsewXihBN--QpBG_t4AaABAg	1
UgzSEcIaAMqJc_vS7vB4AaABAg	1
UgzsDUeQ9DELKQl1XAR4AaABAg	1
UgzscVVs6d8ZHhqgleN4AaABAg	1
UgzSCuAbW7XtP-E_4B94AaABAg	1
UgzscSLU5f90nvu27xZ4AaABAg	1
UgzsCiqVwoQoRD5Zblx4AaABAg	1
UgzSC2pet4WeifyP22F4AaABAg	1
UgzsaIsaLWufEq_gT_V4AaABAg	1
UgzS8crlCf9KHpL2A3d4AaABAg	1
Ugzs7wEaphn5jAWCnrl4AaABAg	1
UgzS6TRp6cJlP3wMSGd4AaABAg	1
UgzS2TzR1qlH85awled4AaABAg	1
UgzS1yQ6zCKZsfXoi7V4AaABAg	1
UgzrYvqqtILKAq3NHq94AaABAg	1
UgzRyQzLLs_MCeLgr314AaABAg	1
UgzryAbKKyyEIOlIAmJ4AaABAg	1
UgzRY3GqQoAXEofGDh94AaABAg	1
UgzRXW7ur3krKCec5Rh4AaABAg	1
Ugzr_WNR5--1iha7KOt4AaABAg	1
UgzRwLB8hJs2zHBTjYp4AaABAg	1
UgzrWDsxBZ9yHeUdyah4AaABAg	1
UgzrVjUVh6aAFzeb_q54AaABAg	1
UgzrU8FDdTLaGnaIhSl4AaABAg	1
UgzrTjt33th8J6K88_R4AaABAg	1
UgzRT4tsSDb5rullOI94AaABAg	1
UgzRsao1gZW1BJLeUXF4AaABAg	1
UgzRS8PynHXHnQZzFSR4AaABAg	1
UgzRrylPiwVpzPjxzVR4AaABAg	1
UgzRRKLZF1GLj_dcY7x4AaABAg	1
UgzRPRmm4EOKCTwDnZF4AaABAg	1
UgzrP1J77g-YHkU_fgF4AaABAg	1
UgzRovIlzcp9WjNDvUt4AaABAg	1
UgzR_OmDf15jPjXlmHN4AaABAg	1
UgzRmoltfOpddTdSayR4AaABAg	1
UgzRlY_VjgudGG4th894AaABAg	1
UgzRk_Oq_Nj9vEtN56Z4AaABAg	1
UgzRK98lpA_dEh44Q654AaABAg	1
UgzR_jw36g6MwoSng7h4AaABAg	1
Ugzrj06DE2pSm8C2brR4AaABAg	1
UgzRHSAlo1ZN3UJdNi54AaABAg	1
UgzRgSWbcRr5GxRoPqF4AaABAg	1
UgzrFR0Utvy0K06UJ5Z4AaABAg	1
UgzreQHEdYqeHo8OxK14AaABAg	1
UgzRELT5h4kaCm0tmZB4AaABAg	1
UgzRe8sNcMCYndHFaRZ4AaABAg	1
UgzRdwd6HbNyKLJmgYd4AaABAg	1
UgzrciqD81Yqrdl0a7V4AaABAg	1
UgzRBM3ThEPbIfJgaBB4AaABAg	1
UgzrAnbs_I7W-3PFPMt4AaABAg	1
Ugz_RAd2uRNJPPR5rGt4AaABAg	1
UgzraB2sOBSw3kDcusp4AaABAg	1
UgzR9n9NNvqhYB5oQTl4AaABAg	1
UgzR6feETdQLXnQwf3l4AaABAg	1
UgzR4vBc0gafuL8xSWR4AaABAg	1
Ugzr4ABGIosAE7fvOLd4AaABAg	1
UgzR3I56sBDIJePCsRN4AaABAg	1
UgzR28K4Siw8kko-Qz54AaABAg	1
Ugzr0jPVskJMU8LZ6rx4AaABAg	1
UgzqzyD4k6FKpCVjvKZ4AaABAg	1
UgzqZgg77xqSeqQEhlp4AaABAg	1
UgzqzDJsunI-_bwV1tl4AaABAg	1
UgzqymoQ-dnYDMCBERV4AaABAg	1
UgzqXqYLauLXofZclSt4AaABAg	1
UgzQXpoOxb8azL5MGAB4AaABAg	1
UgzqxAsIH1Eg6HtNvf14AaABAg	1
UgzQW73iDaatITizhit4AaABAg	1
UgzqvMubiyJlpX2LPjR4AaABAg	1
UgzQv46BxXaqrEsR1s94AaABAg	1
UgzQU31ejyCBkG9PLwF4AaABAg	1
UgzQT-soB-S5tqq_2Wd4AaABAg	1
UgzqTOZUPyXUWp0ITPF4AaABAg	1
UgzQtNXCPb3Aa6OALZ54AaABAg	1
UgzQTguRnxwaacgP3zp4AaABAg	1
UgzqtDcb2sKbb98thc14AaABAg	1
UgzqQklMmyU9-wvoz554AaABAg	1
UgzqoNb36WtajPewKY94AaABAg	1
Ugzq-OhQpHdYj9cAovx4AaABAg	1
Ugz_qo46TxdOIKMrr454AaABAg	1
UgzqnfgE-C9aLHvhlIx4AaABAg	1
UgzQNepocNaYygFDqVp4AaABAg	1
UgzqNEJ6fxpJVVHNyz54AaABAg	1
UgzQMOZlrTGyRxJClQF4AaABAg	1
UgzQm94CQxV80_JVxAN4AaABAg	1
Ugz_qm3RgrH0GlhSVL14AaABAg	1
UgzqlRwOC9EZcUvwHyB4AaABAg	1
UgzQkYhTfT5PKNORTlN4AaABAg	1
UgzQku-_V0z6SwMlv5d4AaABAg	1
UgzQjw73uOsKsxcbNsJ4AaABAg	1
UgzqjI6uxRArNGbUZ7p4AaABAg	1
UgzQJcwMsKaGd1oaVGd4AaABAg	1
UgzqjBdu2FeKZ5aMaNx4AaABAg	1
UgzqhVWLf1bAOveCuXd4AaABAg	1
UgzQGZng_mFEb2qAKvl4AaABAg	1
UgzQGuNDJy4v2Jaw2-B4AaABAg	1
UgzQFZ7IpYLHWxbr4hN4AaABAg	1
UgzqFaqJ119SALDEiQB4AaABAg	1
Ugzqerur-wU46lqDQSJ4AaABAg	1
Ugzq_D_CqZ4AWjWZ_TR4AaABAg	1
UgzQCt22qQGHWVtKYjB4AaABAg	1
UgzQcmsCsrDesDw5nKh4AaABAg	1
Ugzqc--irxIwFFgKet94AaABAg	1
UgzqCb_oneb2Vsv6W714AaABAg	1
UgzqaMw-ZfIiTvXY--R4AaABAg	1
UgzqaF4CTrTu--i_WF54AaABAg	1
UgzQa5AsONVpdEcmltF4AaABAg	1
Ugzq8B-wU1-86kapigF4AaABAg	1
UgzQ6XMJPXYetI4LMUR4AaABAg	1
Ugzq6Nu_GRV_n3HDzpR4AaABAg	1
Ugzq5nJG-raj08ewyrJ4AaABAg	1
UgzQ5cHpmdXgYm_gLl14AaABAg	1
Ugzq3SpvUWaUlz-G4qV4AaABAg	1
UgzPZLxvdC_XEPEqkbV4AaABAg	1
UgzpXpB-ZIElA_1IqaF4AaABAg	1
UgzpXfNuT1X-lcyYGh94AaABAg	1
UgzPx9dIUDMuZCHjXDV4AaABAg	1
UgzPWV7Ryt7sfeymEPJ4AaABAg	1
UgzpuJe2Ll3dv3DMoAZ4AaABAg	1
UgzPU2s78R915JEGbmx4AaABAg	1
UgzPTziXi4Plt2BpR-94AaABAg	1
UgzpTj-0Q5SZaML0rkV4AaABAg	1
UgzPSu47Tk05Xc2THlZ4AaABAg	1
UgzpSimJ8E-5207_U0l4AaABAg	1
Ugzpsh86hq4HlJSwe1t4AaABAg	1
UgzPRVHzcx7jvAyfYbN4AaABAg	1
Ugzp_QY2rvySoVjV7q94AaABAg	1
UgzPQR3rEeF_AhkwlPx4AaABAg	1
UgzPp8IoQU3PDB0OmRN4AaABAg	1
UgzpnwvxbWHjVB_Zm4J4AaABAg	1
UgzpmW_96sxWmVM00HV4AaABAg	1
UgzPLUYwy9EEOQATjPh4AaABAg	1
Ugzpkq3URLTOUvUvwj94AaABAg	1
UgzPkh0ylro-TrTJfDd4AaABAg	1
UgzpJfez1B2M0na2xRd4AaABAg	1
UgzPJa5DeP8W_KcXMyd4AaABAg	1
Ugzphw5gBzammngze0x4AaABAg	1
UgzPg_gjrGJf6toZKap4AaABAg	1
UgzPfTejtTfipfaw9t94AaABAg	1
UgzPF3IqoV0hFcyeuPN4AaABAg	1
UgzPexkYh4s-nsxWDrB4AaABAg	1
UgzPETRc_4XHuofcnDl4AaABAg	1
UgzpeEm4SVgN39qfY_p4AaABAg	1
UgzPe7_oGjJXYGC43MF4AaABAg	1
UgzpcRfaOPZVNCfcdKJ4AaABAg	1
UgzpCqEf-xMsdq2cQ794AaABAg	1
UgzpcKrZGb8G8YZuCsd4AaABAg	1
Ugzpbtf5j3vpEgok3TV4AaABAg	1
UgzPbRoauui2DWv8HTF4AaABAg	1
UgzPB1uHkuDN9IQS-Th4AaABAg	1
Ugzp9gnyMJ0ZZJEmyzV4AaABAg	1
Ugzp9eV1tJM5OvOIoLh4AaABAg	1
Ugzp8ynOmKJomfQU3BV4AaABAg	1
Ugz-P7ewlCm8H8_PG694AaABAg	1
Ugzp6i2D54P3VhJ0Mol4AaABAg	1
UgzP5o-h9OkwVZg9CRN4AaABAg	1
UgzP5CgtueNvjQPtr3B4AaABAg	1
Ugzp2S63_pr52AlKI7R4AaABAg	1
UgzP23o5oC_JWZz8iK94AaABAg	1
UgzP0qmaI9X2tfI9E6d4AaABAg	1
UgzOzlAILiwG-bHRnQh4AaABAg	1
Ugzoz0aJyeK9Q6_jS4B4AaABAg	1
UgzOyUthG6x62wN0NQt4AaABAg	1
UgzOygslErldLbSjYXN4AaABAg	1
UgzOxSJNpTz2reOrbKN4AaABAg	1
UgzOxeEotvynBLXNS8Z4AaABAg	1
UgzoWtIoh855GWBElhB4AaABAg	1
UgzOUTS37xw5jEh-gfB4AaABAg	1
UgzougdAhZhK4Nom52V4AaABAg	1
UgzOtIVza3bw5sRNVph4AaABAg	1
UgzOsTXJVYGjZel3KLN4AaABAg	1
UgzOSTqgpwwyseakFM94AaABAg	1
UgzOsrU612UgWl_NdIR4AaABAg	1
UgzorsiP4yhuRHrJKBt4AaABAg	1
UgzOqZ8Kykzlc7Nu93F4AaABAg	1
UgzOQQatMiAdJ4Hsu3h4AaABAg	1
UgzOPJBOJnxnpC4dQqV4AaABAg	1
UgzOoy5u3eFm7Qj9Dix4AaABAg	1
UgzOovMYxIdGwtfffbN4AaABAg	1
UgzO-oUVSZK1Ua8nfA94AaABAg	1
Ugz-OOLbQK6DgmqV-A94AaABAg	1
Ugz-ONUTu_O6MlY0dcp4AaABAg	1
Ugzon5CFOkuuEm6E9kV4AaABAg	1
UgzOLsxOuU3l6iXC9Lt4AaABAg	1
UgzOLnp9TRr2UzYWEil4AaABAg	1
UgzOl7Alu44QjwbuuSZ4AaABAg	1
UgzOkTFv0hoyQk-WAq54AaABAg	1
UgzoKgTLSiR0hArJQkN4AaABAg	1
UgzoK4VHjzvdJ5BLYzd4AaABAg	1
UgzOJI4Z5BEkeFgw23l4AaABAg	1
UgzoJ4wbyormEK7sVOd4AaABAg	1
UgzoIzaO943vT56xtCp4AaABAg	1
UgzOId1qg0dyM6PKhZh4AaABAg	1
UgzoI7rH8y5DTK87Slt4AaABAg	1
UgzOhoC5GMhOtESWelt4AaABAg	1
UgzOf1kGWsj85o3x67Z4AaABAg	1
Ugz_OesvfY4J5Zsv6Ep4AaABAg	1
UgzoeSpCXzu9uslseu54AaABAg	1
UgzOe2gHWW7C4QybyD14AaABAg	1
Ugzoe0_0XIHweSClgm54AaABAg	1
UgzOC8yHCSU_Op1GafN4AaABAg	1
UgzOBXmxLj_j2o5L9kd4AaABAg	1
UgzobTguZa4WgRbtCiR4AaABAg	1
UgzoBP6vzKhq0stWq814AaABAg	1
UgzOBJOO9hXODFFeXKh4AaABAg	1
UgzOBcavEkHbMG0VMJV4AaABAg	1
UgzoA686nWPhS1oBuHZ4AaABAg	1
Ugzo9WQrdOBKkw58fZF4AaABAg	1
Ugzo9KZou4TqRA-igwB4AaABAg	1
UgzO7hLvrYbqk755byN4AaABAg	1
UgzO7gKevxG2vCmfM394AaABAg	1
UgzO74aAIQEkUBevHhl4AaABAg	1
UgzO712uAqcG6NQWY0J4AaABAg	1
Ugzo5kcbst6D47rjk-d4AaABAg	1
Ugzo40BWqMrDj_1Z89h4AaABAg	1
Ugzo2hNMx-15T6wGCKN4AaABAg	1
UgzO05eFitnvwfdi8RZ4AaABAg	1
UgzNzYlKwdwkhABfKhp4AaABAg	1
UgznZPn1VFgwiS0Fiph4AaABAg	1
UgzNzEpoIvQ8EwQTIbF4AaABAg	1
UgznyuvekK10Yl38Gs94AaABAg	1
Ugznyf3gtsGa9fl3TC14AaABAg	1
UgznxQQ3mSdMlrtLgH94AaABAg	1
UgznXKBMCIK94kL5qsZ4AaABAg	1
UgznwnCd3wNLy1yHd0h4AaABAg	1
UgzNwaVgvR1Lyslf7CJ4AaABAg	1
UgznvIml4ZRiSLFKi6F4AaABAg	1
UgzNUEJFl9RI-w6TDjF4AaABAg	1
UgznTTs3UugFllwX9-Z4AaABAg	1
UgzNtlq-za4XLcjUoC54AaABAg	1
UgznT8xcchnQJ8hcsKd4AaABAg	1
UgznsZBUuH5i2Unly1F4AaABAg	1
UgznSoZMzOqSzVgSmT54AaABAg	1
Ugz-NR_UH67xMA_PMXZ4AaABAg	1
UgzNqk2IvfDwFXvDxlR4AaABAg	1
UgznqCKfDxapzdBnPC54AaABAg	1
UgzNpnVT3W-PMXuYaU94AaABAg	1
UgzNoT1Cw5W1G-g3_7V4AaABAg	1
UgzNo2o581C1yOFkwjd4AaABAg	1
UgzNKw97HuCOip6-kzF4AaABAg	1
UgzNKkOTx6uw3GEKW054AaABAg	1
UgzNKk70EU7AemG2EgV4AaABAg	1
Ugzn-JxA_4vaOkNpvgt4AaABAg	1
UgznjMsbo45-gN2hkdF4AaABAg	1
UgzNJ9vJ_AwB8SQDERB4AaABAg	1
UgzNJ5CIgOfeyhK3VIN4AaABAg	1
UgzNijy4qpUm6GRlvN14AaABAg	1
UgzNGtCvznyDFuKuJ9l4AaABAg	1
UgzngD-lrBPrOUtLZNJ4AaABAg	1
UgznedE8bOMX712eF4x4AaABAg	1
UgzNe9oK36CeH32D3zJ4AaABAg	1
UgzNDS6cL5n9BhXKLE54AaABAg	1
UgzNDRDQXOYirb6AUCd4AaABAg	1
UgzNdQZq_cVvAukzg194AaABAg	1
UgzNDKH1NHOOM0hazo14AaABAg	1
UgzNDDTDoeLCqIkvEQR4AaABAg	1
Ugznd56dQ8rsz48fcMV4AaABAg	1
UgzncMBjDbAQPdRMKX14AaABAg	1
UgzNC8HVL5CHMin-dp14AaABAg	1
UgzNBvncrS46ssyPrAh4AaABAg	1
UgzNb3gNy5NaEduvUQp4AaABAg	1
Ugznar1a9rsJoCYyhv54AaABAg	1
UgzN9ay4k-Hl6tj3UCR4AaABAg	1
Ugzn8qriCrnuHIMYLSF4AaABAg	1
UgzN8CTk6UuSpM3Knkd4AaABAg	1
UgzN5uKKsNlAzBPFXGR4AaABAg	1
Ugzn5pgaBBZrTkQSnuN4AaABAg	1
UgzN54eTlOGc1JbBR_B4AaABAg	1
UgzN3esWx6yLdH8ZMyh4AaABAg	1
UgzmzMOcSp-OpFhmoqZ4AaABAg	1
UgzmzLLG8vWfp9hRYVV4AaABAg	1
UgzmYvlLjC5-clbA5v54AaABAg	1
UgzMXFlmAVFi7RrAo9J4AaABAg	1
UgzmXEtW9k1lng2FLkd4AaABAg	1
UgzmX8gpNTNx7VlH7PB4AaABAg	1
Ugzmx8bwzfiKiV4TmtJ4AaABAg	1
UgzMW-WMI1kWyUN9-Dt4AaABAg	1
UgzMWHZhqCy6MA5m4W94AaABAg	1
UgzMULTEkAybhi7TcH54AaABAg	1
UgzMSPIZYtNKMfAj5QJ4AaABAg	1
UgzmrIEjW0525aA95eV4AaABAg	1
UgzmrEjLlK58p9x3A894AaABAg	1
UgzMp_DRODpsCCub0o14AaABAg	1
UgzmNZbKJDIEsAvqrLt4AaABAg	1
UgzmNkJTLXpwjsHZ_Ep4AaABAg	1
UgzmmtJKdKQvhjYvgQl4AaABAg	1
UgzmLXj3tkycke_MefN4AaABAg	1
UgzmlwR6Ue6WJklPVX94AaABAg	1
UgzMKFJ8ZA0BLueq53p4AaABAg	1
UgzMjEyQGmONpAfWYhV4AaABAg	1
UgzMIT1iB8d-CGSQjtV4AaABAg	1
UgzMhJtT5dj-4Kkw7hx4AaABAg	1
UgzmgV8rHKqD46inGGZ4AaABAg	1
UgzmfufhaepxG_BtjON4AaABAg	1
UgzmfmpV9ukPK09aQix4AaABAg	1
UgzMdknbumfwVvmQYwV4AaABAg	1
UgzMdK5SD67v3xhXw1l4AaABAg	1
UgzmdCKp9aCTc88OD3B4AaABAg	1
UgzMdbeBvSV8mEvTyF54AaABAg	1
UgzmCdF45lvLzaqbWbx4AaABAg	1
Ugz_mc_d949FTggOpVJ4AaABAg	1
UgzMb7gPJoVygBVTs1B4AaABAg	1
Ugzm7iuM1OGD86ZcfjZ4AaABAg	1
Ugzm6nEN2bJ6bKfqwcR4AaABAg	1
Ugzm5racFpvhu3Tqwg54AaABAg	1
UgzM4vo6x9BabFbucd14AaABAg	1
Ugzm4UuUrwhCTT3d8bB4AaABAg	1
UgzM1Y3mGqEu5PQl-3l4AaABAg	1
Ugzm03mrmW_A-tNruIl4AaABAg	1
UgzLzATS4-hQ0Rh3xjV4AaABAg	1
UgzlY6etww9L_ypQBBF4AaABAg	1
UgzlxVF-bU8NrePMugR4AaABAg	1
UgzLVsOjv3SWfHVhoCd4AaABAg	1
UgzlvRTGniDFWPQ1b2h4AaABAg	1
Ugzlu_RFRb4ym0vFA9B4AaABAg	1
UgzLuduOAWhUeMAbYDN4AaABAg	1
UgzlTm8XmHX0oE54EJR4AaABAg	1
Ugzlt8F8JRoMExB5d-B4AaABAg	1
UgzLT5gxdzU8XgGiCC94AaABAg	1
UgzLSWn4IXPke2Ebcxp4AaABAg	1
UgzLsQELsJvHmDcp0oR4AaABAg	1
UgzlrzUfU4kEfjS5k8l4AaABAg	1
UgzlRvy-g95f1Cp8lmd4AaABAg	1
UgzlRtcADPor46vXVdF4AaABAg	1
UgzlRAHeRLJW0vyRUXN4AaABAg	1
UgzlR64pmur70mkTFm54AaABAg	1
UgzLqw73pFQOW7RVo3d4AaABAg	1
UgzlprqOe0EWkPOwBst4AaABAg	1
UgzlO5pPV1uHfJGaR4x4AaABAg	1
UgzlNJMjtW5FQM1uHxZ4AaABAg	1
UgzlN1EYy5cCzICiUyN4AaABAg	1
UgzLmqYYXKEf4oRw8uF4AaABAg	1
UgzLlwrpVpPYcSXKZX54AaABAg	1
UgzlLrex5x4AYxYZsbt4AaABAg	1
Ugz_Ll83edVE-CCBJER4AaABAg	1
UgzlkOvaHxcYalBl4yF4AaABAg	1
UgzLk5D0tHViNCF5ZMt4AaABAg	1
UgzLJvD1st7H2IApymZ4AaABAg	1
UgzLjuIdckhq1xygKpV4AaABAg	1
UgzlIY56Qp3K5PN61qF4AaABAg	1
UgzLiP4THAIjghkgrw14AaABAg	1
UgzlIDUkG8ngBoIQuXF4AaABAg	1
UgzLHk0Uf60NbGZhdnh4AaABAg	1
UgzlHjECnOdXfnOLYrt4AaABAg	1
UgzlFxn2aVzytGbSM8J4AaABAg	1
UgzlFs2-bkzuxMpFBd54AaABAg	1
UgzlEIbhCPiisrhrHnl4AaABAg	1
UgzLecvPOXgF-KHXo3t4AaABAg	1
UgzLEAiXSYT4DeEGDUR4AaABAg	1
UgzldwMXs_HtKaZA_El4AaABAg	1
UgzLCQ4WhLgjpBUTDlZ4AaABAg	1
UgzLcKAfEPLhcx8bKW14AaABAg	1
UgzLbmNy8rt5c1RuOw94AaABAg	1
Ugzl8VJ7_ZbJ076I1HJ4AaABAg	1
UgzL6qLwZvQIIDjByJl4AaABAg	1
Ugzl4y0R-q0Ezb2epqB4AaABAg	1
Ugzl4uqn70ZmF5P7swB4AaABAg	1
UgzL44qfPFZLJcSaPTV4AaABAg	1
UgzL3PbCyjaw3e-4sEx4AaABAg	1
Ugzl3P4q__Qxc5BYZ7t4AaABAg	1
UgzL3jj5KC_fbK16Ux94AaABAg	1
Ugzl3HeAMZcDTJfRrGJ4AaABAg	1
UgzL2ETjmLE53leapUp4AaABAg	1
UgzL1iyekgLkxa6HoNp4AaABAg	1
Ugzl1g22whWMm1lFBPh4AaABAg	1
UgzL0J21XwiZHZ4nLvl4AaABAg	1
UgzL0eqktTQMtB0-cvt4AaABAg	1
UgzkZvkVZ7ydpkrI8D54AaABAg	1
UgzKZD_Vhfq-wyQQZZZ4AaABAg	1
UgzKZ9TcZrbh4ZLdrc54AaABAg	1
UgzKZ1nKF13KB6lgOwh4AaABAg	1
UgzkyonAZVRX6vnzwMN4AaABAg	1
UgzKy2dsL-5RYxwsoTZ4AaABAg	1
UgzkxURq-W8PubKv95J4AaABAg	1
UgzKxcHQPigEYYIiwl54AaABAg	1
Ugzkx4W-pW-kEGGFdrB4AaABAg	1
UgzKwzOx1tP7zvlV5IB4AaABAg	1
UgzkwzjBzTGInIkzy7J4AaABAg	1
UgzKVV7sKsHgbE19VTZ4AaABAg	1
UgzKVlPt203pK0_yKnZ4AaABAg	1
UgzkvjOvK7GOGJYcoEB4AaABAg	1
UgzKveL_3GrQ_vKxlLJ4AaABAg	1
UgzKU37og1SNjO916fV4AaABAg	1
UgzkTdf_dygGJ0PvXwB4AaABAg	1
UgzKtc1xTPtxwYNCUFV4AaABAg	1
UgzKsqXS0vIKpazC0_14AaABAg	1
UgzkrZgjcLiNTc9CDER4AaABAg	1
UgzkRSbODt84SR0twvJ4AaABAg	1
UgzKRmfzvAfyZWxDIpN4AaABAg	1
UgzKRd3r2VCqVL88BVt4AaABAg	1
UgzkQ-_mOmMKac3M4Ch4AaABAg	1
UgzKQAkfOYJgVluHGFh4AaABAg	1
UgzkmwAncVCtTTgxjYp4AaABAg	1
UgzKLRuokfb3njG_Jnl4AaABAg	1
UgzKKaFNN_KuAVmWyPN4AaABAg	1
UgzKK6-VeHg8H9CQkFd4AaABAg	1
UgzKjbMV8jJ16TzAddN4AaABAg	1
UgzkJ2j5VPMK7QQc8ax4AaABAg	1
UgzkiMjkZX5cB7gO3c14AaABAg	1
UgzKICznlDNW2S3SNXF4AaABAg	1
UgzkHdT9fpozfrtPiTR4AaABAg	1
UgzkG8V42Zma7yFRREV4AaABAg	1
UgzkEhlPS-1Nk6lVsFR4AaABAg	1
UgzKeaYMwSCj03jjpld4AaABAg	1
UgzkdZKV9iJjNjusKF94AaABAg	1
UgzkdXs3zs7r6z-bKGB4AaABAg	1
UgzKd-LREqhMF20LBnF4AaABAg	1
UgzkdDHbRIaAI_a58Nt4AaABAg	1
UgzKCY_b_S-AiWsBt494AaABAg	1
Ugzk7ZvkRz694S3MO6N4AaABAg	1
Ugzk7vdggvamNfi5YGF4AaABAg	1
Ugzk4YyzI93GuhNiRC94AaABAg	1
UgzK2NNeHJAdgnRVccV4AaABAg	1
Ugz_-K1zfCjY8gTK0WR4AaABAg	1
Ugzk1Y6qM-m6UZdJRf14AaABAg	1
UgzK-1hyqR5mMnqQgZB4AaABAg	1
UgzK11MswUpuVeLJBhN4AaABAg	1
UgzJzE0Nn8_W00l5mvF4AaABAg	1
UgzjYZvwb9tIXDe4E_R4AaABAg	1
UgzjYUefA8qi0dIXscd4AaABAg	1
UgzjYcA1rZ6WyCwVc9x4AaABAg	1
Ugz-JXs8x6ZYDGMl_TR4AaABAg	1
UgzJVZy724RKerpSobR4AaABAg	1
UgzjVpC9u6m09O6IEyl4AaABAg	1
UgzJveOOQx7hyptqem14AaABAg	1
UgzjUYjIdLAUdd-Jzrl4AaABAg	1
UgzjUxJlms-ov4iR5sB4AaABAg	1
UgzJUw3fszuWJEUzBKp4AaABAg	1
UgzJutAXVWftW49pKWJ4AaABAg	1
UgzJU8VDO2m5KCDCxrR4AaABAg	1
UgzJU5dei5_qFc0QCk14AaABAg	1
UgzJTTYZh6lStX2xK_Z4AaABAg	1
UgzJTO1B-3Vk4VStxHV4AaABAg	1
UgzjtfAj4AlQM-Xxyr94AaABAg	1
Ugzj_t2m5hjM-kE9czZ4AaABAg	1
UgzJQBaxaDiby4_27pJ4AaABAg	1
Ugzjq7TlupB0iFvowkh4AaABAg	1
Ugzj_pvcp2Pzo_nba094AaABAg	1
UgzJps9mKjE_BQSNFEp4AaABAg	1
UgzJowtLBWT8-jhjOnJ4AaABAg	1
UgzJoVwQBeqTIBYc4qF4AaABAg	1
UgzJohVkXR73OEnaZIt4AaABAg	1
UgzJo7Ux6rAKi-1_fRd4AaABAg	1
UgzjnCAQHdYuyUPPeAt4AaABAg	1
UgzjmThmmi8qmkx8tDN4AaABAg	1
UgzJLtlH4sUdLjAB-Bp4AaABAg	1
UgzjltJamLDzf39Ctad4AaABAg	1
UgzJLo0A1uLJ-OPPKr54AaABAg	1
UgzjlnqmoyuVc4aYiTt4AaABAg	1
UgzJkUmljWgLBC77y7B4AaABAg	1
UgzJKIG44n04P3_zYE94AaABAg	1
UgzJKch--8Oeu3qtYGN4AaABAg	1
UgzJIXb_09xKIRN0zZx4AaABAg	1
Ugzjh3c8S0QOmtMIhWF4AaABAg	1
UgzjFrnH3fLIP7k8wSN4AaABAg	1
UgzjEmTf-5F7mjsS7bF4AaABAg	1
Ugzj_dwiE72siKLnwi14AaABAg	1
UgzJCjb7Fvko4H_sHbR4AaABAg	1
UgzJB3bMAZeb5rmFJuV4AaABAg	1
Ugzjas4NdkoCWoWZkuh4AaABAg	1
Ugzj9Awg-hImBE_moCh4AaABAg	1
Ugzj8k3kWu9rcVV8fc94AaABAg	1
Ugzj70j0wue3837YKyp4AaABAg	1
Ugzj0ZTq1qHQ7JR7art4AaABAg	1
Ugziz7DMFEJRSJWaDkl4AaABAg	1
UgzIz1Pvp_EZ9rICNi14AaABAg	1
UgzIyqAviA853Nv10iB4AaABAg	1
UgzIXZgfQvlbTYqweIR4AaABAg	1
UgziW7qRjbhzG0mlZXR4AaABAg	1
UgzIvbf5t6lezTxqdyB4AaABAg	1
UgzIttHfdCP9y4WbEix4AaABAg	1
UgzisvZytJ7O-H4KlQx4AaABAg	1
UgzirzL_QBsqIENLp_J4AaABAg	1
UgzIrrcuudeToI_r5dt4AaABAg	1
UgzIRGfTnNH3QJSG8ch4AaABAg	1
UgziraIk1JBSgioglv94AaABAg	1
Ugz-IR52YlSX58r9-vN4AaABAg	1
UgziQyskgJBAPavuqql4AaABAg	1
Ugziqr2SpzDXRh_hB3d4AaABAg	1
Ugziqh5r0gJkM7waLP14AaABAg	1
UgzIQbm8cdsnSIp93-N4AaABAg	1
UgzI_osgLq8U3RhrZvZ4AaABAg	1
UgziOfgm1N1el1VX77t4AaABAg	1
UgzInWNoLdtaeflfoGJ4AaABAg	1
UgzI-MmNvp1RcOPv_nF4AaABAg	1
UgzilX2p_B3BySG5gIB4AaABAg	1
UgzILbmri78OMOv9qF54AaABAg	1
UgzIKTFodqBRuVAvjG54AaABAg	1
UgzIKHqS5oRdkfptNct4AaABAg	1
UgziK4r6Z7TCALUSiL54AaABAg	1
UgzijhaKz2qjXJTwH_t4AaABAg	1
UgzIi9RVdKUcLYD5rAV4AaABAg	1
UgzIGdiYVG8Gouv9jXp4AaABAg	1
UgzIgbZCsiWraF-irOp4AaABAg	1
UgziFtu5zrUQ4SEi2Nl4AaABAg	1
UgziFFqqG3mKSFjJalt4AaABAg	1
UgzieUSz2gYussB9fE94AaABAg	1
UgziEOaMZ6wH4uzQ-1x4AaABAg	1
UgzIEkoTqBp-mm6cl3J4AaABAg	1
UgzIefkRDLGJt289baN4AaABAg	1
UgzicXebV3a-GEKsk0J4AaABAg	1
Ugzi-BmFiUzL5c_NP2l4AaABAg	1
UgziaZ9-u1WOSz0GJ0l4AaABAg	1
UgziAqb-Z7vmsqgxySl4AaABAg	1
Ugzi9tMVohXhy3SX6Wd4AaABAg	1
Ugzi89_dBpFSPljavPx4AaABAg	1
Ugzi6hyJRbIPnbN5dal4AaABAg	1
UgzHzSzKlWOcfxZOCgd4AaABAg	1
UgzHYzyJPL2hkJBtLoN4AaABAg	1
UgzH-XwguvZGilsfDYl4AaABAg	1
UgzHXaqxhzT1lZimfq94AaABAg	1
UgzhWs84X0djio2tzHl4AaABAg	1
UgzH_wb5GH0MUlsxccZ4AaABAg	1
UgzHUEkG_bizeGClZKR4AaABAg	1
UgzhTxrLeDGQukOsrn14AaABAg	1
UgzhsKq8EaopSNJhdO54AaABAg	1
UgzhRzFqxUSsbHBlVst4AaABAg	1
UgzHrNrpZKmvxLbroZh4AaABAg	1
UgzHq138cNmJgVnFk-14AaABAg	1
UgzhPEVLfoZcf_JfOn14AaABAg	1
UgzHpdnGPbv5HbhhMs14AaABAg	1
UgzHoQfs-XWaiQjUCz14AaABAg	1
UgzhnyEXVLdq2rMkgL14AaABAg	1
UgzhnrJ6yz8iJqWfxa94AaABAg	1
UgzHN6lYvPD_u7vXjeB4AaABAg	1
UgzHmt-zgmMAabwcNr14AaABAg	1
UgzHmmSk6kdnYVqiciR4AaABAg	1
UgzHMDBI2lNpfsh5kvN4AaABAg	1
UgzhM22wr-yvMumSQ_J4AaABAg	1
UgzHLa121Y-zE3v4QMN4AaABAg	1
UgzHJjMCeKDZRnBo9Pd4AaABAg	1
UgzhIpmW0NWd8ZqWacJ4AaABAg	1
UgzhIM2dSyNvNqzTFyx4AaABAg	1
UgzHi1AUaAYY7LUjt_Z4AaABAg	1
UgzHhn5SM_dLLSK2WLR4AaABAg	1
UgzHgzYWvsDptcOVcx54AaABAg	1
UgzHgHlbRoiD6vJs_Dx4AaABAg	1
UgzhgEFR6ig8zv19QRh4AaABAg	1
Ugzh-FkTip_TmYfjzuR4AaABAg	1
UgzHf8HrlQ5WfoGg5oZ4AaABAg	1
Ugzh-EVSo7yOydVWTBV4AaABAg	1
UgzheAUBI4t8LIK1WBx4AaABAg	1
UgzHDpL3beXWeE6-4Tl4AaABAg	1
UgzHdGFjPx8xhhNodgt4AaABAg	1
Ugz-Hd3PWQ4IsmqsCUZ4AaABAg	1
Ugzhc0kNiStD0xbTo5l4AaABAg	1
UgzhbIahoAMTvApP5dt4AaABAg	1
UgzhbD5FHNKiCXhtuUV4AaABAg	1
UgzHBCZKD-octUYsxEt4AaABAg	1
UgzhB8y5jczHJIVmgS94AaABAg	1
UgzHadYuBBTBvjJvr0d4AaABAg	1
UgzHAdUz-mVeb5rTVut4AaABAg	1
UgzHAaSvglYmBJqnKg54AaABAg	1
Ugzha6QFpKZbGRUxnXl4AaABAg	1
UgzH8VCKefj48zRxs7B4AaABAg	1
Ugzh8LD0SK25qNS0luN4AaABAg	1
Ugzh7XqKhGPnI1deqAd4AaABAg	1
Ugzh6OYuMyGQKs1QOZ54AaABAg	1
UgzH68pN7YEmhJv_Z-t4AaABAg	1
UgzH64tnfH2_077TQxR4AaABAg	1
Ugzh5tb72YiRxrx_Ral4AaABAg	1
Ugzh3Vx-IyOqPakhPbt4AaABAg	1
Ugzh1K-uMXD6ZTD1X394AaABAg	1
UgzH-19unqPG-hpMeZB4AaABAg	1
UgzGzZsY3d0LL6Wu74h4AaABAg	1
Ugz-GZhkM0Gww5RrLvl4AaABAg	1
UgzgZfZgWSpytBDgPG14AaABAg	1
UgzGyWqVt-_uxgQR1jl4AaABAg	1
UgzGXYgRdq9JcTVsYaN4AaABAg	1
UgzgX25EkSAMk1xJN-t4AaABAg	1
UgzGWa7pdh4wQa7ziYx4AaABAg	1
UgzgVNJejLCeS2DhRYh4AaABAg	1
UgzguaSZzwlfn2_AgoF4AaABAg	1
UgzGtyyzE3_sWqD2E494AaABAg	1
UgzGTfhIGV2NQtaGCRx4AaABAg	1
UgzGrwvTnAeWjjqJvhx4AaABAg	1
UgzGrC70ccDFrd1-xJl4AaABAg	1
UgzGQNWDnMjTDVIwNzJ4AaABAg	1
UgzGPfi2edXsenEcv1x4AaABAg	1
UgzGneQV0RB7efm1xRB4AaABAg	1
UgzgMcMJaKxl7Z97VyF4AaABAg	1
UgzGLvgUjMrep_-eMA94AaABAg	1
UgzGLm-hcLkf4xv68r94AaABAg	1
UgzGl1z_NvNQryKaENV4AaABAg	1
UgzGkhGXHQzNzEqQ4394AaABAg	1
UgzgK1mTavofTJrbs4B4AaABAg	1
UgzgJT7JB2b6Ky4FLEl4AaABAg	1
UgzgJnIMegDQA69T3bx4AaABAg	1
UgzGjmuTDQQCeP6MAdh4AaABAg	1
UgzgiH8dHGWa-w-LtIF4AaABAg	1
UgzgI-g5JPyg81kJCF14AaABAg	1
Ugzgi0dyaAbzwY7c8zt4AaABAg	1
UgzgGjYdssof8OZnmSd4AaABAg	1
UgzGdmO11SPMcMHSBop4AaABAg	1
UgzGbbr4Tz7_pov66dV4AaABAg	1
UgzgbbQ1UDIETqYp0qh4AaABAg	1
UgzgAxwIggzbUvjh43t4AaABAg	1
UgzgaU8zMCdiw4WH_ah4AaABAg	1
UgzGad343VoYpXjnzCx4AaABAg	1
UgzGACm-IdHEZPXV_Op4AaABAg	1
UgzG9nN5d5uW7uKi-oR4AaABAg	1
Ugzg8Bet3IF-Wvuu-XF4AaABAg	1
Ugzg85bE9FoAEZzk3bN4AaABAg	1
Ugzg6DE3M3TuPuRV04V4AaABAg	1
UgzG5K7WzSw1mb6Elpl4AaABAg	1
UgzG20gmIy_R_k-kYGd4AaABAg	1
UgzG1JIhVKVlvFSb8EV4AaABAg	1
Ugzfy5W1BN8YR2HOnx14AaABAg	1
UgzFwcNJEhtf1HV1RYt4AaABAg	1
UgzfVY1efL13CGiJyzx4AaABAg	1
UgzFvTrNUQ5L8sBm6KN4AaABAg	1
UgzFVhWnn1aM6Gv8KBV4AaABAg	1
UgzFvg3NwY5ICBYdrK94AaABAg	1
Ugzfv8yQO2ud_tYy-Nh4AaABAg	1
Ugzfuv2DhAiZApBoq0Z4AaABAg	1
UgzF_TWNbXJzgyfCooN4AaABAg	1
UgzFTOSMmBAUT09brXR4AaABAg	1
UgzFtIj_vzr5oW4LiNJ4AaABAg	1
UgzfSUNo7w7Hzh37x3d4AaABAg	1
Ugzf_rsAWsHt8VhGtI54AaABAg	1
UgzfRFrlwashiZ5ogXN4AaABAg	1
UgzfrCY0xNJR6XQl35B4AaABAg	1
UgzFrbEoD7yqHv-ixg14AaABAg	1
UgzfqTcpkF7sa-mOw6J4AaABAg	1
Ugzfpfa4TOyGSIYQrh94AaABAg	1
UgzfOxjeR-8cbJUVnMh4AaABAg	1
UgzFoUQ3EeqcyZNZpOV4AaABAg	1
UgzFOLhNCfNKmlTk82p4AaABAg	1
UgzFnTb-OWhP8OBvsuN4AaABAg	1
UgzflgQaKHWrVVXSDK94AaABAg	1
UgzFL42gjE1Q7vv_Cvd4AaABAg	1
UgzFKBT_itOd15x5i2p4AaABAg	1
UgzFjFLqnMOlvRky_qt4AaABAg	1
UgzFiRwvGJpaoCY7m1V4AaABAg	1
Ugzf_IOdEMm5ByOTgTp4AaABAg	1
UgzfiGs2WLZ-w2nUuOV4AaABAg	1
UgzfH3Y58dxtbe7btF94AaABAg	1
UgzfgvkUq4sdxiiGqW54AaABAg	1
UgzfGpFzhd5oSneRqtN4AaABAg	1
Ugz-FG5Ik0AvJnOrPz54AaABAg	1
UgzfFrHVNT4Z1McldwV4AaABAg	1
UgzF_Fc1E_CUaNIIh9B4AaABAg	1
UgzfEvpwl5SJq2hVvsN4AaABAg	1
UgzFeoAPs8QtaN0r5Bd4AaABAg	1
UgzFEGimEV5HcNprggJ4AaABAg	1
Ugzf-dOanv_kxEG3Cx54AaABAg	1
UgzfDkWokmBL42G3Erd4AaABAg	1
UgzfdcvPM8eReKriCNJ4AaABAg	1
Ugzfbh-J9xksnJcihs54AaABAg	1
UgzFBh8Fqv1sGXVDCAZ4AaABAg	1
UgzfaU02KNR0-rMJ8KZ4AaABAg	1
UgzfaNjm0gqk4QgITQZ4AaABAg	1
Ugzf9Tbl2GBO6ONrdxB4AaABAg	1
Ugzf9CeaX-sWpGILXLd4AaABAg	1
Ugzf7WbTN8R4T7PHtaF4AaABAg	1
UgzF5zHO0yMucA6q75p4AaABAg	1
Ugzf5G8LcknP9wP0EWt4AaABAg	1
UgzF3Ce3Yzu9-CAEvOZ4AaABAg	1
Ugzf1opUOPLyVyGqvCl4AaABAg	1
UgzF1iGS-d99ALEddAV4AaABAg	1
UgzeZQi37xgaN6-_yxZ4AaABAg	1
Ugze_z-cKrkdOGgXgkF4AaABAg	1
UgzeZA2Hz6BD7DgUyit4AaABAg	1
UgzEz9nCKgpiAhnJV_N4AaABAg	1
UgzeYZdYAFmE7ho5qIB4AaABAg	1
UgzeYm1Sr-To43JkYhN4AaABAg	1
UgzEyfY79a36aDMV_P14AaABAg	1
UgzEXNYw62dbdS3gKjR4AaABAg	1
UgzeX4kj6qS8KzuJt7R4AaABAg	1
UgzEvC-vlMXbZh0Fn2R4AaABAg	1
UgzEUyVys_o7rRVvBoN4AaABAg	1
Ugz-eSzqzXshQPzZ0_J4AaABAg	1
UgzERsylfXMo1vYR_Ed4AaABAg	1
UgzERR1eCqkmkZ1RkOt4AaABAg	1
UgzERJvynh55Y2XDdW94AaABAg	1
Ugze-riAakPOh2AWyjN4AaABAg	1
UgzEq008oQT_3653ttF4AaABAg	1
UgzepQTnFmsDGI4dKKV4AaABAg	1
UgzeOz2zXLn33V95Ye54AaABAg	1
UgzEoyMKECABuK70bhB4AaABAg	1
UgzEoU4OVLyi1PW0z8J4AaABAg	1
UgzeOFZHCXYaBOYKlHB4AaABAg	1
UgzEOf9LMTGphcLbhEp4AaABAg	1
UgzeOAmwmpW2VMG0Ez94AaABAg	1
UgzenuwQg2ItPNgJvMZ4AaABAg	1
UgzEnsrloj7EqK969Ut4AaABAg	1
UgzenPAlzISAC7gLO954AaABAg	1
UgzeNgDBVETXmyR80dR4AaABAg	1
UgzEN9D8RNXCr2_BTgN4AaABAg	1
UgzeMhCOXrPAJy4G81J4AaABAg	1
UgzELkqwpmr8xptEqGp4AaABAg	1
UgzeljUrZFjmmtdFfRN4AaABAg	1
Ugzel7VYFqLBG2KLUiN4AaABAg	1
UgzeKTSfuYTDZFGsvuV4AaABAg	1
UgzeklEYJqsSfkdrzWt4AaABAg	1
UgzeKkY8lqEilHSv3GB4AaABAg	1
UgzeJWGFti26FQWysLd4AaABAg	1
UgzeJHPCbI87yhcwn4R4AaABAg	1
UgzeIR6RNF7U6PuUqz94AaABAg	1
UgzEIHOLpDQEgb4zSs94AaABAg	1
UgzeI7nkLA3VAJD6IuJ4AaABAg	1
UgzEi74Z8HraONrMejF4AaABAg	1
UgzeH1cmgzvXSyBsGch4AaABAg	1
Ugzeg3lGkGhBpM70EMx4AaABAg	1
UgzEFZkEn7aJak0e8VZ4AaABAg	1
UgzeFpoh0wYem-lJzeN4AaABAg	1
Ugzefjkcqudbuv8Cwit4AaABAg	1
UgzEeZWBMM-USQJfh014AaABAg	1
UgzEEWD7jiE1uRlx5zV4AaABAg	1
UgzeDp_nvYnRemQG9hB4AaABAg	1
UgzEaYdrMhr9WWNg_JF4AaABAg	1
UgzeAvTQcUnDPzw4T0d4AaABAg	1
UgzeAO9c-v9SK3l3qtp4AaABAg	1
UgzEaGyhdsrRk8JYtNt4AaABAg	1
Ugzea4sFd2_J8LtTJu94AaABAg	1
UgzE811LNOqxx0KKmxl4AaABAg	1
Ugze6k044fQYFgbeB-V4AaABAg	1
UgzE4JA9DidOmq1dhtx4AaABAg	1
Ugze2xllpdhH6KGE4gd4AaABAg	1
UgzDzzKzdsWTkJYZsSB4AaABAg	1
UgzdZLqcTRecIbEly794AaABAg	1
Ugzdzf780emfUb2gvOF4AaABAg	1
UgzdZETpxDVvTmJrYlB4AaABAg	1
UgzDXH6ApMjuXHrlvy94AaABAg	1
UgzdWN4Rkks2wLcNu0B4AaABAg	1
UgzDw39uSVmJ75g8Oih4AaABAg	1
UgzDVulXfqinJAmeKSt4AaABAg	1
UgzdV22VVVW4moDQHRx4AaABAg	1
UgzDuY9pfBBhojmXnRh4AaABAg	1
UgzdU4MoAK-bnOMiIg94AaABAg	1
UgzdTXLFEZrTk5lgClp4AaABAg	1
UgzDtC5IgrNb6Ibp4IF4AaABAg	1
UgzdsBpS6gnZFMXblS94AaABAg	1
UgzDRYH99ub-K3n1ieF4AaABAg	1
UgzDQtJ0zJVsLMeMJKd4AaABAg	1
UgzDq1kGWlqfGeJZaFB4AaABAg	1
UgzDPVKgBRcYI5qFUsB4AaABAg	1
UgzdpndH__PSK3d-o8B4AaABAg	1
UgzdPjFofGpj-ctX9bB4AaABAg	1
UgzDPgWJn1kieChAnNp4AaABAg	1
UgzdPbo5ahC7I8S_Ua54AaABAg	1
UgzdPbf9VD45EW1wq1h4AaABAg	1
UgzDn04nVzTLygd9l6p4AaABAg	1
UgzdMXOf8liOqf8CfcF4AaABAg	1
UgzDMPGT02ExYAFpmqh4AaABAg	1
Ugzd_lH8OjhH4y77IAR4AaABAg	1
UgzDkliXTBre0QYH5aV4AaABAg	1
UgzdJSGYKx5oW2_6DC94AaABAg	1
UgzdjHunx78QmH4YYWd4AaABAg	1
UgzdIwU7sTTTPnlYf0Z4AaABAg	1
UgzDIqiBc9nMtPtiOet4AaABAg	1
UgzdI5e7heGn4Qj3WTh4AaABAg	1
UgzDHsl0Rs9jiZWthp14AaABAg	1
UgzdHQXXgM3LNB9qGtt4AaABAg	1
UgzdhLGN2hPDcUtiz7V4AaABAg	1
UgzDfot_iB86VrJUi4Z4AaABAg	1
UgzdENlVteiwNuXbvuV4AaABAg	1
UgzdCXR2TcYpiV5E83p4AaABAg	1
Ugzdcwl1HV2mXQKEZA14AaABAg	1
UgzdCNtUM3gg1-laNKZ4AaABAg	1
UgzDbbO0FDc4nWjfiVx4AaABAg	1
UgzDATj1jRBsLgpcdvR4AaABAg	1
UgzdAt9YhbLo4cyWXfB4AaABAg	1
UgzdaEWr5K9qiUMeFVp4AaABAg	1
Ugz_D7c54DGSODnppk54AaABAg	1
UgzD5CFd9qQhjPFf4s54AaABAg	1
UgzD56MhBe4TwjIzEwB4AaABAg	1
Ugzd4yJHCI0dt49QYxZ4AaABAg	1
UgzD2wPKTcv3r-_bemJ4AaABAg	1
UgzD1gHiGlaK0TRmu9Z4AaABAg	1
UgzcZv4_T7A9i9225s94AaABAg	1
UgzcZKI2XWrU2a5HkLl4AaABAg	1
UgzcZIjdVuETdHDpr1J4AaABAg	1
Ugzcz2k3LFS3dJWoM0t4AaABAg	1
UgzCxR_K2Xxbr1pQEKB4AaABAg	1
UgzcXMnBYMbR4mbEKpt4AaABAg	1
UgzcXHRvfaidwlVFsqZ4AaABAg	1
UgzcVfvQyw3rY56EOS14AaABAg	1
UgzcURloGd1OTdfqBsZ4AaABAg	1
UgzCsfKkxLFt29uCixF4AaABAg	1
Ugzcry-HUzMag_1L70F4AaABAg	1
UgzcrJdE6NjcKEAtfTB4AaABAg	1
UgzCRgsNYzphMobjkS94AaABAg	1
Ugzcqq3n1ogTx2gU8Jl4AaABAg	1
UgzcqfEOgxs2lAgyBJt4AaABAg	1
UgzCQ0wp_9GyesVHmqN4AaABAg	1
UgzcQ0_U2LaY62F-g_J4AaABAg	1
UgzCpyUed0w6zdvgGFF4AaABAg	1
UgzCPwNvJmnmj0kAR0F4AaABAg	1
UgzCprBaErYZkXAxvQ94AaABAg	1
UgzCPQYrrR5i4x30AXx4AaABAg	1
UgzC_-pqM0eQWSY4igZ4AaABAg	1
UgzcpALjUPKQo0oD1V94AaABAg	1
Ugzcp4fUbU8RrZYYtAZ4AaABAg	1
UgzcON12wzqYjQrOjdt4AaABAg	1
UgzCOgRh4xYmx9dsh2t4AaABAg	1
UgzcnRpmoyGg9DbyOIl4AaABAg	1
UgzcnrdpIB-15O1u_fR4AaABAg	1
UgzcnirtuSYaqVMQRwF4AaABAg	1
UgzCMUWMLm5pY-fPkgp4AaABAg	1
UgzCkwmDQ4UomBmI3UR4AaABAg	1
UgzcJox52TTuAb64ioJ4AaABAg	1
UgzciHhh78HREPTUN594AaABAg	1
UgzchvJ5esEMxrq-xPx4AaABAg	1
UgzCh7R_-8Y3Qll9XQp4AaABAg	1
UgzCgM-TPDYkSVExmPR4AaABAg	1
UgzCGFBHPWA9ZIyKd514AaABAg	1
UgzCFZPYYF1yqKgSnp54AaABAg	1
UgzCFUiAOW2XQEMUOyN4AaABAg	1
UgzCFODAu9qujjgzTL14AaABAg	1
UgzCfi363HcV6ViDVX14AaABAg	1
UgzCe7zDIeboz9OO64h4AaABAg	1
UgzCdFVkfQjHrDkkQFB4AaABAg	1
UgzcdfhVpkHEySITbf94AaABAg	1
Ugzcd-Cm5xUoIXf7VH94AaABAg	1
UgzcCyHQaDbs1OaRvVp4AaABAg	1
UgzCCQq91bR20cMi3Ud4AaABAg	1
UgzCBp9LuX8PtskdMAh4AaABAg	1
UgzCA-yx4teZHotenCt4AaABAg	1
UgzCALkVKw6Fnsvmftl4AaABAg	1
Ugzc7KSGx0FzBI3oWLp4AaABAg	1
Ugzc4HH8AWUAljzYgWl4AaABAg	1
UgzC2R8CRUY89UydMBp4AaABAg	1
UgzC2Oz7F-6VlzKPzlJ4AaABAg	1
UgzbZhxaPT2f8n1EVZx4AaABAg	1
UgzbzFmy4LzIAY39y-d4AaABAg	1
Ugzbz6RR7rK70lp0wUt4AaABAg	1
Ugzb-YWCj6rK2R9GOdl4AaABAg	1
UgzbxZnuHJWWxlVWKlZ4AaABAg	1
UgzbXk6Nqbvdfmw2qkN4AaABAg	1
UgzbxdLsJW8KckfWv4x4AaABAg	1
Ugzbwn4ISDH_vqyAeVl4AaABAg	1
UgzbVSZ2bY-nW4o8GR94AaABAg	1
UgzbUpKl0nMfSDoEuCN4AaABAg	1
UgzBuJZ7e2aA5_jlmcN4AaABAg	1
UgzBsOMEN4hCB2pZSAN4AaABAg	1
UgzbSOmeknSiPL80B3F4AaABAg	1
UgzBsfzfOZILejZzcNB4AaABAg	1
UgzbruZnBaEyLFS9RLx4AaABAg	1
UgzbRmIsvT5HU85u5_d4AaABAg	1
UgzBRHW3pE_mjCxMNa14AaABAg	1
Ugzbqx_MgiLCiHgyMdh4AaABAg	1
UgzBqrVrssIUrKtMheB4AaABAg	1
Ugzb-qLsmazB3gHNHZJ4AaABAg	1
UgzBPoWWT1VDJTvdBRB4AaABAg	1
UgzBPiwXYQEEfJqbWLp4AaABAg	1
Ugzbox6usQ6NYkXWOyJ4AaABAg	1
UgzBoWAeeAxuNsuJlZl4AaABAg	1
Ugzbo9GovMxbd5suOUF4AaABAg	1
Ugzbnc_X0OsgOzIc0qx4AaABAg	1
UgzBnacj6nf7y0Do-4R4AaABAg	1
UgzbN0dcmYuKb877lTh4AaABAg	1
UgzbMVSzNGlZvwj2INF4AaABAg	1
UgzBmrBy964DC0OJe1J4AaABAg	1
UgzbLKKwJ9bb0WbHmhR4AaABAg	1
UgzbKo5nqqE2Z71ucmd4AaABAg	1
Ugzb-KiOo4EPeK36iPt4AaABAg	1
UgzbJ_mtKcqU1nRIokN4AaABAg	1
UgzbjHMND-yybzHAnUR4AaABAg	1
UgzBifX4pS8J7Xmy2CJ4AaABAg	1
UgzBi22brJRDiIrmI9J4AaABAg	1
UgzbgKpSrO_85umVTcp4AaABAg	1
UgzBfgvjDpwlXSxRmh54AaABAg	1
UgzBePt-sr1DKAppfGV4AaABAg	1
UgzbdeqAU4zgR5zjg8h4AaABAg	1
UgzbD6ATsNsEwEGs-A54AaABAg	1
UgzBCz1LyoE86C78Rpt4AaABAg	1
UgzBcsq5xPh570khbjV4AaABAg	1
UgzbCnmP8yQx4-Z30RB4AaABAg	1
UgzBchVJCxA-wlC9WLt4AaABAg	1
UgzbbGGE4oGprdy6Qrh4AaABAg	1
Ugzb699yOIbzbnHZh514AaABAg	1
UgzB2K_qQBmlmxeMqcF4AaABAg	1
Ugzb2HfUCsxiSlYKub14AaABAg	1
UgzB2eRFdgftZrL2K4l4AaABAg	1
UgzB0nXnNHsjU6ju2lZ4AaABAg	1
Ugzb06Ob2ZOaPaavIjZ4AaABAg	1
UgzAzvb-1VKUDgfiNBR4AaABAg	1
UgzaZuQdB_3xwBTHv7x4AaABAg	1
UgzAZI-UhGz3c4B67rd4AaABAg	1
UgzAYHnicyD8ma22BAd4AaABAg	1
UgzaY7aLjy3C1kp4i6d4AaABAg	1
UgzaWgZ8GdjLVo1-xs94AaABAg	1
UgzAW7ToHVat2cds6HN4AaABAg	1
UgzAVro9z3ZAxAtpcyd4AaABAg	1
UgzattqnM6tSgmWDQNh4AaABAg	1
UgzatMj4HbnMUgxOWP14AaABAg	1
UgzASOtWVPRucBKCIgF4AaABAg	1
UgzAsburpYZtk5duDHx4AaABAg	1
UgzAPz2l44i23I9eKGh4AaABAg	1
UgzaP_Z1BjDnE-g5DT14AaABAg	1
UgzapCY0VYXGDNIhmYx4AaABAg	1
UgzaoOOxQcvgf5ZgtCt4AaABAg	1
UgzamsU1hI3JrI8jfw94AaABAg	1
UgzAMqPEvFZZWlV3dk14AaABAg	1
UgzaMlwFdCaH7y8Akdp4AaABAg	1
UgzaMC37EK_EUvUo5MF4AaABAg	1
UgzambBsUkxRGeMN4rV4AaABAg	1
Ugzalllzjet35k7BlaV4AaABAg	1
UgzAKyKH05BOch6guXF4AaABAg	1
Ugzak00yjzaZtt1PoWF4AaABAg	1
UgzaJYaRsv9i9xaQRRx4AaABAg	1
UgzAIZgvbFvYLdf0ySR4AaABAg	1
UgzAIXtBm_DLEwHTtd54AaABAg	1
UgzaiLun7U3jkEfa4Tl4AaABAg	1
UgzAhXOpD-R3UjJ7BAt4AaABAg	1
Ugza_HBT9C6BM8IS-At4AaABAg	1
UgzAgPlzvNmqfRP2ZR14AaABAg	1
UgzaggB5DqrU1p2p2614AaABAg	1
UgzaGanuIv2YXdQA0Fp4AaABAg	1
UgzAG5SSNeGCGcdDT-V4AaABAg	1
UgzaFTV2f2hC2ml7sTd4AaABAg	1
UgzaFgtD_sJefKSf6jF4AaABAg	1
UgzAfeOmnsIS7-g1a8B4AaABAg	1
UgzAF9FCCp3bDCoS51l4AaABAg	1
UgzaeofNsc1a_DuCHnV4AaABAg	1
UgzAdjXWLgi7S8MWdt54AaABAg	1
UgzaD_ilutQrY69uiJt4AaABAg	1
UgzAcIN8rn2gkMHfElJ4AaABAg	1
UgzACeqvJZd39oSx-994AaABAg	1
Ugza-C84-HcZw6edk-R4AaABAg	1
UgzABRg4uwUaNRHrLe54AaABAg	1
UgzABQQZMWzjsFTsZl14AaABAg	1
UgzAAzbRbN4Na9OU47t4AaABAg	1
UgzaaCh-64bbcUo27rl4AaABAg	1
Ugza9A_e9ouhntuKAuJ4AaABAg	1
Ugza8vzh5oJmIlRyA4R4AaABAg	1
UgzA8KLweoA-JX6_a7h4AaABAg	1
UgzA8-83M-VT9atP7hx4AaABAg	1
UgzA6yjBZFanZSbn8nV4AaABAg	1
Ugza5Epe8bBOuvGWDQx4AaABAg	1
UgzA45s7cJqZnDflf0h4AaABAg	1
Ugza-3wtlr0YTLWBXtd4AaABAg	1
UgzA22Xw3eIRlKqL9HR4AaABAg	1
Ugza21MKFmtuP5Oucbt4AaABAg	1
Ugz9ZxBbadOjEjhL2Qx4AaABAg	1
Ugz9Z9suiZB6ICP3es54AaABAg	1
Ugz9z1yncZ0oPt5eiBh4AaABAg	1
Ugz9ytJlOgdyok5RzYN4AaABAg	1
Ugz9yIqKni-9pUu1OlB4AaABAg	1
Ugz9xz9KcW8tcrTbKBN4AaABAg	1
Ugz9xivUjfYd5VtTzoJ4AaABAg	1
Ugz9v-S9GLjr2davREh4AaABAg	1
Ugz9vbCQQuEGRCN0p-14AaABAg	1
Ugz9uq4JtXP5oMuWbfN4AaABAg	1
Ugz9UBdGP3IGmt_GxTF4AaABAg	1
Ugz9saJBgDW_T8yfGSN4AaABAg	1
Ugz9RJzjit8u_BkotNt4AaABAg	1
Ugz9oqpQ3LXZpmpBmcx4AaABAg	1
Ugz9MSKEBOWeF8LQ-DJ4AaABAg	1
Ugz9Mo-ES7p35oFSqLx4AaABAg	1
Ugz9kG43BfC27VVMtNV4AaABAg	1
Ugz9JssEbTHOLrpMmS54AaABAg	1
Ugz9JcFa700x_Su6eoJ4AaABAg	1
Ugz9iyoCDgi3dhKNcdZ4AaABAg	1
Ugz9IlgX_hKkpxh3hkR4AaABAg	1
Ugz9IHxD2dn460D83bN4AaABAg	1
Ugz9HKcAqh2qgtO4EFZ4AaABAg	1
Ugz9H5RU2XNZ_KeSusR4AaABAg	1
Ugz9GatEgJDSUKGoq8l4AaABAg	1
Ugz9_Et9w5AyjVYlKdR4AaABAg	1
Ugz9Eln9cK_3pONSWDx4AaABAg	1
Ugz9dFyt_OqUpIwBAFN4AaABAg	1
Ugz9C7kX_prj--th6Pt4AaABAg	1
Ugz9ASbhGpXUED5XpiB4AaABAg	1
Ugz99LPqpnn2vvSIPfx4AaABAg	1
Ugz98TzP3zxIDAoahl54AaABAg	1
Ugz92Ya10xV60Jato-R4AaABAg	1
Ugz90NGLnSsZZASs09t4AaABAg	1
Ugz8zNk6eXgnGv0s77J4AaABAg	1
Ugz8ZNGfdgLCQehmnUR4AaABAg	1
Ugz8ZFQ36JmztQrPCtl4AaABAg	1
Ugz8xZOdEXsU8faFmAp4AaABAg	1
Ugz8x0oMTNoZbvCovQh4AaABAg	1
Ugz8W0E39v19LrL3xGR4AaABAg	1
Ugz8v5k1D-OMrT3C16l4AaABAg	1
Ugz8v00OxPMmjTCFXFx4AaABAg	1
Ugz8txW04LiOIQmp2vJ4AaABAg	1
Ugz8TNWPwTF-IpenYUZ4AaABAg	1
Ugz8Tmtw29nY4cU_yqR4AaABAg	1
Ugz8SYIICG3W73qjlBV4AaABAg	1
Ugz8PLV-wi5wFNWqqFB4AaABAg	1
Ugz8PHtEzxhXCJX9UsN4AaABAg	1
Ugz8of5yOSFirox_Rzt4AaABAg	1
Ugz8mle8p32aQ9ie-bV4AaABAg	1
Ugz8MGO24pgWtV0zspl4AaABAg	1
Ugz8lLgzf4c6aY2U5vV4AaABAg	1
Ugz8K4HKCJ7DwjSseuB4AaABAg	1
Ugz8Iw3Fu8QvfzrMK7d4AaABAg	1
Ugz8HMdF0Q2oatmradx4AaABAg	1
Ugz8hanNQEskLJXbKQ14AaABAg	1
Ugz8D9MnI7-LsgYNEOx4AaABAg	1
Ugz8aWc5bClHHzvuTzR4AaABAg	1
Ugz8agnw8NKvo-AdVQl4AaABAg	1
Ugz8AcX3qO2ZjSOzcT54AaABAg	1
Ugz862isRviIhZoqZ9F4AaABAg	1
Ugz84wZKX8tTWaXCntx4AaABAg	1
Ugz83yf8XKACoOhpJPV4AaABAg	1
Ugz83-45_-WgIJy4ubt4AaABAg	1
Ugz8204ZXnd_LbbtNFx4AaABAg	1
Ugz7xzrk0V1r71y12CB4AaABAg	1
Ugz7XwTutzQXJmMIjEV4AaABAg	1
Ugz7u4H7eVgqMmd3bUh4AaABAg	1
Ugz7RvjFy8z9HDyFroZ4AaABAg	1
Ugz7R6MJtqLSFXH6Yet4AaABAg	1
Ugz7Qs2Nf46tVlUIFKJ4AaABAg	1
Ugz7qqKxACCZ8no8QS94AaABAg	1
Ugz7PTJGOXNPu-YCI814AaABAg	1
Ugz7Oan471GOLdF50_F4AaABAg	1
Ugz7nFcgktzcAbk4N6N4AaABAg	1
Ugz7mnjiQZFQ8XPGVit4AaABAg	1
Ugz7MfOKh_vdWvzVqvt4AaABAg	1
Ugz7LXsQ6ngylZmyJJp4AaABAg	1
Ugz7l_r_DrLl35aa4_Z4AaABAg	1
Ugz7Kh7XKk0bUYJThVt4AaABAg	1
Ugz7jJO52Dtt3voMWFR4AaABAg	1
Ugz7Iyg5HeEAsVc-nUp4AaABAg	1
Ugz7hl8K6IqPR8Dg7WR4AaABAg	1
Ugz7_HbgbE0xUyK3-7N4AaABAg	1
Ugz7f4NRRSYabiU4KHl4AaABAg	1
Ugz7EIHFGaydV5xYyN14AaABAg	1
Ugz7d0gR4koUOaycX4x4AaABAg	1
Ugz7b_nBcdcv8IumlGB4AaABAg	1
Ugz79ongHp6ps1pk1Dp4AaABAg	1
Ugz797jpiQ0sEfobboN4AaABAg	1
Ugz700F5jybPkPpgf8B4AaABAg	1
Ugz6ZRTkvOyHt4BqKoF4AaABAg	1
Ugz6_YzbvZPUyh12oAt4AaABAg	1
Ugz6xE6Z7CHli7s8LeV4AaABAg	1
Ugz6vVU4m8RjrN0qpOF4AaABAg	1
Ugz6SXG6mQSg9FQqP5l4AaABAg	1
Ugz6SmjfQiFW-TmrVXl4AaABAg	1
Ugz6rnSS6Ac0z2BXgW94AaABAg	1
Ugz6QyylziVlC9Wifpx4AaABAg	1
Ugz6QwNgwe9qBPvYKj54AaABAg	1
Ugz6Pt_5sZFXTxaQu054AaABAg	1
Ugz6Mk1zLT9n9vyH5154AaABAg	1
Ugz6McyTmEMgzH_o3754AaABAg	1
Ugz6KZGJPv0FaNKSRyh4AaABAg	1
Ugz6-KYQLwONcvOpwgV4AaABAg	1
Ugz6KMBJBeT57TpEB_R4AaABAg	1
Ugz6iTfvkYGnQqAb5At4AaABAg	1
Ugz-6IBb9c15Br480uF4AaABAg	1
Ugz6HUV01Q2kJYvsmFV4AaABAg	1
Ugz6Hl_Ms3vLcpGnz7V4AaABAg	1
Ugz6GUSWPmSo_qxZutN4AaABAg	1
Ugz6EZKVLVFWfjUTfz14AaABAg	1
Ugz6EWsNcrIXtuaCd3d4AaABAg	1
Ugz6EEeyPuNyKqw9Jb14AaABAg	1
Ugz6djDiTXnIvkdLXTF4AaABAg	1
Ugz6buo5SwJDtKGo9EV4AaABAg	1
Ugz6BfV04j5f7hMacxh4AaABAg	1
Ugz6AyTyOGtg3_Zi3iF4AaABAg	1
Ugz68sh0tmIrrVM6Yhl4AaABAg	1
Ugz_65jLD7RpLODWWox4AaABAg	1
Ugz620DGHmyUgIniGRZ4AaABAg	1
Ugz60I2dzC8jcUCv6nd4AaABAg	1
Ugz5zDYsBLB-wyadgnl4AaABAg	1
Ugz5yI62pnR_l2lNk7d4AaABAg	1
Ugz5wu41j1JKV40cvwx4AaABAg	1
Ugz5Wh6tevrtXJPhcQh4AaABAg	1
Ugz5UzYjUujSw5Dbkbx4AaABAg	1
Ugz5uT7VIuEO_YXPjGB4AaABAg	1
Ugz-5TXoJFsifWZAZqt4AaABAg	1
Ugz5TtS6DAkaX__mXV94AaABAg	1
Ugz5S3u6JQpNuB5l2mt4AaABAg	1
Ugz5qX9ybDTDAk3mnL54AaABAg	1
Ugz5P0YH6Qxvo_Rq-854AaABAg	1
Ugz5o47Za1mAMSPmK094AaABAg	1
Ugz5LGShYF3oM7CtdQh4AaABAg	1
Ugz5KSJIdjYfuhM6eyh4AaABAg	1
Ugz5KNvDGNwNI37Hz1J4AaABAg	1
Ugz5ha2QeCWYYGtZxxZ4AaABAg	1
Ugz5_h2YwTzSlZGrXuR4AaABAg	1
Ugz5GLYF9IX0iv85_vN4AaABAg	1
Ugz5FYZMqgKttD8HO0t4AaABAg	1
Ugz5-enX08XSMzmOYDl4AaABAg	1
Ugz5E9o1IrTCwF56o414AaABAg	1
Ugz5cNceoVdJsU-3AyJ4AaABAg	1
Ugz5c73CFJmSDoYWkUZ4AaABAg	1
Ugz5A2O3bY49IGJ9jth4AaABAg	1
Ugz59UtP30ixKNRGWlN4AaABAg	1
Ugz55sS2WfPjqppkDIB4AaABAg	1
Ugz51_DDRBWmT8p3vCd4AaABAg	1
Ugz4YmyPkb8FdczhfQ94AaABAg	1
Ugz4xFdzC546TMKIum14AaABAg	1
Ugz4wy8IeD5u1EbIY4B4AaABAg	1
Ugz4WQtek8AuSK9qJ754AaABAg	1
Ugz4vJoBz-Xjx2ptbh14AaABAg	1
Ugz4ukHdpQGIwBD2ApR4AaABAg	1
Ugz4UfQW08M2BEbQRLV4AaABAg	1
Ugz4u4IdOy_tHa0r4MN4AaABAg	1
Ugz4SMhPR-X2BIFhcQp4AaABAg	1
Ugz4RSVrE0CW9ZcVQBt4AaABAg	1
Ugz4QpePWZvsTriXqQ94AaABAg	1
Ugz4QCw9GtWb46PzWYZ4AaABAg	1
Ugz4q0Ou3T8XBirit0V4AaABAg	1
Ugz4oPF00h4UH-csyU14AaABAg	1
Ugz4OFY0AH7al1mfYWl4AaABAg	1
Ugz4nbWSp2Gr-lp-Xw94AaABAg	1
Ugz4lH2h1_tm0hZPOQR4AaABAg	1
Ugz4LEGqVXf8_ljqhxV4AaABAg	1
Ugz4kogQVKjPmcOGVY94AaABAg	1
Ugz4jSouMxRfbd3295V4AaABAg	1
Ugz4ic159bGzk8N7uvp4AaABAg	1
Ugz4i2m1u6GVJeGgT314AaABAg	1
Ugz-4HtlSooEyXF_wFB4AaABAg	1
Ugz4GX6DOdpoprVahM94AaABAg	1
Ugz4GMjrIZGaAU-DbZ54AaABAg	1
Ugz_4eQdSB2VeFPP5eJ4AaABAg	1
Ugz4dVhSaqVeqYcH_hR4AaABAg	1
Ugz4DmVhFxV69-TqagJ4AaABAg	1
Ugz4CHAPIcyjYuLui0p4AaABAg	1
Ugz464W18291PhHcnoR4AaABAg	1
Ugz45MlgA3VBLxGDHUx4AaABAg	1
Ugz44ocFRwbqeKfwmZ54AaABAg	1
Ugz_43Eqc3dKt6a1qbB4AaABAg	1
Ugz3UsGmTCkYaCHymql4AaABAg	1
Ugz3Ti_93m6t7nn0rSJ4AaABAg	1
Ugz3sXDqGWTp2_n6KK94AaABAg	1
Ugz3RxSZIIi_59laPOt4AaABAg	1
Ugz3r5zgfgBkIZZF4AB4AaABAg	1
Ugz3qvU7xQEZAKY3_AV4AaABAg	1
Ugz3PzNE7U6UyXqLDUF4AaABAg	1
Ugz3PysGjY9wBHA-adp4AaABAg	1
Ugz3pu24Q0BU2V8RbH14AaABAg	1
Ugz3PgIvqL6ICOwJUT14AaABAg	1
Ugz3p4xKTVDbhdALS3N4AaABAg	1
Ugz3Nnc8sWLY2cx0RNV4AaABAg	1
Ugz3n7PVRvbhIvQZX9t4AaABAg	1
Ugz3n2ZmnY7BVDCpAW14AaABAg	1
Ugz3MlYpAumUfzCGDEl4AaABAg	1
Ugz3MhWwrMZPkxSlugd4AaABAg	1
Ugz3iNR7TYvwkiR76gV4AaABAg	1
Ugz_3eNi0pyfpPO0bPh4AaABAg	1
Ugz3dlpgtpUVnqvESQx4AaABAg	1
Ugz3CHBhCOqirpBF2YF4AaABAg	1
Ugz37UtGDpOHqhADOBp4AaABAg	1
Ugz35dB893bgY0lNH-94AaABAg	1
Ugz2Z9f_IyZp-RhMQtZ4AaABAg	1
Ugz2YHvteqzAzeN6ca14AaABAg	1
Ugz2YeuM56uw1bz71EV4AaABAg	1
Ugz2WkC0Vz0qGWBgocJ4AaABAg	1
Ugz2vFZst8K4p2rmoJx4AaABAg	1
Ugz2Tznv3SryumcWx4V4AaABAg	1
Ugz2tTj5S-Xo2Hmi2xx4AaABAg	1
Ugz2s8_uDDnxzUt1UuV4AaABAg	1
Ugz2RXIcT0yAWiJGKH94AaABAg	1
Ugz2RPzZP1n9vTCtvrB4AaABAg	1
Ugz2QgP3w1LKLKLW5u54AaABAg	1
Ugz2pA4SaK1QS1-Tl2N4AaABAg	1
Ugz2n3CNqNo126DUR_t4AaABAg	1
Ugz-2L5VDHrDFI1_6uN4AaABAg	1
Ugz2JkyVpdsVma0FHBt4AaABAg	1
Ugz2iWeFLNEy6rCEod54AaABAg	1
Ugz2HM_XcvzDB7KTsgh4AaABAg	1
Ugz2G2cWLob7q8yHL8F4AaABAg	1
Ugz2fbJAYjxfqecxtDh4AaABAg	1
Ugz2EXcq0q8DXHIMwQN4AaABAg	1
Ugz2Etojv7B3lyou1O94AaABAg	1
Ugz2dxMXYKZMrkNtCvN4AaABAg	1
Ugz2CAUDnqctNk4FXO54AaABAg	1
Ugz2Bw0O60tl76vrRSB4AaABAg	1
Ugz28Y3RWj5_9PoErOZ4AaABAg	1
Ugz2740JP_ZFdSEFSYl4AaABAg	1
Ugz233mcKnCaW9B9ZMp4AaABAg	1
Ugz2178YXhejjD-Zutt4AaABAg	1
Ugz20Jm5_90NSwf8D954AaABAg	1
Ugz1XMKRoGEpRVzeu3d4AaABAg	1
Ugz1vQLFLB9PSZidl0p4AaABAg	1
Ugz1Uty84HvtDpvL82J4AaABAg	1
Ugz1Rvv53IeM2QjnrGR4AaABAg	1
Ugz1QY_nyEktwQ21SuJ4AaABAg	1
Ugz1oyhZY7IoIgKKfSl4AaABAg	1
Ugz1OTTwkUw5jyrTqwh4AaABAg	1
Ugz1-oR9ltS3jIofyoJ4AaABAg	1
Ugz1nMR9YTIwsoprx0d4AaABAg	1
Ugz1ne0OQxrJG8D_uK54AaABAg	1
Ugz1mYqCkiR-jYcRvQB4AaABAg	1
Ugz1mwrOnjg52EWPUDF4AaABAg	1
Ugz1M8F2bZIYhTSeAq14AaABAg	1
Ugz1LsZ7-MpHdrc3Gcd4AaABAg	1
Ugz1LMPVbUQ2MLD9UMl4AaABAg	1
Ugz1KunxYoZ7U9Ibq9B4AaABAg	1
Ugz1KnyVo7iRECuz7454AaABAg	1
Ugz1KmoC7Azade8vXI94AaABAg	1
Ugz1Ix-QFs_v_xcy2o14AaABAg	1
Ugz1INIlzDtY4i8Ihyl4AaABAg	1
Ugz1_hfk2G3BJUwM9t14AaABAg	1
Ugz1gEgHXjQDtQyzLpd4AaABAg	1
Ugz1CJyg4bUcJXeL8uB4AaABAg	1
Ugz1Bc8AUQQtoPuQJnV4AaABAg	1
Ugz18GO9mfvuJ22iSet4AaABAg	1
Ugz17GxRP3bbPVaupu14AaABAg	1
Ugz14_j67T0leizYeNB4AaABAg	1
Ugz13U2yxMC2IM-47Wp4AaABAg	1
Ugz12bJ3VEClKuqEIMF4AaABAg	1
Ugz0X7N81sDFK8KTxdV4AaABAg	1
Ugz0Wp0nmju9qOq0iWt4AaABAg	1
Ugz0wMchZ8kmOfXq84x4AaABAg	1
Ugz0vwE8QXFdnHjUSJl4AaABAg	1
Ugz0uPUwp--hmPsAbwN4AaABAg	1
Ugz0UHb_sO-bzg8D2pd4AaABAg	1
Ugz0U23cIKhr439U2kt4AaABAg	1
Ugz0Tl0ZrpLOhusv-Rd4AaABAg	1
Ugz0qZHk0UQFnz6Q1Mp4AaABAg	1
Ugz0PT0Ny3jyxDPKTjR4AaABAg	1
Ugz0PJHaC7uUbdU8egp4AaABAg	1
Ugz0p26evQDIztk13Wp4AaABAg	1
Ugz0o3aWE3r73EY_B3F4AaABAg	1
Ugz0nWBzaXxoncD23pd4AaABAg	1
Ugz0KWaBm1rDIb1svOx4AaABAg	1
Ugz0jTiYoLMgSfOR7E14AaABAg	1
Ugz0HwHQCC7aeNSSrzd4AaABAg	1
Ugz0gsBr0dr6x1TnBBF4AaABAg	1
Ugz0GQI_gN1VCWO7_mt4AaABAg	1
Ugz0fzH-5oo4bDH58bd4AaABAg	1
Ugz0eLsm-N3BqDxA7E54AaABAg	1
Ugz0CtGGMNTf9vuwhIp4AaABAg	1
Ugz0bycGWsAVEmPVfld4AaABAg	1
Ugz0B8HwcT1S7kzd8Vd4AaABAg	1
Ugz0AimpOp_I6ndDqah4AaABAg	1
Ugz0aEizptJ4ogK4Z_h4AaABAg	1
Ugz08nm30bCOKcUqJYx4AaABAg	1
Ugz05mm-mJY8N-duOt94AaABAg	1
Ugz0441K2e4Lej5gF1x4AaABAg	1
Ugyzxnx7TMndK3Kdu114AaABAg	1
UgyZxl40NR-ND0MJlYB4AaABAg	1
UgyzwYuEzPwyDKhV3i54AaABAg	1
UgyzWO1eaY7EqzFnvjN4AaABAg	1
UgyZwmiy74gPUzfk7Q94AaABAg	1
UgyzW9fb2eXqophW4xt4AaABAg	1
UgyZvi0m2msAWlGQ53V4AaABAg	1
UgyZV42HFTPl4UNcBFl4AaABAg	1
UgyZUnf32YCQUm2wVX54AaABAg	1
UgyZUMDeq5Cia4EdQ5F4AaABAg	1
Ugy-Z-UJaEilVprR9EV4AaABAg	1
UgyZUhOfenhyyAvLGet4AaABAg	1
UgyZu5gELytlIUUhnht4AaABAg	1
UgyzTOKw4Ptxkm3eLKl4AaABAg	1
UgyZSZw-N9mzrjoL9Ft4AaABAg	1
UgyZ-Sv4ajs6h7So3cJ4AaABAg	1
UgyzRZJWNTg4NIaOfrZ4AaABAg	1
UgyZRpKQVsdmsNdXXYJ4AaABAg	1
UgyZqwhi78jpa3trRfJ4AaABAg	1
UgyZqE4tQn5PhUJdL8B4AaABAg	1
UgyzOA02dnLeknucjal4AaABAg	1
Ugy-ZO9DKNz3OWOlgo54AaABAg	1
UgyZn54QZsDw_tq18y94AaABAg	1
Ugyzn0QPGeWt4_SdLc94AaABAg	1
UgyZmcWhFXk4tSieddN4AaABAg	1
UgyzLO2XC9iIN2RwoUN4AaABAg	1
UgyzlLPFiqLi8H00w5t4AaABAg	1
UgyZlI1sEsUB9Hzi5h14AaABAg	1
UgyzjVqv4Z0THg2Be0p4AaABAg	1
Ugyzj5yszEm5S0FF9SV4AaABAg	1
UgyzIbWG2FxoG1Rj3XV4AaABAg	1
UgyzhyTXnCmGrVMNpot4AaABAg	1
UgyZHPx_RpD1GO0RsQ94AaABAg	1
Ugy-ZHg6PxqjwwwCOzl4AaABAg	1
UgyZhb1fefaEyy5Tuf54AaABAg	1
Ugyzh2shY2s8xHLXvRt4AaABAg	1
UgyZGnWherrg_8tQxHR4AaABAg	1
Ugyz-GE2IiJ-GJqgaR14AaABAg	1
UgyzfwECgA5_Cv_yv8N4AaABAg	1
UgyzFSFeUDrPTkOQnJl4AaABAg	1
UgyZe-Rj5z9971pvx3h4AaABAg	1
UgyzdZXzNbAtuhA0Mex4AaABAg	1
UgyZDU84XiVKIUCW_094AaABAg	1
UgyzcWPY68uAcvlMl8J4AaABAg	1
UgyzCnHVhKTWZN3jaKR4AaABAg	1
UgyZBWLCZCYcU6TLyH54AaABAg	1
UgyZavqOHxT-hMHlpgR4AaABAg	1
UgyZaV2wUwOhN1ui9-94AaABAg	1
UgyZAJtOLYC1SLssTW54AaABAg	1
UgyzA83JMO59xpuQ83h4AaABAg	1
Ugyza1Awv-t_cJtkK9p4AaABAg	1
Ugyza0GnGFGxIa73vgl4AaABAg	1
Ugyz8HrW1f1ZHUuwCGB4AaABAg	1
Ugyz7k7bxSx7t84mg814AaABAg	1
Ugyz7cztKToB54LWgMB4AaABAg	1
Ugyz6v5eKGdbS2SlFQ94AaABAg	1
Ugyz6Pg81aH1evx8rFR4AaABAg	1
Ugyz5w8ofC-fThVDhNt4AaABAg	1
UgyZ5pVGIX1WDDLYwwR4AaABAg	1
Ugyz4HCb8Ab3C0s1iF14AaABAg	1
Ugyz34XlCi1PAohJn_d4AaABAg	1
UgyZ2UyAMVNblh6VkGN4AaABAg	1
Ugyz2O8kNx3GFXieRDl4AaABAg	1
Ugyz2CeUe5Nj0XSR-c54AaABAg	1
UgyZ1vFxLLeYVsd-aKp4AaABAg	1
UgyYZ2_B_1ZH-oZVb_14AaABAg	1
Ugyyz1wfWZmcbzz-Svd4AaABAg	1
UgyyYfs7GKpzg8Zp8Od4AaABAg	1
UgyyXSLJMyJDPFqXIBt4AaABAg	1
UgyyXiaTg_CLrEJrsFJ4AaABAg	1
UgyyxBhYNQpXTllURPd4AaABAg	1
UgyyX4Tbc1mbzywtjBJ4AaABAg	1
UgyYwg1A8XVxye-6yR14AaABAg	1
UgyyWEgXp1avI9BP3j14AaABAg	1
UgyyvZ_KhKvgN2E9NWZ4AaABAg	1
UgyYV9ZKPmoIfZTYTwp4AaABAg	1
Ugyyujkny6imkUNPLQF4AaABAg	1
UgyyTwks0aQF6jZ6FqJ4AaABAg	1
UgyYtsWB_KmYsKCSaVV4AaABAg	1
Ugyy-Sut_iMzxjN-bdN4AaABAg	1
UgyyrNKLmPVa6xugx114AaABAg	1
UgyYPxuRUx0DopJGZTd4AaABAg	1
UgyYPopfghOYqYlsolx4AaABAg	1
Ugyyp6ZPAzDe-7JD9zB4AaABAg	1
Ugyy_OvtUsrKQamZZgd4AaABAg	1
UgyYOtEH4X4CKt-9tWN4AaABAg	1
Ugyy_oQD6iQVDRD85i14AaABAg	1
UgyynKsN8-7Ayl1AML14AaABAg	1
Ugyyn1LIcXXZkchuIy94AaABAg	1
UgyyLj1c6V3KPgPXjn54AaABAg	1
UgyYKnVe2rTcjUNopAt4AaABAg	1
UgyyKhIHSUHV3xi3c7R4AaABAg	1
UgyYiqY4rz2VCxKH_Id4AaABAg	1
UgyyioZ3dljjuFShsrV4AaABAg	1
UgyyGyp_qdTEwaWrqiJ4AaABAg	1
UgyYgx2VI7phKO1ChOl4AaABAg	1
UgyYG8f9qyUvEGDuhah4AaABAg	1
UgyycnI784OEZkHYwsV4AaABAg	1
UgyybOJuJQ61gqnRJa54AaABAg	1
UgyyBMysd67YmSi77ZJ4AaABAg	1
UgyYBMmn9JGyulyBBx54AaABAg	1
UgyY9EJrlyobh334rGl4AaABAg	1
UgyY5CPMImXZG7dsSEt4AaABAg	1
UgyY3t2uEYxbcEWSKKV4AaABAg	1
UgyY2tIqn1QpDcON_Gh4AaABAg	1
UgyY2Slk8mGufqqhNvN4AaABAg	1
UgyY1t8bKq7Dly8IXll4AaABAg	1
UgyY1pWCmqaItDqHgDt4AaABAg	1
Ugyy0PwjuwSBQU-MzV94AaABAg	1
UgyXzSUaTReIT-jEe-N4AaABAg	1
UgyxZOsdJSLC8wPs0d14AaABAg	1
Ugy-xYhgzjvCGIl9eFJ4AaABAg	1
UgyxYGXfS1saDeMvc2J4AaABAg	1
UgyXycI0TcWRJIeE5sR4AaABAg	1
UgyXXD8ZC6FuNKV2XV94AaABAg	1
UgyxWk8OWuXSj42gPBV4AaABAg	1
Ugy-xvvEZGPqSDx057R4AaABAg	1
UgyXVSG1yJenQyQ62Mx4AaABAg	1
UgyxvN5Haoy01eCXM2R4AaABAg	1
UgyxVJ2KemUtbuSxvDx4AaABAg	1
UgyxVFyvE2w9jyK2PeF4AaABAg	1
UgyxvDnggLlyjb_7fxN4AaABAg	1
UgyXV9yw5b8toF74XIR4AaABAg	1
UgyXunW4Zj1Cobfs5s94AaABAg	1
UgyxtPzNOFcZ-rG71e14AaABAg	1
UgyXRUi2VzpcXkupB5x4AaABAg	1
Ugyxrq2BbbAOBMqwlDB4AaABAg	1
UgyxrP9ghjr-feh2Bcx4AaABAg	1
Ugyxrf45wTD6zfOz6t94AaABAg	1
UgyxR6_CSArCKlZhv3d4AaABAg	1
UgyxR3gDoDluufQXwuF4AaABAg	1
UgyxqQwJG8A70mmTQPJ4AaABAg	1
UgyXqCYi-6FXZs8FqOR4AaABAg	1
UgyXpi8L6MSqiPKo1zR4AaABAg	1
UgyxpC8kZ8IvQEOQu4h4AaABAg	1
UgyxOgYoIC3OLvVTTB94AaABAg	1
UgyXn2w9C7Kv4EaZCc54AaABAg	1
UgyxlQwhTVaxIdwLGI14AaABAg	1
UgyxKVOMfFYf-yhZHDl4AaABAg	1
UgyXKFFVMhaKluwMmkN4AaABAg	1
UgyXKEchS4FwCL4z0fZ4AaABAg	1
UgyXK3ILljcK0Tvc07Z4AaABAg	1
UgyXivtYL1LmBpRGDSN4AaABAg	1
UgyxifYJb8xL_JureSt4AaABAg	1
UgyxhJoxdkcmrqOwIu54AaABAg	1
UgyXHbTsz3Pog0VnYKt4AaABAg	1
UgyXH7ZqhxJcUiTWyUx4AaABAg	1
UgyxgqYVjo7GDzFFiaJ4AaABAg	1
UgyxGnE2O7UWy4Os-eN4AaABAg	1
UgyXfzMeouS--EXKja14AaABAg	1
UgyxfS6ubXT7AiBgOo54AaABAg	1
UgyXFACrPYzzboL8sLp4AaABAg	1
UgyXevrqfRFhqbAk74x4AaABAg	1
UgyxEtkttDXm5lTqy3J4AaABAg	1
UgyXdyIPBhzT1KwCnMh4AaABAg	1
Ugy-xdrLTtjg40J8-mZ4AaABAg	1
Ugyxdqic52zZx-dtmr94AaABAg	1
UgyxCBkGjW4Lwhkh1W94AaABAg	1
UgyxC0XUut8rtoiuZ0l4AaABAg	1
UgyXBq2hM-vLRzuTZbB4AaABAg	1
UgyxAcGqCSq7KvFYUPF4AaABAg	1
UgyXA8-n_l9jYvHD-hB4AaABAg	1
Ugyx9YTjrEZgmhekA9l4AaABAg	1
UgyX7_hAAq0jru1BfKF4AaABAg	1
Ugyx49W8elGKPjwvOZd4AaABAg	1
Ugyx3tKl3HacFm3w7zR4AaABAg	1
Ugyx3p0m0ZUuSkRv6FB4AaABAg	1
UgyX2UaTZoO0F-B2-np4AaABAg	1
UgyX2H103GABZ69Fqol4AaABAg	1
Ugyx1KHXGQGZxuxBQv94AaABAg	1
UgywzeWC3dZeYMXuSI94AaABAg	1
UgyWXKDWcSO0CN3J1b94AaABAg	1
UgyWvdUIhf-Y_5AY0Jh4AaABAg	1
UgyWV1mzv6bBeoWpb454AaABAg	1
Ugywt_RyxAqg6rBkHhh4AaABAg	1
UgywTPts4313ay0pg6Z4AaABAg	1
UgywtoLr7Ye_QxGMPO94AaABAg	1
UgyWtF3IlfwZpNOuDwB4AaABAg	1
UgyWT0Y1dhcKopWrOLN4AaABAg	1
Ugywr6fGWACm3r37nex4AaABAg	1
UgyWQk4Wcn89qNfSkiR4AaABAg	1
UgywPZmIm4kwVdbWmHl4AaABAg	1
UgyWPx-WYsjol_jflw14AaABAg	1
UgywPkUdf34PmuDWD0F4AaABAg	1
UgyWnzzLmzZcKcvkz1h4AaABAg	1
UgyWnt-lM5tOxr8MHbt4AaABAg	1
UgyWn6bQi_y7sCnjw-h4AaABAg	1
Ugy-WmQDgOhdwqQvFO54AaABAg	1
UgyWlWnoCmDImUwJcSd4AaABAg	1
UgyWkaSIQnH-8ZMYu6R4AaABAg	1
UgyWkaKrwLYOKC2QzQ54AaABAg	1
UgyWK65Wpl0xLKC6qGN4AaABAg	1
UgywjFmlmcxOBGGtF8d4AaABAg	1
UgywiRopmV4aOdL0Vst4AaABAg	1
UgyWh_41rMpLxn8-zS14AaABAg	1
UgyWGKqGDMzDktM94b14AaABAg	1
UgyWgH9fAG5Mm08Kixd4AaABAg	1
Ugywg4rHrwRyABf5rSF4AaABAg	1
UgyWfoCMN0BHRo4fZ3p4AaABAg	1
UgywcxPC-wUD0o095Wx4AaABAg	1
UgyWcxDmUHbzRYYJHx14AaABAg	1
UgywbXO52YBNLo0f-Qx4AaABAg	1
UgywaX3nPIc8UCJZPdB4AaABAg	1
Ugywa0Ln-GCVgUD486B4AaABAg	1
Ugyw9_PRV_CcoUTEU8Z4AaABAg	1
Ugyw8nCy5QzJq6aw7CZ4AaABAg	1
UgyW7Hj0ZIs7Jpbv2pF4AaABAg	1
UgyW5pD_wYf0aESHmdh4AaABAg	1
Ugyw4u3PhqUeFlD_68Z4AaABAg	1
UgyW0Xksl2Mp_l6dLuR4AaABAg	1
Ugyvxqs8QEG37u_7n2F4AaABAg	1
UgyVXptGP4X46On6kch4AaABAg	1
UgyVX7Es842uuPiC8wZ4AaABAg	1
UgyvVFUoBQashlI3gBt4AaABAg	1
UgyVVBHb4BEL3MrNhlV4AaABAg	1
UgyVuYB54PgAeLGUd-Z4AaABAg	1
UgyvUuwxIJ9llf5KIjV4AaABAg	1
UgyVuBnSdXuKlUzdUhF4AaABAg	1
UgyVUafCiY-6nFo78KF4AaABAg	1
UgyVTqnzkgSlERQ4tTh4AaABAg	1
UgyVTGFkjr_u5amhxft4AaABAg	1
UgyVrRbb7E0ZBNoDKqZ4AaABAg	1
UgyVrd5JrIvQ_AG19r94AaABAg	1
UgyvOYVdUANwI-BabGh4AaABAg	1
UgyvoUizbP0hWI8DRJp4AaABAg	1
UgyVorcsczKIq8hEald4AaABAg	1
UgyVMKJOfLUg0qetTmp4AaABAg	1
UgyVMa_Db84uOdx1DKx4AaABAg	1
UgyVlWOdpsPugfwO2nV4AaABAg	1
UgyVL394EwW7LtDhRzp4AaABAg	1
UgyVKZAOLXB-wAZBKvx4AaABAg	1
UgyvKY8kJ6sqIsjs0HJ4AaABAg	1
Ugyv--KLGc9lhjII5yt4AaABAg	1
UgyvJNLUBoceFoAk_lF4AaABAg	1
UgyVj5skYJsQ_UV-BJR4AaABAg	1
UgyVi4zTy8M_R0p8FKl4AaABAg	1
UgyvhtHGJjAGeXGYETh4AaABAg	1
UgyvgzGYa6zcNZHU_LJ4AaABAg	1
UgyvGKDGb0nXVV2G1LZ4AaABAg	1
Ugyvg2cJAwoysqteXg94AaABAg	1
UgyvfykLUJrOE7xBUQN4AaABAg	1
UgyVf29pmdIVkU_isu54AaABAg	1
UgyvCJ-X4eGFRvbiMmZ4AaABAg	1
UgyvcgW0VvQrYxMKRmd4AaABAg	1
UgyVCgolTwQ3YnJJ7-p4AaABAg	1
UgyVBz8r8TfEUDsa5BJ4AaABAg	1
UgyVbjRFxwnKtFRZ_Ih4AaABAg	1
Ugyvbet96b0V2jgN1bR4AaABAg	1
Ugyv7GtcwqvHB2pU2Fd4AaABAg	1
Ugyv76dI-MNI1AlL0N14AaABAg	1
Ugyv6iJe1Fwfg3yhrWl4AaABAg	1
Ugyv1dEQlnaew3MczsB4AaABAg	1
UgyUzW811juiYsEuN_d4AaABAg	1
UgyuZr3g6H7_oufrr514AaABAg	1
UgyuYqAnBnLZzXsqmtd4AaABAg	1
Ugy-UYGBkcXlgP4Ju_94AaABAg	1
UgyUYFDqA0uxYeL1xXN4AaABAg	1
Ugyuxnm4R8qUes_YGxx4AaABAg	1
UgyUXMWAXYDZnUvmr8F4AaABAg	1
UgyuWl7VzmBFfz9lGxZ4AaABAg	1
UgyUwjzVdG6CYCR6KVl4AaABAg	1
UgyUw-ix7PTqX5tfjz94AaABAg	1
UgyuW90xXXifb8NRkAx4AaABAg	1
Ugyuvp65PYBsDhiogTV4AaABAg	1
Ugy-uV1j_AuyDaA_XmJ4AaABAg	1
UgyUUgdGtTw3V6Bo7vF4AaABAg	1
UgyUtO0vDjG2QjUf3B54AaABAg	1
UgyUt0SJmdHk_RImtuR4AaABAg	1
UgyUsPu8SpJ2IvsZKB14AaABAg	1
Ugyuskwu9D5ErGfsP994AaABAg	1
Ugyus9KR-dVNYYo2oJZ4AaABAg	1
UgyuS8eBaIoAIFusZDV4AaABAg	1
UgyuRhP-wnt8Jy18AOx4AaABAg	1
UgyUQVFlN5J55a2oR_p4AaABAg	1
UgyUppiWcndmDo1y-xR4AaABAg	1
UgyUoOj5UjntyX_wbyV4AaABAg	1
UgyUOKEqmV9UbdyAOjZ4AaABAg	1
UgyuOekhOAPTgP6Inkp4AaABAg	1
UgyUnmtJ029xKDxPs9Z4AaABAg	1
Ugyun9_08H7-MM50_eB4AaABAg	1
Ugyun8oZimxBm7eYzOd4AaABAg	1
UgyUMMG-hZqe-UsP7EB4AaABAg	1
UgyUmeQbVTAfWMknQlp4AaABAg	1
Ugyu_LsYgI6-IQmGHtp4AaABAg	1
UgyUkMyWS_avwn1rlrV4AaABAg	1
Ugyuk6LcEQUjJdj-lmV4AaABAg	1
Ugyujy5vet8U-mWP2YV4AaABAg	1
UgyujSlVasjb4okYS4h4AaABAg	1
Ugy-uJlx1NN-MNpkRCZ4AaABAg	1
UgyUiTx4v1P-RyKCXwR4AaABAg	1
UgyuI9DsEEz112M8e_l4AaABAg	1
UgyUhURvHmZML532h8N4AaABAg	1
UgyuHo0IolGJ-iLqi114AaABAg	1
UgyUH0oeLZyNeyER2114AaABAg	1
UgyUgvBizqzRhyRhrQd4AaABAg	1
UgyUgQA64Z_v94P9-o14AaABAg	1
Ugyu_G6r70pjl1QNF_t4AaABAg	1
UgyuFZ8x2sNo4LJZtQB4AaABAg	1
UgyUF4cZ2NGW04NY8tl4AaABAg	1
UgyU_ef2jF2oSx-S9ol4AaABAg	1
UgyUEDc0usL9DeebFlp4AaABAg	1
UgyuDYKCtJuTm-PTOwZ4AaABAg	1
UgyudQQgfgUKW-eJSxh4AaABAg	1
UgyUDCR1XTOnZ0AlZkh4AaABAg	1
UgyudCQrJTo6xpf-kLx4AaABAg	1
Ugy_Uc_Af9l3q83JqTV4AaABAg	1
Ugyu-bYnbrFxXY5IONh4AaABAg	1
UgyuAOrWEfFCTUMcNqt4AaABAg	1
UgyuAdf-8vr5dFfF8WZ4AaABAg	1
UgyU93qVn4ys3AAD3vV4AaABAg	1
UgyU7dsaJ9sTX2PACbl4AaABAg	1
UgyU6uVoqnDJz2Fsj554AaABAg	1
UgyU2aiU6RzVJFLHGEh4AaABAg	1
UgytZf0Cq7sgTQD9q-p4AaABAg	1
UgyTzDyJljn00fA8KYB4AaABAg	1
UgytyVvhXy2iNxYU0Y14AaABAg	1
UgytYAIX-3eSxWGoZWp4AaABAg	1
UgytxvJ8pfz_akd7v9t4AaABAg	1
Ugy_tXqcUaE_6CoJmk14AaABAg	1
UgyTwn_2nHk4TQDoAjt4AaABAg	1
UgytWcTwZpZx0PrHoh54AaABAg	1
UgyTw6Aagv1P0MMaaR94AaABAg	1
UgyTw13qGWMtn3AFvsJ4AaABAg	1
Ugy-tVL8_zyllkD9D3N4AaABAg	1
Ugytv8ekNQVZ773wyBJ4AaABAg	1
UgyTT_OGZE-kZoFbibZ4AaABAg	1
UgytTm4LEMH6SDdEjr54AaABAg	1
UgytTAvEH9TjOFzFqWV4AaABAg	1
UgytTasKFK3t3lAk-AZ4AaABAg	1
UgyTSlddBByi2uXmqVF4AaABAg	1
UgyTpiXsQvZ3jVyYoUh4AaABAg	1
Ugyt_piMoFyvBys0qm54AaABAg	1
UgytPAmmLDugdH8AJYZ4AaABAg	1
UgyTOVn8XYSVIwgJd1l4AaABAg	1
UgyTMtvVVUUEs0hmjT54AaABAg	1
UgyTlD1YF5mfiYQ0fc14AaABAg	1
UgyTkFPOkeqe2hnYlb54AaABAg	1
UgyTjXyUsNryXV0GBft4AaABAg	1
UgytjPryHhfxY9VclI94AaABAg	1
UgytieNnqkdGUBtktsN4AaABAg	1
UgytiAA8BmbmGpGXIoJ4AaABAg	1
UgyTg73YFuZx-jpmebJ4AaABAg	1
Ugytfo0BQ3yMApmmTxh4AaABAg	1
UgytFnHeqvBBfSC0Gwl4AaABAg	1
UgyTeWsasDVP49d56pd4AaABAg	1
UgyTehGHTdqXZ2-MH-R4AaABAg	1
Ugyte4eUuiX2CD5-4H94AaABAg	1
UgyTDVfFrwUNU8KsBGB4AaABAg	1
UgytD7krD1fQ0aaKAIR4AaABAg	1
UgyTcf80KaP-yOPZxt54AaABAg	1
UgyTBfD9d1coxB9MFLJ4AaABAg	1
UgytB7qbnua7Lwy7WVN4AaABAg	1
UgyTAdPotk_m_ovaPq94AaABAg	1
UgyT65GcFNc0YuEEjRJ4AaABAg	1
Ugyt5QI_bR7abiBjpmt4AaABAg	1
UgyT4sClJ8bKlxHCcxl4AaABAg	1
Ugyt0UKgXOAcBAPGhMJ4AaABAg	1
UgysZ6RE6pK5oXsDaSN4AaABAg	1
UgysYUrqIHW0Qqjnwbx4AaABAg	1
UgySYTxlSiB2hLohGxx4AaABAg	1
UgySy-S4CvDvZPRyZXZ4AaABAg	1
UgySxYqWjMu3605uZ9B4AaABAg	1
UgysX51KNJbU2oG9jqp4AaABAg	1
UgysWzaTHvTsnY0MfbJ4AaABAg	1
Ugysw7u1DAnlKCjCFip4AaABAg	1
UgysVzW5DqAc_1YmXgR4AaABAg	1
UgySvu0Bt2Ih64pDnhd4AaABAg	1
UgysvToRPzGjJCiPgHt4AaABAg	1
Ugy_svd7kGNeqVOwSRR4AaABAg	1
UgysTRkXDs1E9o1pUt54AaABAg	1
UgysT5P1GwjqFCetlMh4AaABAg	1
UgyS_Rf0UJGAuXhVxCx4AaABAg	1
Ugysr6fus_eRfrGQSrR4AaABAg	1
UgysQXhlA-RjTvaP8z94AaABAg	1
UgySQTqVSS-CWi5Tt814AaABAg	1
UgysPqy3O09gfudl-Y94AaABAg	1
UgysPnuJ1VXz78_T4GV4AaABAg	1
UgysP22NDPglhynGe_h4AaABAg	1
Ugys_nGQGMRxJGkpxSR4AaABAg	1
UgySn7dFLC-Vtpgj4v94AaABAg	1
UgysmeroJsHrnLAsiMt4AaABAg	1
UgySL_vL0A0G83V7A3V4AaABAg	1
UgySlDV4DhuXd9oPqEF4AaABAg	1
UgysL61yllJ1oN1Ox_N4AaABAg	1
UgysjPY1hYLWdl0f3rh4AaABAg	1
UgySjI7k2RDnvzAcaBp4AaABAg	1
UgysjcEK39A_JW5T6Wp4AaABAg	1
UgySifrTrP28sfXKUop4AaABAg	1
UgysIf_g-tSX9I9mM_x4AaABAg	1
UgySICDLViLLduTmyQp4AaABAg	1
UgySg-Y_tTI16lWBpJF4AaABAg	1
UgySgWsH_jqSunkz6354AaABAg	1
UgySgV68uhjNYSH7RQl4AaABAg	1
UgySEVihfHbzyWK4WpV4AaABAg	1
UgysdyyOObKGBW_K3iZ4AaABAg	1
UgysdOTD3E12kFCXldJ4AaABAg	1
UgySCi9BqOAkwsAQD4h4AaABAg	1
UgySc70ffB3i4O5nxWt4AaABAg	1
UgysATNZdpg-z3QEyI94AaABAg	1
UgySALu_62HoSBBDlkN4AaABAg	1
UgySaKo0PixShLnFuVt4AaABAg	1
Ugysa5hHRNkPNjqtdax4AaABAg	1
UgyS9pfQN-ZaQjPGs194AaABAg	1
UgyS6GTBfSEmwp1sUGl4AaABAg	1
UgyS2XYuRi5MFmIOaXt4AaABAg	1
UgyS261jtw1Nu7JsMsh4AaABAg	1
Ugys0stCxxiwVtmYprx4AaABAg	1
UgyS0srvYJF5b0xVcEd4AaABAg	1
UgyS0m93eX-hL64gP4N4AaABAg	1
UgyRZABu3dLvYKu7QUB4AaABAg	1
UgyryvjoVnhpzw93Wk14AaABAg	1
UgyRyrXgE_y3_s6sNVh4AaABAg	1
UgyRYGFwgg_OSTs5zTB4AaABAg	1
Ugyry10CNrFWONMJHgJ4AaABAg	1
UgyRXLWIn80n6H7IPWZ4AaABAg	1
UgyRXf-BltLb6VtYLvR4AaABAg	1
UgyrwanqhpWCQRDoNdp4AaABAg	1
UgyRvqz8z68BY23WURZ4AaABAg	1
Ugyrv2O6Y86-j-yhkON4AaABAg	1
UgyRTwE7W0v9lGQsLUh4AaABAg	1
UgyRt246w9I83WNoG5Z4AaABAg	1
UgyRszH28DNqWGcqrnd4AaABAg	1
Ugyrsrms68gMLgLR7L94AaABAg	1
UgyRsPn8e-K0h7YWHKZ4AaABAg	1
UgyrSKi6x2IdaHv8tot4AaABAg	1
UgyRsh6DiwuOcho0IIB4AaABAg	1
UgyrS42nl1dSFaEqlex4AaABAg	1
UgyRR-hMsbPJJnlV-Rt4AaABAg	1
UgyRrcJcVMe5TRRYaeh4AaABAg	1
UgyRqUU5AXCwLr9oTqN4AaABAg	1
UgyrQQoQ513KOhmUM4x4AaABAg	1
UgyR_PuBBVwYmvk_B414AaABAg	1
UgyRp1oYsM8GVRaLSdp4AaABAg	1
UgyrozZQIGp75VddSbB4AaABAg	1
UgyroCBRydJx4U89yax4AaABAg	1
UgyrnPuBlAPYk21f2XZ4AaABAg	1
UgyRnGMPlaYNPXSeL6p4AaABAg	1
UgyRnfi5CQiysjpF-_54AaABAg	1
UgyRMXmielBWEb5d7Vp4AaABAg	1
UgyrMbJ4nGQJ77PomKV4AaABAg	1
UgyrmAA18LO5HaSA2H94AaABAg	1
UgyRlTtZHgUOtLNMYup4AaABAg	1
UgyRLFNPnOnxT3NbJWB4AaABAg	1
UgyRkG_ykOrbInbH5A94AaABAg	1
UgyrjR2Kew3rh4ri9Xl4AaABAg	1
UgyrizwJET5GRvIsFHV4AaABAg	1
UgyritJD3Qn4h_8oyXZ4AaABAg	1
UgyRiLwWg_Tuh82UGKp4AaABAg	1
UgyRiaKENZ_7nGjw54x4AaABAg	1
UgyrI0MoALhFtVF-ZmN4AaABAg	1
UgyrhUKy5wgid9ISRT54AaABAg	1
UgyrhsCj3_pqHArvUS54AaABAg	1
UgyRgSMQILkAwrcq07h4AaABAg	1
Ugy-rG_DiXWBmBLZhKR4AaABAg	1
UgyrfQWjJaL7hFQqIpN4AaABAg	1
UgyrfOAh292-uiTYJnV4AaABAg	1
UgyRdO9dx0i4ClAT7-x4AaABAg	1
UgyRdnk8yweA-aTBTAx4AaABAg	1
UgyRcFXwIffhyAKYBxx4AaABAg	1
Ugyraxd3ng-zzihsNHl4AaABAg	1
UgyR9z2d35jPJEg07w94AaABAg	1
UgyR8SgMvMUTnxi9xAd4AaABAg	1
Ugyr7mO9XDebuWSPBTF4AaABAg	1
Ugyr_5b-eVV6vacAItV4AaABAg	1
UgyR4eX806QworJB9PF4AaABAg	1
Ugyr2DbiE92KI1VGXed4AaABAg	1
UgyQZwDz6pcM52Qkf-d4AaABAg	1
UgyqZq9FMU8uNKuPR_Z4AaABAg	1
UgyQzPuv6BsCPGYOc5Z4AaABAg	1
UgyqzgMWqVe3whF4qCd4AaABAg	1
UgyQzepkpy1My-IXl7F4AaABAg	1
UgyQyaFXlFbHx1qtFs54AaABAg	1
UgyQY0rjaig5JxpnPw94AaABAg	1
UgyQWkd2gogEmH2iGc14AaABAg	1
UgyqWEvrhDV-voPgwSJ4AaABAg	1
UgyqVZ3IwfRxy83fls54AaABAg	1
UgyqVkNsRbti23jdLZF4AaABAg	1
Ugyqv4m3h1jQMZdc9dZ4AaABAg	1
UgyQUYCqH73SLrmhRmt4AaABAg	1
UgyqUY6bGll9MGqFLLB4AaABAg	1
UgyQurUgrEbIEnr-fBJ4AaABAg	1
UgyquNJqcup11BaLBhZ4AaABAg	1
UgyqTL5fR63UTxZYD9J4AaABAg	1
Ugyqt7FlReMSmR5Fkid4AaABAg	1
Ugyqrh-jC3ds1JFtSjB4AaABAg	1
UgyqQ1tR9r6PfY59KUp4AaABAg	1
UgyqPUcEEw9wepb95d94AaABAg	1
UgyQpsYntmUQH2xewuF4AaABAg	1
Ugyqpk2D1H7ndxWME794AaABAg	1
UgyqP25SYGVjs2kDcfF4AaABAg	1
UgyQogE-FUu8OyLggkJ4AaABAg	1
Ugyq_OC97SRPILcEk-R4AaABAg	1
Ugy-qnzVqTs2kWf41614AaABAg	1
UgyQNy01CWIt0seFslV4AaABAg	1
Ugyqnvs3gnNt92xEyxx4AaABAg	1
UgyqnisFUBLrt_Zuqcx4AaABAg	1
UgyqNcbI5BysKgru21x4AaABAg	1
UgyQMgfyS0aedDqkh1Z4AaABAg	1
UgyqLwX_h8NpOHALhSR4AaABAg	1
UgyQLv4TcOTEg4arFKp4AaABAg	1
UgyQLPU-5ILDNcM7oXZ4AaABAg	1
UgyqlhE6QnUY50uYUC54AaABAg	1
UgyqK9GAZPFU_ZFzYjF4AaABAg	1
UgyqjLAnE38QhCRXqLB4AaABAg	1
Ugyqj0fCLwvhGPDoTEl4AaABAg	1
UgyQIucQxjtB2w18XcJ4AaABAg	1
UgyQIf962SjEZZaIiVV4AaABAg	1
UgyQhF3cX63c8Av_2-54AaABAg	1
UgyqhBIi9-7xbxxLKIl4AaABAg	1
Ugyqg_rJG_ro0vuBsSJ4AaABAg	1
Ugyq--glcXpOb1ASRBF4AaABAg	1
UgyQgerhQvrm7o06JuR4AaABAg	1
UgyQfoOFdWjy6_nLYIV4AaABAg	1
UgyQFghbPIYiYN7NvN94AaABAg	1
UgyqEsjzoWbi4sUpSF94AaABAg	1
UgyQe1SdcLXSNsbT5hh4AaABAg	1
UgyqD6D8afgvhF9oIq94AaABAg	1
UgyqcrVKVGhwvjNGOR14AaABAg	1
UgyqcncaV_hCobnXyTZ4AaABAg	1
UgyQckMxvOCqnGIz3nh4AaABAg	1
UgyqcdDRvueBanstqj14AaABAg	1
UgyQbViAa5ec-lvf0XV4AaABAg	1
UgyqbRGhhTWlxNHQ6794AaABAg	1
UgyqbqOfIj9OiKYjKut4AaABAg	1
UgyQAXx-Qa5Fh0tx3BJ4AaABAg	1
Ugyq9bg8xdJyw1sxsxh4AaABAg	1
UgyQ8OyCAgO2pQECSSN4AaABAg	1
UgyQ5ZmZD6IHLaZw0-54AaABAg	1
UgyQ5YCnwY5weLryswl4AaABAg	1
UgyQ53GNHjqYDBuu2554AaABAg	1
UgyQ3YXO7hagFQV7jvh4AaABAg	1
Ugyq3h3EDmZ30DHo1Wx4AaABAg	1
UgyQ3Gu0XT8e4dSFWSZ4AaABAg	1
Ugyq2Sr18Q4bYukmJqp4AaABAg	1
UgyQ1OiDVEX4ZaxqhJV4AaABAg	1
Ugyq185RCdDar58m28R4AaABAg	1
Ugyq0gm0mSM8Nqh9SaN4AaABAg	1
UgyPzuQVMF4_LAQk0wN4AaABAg	1
UgyPzqbalh01kgqJtm54AaABAg	1
UgypzhZOLtiNPzHEDpx4AaABAg	1
UgypZ5Y9oO3CWSjtp2J4AaABAg	1
UgyPZ1_bpiULhvxvOsd4AaABAg	1
UgypYiiNwC3CTu_RSvJ4AaABAg	1
UgypXXIIRVoHBQiFNtl4AaABAg	1
UgypX0_VoE-9nEE2tO54AaABAg	1
UgypwzIkTumcbOyDzmF4AaABAg	1
UgypWp-zpn3du5AXUpJ4AaABAg	1
UgypWDNRKYn--KeQxtd4AaABAg	1
UgyPU3J-DSbvrQH3XUV4AaABAg	1
UgypTTVxqXJrW1dPQEt4AaABAg	1
UgyptJlv58sFjev-LtN4AaABAg	1
UgypsYjQmBSh1C7k2ph4AaABAg	1
UgypSlTBS7dWDpTHeyx4AaABAg	1
UgypSGpXTymHmtSQ4uN4AaABAg	1
UgyPsdRPf21Ty4CULjp4AaABAg	1
Ugyps_b8XGwU1tv4inR4AaABAg	1
UgyPRWW7dUPZE1RS3oZ4AaABAg	1
UgyPrCeRhxtR-Bq-6Dh4AaABAg	1
UgyPPXs1I2CRxeOTvDV4AaABAg	1
Ugypp9PA9aNUsrH9Oip4AaABAg	1
UgypOPS9hMFavY8Iu_l4AaABAg	1
UgyPOKhHtYTJ-1cCxzF4AaABAg	1
UgypnkY5QMqKQ_9J8Sd4AaABAg	1
UgypmyLgueCV-umWZkZ4AaABAg	1
UgyPlW3sUfiFghkpl514AaABAg	1
Ugyp-LpctzIDt1MOENZ4AaABAg	1
UgyPl7bao_ecAwjR6vl4AaABAg	1
UgyPkTO1gHIABaAFuHp4AaABAg	1
UgyPkPV6kyovsKicDgR4AaABAg	1
UgyPjZYYJiTPUpqedGV4AaABAg	1
UgyPjpUXK3QQK84hxQd4AaABAg	1
UgypIMXzcu1OVAxdRZ54AaABAg	1
UgyPI99LHShhHl08b114AaABAg	1
Ugypgvmcfpa_k48UV_d4AaABAg	1
UgypGN9WvOzYgNCDgwR4AaABAg	1
UgyPg8uxYANYW2gOTpJ4AaABAg	1
Ugy-PFtL1cSdqMuGwf54AaABAg	1
UgypfDJppB3qpzNefnZ4AaABAg	1
UgypdOtGyO_mTZ5pLat4AaABAg	1
UgypDjxtYCeged1HIZx4AaABAg	1
UgyPCSNlKjkw7IBorWB4AaABAg	1
UgyPC3Lt6s9uNhdYsVZ4AaABAg	1
UgyPBvjmUN9Wyu8CwzB4AaABAg	1
UgyPBsHArwekuEMfrah4AaABAg	1
UgyPAhsYltv9M47BAVl4AaABAg	1
UgyP9wKHRzam_Aqw-zF4AaABAg	1
Ugyp8eR5zvCXKBX0Zu14AaABAg	1
Ugyp61JgNc7ppvxP1T94AaABAg	1
UgyP5cdiYnp5tkFc4Bd4AaABAg	1
Ugyp_3frFhVE4_e0x8t4AaABAg	1
UgyP3dSD2hXiUkjbUVV4AaABAg	1
UgyP2V7zyjFaxJaeSPh4AaABAg	1
Ugyp2Cd5-pVmArzGlUZ4AaABAg	1
Ugyp1rXum444WX4RNQJ4AaABAg	1
Ugyp15O0doHM_m-BtQ14AaABAg	1
Ugyp0MMXJ2qkqySyMxF4AaABAg	1
Ugyo_ZvanoGnJbBnYWl4AaABAg	1
UgyoZUaKWezoAK8OZdl4AaABAg	1
UgyoyZhXyw281q_Mtil4AaABAg	1
UgyoYOM1F8K4U1rAZCR4AaABAg	1
UgyoXg8tulNNBQSu_Nd4AaABAg	1
Ugy-OwzSMP3L6NdlgdZ4AaABAg	1
UgyoWucjEufYj5pSbZ14AaABAg	1
UgyoVbj3Sp8aihbvTXp4AaABAg	1
UgyOV9Qa9nwloQLsCRl4AaABAg	1
Ugy-OV0vJ1bA6g-tN_R4AaABAg	1
Ugyou4Y3biQU_j4iOnl4AaABAg	1
UgyotXWUOj1s6uadEtF4AaABAg	1
UgyORGpN_ThPYtaGQu14AaABAg	1
UgyoP0UQKxj239sFc5N4AaABAg	1
UgyOp0DtW6E4nq4tzy94AaABAg	1
UgyOO40kHS8vQqFNVgN4AaABAg	1
Ugyo_O-2EDgdXxO-o-J4AaABAg	1
UgyomyyICYA5XYr18Tx4AaABAg	1
UgyoMQIVZfpO9PKQIM94AaABAg	1
Ugy-Omotl_z8HruNFGF4AaABAg	1
UgyolhHq1jzAqPp6pF94AaABAg	1
UgyOlFnAWuxja_CH6Ct4AaABAg	1
UgyoleaDI-6iC1E_5XB4AaABAg	1
UgyOlauIXjDS1VoZxvZ4AaABAg	1
UgyOko2bxQd3mo8yYC54AaABAg	1
UgyokI3ZGxiUs84w5814AaABAg	1
UgyojjsG7oEahbvxDNR4AaABAg	1
UgyoIxuDUeSiQ6KLfwx4AaABAg	1
UgyOITlVp4EKL5TTH-x4AaABAg	1
UgyoIKl9K7gf3twLtMR4AaABAg	1
UgyOiIyR-tgNYLevdeZ4AaABAg	1
Ugyoi9agzlarVTFeqVl4AaABAg	1
UgyohcM-jDU6Kzj25s94AaABAg	1
UgyOfoTW5hhzV5i5Qrt4AaABAg	1
UgyOfgSm7XnAo43M6dt4AaABAg	1
UgyodkKe4vbi1E7vvzF4AaABAg	1
UgyODgK8ELCygNULfP14AaABAg	1
UgyoczK3Ln_Lr-bycgZ4AaABAg	1
UgyOckn73hj1q8i42UB4AaABAg	1
UgyOcAK7kQNyL1rG8294AaABAg	1
UgyoBORCQ_kOGmaEQZB4AaABAg	1
UgyObm8IT3XDdL0bLVp4AaABAg	1
UgyOas6zu_tqH_nuzMp4AaABAg	1
UgyOaqrogoHMlnTxCgF4AaABAg	1
UgyOagZVHR0eJKSQww94AaABAg	1
UgyoaCCQViDwmWydsSt4AaABAg	1
UgyO7-HubuOzUGsI4BB4AaABAg	1
Ugyo7D0o2aaqVWZGXDV4AaABAg	1
Ugyo71yK7Lq4MikSfO54AaABAg	1
Ugyo6UG2d2hNQyK7mr94AaABAg	1
Ugyo68y4Ai2ntaOOchR4AaABAg	1
UgyO43BDuz5k6BiqxER4AaABAg	1
UgyO3FZnRJE_YodtYDV4AaABAg	1
Ugyo2sZhEX0m56LLXyV4AaABAg	1
UgyO_26VDPVj7O7JQY94AaABAg	1
UgyO1t7pc3MHmsV3Qj14AaABAg	1
Ugyo0ltyfibtnDWmbDF4AaABAg	1
Ugyo0duyevmp86sOACF4AaABAg	1
UgyNzvGvBswLLP_-1794AaABAg	1
UgyNzds84IWpWxANlcJ4AaABAg	1
UgynYZg5Ztpb0wiwU3R4AaABAg	1
UgynYP0t2-1ow0xBxuJ4AaABAg	1
UgyNW3-mlZNgAQ65RpN4AaABAg	1
UgynVVH-AJqgAO1M1-V4AaABAg	1
UgyNUs_yv5QS-xJBNKZ4AaABAg	1
UgynTcIBzgDov4zd_PZ4AaABAg	1
UgyNT9W3u6aZbU7j9qZ4AaABAg	1
UgyNSVkaiVmezCsvBjF4AaABAg	1
UgyNsGmRfMHhkfZEd3t4AaABAg	1
UgyNSfWO0MAN6xXntSZ4AaABAg	1
UgyNsfFlsfbTYPPelVh4AaABAg	1
UgyNrNHoM_WRB4Wg9PZ4AaABAg	1
UgynQSOOg8CGtHqDXTd4AaABAg	1
Ugy_nqEmcQQsj2RBu1Z4AaABAg	1
UgyNQaMIFlZhE56XZEB4AaABAg	1
UgynPopERFKdEdF-IAh4AaABAg	1
UgyNOPZFS-wDamJJPHR4AaABAg	1
UgyNoL9CB2jxY-i8ae54AaABAg	1
UgyNO8e6eigdW7uL_7l4AaABAg	1
UgynN_kUtAYamGxpD5V4AaABAg	1
UgyNNfvBmQJy0ujUMS94AaABAg	1
UgynMGQJwteZXhNUh7p4AaABAg	1
UgynmaeWRJlg38QcTA94AaABAg	1
UgynLajJCUPp4CzXOAt4AaABAg	1
UgyNkHwj-yZtVEPwle94AaABAg	1
UgynjHOO_5L6l6GDSFR4AaABAg	1
UgyNiX1hRYITrIrbnth4AaABAg	1
UgyNIRhVC4g5aA_lc6t4AaABAg	1
UgyNir0LH6U3dbR9xfJ4AaABAg	1
UgynHXrmzzHOY0l2Zdl4AaABAg	1
UgyNHfchpbxLrZA7xEh4AaABAg	1
Ugynh0xoYMrY0staO6N4AaABAg	1
Ugyng_RfBAPDiu04F-J4AaABAg	1
UgyngdzKU8FTVw2h8ER4AaABAg	1
UgynFhcwC3X_7zyRK1N4AaABAg	1
UgynfFWGgJcHYfDgoAt4AaABAg	1
UgynELwmhwcJtUIqDo94AaABAg	1
UgyNehC8WBhaGfpGbCl4AaABAg	1
UgyNdsFF4N403bdATyh4AaABAg	1
UgyNDQatXikvKuwO5ad4AaABAg	1
UgyndajMQLoSOCKVCWF4AaABAg	1
UgyNC-ixm_iorEqB9QN4AaABAg	1
UgynbRhBG97uZ98fTD94AaABAg	1
UgynBJ-HEVbo--Zf5W54AaABAg	1
Ugy_Nb2BezFRT6JEKjN4AaABAg	1
UgynaXnvyEtzzWYW-Ip4AaABAg	1
UgyNAd_xPv8keZx9eD14AaABAg	1
UgyN9G_XwshmDmY7UVV4AaABAg	1
UgyN7dYPK7hMAuKIIFl4AaABAg	1
Ugyn6uvMT0hiGNXFHKV4AaABAg	1
Ugyn4L1cNuFkby-92Pt4AaABAg	1
UgyN2_pXbqd6GsvjdZ54AaABAg	1
UgyN2cXrGWrePP1lMbB4AaABAg	1
UgyN0brc4HEFBRboniR4AaABAg	1
UgymZt1EgOIzhiuCQBl4AaABAg	1
UgyMZGo6z9k-mwKzyw94AaABAg	1
UgymZ-CQNZLrzpogADV4AaABAg	1
UgymZ5uEFl1AfMjvKK14AaABAg	1
Ugymy-qptrIQPkrFeZN4AaABAg	1
UgyMyOQuCaUj8dsDpW14AaABAg	1
UgymYKjmx5f0rcSegmt4AaABAg	1
UgyMyh2Pt9oiJpx4SnN4AaABAg	1
UgyMY4xSj8jRLo1CAvN4AaABAg	1
UgymwRpmbpPWltCm7cR4AaABAg	1
UgyMW8wNYyia5Cd_CiB4AaABAg	1
UgymvZvHGnHsyQLQT-J4AaABAg	1
UgyMvZoh5-oIJpXq9hJ4AaABAg	1
UgymvVdq2k-50-78Bn14AaABAg	1
UgymUNfkq94-jIhq9dR4AaABAg	1
UgymufIR5LDMeQjix9Z4AaABAg	1
UgyMsYd_RfXGLcVkG4h4AaABAg	1
UgymSuXKXpQmJ_zxmy54AaABAg	1
UgyMSt16JkIfa7r7El54AaABAg	1
UgyMSi0GWiAzWiPKtox4AaABAg	1
UgyMrzdVwC0Ul0t83wV4AaABAg	1
UgyMRUhwLlpr7klZDPh4AaABAg	1
UgymQxVBklfXPEFBuk14AaABAg	1
UgyMqvHzogxSAm5OnJl4AaABAg	1
UgymPx1o_tSaUWAi3tJ4AaABAg	1
UgympL_q3dD96EpQxcd4AaABAg	1
UgyMnHi2wW-JEbh6UAx4AaABAg	1
UgyMMwKpEN8N_gdojAR4AaABAg	1
UgyMmsHFbk0FDGG_DU94AaABAg	1
UgymmMYyj_XrDTe0cKh4AaABAg	1
UgymLDxJXLebBeQoAf54AaABAg	1
UgyMLAGWLGiVw3mO4qd4AaABAg	1
UgymJXrM-7TcKIzkSpZ4AaABAg	1
UgymjToAyKI7d4hxuRx4AaABAg	1
UgymJHd6zXnnFo4PRel4AaABAg	1
Ugym-IksfwuBGyUsYCN4AaABAg	1
UgymIE4-H56pfouzy1F4AaABAg	1
UgyMhP3nTXC8SuXIgx14AaABAg	1
UgymHL8ATdBaG8pKfSN4AaABAg	1
UgyMgO9QsadeggKTIL94AaABAg	1
UgymfSt5Hh-fVOIIs0p4AaABAg	1
UgyMfqIC0jryNkWSR1N4AaABAg	1
UgyMfHKxjNUTL0yT1t14AaABAg	1
UgyMErQNAMWjMupy1OR4AaABAg	1
UgyMEh6LJYKVcLp4jUp4AaABAg	1
UgymEGZRxvFKn9CtrH14AaABAg	1
UgyMdWP6TsaC8BDoYsF4AaABAg	1
UgymdbuGmo54qxfNuC94AaABAg	1
UgyMD3DxJOO6m477w5x4AaABAg	1
UgyMby77Cfv1TUJLgRl4AaABAg	1
UgyMbiGaPCQ_VhpUauF4AaABAg	1
UgymbFQhbpAyGqU9ZcJ4AaABAg	1
Ugy-mB5ZC-KBV45xuC54AaABAg	1
UgymAGEr3F0QXK3qi2h4AaABAg	1
UgyMaBP2KXek0Qarhhp4AaABAg	1
Ugy-m8p5hv4FeAcTHm14AaABAg	1
Ugym6NTw7c_n9-Qe6nJ4AaABAg	1
Ugym5Bki4Da4IGTQ-_Z4AaABAg	1
Ugym4fIVEwziXJk9Wvt4AaABAg	1
Ugym4aXnbB3IUQ7FNQF4AaABAg	1
Ugym48gjipq6Q__zXYl4AaABAg	1
Ugym1xyb-i9b_cgJNWZ4AaABAg	1
UgyM0DPekrOe8zzZORx4AaABAg	1
UgyM06ifPurV_se2CAl4AaABAg	1
UgylZv9GSEMXrAmL6B54AaABAg	1
UgyLZr9Yms-ddszzpT54AaABAg	1
UgylZ9_TnoptzGaQPtl4AaABAg	1
UgylZ5iWaA1gp0nJvBF4AaABAg	1
Ugylz2QtFxg_u9AS4m14AaABAg	1
UgylXJTyWa441_UIhQZ4AaABAg	1
UgyLx4sxUD1i22a-_T94AaABAg	1
Ugylwd0yC5nnJq3N4qJ4AaABAg	1
UgylVTPwVbMrN02d4d14AaABAg	1
UgylUgvFmECkEt0Dirh4AaABAg	1
UgyltyRVORq4nUcdacR4AaABAg	1
UgyLt4-eCcvSiTd9wDF4AaABAg	1
UgylsxNDXX-EYQ9jw8p4AaABAg	1
UgylSiQd8R8N3dwKXnN4AaABAg	1
UgylQRQqJ5igCoaCJXx4AaABAg	1
UgylQO2APaX8WpGVGwV4AaABAg	1
UgyLQ_nw4OliuSVA0I94AaABAg	1
UgyLPUFFCgQPLSFzNpZ4AaABAg	1
UgylPmFz06qJyEFEHtN4AaABAg	1
UgyLpLXFkTpCnZaRv394AaABAg	1
UgylpCYduLve0-dp6nx4AaABAg	1
UgyLou-VXnrQn0TnFT54AaABAg	1
Ugylou8bFxZ99_vkuPN4AaABAg	1
UgyLm-lCRll7V-2PATt4AaABAg	1
UgylKYDtDqrtGTjMThZ4AaABAg	1
UgyLktGtAfdVtCl0Vht4AaABAg	1
UgyLJyf5vNX3hQFXiZx4AaABAg	1
Ugylj7vgaWF2d3zp1Qh4AaABAg	1
UgylIZ2_tUUnMS3JjX14AaABAg	1
UgyliTov75j8zl5mcMF4AaABAg	1
UgyliB19Ju8Yguo__Sx4AaABAg	1
Ugyli1pYd-q8EmFWlWh4AaABAg	1
UgyLhR1qa473XMa9F6F4AaABAg	1
Ugyl_HqhOWY75h5Qmad4AaABAg	1
UgylHLGFGtRGp--PNyN4AaABAg	1
UgylGrb-bNJaCDKJHCh4AaABAg	1
UgylgijPioAz59Up6L94AaABAg	1
UgyLePCUnKmzWGJNB1d4AaABAg	1
UgyLD_qKYWYdqWA0pXR4AaABAg	1
Ugyl_D7z0MmoLz8kK5F4AaABAg	1
UgyLcE_h6-Le6Egsl0h4AaABAg	1
UgylbyTYu_3pM03kW5J4AaABAg	1
UgyLbU5y5HG_c5vhHSx4AaABAg	1
Ugyl9thlX-13il_ya5N4AaABAg	1
Ugy-L9BJlt71L55b1rZ4AaABAg	1
Ugyl92FhHZqJV2AFM9d4AaABAg	1
Ugyl8TWZkJxlP4VjOZ54AaABAg	1
UgyL7xkT_459TGPze9B4AaABAg	1
UgyL6Ys9IWGmC9OVHbh4AaABAg	1
Ugyl6PQi3IFBxtXPDDB4AaABAg	1
Ugyl5AsHOKo8qh9UFlt4AaABAg	1
Ugy_L5343CtLweEaRnV4AaABAg	1
Ugyl4T2TUQ9Vi1ES10N4AaABAg	1
UgyL3tjMdBIKwdWwaKJ4AaABAg	1
Ugyl2xCfKYebRlE5xlB4AaABAg	1
UgyL2Op1g_CpDn8y89l4AaABAg	1
UgyL10gr23kkqSlmm7J4AaABAg	1
UgyL0TTCF90bXTrO_Cp4AaABAg	1
Ugyl0Kq4yAs242I2kN94AaABAg	1
UgyL0KoC3y9m-0CAekd4AaABAg	1
UgyKzvA20ZYj0DnqmVl4AaABAg	1
UgyKZ9MH-ENGmvSeitV4AaABAg	1
UgyKwDeFKf5QydOGrnV4AaABAg	1
UgyKuXns-fRG0qBwVFV4AaABAg	1
UgykuoK97hpLoz0YS7l4AaABAg	1
UgyKUkX3UI1Oyn5p1_B4AaABAg	1
UgyKucYJZN2XfFhcGaR4AaABAg	1
UgykU0AeVWNC_utSV-54AaABAg	1
UgykTYpFfxS4B_Uop-l4AaABAg	1
UgyKRgM0I9e3lEqQAiJ4AaABAg	1
UgyKQD1dFJAmJMdIJyB4AaABAg	1
UgykPSW1IRXm7IaQmyd4AaABAg	1
UgykpDhcF8Z_XwBbfLJ4AaABAg	1
UgyKp-57yZtcy2OOQfd4AaABAg	1
UgyKOWBKirLVS-O4y894AaABAg	1
UgyKMBdgdTeisuIAAah4AaABAg	1
UgykltJd8WD0NrQa4BZ4AaABAg	1
UgyKli2tQjDhFW8h5qB4AaABAg	1
UgyKkjOwCVlcKu_7INF4AaABAg	1
UgykKjeGF6I0EJ0ICJp4AaABAg	1
UgyKJYHEVoDH8jMDhkB4AaABAg	1
UgyKJkpHwZcKjOMUtYJ4AaABAg	1
UgykiTee9b0ep11MOdt4AaABAg	1
UgyKISQnWTwVWc1TTvx4AaABAg	1
UgykIkQ1DIXvrgrGqnN4AaABAg	1
UgyKIG9NtnjQ9l8iim94AaABAg	1
Ugyki1Ssx7bVXh-E-PZ4AaABAg	1
UgyKgwmiMdfVDg9z1sV4AaABAg	1
UgykGmk-n5A9unwxj714AaABAg	1
UgykgJyV5CvOAGe1vC94AaABAg	1
UgyKfWTlS7kgp_NZ1-Z4AaABAg	1
UgyKF4Af2tLzcoQuO614AaABAg	1
UgykEzA2sS8ToQPGs0h4AaABAg	1
UgykEe0_2jN0AKm-umt4AaABAg	1
Ugykdy8I57LfLrdiRfx4AaABAg	1
Ugykde4Vtn3Ozqn9Vip4AaABAg	1
Ugy-KdccfZz0Mk3GMzV4AaABAg	1
UgyKD6qhY1J_dnNa7g94AaABAg	1
UgyK_cKA17eUixwN3z54AaABAg	1
UgyKCDzM2cEGjoKYWnJ4AaABAg	1
UgyKc9HsJAxsE4huZKR4AaABAg	1
UgykC8B_ePaAb9oa66R4AaABAg	1
UgykC5SCxKbxdfdUFDN4AaABAg	1
UgyKBKMNW26ua1Aaqmd4AaABAg	1
UgyKa4HsVY2PbS2UvfZ4AaABAg	1
Ugyk9LcjYGJ52_NatSN4AaABAg	1
Ugyk92rerZxzsUL4ntZ4AaABAg	1
Ugyk8zovUo3vVsASHll4AaABAg	1
Ugyk8JmFCjfASWe3sI94AaABAg	1
UgyK86Z5zcVwaFF6qGB4AaABAg	1
Ugy_k7ndDQRWegYchox4AaABAg	1
UgyK66VpTmroJZ0zwyd4AaABAg	1
Ugyk1lTPsXyt5KwM-hB4AaABAg	1
UgyJzx29yIIWUjPICmR4AaABAg	1
UgyjznYo_CXMrkSOfuh4AaABAg	1
UgyJynth_ioOQ8JH2EB4AaABAg	1
UgyjYbC7Jkq9pphsX8h4AaABAg	1
UgyJxHq6qeGvfGP6oYx4AaABAg	1
Ugyj-XGykKFiWor85gV4AaABAg	1
UgyJx7Reew5uW0X2Lkh4AaABAg	1
UgyJVYs8j0tM9Yszwzp4AaABAg	1
UgyJUGNQU9s3rUVe53p4AaABAg	1
UgyJtxq7FI2GIV3Uws54AaABAg	1
UgyjTwNRrbPTKu8YYjd4AaABAg	1
UgyjtbKF14G__3T_Zg54AaABAg	1
UgyjSShgBTOy8nZRU654AaABAg	1
UgyJSmz7w2_pUxzPMVB4AaABAg	1
UgyJS9dEtIeSZllN46x4AaABAg	1
UgyJs5U1bVTOe_dAdqV4AaABAg	1
UgyJs1_L14EIn5DMa6h4AaABAg	1
UgyjRtPYQ5ifAZRwzC94AaABAg	1
UgyJrRThnMqKZgB44nJ4AaABAg	1
UgyJrpjeOgmWaaUBZZx4AaABAg	1
UgyJPj1bju4FosYx6w14AaABAg	1
UgyjOYyjlHQ2qr89ENR4AaABAg	1
UgyJOlCdgxELKHaxktZ4AaABAg	1
UgyJO4mOh_6eiBSBu6x4AaABAg	1
UgyjnZsQbH7BgpmX7wZ4AaABAg	1
Ugyjnvw_mXf65u7EGzZ4AaABAg	1
UgyJNq5eerXhDBwO6qB4AaABAg	1
UgyjM4l-4_l8zsx5LfF4AaABAg	1
UgyJlw-fkZ0rwmE1t_l4AaABAg	1
UgyJkyerrnq6OZD9Yhx4AaABAg	1
UgyJKplv8NCVpE1e-wp4AaABAg	1
UgyjKbsZwhND1_bCAot4AaABAg	1
UgyJk7BvWpRb-quWK0N4AaABAg	1
UgyJK6wdQqcB0FK5D2d4AaABAg	1
UgyJjZAXijtnV-SFFnZ4AaABAg	1
UgyJjRBn_WnUa9-EQbh4AaABAg	1
UgyjJLIlwrs-mz8tvfl4AaABAg	1
UgyJJg4C2F9W-TkOGkl4AaABAg	1
UgyjizGU8_AbqlUYzr14AaABAg	1
UgyJisUJOYZ-F2YA7Gd4AaABAg	1
UgyJIp7vBng_45ewdjZ4AaABAg	1
UgyjiHkSM21qsmiczmZ4AaABAg	1
UgyJIek9fr_yCjcZzBV4AaABAg	1
Ugyjh24J6d5fHI1__nF4AaABAg	1
Ugyjh14uXwcTTCBw66t4AaABAg	1
UgyjGWtHANRgWn8G0VJ4AaABAg	1
UgyJgqkaXKdBdnriqqx4AaABAg	1
Ugy_jgo33muqO7p7TfF4AaABAg	1
UgyJfFXkO4tm3O1MORB4AaABAg	1
Ugyjfe30ReytWnxJCRh4AaABAg	1
Ugyjd0JZWcqGrPdBMH14AaABAg	1
UgyjC9PuUwHH3DjMm554AaABAg	1
UgyjBqLNpyE-LzF_YZ54AaABAg	1
UgyJbjUprprQVB9uV5N4AaABAg	1
Ugyj9NZmRRLHh5GeZql4AaABAg	1
UgyJ8YdfqCaxCzZfDRR4AaABAg	1
UgyJ8W2lczR4zabgxDR4AaABAg	1
UgyJ8H23M3pNYwqemj14AaABAg	1
UgyJ7jZARuEw_bCYyXB4AaABAg	1
Ugyj6gWmYlpcmVmUy8l4AaABAg	1
Ugyj6bQdP1e3is693Eh4AaABAg	1
UgyJ4E0P7gaZtGBJXGx4AaABAg	1
UgyJ48aCfhMbNzhDyxN4AaABAg	1
Ugyj2mdn-7iWwch1C6p4AaABAg	1
UgyJ2-AtkiSdFZioaUR4AaABAg	1
Ugyj1EOtQ3UA6CXQVHt4AaABAg	1
UgyJ0wrC-rbwdOQ2EOJ4AaABAg	1
UgyivVk0NpD0jHhNiIR4AaABAg	1
UgyIvRXGPqPONnXzADp4AaABAg	1
UgyIuckAx8sfoN2hBx54AaABAg	1
UgyiSVMqQZ9MddNzUrd4AaABAg	1
UgyiSjbtlyikFFV2sqF4AaABAg	1
Ugyis-0mSe_8QPn-a8l4AaABAg	1
Ugyi--RfOjygEE2b1lR4AaABAg	1
Ugyiray6cOIgaAy9z594AaABAg	1
UgyIqouqK20pdIpo8s14AaABAg	1
UgyiQnoqMvgYPNMS6J94AaABAg	1
UgyIq2WcHrqXd3X1Ss54AaABAg	1
UgyipsV2SoyiDeiCa8h4AaABAg	1
UgyipM7t-aw0ctRNL7R4AaABAg	1
UgyipGmq0Gf86uaC_sl4AaABAg	1
UgyIpDzN0LVfhaqcRj54AaABAg	1
UgyIORTX4wZ2neOHLXF4AaABAg	1
UgyInRFeECSeTmGGtpp4AaABAg	1
UgyINNFwvjUwx0EK3o94AaABAg	1
UgyiNIRR7MQ_-HZLk7Z4AaABAg	1
UgyiNGiMNIxPGsq4d514AaABAg	1
UgyInD_-kKQa4see6Xl4AaABAg	1
UgyImwTlkdY86RuQBj14AaABAg	1
Ugyi_MiaDUdDQ30nDuh4AaABAg	1
UgyiMFFBJvxXxkmA7lN4AaABAg	1
UgyIlGwYiGdfE6lTuvx4AaABAg	1
UgyiLAJU-UzQgWzR1QF4AaABAg	1
Ugyii87Xl76_ogIhKfN4AaABAg	1
UgyihPWb80N7FN4VGON4AaABAg	1
UgyihOvPm7I-xBrSYsV4AaABAg	1
UgyihkGwBN1dgHsvdO14AaABAg	1
UgyIh6KzA2FH1kJZgDp4AaABAg	1
UgyIGYA1UkmwKkTVprN4AaABAg	1
UgyIGWQw8U6TFsJRIPR4AaABAg	1
UgyIfvJjxCqjJueplsp4AaABAg	1
UgyIfMJbC08gCseGCqp4AaABAg	1
UgyIFmBrXpvoMAi909t4AaABAg	1
UgyIFLimYYsOHP2Qb2h4AaABAg	1
UgyiFkcMDVu8feBNINJ4AaABAg	1
UgyifIrCVj6FBLuHMNd4AaABAg	1
UgyieQ-Q4kRFIOyZx9d4AaABAg	1
UgyieQkbxPIQ3sB00WB4AaABAg	1
UgyiEMFMJwE-42ua40F4AaABAg	1
UgyidwQWjNc5Z-lX6XF4AaABAg	1
UgyiDLVHmqsAYxA8D4B4AaABAg	1
UgyIC4WFeHh_Jx4NCYd4AaABAg	1
UgyIbE2V6JZdtOjvZbh4AaABAg	1
Ugyi7w4RPpbZaANn3cF4AaABAg	1
Ugyi7MEveSIAe4BG5jZ4AaABAg	1
UgyI7J38Mkq8f2gcOIJ4AaABAg	1
Ugyi6WUfshIeNFhVAat4AaABAg	1
UgyI6OrDSn_POU5xg1h4AaABAg	1
Ugyi6Nb9btC9Xmh1NiR4AaABAg	1
Ugyi6GCnHYSAcTehB1R4AaABAg	1
UgyI3jxMTIIGgq9Yh-94AaABAg	1
Ugyi2BPwsrooxiOdCaN4AaABAg	1
UgyI28wh8hAtBpSY3Oh4AaABAg	1
Ugy-i1lmVXEwLJ5jSkN4AaABAg	1
Ugyi1DTv5KkPaWU45o54AaABAg	1
UgyHz9OPFdONF_2aSH14AaABAg	1
UgyhXxdeM9FyPVsq-St4AaABAg	1
UgyHxlQroQvXwf20HJh4AaABAg	1
UgyHXkPMV_xSos8P8Jp4AaABAg	1
UgyHxka4yztETUmOJ194AaABAg	1
UgyHXJOKIeyBM6UTBrV4AaABAg	1
UgyhWKQiRSAbuTqwiFp4AaABAg	1
UgyHwiT8bhNQ2rITc_d4AaABAg	1
UgyHWDhm2izgHcwpWUp4AaABAg	1
UgyHVxitL4SMj5H2f854AaABAg	1
UgyhvGtuzYvkYQkAlZh4AaABAg	1
Ugyhv2JukKFrpavyl5R4AaABAg	1
UgyHuzkz5Oyxv629mzl4AaABAg	1
UgyHUq1H-fi1TGaGdFV4AaABAg	1
UgyhuInaksPSllkDtcx4AaABAg	1
UgyHtwIQJ2dWJ6rwmVV4AaABAg	1
UgyhTpop7_fce2fdbQV4AaABAg	1
UgyHt-9PLeZPEHUQ1_V4AaABAg	1
UgyHSv5tt2Fq7tWviTx4AaABAg	1
UgyHstv4nckgL7-eCeJ4AaABAg	1
UgyHsLP9QWB7WLACv5d4AaABAg	1
UgyhRlXjJAngAS2kSIB4AaABAg	1
UgyhRFLbtGyEdkSvWHZ4AaABAg	1
UgyHr6287ZrJrVAvFAF4AaABAg	1
Ugyh-prB4w5mHpLNGNF4AaABAg	1
UgyHPGfsbiI7uzfrIqB4AaABAg	1
UgyHP8gCIrHtOoe31x14AaABAg	1
UgyHP8c0kV4UnMLAgxV4AaABAg	1
UgyhOYcfeEFmppvNRwV4AaABAg	1
Ugy_HOg5f4gNQOrtort4AaABAg	1
UgyHO3YxbvT2ldCCsV14AaABAg	1
UgyhNnDSgsKPHs5ZFT54AaABAg	1
UgyhmKyj0QRKTiphr7h4AaABAg	1
UgyHLJjpEAD68nx1hrJ4AaABAg	1
UgyHl5DWCGsl6KEe7954AaABAg	1
UgyHL2e6Lt3lq_SP5bZ4AaABAg	1
Ugyhjmx40kGQmXWSPN54AaABAg	1
UgyhJKKo2EQ2_wEdgup4AaABAg	1
Ugyhj346jE5GqFL86YR4AaABAg	1
UgyhIn-Qf5ItwQa0cL14AaABAg	1
UgyHic351lroIWu2q9J4AaABAg	1
UgyhhA8ynTdtAs2C_a54AaABAg	1
UgyHGYA0hyW1LHBG7cF4AaABAg	1
Ugy_hGOsT2CPA9r0Jth4AaABAg	1
UgyHfEjXpSoLhU8fkCB4AaABAg	1
UgyhdpcYic79ECBY4DZ4AaABAg	1
UgyHb9ysWGXDu2eDctV4AaABAg	1
UgyhB7zN-ayKWyAp-sh4AaABAg	1
UgyHB0ZEyYLEL0_sVv94AaABAg	1
UgyhAvwcLSN39aPjYXd4AaABAg	1
Ugyh8646beedoU4kNLZ4AaABAg	1
Ugyh7cMiYaJTlF0CzXt4AaABAg	1
Ugyh5cvEPucuO7dlGHt4AaABAg	1
Ugyh39BWhnnD2Zmb3Hd4AaABAg	1
UgyH35fvcDx5Bga_PAF4AaABAg	1
Ugyh1rtvY0BJURYEL8Z4AaABAg	1
UgyH1qTMVhN79F7arQl4AaABAg	1
Ugyh13lgvw79apIGXkB4AaABAg	1
UgyGZSvomh79EyFEoPV4AaABAg	1
UgyGZPaJqAyFKugT3W94AaABAg	1
UgyGzcJwWtRr-mcI4Fp4AaABAg	1
Ugygylz0Crl1IoVCxZx4AaABAg	1
UgygybgRbQdsm1KvTIl4AaABAg	1
UgyGXqEjPKh7VnwTB5V4AaABAg	1
UgygX41X6U9FSVBkqb94AaABAg	1
UgyGWPiiRXX9H5TOdMx4AaABAg	1
UgyGWf0vXqjUTdpe6qB4AaABAg	1
UgyGvKNVM-unDqT_gRd4AaABAg	1
UgygvdtFfCHISrA9hpF4AaABAg	1
UgygUsZngsfb35hk2Vx4AaABAg	1
UgygUEwZYLrnfekxunl4AaABAg	1
UgygTCV9Xa0cZOE265h4AaABAg	1
UgyGsDYZzH0G3TQrUpJ4AaABAg	1
UgygSd4PQ7W_rvUiK5F4AaABAg	1
UgyGS05X0zg2rUzF1xl4AaABAg	1
UgygRqkuvBhEMYQZnpd4AaABAg	1
UgyGRpnY88g6RE9kcep4AaABAg	1
UgyGrEoLuF-p5S2ZFMJ4AaABAg	1
UgyGpkkVdM2fGx7b4cx4AaABAg	1
UgygPA3S5sYx2OjBnTx4AaABAg	1
UgygnTHAHbsXn0zo8Mx4AaABAg	1
UgyGmVdGOI-mOu3Odup4AaABAg	1
UgyG_mjGafbdKj_rwfh4AaABAg	1
UgyglNd6BMHsU21vy8Z4AaABAg	1
UgyGlJYkTEhob67WKft4AaABAg	1
UgyGKdmLK0QGYfFbcq54AaABAg	1
UgygjGRQVySudYu1J9t4AaABAg	1
UgygJdyTCCBApTTaVy54AaABAg	1
UgyGhm1rSHwQ6xM-Ulp4AaABAg	1
UgyggX8BN0SutuKQwct4AaABAg	1
UgygFdZ28WdbSvXoJ-l4AaABAg	1
UgyGFDlWsLphfVUmRpV4AaABAg	1
Ugy-GErRHyWrnQ35Q2x4AaABAg	1
UgyGepOCN4ejGIJTTYN4AaABAg	1
UgygeP3uHKhv3DyTxh54AaABAg	1
UgyGEmgd6WXjcNB_t_V4AaABAg	1
UgyGDCpXOn2DN11wOjB4AaABAg	1
UgyGcR59_TxYK_VzT7h4AaABAg	1
UgyGcpMSp0WFJuxNyDV4AaABAg	1
UgygcDrbw-2pRaIe0vp4AaABAg	1
UgyGB6K-E57A2EpLE1Z4AaABAg	1
UgyG9eqqlNR0pJlZytt4AaABAg	1
UgyG8Sw3xo9FsCjYLGF4AaABAg	1
Ugyg2sYlctkBuAeexfd4AaABAg	1
Ugyg2B5uWDXYv8vLtbp4AaABAg	1
UgyFZn0tj432mNy8-Jh4AaABAg	1
UgyFz0Hxa4JfEf5kS9J4AaABAg	1
UgyFynFA2uAwN9BOpxp4AaABAg	1
Ugy_fyBYNKc3HdsVmRd4AaABAg	1
UgyfXbvJj-Rzq1w6EHZ4AaABAg	1
UgyfX830nj3wBahU5JF4AaABAg	1
UgyfwVEeOwmaXhZH_d54AaABAg	1
UgyFwLsVkm_mP384k5x4AaABAg	1
UgyFWIzsAyTgAHrkpwl4AaABAg	1
UgyfUxu6yIfpAZmMVRR4AaABAg	1
UgyFuAHd_fi4GuTBdJd4AaABAg	1
UgyFtUAapIEnLFd-ulx4AaABAg	1
UgyFTSGjk9IZwLn2hEJ4AaABAg	1
UgyfsIA9LA2mNSGpWRV4AaABAg	1
UgyfsFP0XBdw3EjUuYN4AaABAg	1
UgyFs18rcbO_JLuDDeF4AaABAg	1
UgyfrB-faFSBfCpOZhl4AaABAg	1
UgyFp4wrBn1rkg-gLf54AaABAg	1
UgyFP2uywCzHJc0XTMt4AaABAg	1
UgyFoey61zEs-IU8IA94AaABAg	1
Ugyfo-ER-DknaQNpAMx4AaABAg	1
UgyFOc5nRvLJEVDi88N4AaABAg	1
UgyFO8v8MuhdbDvGHHN4AaABAg	1
UgyFNmhTUpdHMSeYEKx4AaABAg	1
UgyFmYi8EN5Dtrh4sx14AaABAg	1
UgyfmUnvDCY64o5ml5B4AaABAg	1
UgyfMunCS0UgEvMgFGR4AaABAg	1
UgyfmlRhaZQ9bBNXOBR4AaABAg	1
UgyFMaVyBp8jf7mBBv14AaABAg	1
UgyFm3ILJY0Kpwovnh94AaABAg	1
UgyfLPoEXqzKqGNV5ht4AaABAg	1
Ugyfl0pYtsdUamYdFlF4AaABAg	1
UgyfjcwG3tQRJdU5mwp4AaABAg	1
UgyfiDdtL1KAXXMLUZJ4AaABAg	1
UgyfIB95_210y6JLUs94AaABAg	1
UgyfhjqWM0EI_v34ewd4AaABAg	1
UgyFGMlhZPbg0l61tN54AaABAg	1
UgyfFqWpifRVqm3uuOx4AaABAg	1
UgyFFkviXkk-mqiBAM14AaABAg	1
UgyfF15OtmDeLD8DjQB4AaABAg	1
UgyFDWDOYVta4hl145B4AaABAg	1
UgyfDGvJQucTaeZ7vyR4AaABAg	1
UgyFClWduv5u4Ka38kl4AaABAg	1
Ugyfck75Obc68z9NpJp4AaABAg	1
Ugyfcgbh9h3arol_qWl4AaABAg	1
UgyfB-m_7eB0nSAOJKt4AaABAg	1
UgyfBK-C2oG63aEREZ14AaABAg	1
UgyfbjSUX5QqPwNkTwN4AaABAg	1
UgyfB1GdBpO6Jtejztp4AaABAg	1
UgyfasZpbEvEboJMU114AaABAg	1
UgyfAgz46_XhL4LwmWF4AaABAg	1
UgyfaF26euiF8nMIIAR4AaABAg	1
UgyF6KNiecjGS1llA3l4AaABAg	1
UgyF6JaZo1XTxJrFIXN4AaABAg	1
UgyF5514pnUHOoEI7h14AaABAg	1
Ugyf4GuCmkovTc60Uzp4AaABAg	1
UgyF2-ysBfsvEXgP0XB4AaABAg	1
UgyF0coGh6AwINuXATJ4AaABAg	1
UgyEXq9CXSJ-0DQ-OaZ4AaABAg	1
UgyeXnXZJhpR17nNkv94AaABAg	1
Ugyex1lwa50CkecQ4Ih4AaABAg	1
UgyEwgY3aW7udALidVF4AaABAg	1
UgyEVlx8yQIWRObEVxp4AaABAg	1
UgyEuX7aPhL8hbJIzi14AaABAg	1
UgyEUn1lRIu_M1S3oa94AaABAg	1
UgyeuC6zFEccRzXmo5h4AaABAg	1
UgyETUUCZHmJcPjSUhZ4AaABAg	1
UgyeTNYv04yN79vJLa14AaABAg	1
UgyetAecObF12ICengh4AaABAg	1
UgyeSX8aBfiUIKtuXG94AaABAg	1
UgyEsAjb4sxAr4-x5st4AaABAg	1
Ugyes2r_yFKQC0MmZv54AaABAg	1
UgyerQ6wfojuCzWe55N4AaABAg	1
UgyeRpKV4JPU-koDPaN4AaABAg	1
Ugyeqk7IO3HQlzckOMN4AaABAg	1
UgyepVEIgJ4-Vr3Qz2l4AaABAg	1
UgyEps4jpM11WHL6yyd4AaABAg	1
UgyEPndwbdQZA_KkgWZ4AaABAg	1
Ugye-OZOxtH2NZsQLh54AaABAg	1
UgyEoTvlHmIjCaAzGod4AaABAg	1
UgyENSKK4XkFg16rEYB4AaABAg	1
UgyeNBi9nU9djMv4hqF4AaABAg	1
UgyEN0A2sJWlGGPokwF4AaABAg	1
Ugy_ELfclSCCn_ToPph4AaABAg	1
UgyeJyOi0Y4B3WI4ahV4AaABAg	1
UgyEjDY6ue0T7K0oV_54AaABAg	1
UgyE_iXUqdfwVD-RYGJ4AaABAg	1
UgyEGZQtxl6DC7qEjNR4AaABAg	1
UgyegvnluWFtRiq0VvZ4AaABAg	1
UgyeGr43ePToizeQLjt4AaABAg	1
UgyegPgsZV-VxisvSnd4AaABAg	1
UgyEgO4M6HllsAcpRXh4AaABAg	1
UgyEgBJ7AU1ox-rWvHB4AaABAg	1
UgyEFimTiKSug7S6BVx4AaABAg	1
UgyefHYi0wuExmVnY5V4AaABAg	1
UgyEfdHvfcea1ulKQ5t4AaABAg	1
UgyEERd3vJLAMfj0bvh4AaABAg	1
UgyeCwOGDPHgZS1KdxN4AaABAg	1
Ugyec-_utgpCnMq0CDN4AaABAg	1
UgyeCDQaiaxV7R_Vqx54AaABAg	1
UgyECcAS2VZ-BdQiINd4AaABAg	1
UgyeBvxJgvWw-gWBqzB4AaABAg	1
UgyebTjordPBTocQGf94AaABAg	1
UgyEb6qZJ8gsPBjvV5R4AaABAg	1
UgyeaMpff_AlIbvvRtB4AaABAg	1
Ugy_E9qMVby9MZJ6qOB4AaABAg	1
Ugye98bi2PJE4mPEqih4AaABAg	1
Ugye83a12SOx-F71X7t4AaABAg	1
Ugye7ypAYJaPDL3IDN14AaABAg	1
UgyE7Nc_kq-p1C410Y54AaABAg	1
UgyE7cHN5jxafEjMFgp4AaABAg	1
Ugye70k_YkUFLG1VhLl4AaABAg	1
Ugye6MKc64Zo5ZwXspF4AaABAg	1
Ugye6K0YY9tCpFT5cHZ4AaABAg	1
Ugye52DVHeRfTTeQF2p4AaABAg	1
Ugye4H-gPEWzSGiHYQR4AaABAg	1
UgyE3mowIqLBHdngMJx4AaABAg	1
Ugye0jacN1yU9D6b9kh4AaABAg	1
UgyDZPG21ReO0yxT8ed4AaABAg	1
UgydZg84etmyYtaLJ894AaABAg	1
UgyDzfMtLPJCHHZGuYF4AaABAg	1
UgydZ6ZpAEc0tL02cMB4AaABAg	1
UgyDz6UbWEOuT--bYAp4AaABAg	1
UgyDy4v-LicIlmuAE3Z4AaABAg	1
UgydxZHXopxdV73lgHl4AaABAg	1
UgydxqwUTA0N0P0QVTR4AaABAg	1
Ugydwsr9TWcyq6wLJnh4AaABAg	1
UgyDwOy2GOue0K4bnNV4AaABAg	1
UgyDV37kSCEDjUErFhF4AaABAg	1
UgydUHySxVxxwDSw4RV4AaABAg	1
Ugydu95rhm5T0DhRGJB4AaABAg	1
Ugydu8KmNIAYtujY0YF4AaABAg	1
UgyDtx4hu-meQtLp68J4AaABAg	1
UgydS9rNA0BK5_wF7gl4AaABAg	1
UgydQTtLECcZ4d9fZaJ4AaABAg	1
UgyDQSTtPw1tg5kBicV4AaABAg	1
UgyDqmMQNSNCO6UNwMp4AaABAg	1
UgyDQ7eR81BhRb3ULrl4AaABAg	1
UgyDPL6nO9oQhEcfdPx4AaABAg	1
UgyDnsMJDo6H2fX77yN4AaABAg	1
UgyDmX8rWSH5UHI419F4AaABAg	1
UgyDMrvtOrgSJN6Oq3V4AaABAg	1
Ugy_DmMA3NH_DWCCdeR4AaABAg	1
UgydmIfehwyiAGMXaH94AaABAg	1
UgyDmcHDP0UNVS4DSZl4AaABAg	1
UgyDlp7GCOIuR6ZpnYZ4AaABAg	1
UgydL8ooLM3K9st2BSt4AaABAg	1
UgydJVIr-lC56g2mxON4AaABAg	1
UgydHa8M3mQSGBHBcS54AaABAg	1
UgydgIsRKkDhc0A5SF94AaABAg	1
UgyDgCiPwUi4kErhxHp4AaABAg	1
UgyDg2O8AR25ljuDAcp4AaABAg	1
UgyDFzs_cRu7CTXGZOV4AaABAg	1
UgyDFcZxXX7lKMViITR4AaABAg	1
UgyDf3nsQvO57sJMS3Z4AaABAg	1
UgyDeZXVhIlXPT_AxVJ4AaABAg	1
UgydeZahvayHXq-w-E94AaABAg	1
UgydEu3jIFi8g1JT5Ah4AaABAg	1
UgydenTdrugOvvKmLRl4AaABAg	1
UgyDEmAT9yoZEICOT314AaABAg	1
UgydEKuybWW32WC0_el4AaABAg	1
Ugydedvxy4r5j4fBR3N4AaABAg	1
UgydE9Q3nCoGT2KX_kl4AaABAg	1
UgyDDSSDaqFYYH6jywh4AaABAg	1
Ugydai3pgfCkXw_RBo94AaABAg	1
Ugyd3juAfat5Fi2Itah4AaABAg	1
UgyD1yF5mQ69EhYfOU94AaABAg	1
UgyD1WC8aoKTyzdxpBl4AaABAg	1
Ugycz4fXl7ceG1iUlNZ4AaABAg	1
UgyCyz5CMq-ivzQD8JN4AaABAg	1
UgyCyZ3T4pRmxF6jdv54AaABAg	1
UgycyQv35AsBS2GQjvZ4AaABAg	1
UgyCYbl0Kb9Pi_oq7814AaABAg	1
UgyCWCHEjabE6A48GH94AaABAg	1
UgyCVVyZFY7lOTVHF014AaABAg	1
Ugy-CvUmFq-ps3iabsd4AaABAg	1
UgyCvo8dgpzwrlMqCKR4AaABAg	1
UgyCvkWtVWGZP_X8uC94AaABAg	1
Ugycuxd71MMFMsH8C_J4AaABAg	1
UgycTyhSJF4G09Dc8Fh4AaABAg	1
UgyctwYjbKA-iT9NqWV4AaABAg	1
UgycSHghJoM7GBCBa4B4AaABAg	1
UgycSEYXPmR-5QXHw4l4AaABAg	1
Ugy-CRY6x2zOlNParbp4AaABAg	1
UgycrX2C6U6aFZunASl4AaABAg	1
UgyCrQX8VGO3Yxm5uTV4AaABAg	1
UgyCRqruTQ9UxR68T4Z4AaABAg	1
UgyCRdDnf_ia8NcF7VR4AaABAg	1
UgyCRasv-J4JgjmdSwJ4AaABAg	1
UgyCR2d0Yli7qSgXu8V4AaABAg	1
UgyCpRPtqHY32UPTr1J4AaABAg	1
UgyCpbjZw8gnktf7b9t4AaABAg	1
UgyCoZ8RMW4YKbT9dtR4AaABAg	1
UgyCOu31CzZ7KGtpIYp4AaABAg	1
UgyCoPabotXOKN7x5554AaABAg	1
UgycO_hVq9aFWY4a5el4AaABAg	1
UgycO-1T-4ARHxCYO894AaABAg	1
UgycmZD8WIerDR118Jx4AaABAg	1
UgyCMXcBlTcYiv28IL14AaABAg	1
UgyCMlunLp1bpnBLJqd4AaABAg	1
UgycLTEhFXMkqoDqEuJ4AaABAg	1
UgycLhtQ_8SOp6MKXsR4AaABAg	1
UgyckS5E8TjpZVDOThJ4AaABAg	1
UgycKqrHnSIi9kSXeVV4AaABAg	1
UgyCIbHKmEYZNCiIcdR4AaABAg	1
UgyCHbwwcoqnw4zoBSx4AaABAg	1
UgycgHC29Fda4Kf6wv54AaABAg	1
UgycF0j4xNhO0e6Yqil4AaABAg	1
UgyCEXSkffAC-rF9b-t4AaABAg	1
UgyCe_Lu79fQxdihamd4AaABAg	1
UgyCEhTE4eq9lh8yNwB4AaABAg	1
UgyceeLn1xkUO33H2Ul4AaABAg	1
UgycE9VY2yXbLXlLhpN4AaABAg	1
UgycE4R0-teiGOa5Z3h4AaABAg	1
UgycDWMmln0Il6nMI2J4AaABAg	1
UgycDLoFJulUG0LF-Wl4AaABAg	1
UgyCDCKntUDwtYX0JQZ4AaABAg	1
UgycCxWhsvGP_3tixzF4AaABAg	1
UgycCv56vIPN8JumjEZ4AaABAg	1
UgyCCnXURUuJ7O6XXXB4AaABAg	1
UgycCG_1ZoJvEP_RVrh4AaABAg	1
Ugycb1AVc4E_CP0XQ8d4AaABAg	1
UgyCAIRblV1BbPwLmjt4AaABAg	1
UgyCaHozI_7J_BjTljp4AaABAg	1
Ugyc9Hu7E8Ywq88JXhh4AaABAg	1
Ugyc90j-5j4yzYzDCi94AaABAg	1
UgyC823JukvaqpTJ9qd4AaABAg	1
UgyC5YfSSTDSfe7UR4l4AaABAg	1
UgyC5Wul6EtMcOOa5Sx4AaABAg	1
UgyC5vHwq6JyZxIU9UJ4AaABAg	1
UgyC50wjFf4vp72trtB4AaABAg	1
UgyC4ywKtQthR86NkAN4AaABAg	1
Ugyc4Kq10mviRcBGzpt4AaABAg	1
UgyC0YQ1QrC805zUBDx4AaABAg	1
Ugyc03nV7E9SscEdhcN4AaABAg	1
Ugybzx3E7f9h9eB54n14AaABAg	1
UgybZf1OHVzuzelijB54AaABAg	1
UgyBz8MWMNQzRRu4pLd4AaABAg	1
UgybYUhYEa4WJLGJlah4AaABAg	1
UgyBYpZGN8qZIFkiJSN4AaABAg	1
UgybYkmVF0P4VB-cwil4AaABAg	1
UgybY3FPUBpc3_gQpI54AaABAg	1
Ugy-bXyyLG3BVb5dgfB4AaABAg	1
UgyBXoBJ1F35vGLZ9ot4AaABAg	1
UgyBwSsdB4RLWjja3MV4AaABAg	1
Ugybwh5dfCVjHqykV9B4AaABAg	1
UgybV-REjIph0bJ4Ish4AaABAg	1
UgybUAtiGDuaOB4mBPh4AaABAg	1
UgybtSy1AJdBGiu_Esx4AaABAg	1
UgyBtLATN3G5Wni-lgx4AaABAg	1
UgyBSWb_DBlsc3FW9Kh4AaABAg	1
UgyBs101rzQBaiZFdXd4AaABAg	1
UgybrKvW7aPTunRITZB4AaABAg	1
UgyBQ9MFy2NYXWxOlut4AaABAg	1
UgyBptXXo96cG4_ixMd4AaABAg	1
UgybpPM_1U_eM9x1Kll4AaABAg	1
UgybPmfDXciJ1OlVAHh4AaABAg	1
UgyboZZ6wDXVMTYS6ZV4AaABAg	1
UgybO-XJ93aLRekbKfF4AaABAg	1
UgybONN3lw4okaxbPqJ4AaABAg	1
UgyBoKsMAHT-BVwq2oV4AaABAg	1
UgybnwtRtlvx-kxJGwp4AaABAg	1
UgybNusonGDqdGtMxkd4AaABAg	1
UgybMrfLyYwDdxEZegp4AaABAg	1
UgyBmR2lfLlpyn3ATbV4AaABAg	1
UgyBM9bhwbwLKEIaxfl4AaABAg	1
UgybLVXh9X8O4yJzRId4AaABAg	1
UgybKoMzOdBvTgItDFR4AaABAg	1
UgybkIba_zEX1HbFYRZ4AaABAg	1
UgybJN8YtIG1AARtx494AaABAg	1
UgyBjIkxNMHqbfyXGJR4AaABAg	1
Ugy-bIsiVTtnHoDO-_V4AaABAg	1
UgyBIMxNvMH_cgUqh9x4AaABAg	1
UgybihxLCuRJStLifJV4AaABAg	1
UgyBI1YCLK9iLnzbgTx4AaABAg	1
UgyBhLLAtMEupyeVVmt4AaABAg	1
UgyBhG5TcDWH8zxUPnJ4AaABAg	1
UgybG9OGop8JWS6SwSN4AaABAg	1
UgybfyGRGzqCAEtLtm54AaABAg	1
UgybE6b-WGEJDYRLMQJ4AaABAg	1
UgyBdW3XoV7Bmdai8wh4AaABAg	1
Ugybdi5Rca48N136trl4AaABAg	1
UgyBCgzpY3fJPPYEuLx4AaABAg	1
UgyBCC4eMKyxj-46Q0R4AaABAg	1
UgyBbgALWWTcu5BZ91V4AaABAg	1
UgybAYgSFyKDKvlW01F4AaABAg	1
Ugybadk8qfmMMbeL6Ed4AaABAg	1
UgyB9wPckDnA5WPaPJJ4AaABAg	1
UgyB92CmxlvgvonWjKd4AaABAg	1
UgyB6CA5GaZpUVAsgK14AaABAg	1
Ugyb5LRsAs3E0RkMPUR4AaABAg	1
Ugyb55wfJuMg6COr79h4AaABAg	1
Ugyb2SokmiKuPdnX8-h4AaABAg	1
Ugyb2RZnFLQXqinwfUl4AaABAg	1
UgyB1r2z9Maxme8C_qp4AaABAg	1
Ugyb0dzPniSdkgN9-Lx4AaABAg	1
UgyAZTQPZxBixmR9Gq54AaABAg	1
UgyazPFhHW_nnooRAPB4AaABAg	1
UgyAZIRpi2sgBtQMgJp4AaABAg	1
UgyAYgvcJ2vjDuxxNpJ4AaABAg	1
UgyAWJyDBiHXUo-s60N4AaABAg	1
UgyaWIv4i2k7MHm2xVV4AaABAg	1
UgyawIo6tTtJ7roTSL54AaABAg	1
UgyawbV2RfaRZiy52td4AaABAg	1
UgyAVGIbIDb5RuYnNtp4AaABAg	1
UgyauzyHYnBEk7V65Fl4AaABAg	1
UgyaTPC00DBaZZeSEGV4AaABAg	1
UgyasZrs04Z8xh0wGMV4AaABAg	1
UgyAsynXfn2HRSDX1CB4AaABAg	1
Ugyarrpa_ZDdwxguQGF4AaABAg	1
UgyAQome6hHQNV6UVJx4AaABAg	1
UgyaQAaqnq2-ocdzw414AaABAg	1
UgyapjcO5uMCjm9gtv94AaABAg	1
UgyAPd6N17svqJRFxbp4AaABAg	1
UgyApBwNsSCcehOrWzB4AaABAg	1
Ugyaoewp1SfD2IfeT9d4AaABAg	1
Ugyan4lDte9tbTWt1rR4AaABAg	1
UgyAMKtzGkJC5mxwMhN4AaABAg	1
UgyA-lxWMuYvFM1dvnh4AaABAg	1
UgyalVbvdomN9XwzlAN4AaABAg	1
UgyaLfc26TMZn86-oaF4AaABAg	1
Ugyak-zK3Fh-KFaWShB4AaABAg	1
UgyAknH7F8my1SArjHh4AaABAg	1
Ugy_AkjTX2ME715QVx54AaABAg	1
Ugy-AIXvDYpKbqU7FE14AaABAg	1
UgyaHyc3KtwWx8DJ9rN4AaABAg	1
UgyAHXRU4j6aInkQgzt4AaABAg	1
UgyahukFqZdGVTizPHZ4AaABAg	1
UgyAhH68S0EoQJCoL7N4AaABAg	1
UgyahDch5zwleg_LCFF4AaABAg	1
UgyAg9cPdxe42eRytyZ4AaABAg	1
UgyAfOYtSr1twUwwbFJ4AaABAg	1
UgyaFN63CpBXEUWN09h4AaABAg	1
UgyAFAmTEYrJE79nadR4AaABAg	1
UgyAETCXzwlK_oKdjUp4AaABAg	1
UgyAeo40ldrOqv1qCcV4AaABAg	1
UgyAdJJkKihlNNlVNIJ4AaABAg	1
UgyAC5j4D7DpGZMNvAl4AaABAg	1
UgyAbrj5PI73TcW0Prl4AaABAg	1
Ugyab2fke7_6rWWUaIF4AaABAg	1
UgyaaE_Xccuzj5nmI9J4AaABAg	1
Ugyaa_9tsDCUC8ykQux4AaABAg	1
Ugy-aA9OGLFe2vyYeUh4AaABAg	1
UgyaA9HahaNSypZPzHJ4AaABAg	1
Ugya9fcNRWUqP-WU3Fh4AaABAg	1
Ugya8nudqBpbyw1vf1V4AaABAg	1
UgyA7UL7ASRwXOYh4JB4AaABAg	1
UgyA7S7QvJ9GSxldy9J4AaABAg	1
UgyA7Gyeoi73BebIVRt4AaABAg	1
Ugya5ldVEq479jFsRUd4AaABAg	1
UgyA_38sYCOQllgjxVt4AaABAg	1
Ugya1iwmFxUZG33lToN4AaABAg	1
Ugya1-b5N9pgJqcPhYZ4AaABAg	1
Ugy9Zxh6KuBo80mcOTd4AaABAg	1
Ugy9YrzxazPoPmKXp0Z4AaABAg	1
Ugy9yOZwwxTkJnPcDel4AaABAg	1
Ugy9yHHURsrZSPGlcSN4AaABAg	1
Ugy9TXlsnOLyqh3f--h4AaABAg	1
Ugy9TiSbqFq0bu2HdJd4AaABAg	1
Ugy9t8Y0_SOZgV9FFyF4AaABAg	1
Ugy9T30aHKbm_JCcypp4AaABAg	1
Ugy9S1Tq7A3iUPdTphl4AaABAg	1
Ugy9RkEGf33IwwJczQ54AaABAg	1
Ugy9NOmaZ0ZRQTJ6omh4AaABAg	1
Ugy9mv_RSDTCEyb2HoZ4AaABAg	1
Ugy9Mtp2i_jGP2SrZVx4AaABAg	1
Ugy9m-RRNCD_5g1viAx4AaABAg	1
Ugy_9M4w1lVkK81ECBB4AaABAg	1
Ugy9lPbtCM6Do1v_ECZ4AaABAg	1
Ugy9jtEnpkk_lXAPVH94AaABAg	1
Ugy9iZx56BLaXbeZ60N4AaABAg	1
Ugy9hVZq4Rwa8-WNia94AaABAg	1
Ugy9fY0QjuBmqa4-nSF4AaABAg	1
Ugy9fmEYNaRNNHB9AeB4AaABAg	1
Ugy9Dag-iaqMYPQqGe14AaABAg	1
Ugy9cn9wbzQaOGXgFvB4AaABAg	1
Ugy9az3Dth4rtV3BVFR4AaABAg	1
Ugy98id8gbEQl2Fvve94AaABAg	1
Ugy97DYV3yC6dikefbZ4AaABAg	1
Ugy97BoXJn3LVVlW4Pt4AaABAg	1
Ugy95BRg5q2st3m4cot4AaABAg	1
Ugy94hu6i19GBNzWucR4AaABAg	1
Ugy93sK09QXw8IgSsmJ4AaABAg	1
Ugy93h-CqC06lrK_9tt4AaABAg	1
Ugy_9-1GeLRyCDJly5l4AaABAg	1
Ugy8xHm2uXo_il4PZMd4AaABAg	1
Ugy8WnOCGzrANGI3IKN4AaABAg	1
Ugy8vtnp0DH_6mj4pZ14AaABAg	1
Ugy8Pl5aUjpPGoS4mzl4AaABAg	1
Ugy8O-dPmfJKLIlrbbR4AaABAg	1
Ugy8nn2sg53EshDH7vh4AaABAg	1
Ugy8N2-6coIRifoVCtN4AaABAg	1
Ugy8LYnStgJgcWNn36B4AaABAg	1
Ugy8J-BP0lXxN_TpwpB4AaABAg	1
Ugy8IUlwRDr7iGHgfzF4AaABAg	1
Ugy8GPCJV3ZDiOQCFet4AaABAg	1
Ugy8fg74-ehKh4tKYzR4AaABAg	1
Ugy8E-w7HIPyiI_HChp4AaABAg	1
Ugy8eP3-pdiJwCGTsKJ4AaABAg	1
Ugy8CHtgmResG48vxfp4AaABAg	1
Ugy8ba9SP8emv8yRoT94AaABAg	1
Ugy89cwuGove6ZADSEV4AaABAg	1
Ugy88tKCL2i0Z6Tc0eR4AaABAg	1
Ugy84-XQpLxswyBZXCZ4AaABAg	1
Ugy84numhViayfttU714AaABAg	1
Ugy83CgSc0pDD8ATWMx4AaABAg	1
Ugy-80qNPShuTEvbzdZ4AaABAg	1
Ugy7yLZgIq9jdehs2Gt4AaABAg	1
Ugy7yagGp3kEBhZrua54AaABAg	1
Ugy-7XM02prOpXKd0U54AaABAg	1
Ugy7X4HK6u0Yctd_iYh4AaABAg	1
Ugy7tZqby-dvk5k1MEt4AaABAg	1
Ugy7teq2UTq4JW_LOGp4AaABAg	1
Ugy7ROsr4eWExZXwnuR4AaABAg	1
Ugy7roiUVbfDUEUQuMZ4AaABAg	1
Ugy7Qp0XPW3LPlNeo194AaABAg	1
Ugy7PYWSXgFnSIK_5rd4AaABAg	1
Ugy7of0c0ReBCYTybyJ4AaABAg	1
Ugy7ob4xDdBH5LfhVn14AaABAg	1
Ugy7o7k1j60mja03C1d4AaABAg	1
Ugy7Npnk26swuwU7a2Z4AaABAg	1
Ugy7n4_uiykh4huLUM14AaABAg	1
Ugy7LVSStl4KNNwrFSh4AaABAg	1
Ugy7k5KFKXgkem713Ct4AaABAg	1
Ugy7jsTC4qTm9AvQMhJ4AaABAg	1
Ugy7HWtKXnx0BEaBMFh4AaABAg	1
Ugy7fO--m62mbZ6gOnZ4AaABAg	1
Ugy7ereExak3A6Vf5bV4AaABAg	1
Ugy7ehvIHavpk0AICGR4AaABAg	1
Ugy7EHAoZloG3Ar4Iu14AaABAg	1
Ugy7EgkRCLo67m5XlpZ4AaABAg	1
Ugy7Eg284B9TyyGQshx4AaABAg	1
Ugy-7dyWmYqEtX3NgUd4AaABAg	1
Ugy7d3TzKOmpuNMW4yp4AaABAg	1
Ugy7Ckz3xRaTXdYucyt4AaABAg	1
Ugy7C0IGIMQas4ScdqZ4AaABAg	1
Ugy76AJXy84DAq1H2Pp4AaABAg	1
Ugy7_5PQC1nmMPskR_h4AaABAg	1
Ugy741RJcrQwoG4xxH14AaABAg	1
Ugy73RQIji-MHYezPUF4AaABAg	1
Ugy72WrhLhfMpx_R4r54AaABAg	1
Ugy6zhOF-pSFvqTdeLN4AaABAg	1
Ugy6UK83_YnmuDuxZgd4AaABAg	1
Ugy6Tet8fBlQ1LDQ40Z4AaABAg	1
Ugy6s3JDx4uXkwDSR8F4AaABAg	1
Ugy6rwC6LA24l8DYBwh4AaABAg	1
Ugy6PsrxpQJeK7UY9Zt4AaABAg	1
Ugy6OAqKHP2r-FUjDUx4AaABAg	1
Ugy6NSctyjqE8PZDaOh4AaABAg	1
Ugy6nGKQXRrnXc5FdN14AaABAg	1
Ugy6l4WAZZuyPCaoCHB4AaABAg	1
Ugy6ItZmCYCrUQJk-il4AaABAg	1
Ugy6ISwB25EEX4B3jR94AaABAg	1
Ugy6hr49pTiplAP17_h4AaABAg	1
Ugy6hPhBEZNp5knV9R14AaABAg	1
Ugy6-hdscmZuKDOuEO54AaABAg	1
Ugy6Em8Q8p5uCLc0CHp4AaABAg	1
Ugy6egT2iCPAhpx7OGB4AaABAg	1
Ugy6db6bgD41sZeI9xl4AaABAg	1
Ugy6_By4pSGrhlGR5l54AaABAg	1
Ugy6BKYSHaxzrog1PGZ4AaABAg	1
Ugy6Bh38MV47lCU319x4AaABAg	1
Ugy6Ao4Uwd2EesOgxgB4AaABAg	1
Ugy678vFkDM_bm60rzd4AaABAg	1
Ugy64h4zs9byzPfGu8d4AaABAg	1
Ugy5ZA60Xzy-L7PCSrl4AaABAg	1
Ugy5Y3sxsmy6yHAu6ht4AaABAg	1
Ugy5vsDJzG7q7SC8sCp4AaABAg	1
Ugy5uPOGAwNAfO44MNF4AaABAg	1
Ugy5_ReYUI4t1UYawuV4AaABAg	1
Ugy-5pMdZYKuHTUFxJp4AaABAg	1
Ugy_5oXCROwcZh4ZnlF4AaABAg	1
Ugy5ox0s3JJ92LY8e254AaABAg	1
Ugy5O4jiHxP54W3QBPN4AaABAg	1
Ugy5nEBznWpKdE6ajD14AaABAg	1
Ugy5loqCKBwe3BjAB054AaABAg	1
Ugy5kuqhiGPu7EBxsVR4AaABAg	1
Ugy5kaJMfwJtUx04aqZ4AaABAg	1
Ugy5k743riQ-Khz8qfN4AaABAg	1
Ugy5izTrHe0gLHaKD214AaABAg	1
Ugy5HoxLpq3eJWUT-oV4AaABAg	1
Ugy5gHl6ic8pWiOF05B4AaABAg	1
Ugy5GeeVSU1JKumc37l4AaABAg	1
Ugy5FQgFNP0DyhMSXsJ4AaABAg	1
Ugy5F6T0XO3Dx3eWjtN4AaABAg	1
Ugy5c1Myq-_XyVkFHOZ4AaABAg	1
Ugy5b4dHHunEKyHllRZ4AaABAg	1
Ugy5b1puJGApiYiEB2B4AaABAg	1
Ugy5adMy9MnIE7hvMAd4AaABAg	1
Ugy5ABmfHrNgTWbjEPx4AaABAg	1
Ugy58pWQz07FhTr-zj54AaABAg	1
Ugy57IAdNWmvVcqd3Yt4AaABAg	1
Ugy_53kYQEur7AZKMz94AaABAg	1
Ugy5186GPXBQsmpnfpZ4AaABAg	1
Ugy5056Cj38v2Xz4pf14AaABAg	1
Ugy4ZDEe-WzV4noQHER4AaABAg	1
Ugy4RqIpwhspX_9ScP94AaABAg	1
Ugy4RdEDEcBxZ1e6r8R4AaABAg	1
Ugy4Pi42_DStBc3cf8d4AaABAg	1
Ugy4PAkj1ZD4T8NXUIR4AaABAg	1
Ugy4OmjFIlTsdmIW9yR4AaABAg	1
Ugy4lAOyXW5p1tdlSVl4AaABAg	1
Ugy4K8OmedhPHJl9gX54AaABAg	1
Ugy4jLPotQ8shz1f9Et4AaABAg	1
Ugy4ixIFM4oxJfU5ZRZ4AaABAg	1
Ugy4gRA0R6u0ks7clGl4AaABAg	1
Ugy-4fn3vRR3JF1ckxp4AaABAg	1
Ugy4cU7xRe5WL3sDkwN4AaABAg	1
Ugy4CmgAXIpL247imKN4AaABAg	1
Ugy4blOrka8bvhQoEQV4AaABAg	1
Ugy_4AlOKwUenawELsJ4AaABAg	1
Ugy4AEHUqH-dcojNXE94AaABAg	1
Ugy48xDIykZYrQ0SCG14AaABAg	1
Ugy46Xu6bW6QNNqFWZB4AaABAg	1
Ugy445KzvxhsujRpbjd4AaABAg	1
Ugy43zvHTN9Xti755s14AaABAg	1
Ugy422HhnM4WU4LcQ7h4AaABAg	1
Ugy41Vws8tkJlbhsxw94AaABAg	1
Ugy41rNtyazX4czMi754AaABAg	1
Ugy3ZvOmspX-tjyDd5x4AaABAg	1
Ugy3Yr0Q1IuP4Wj48SV4AaABAg	1
Ugy3WuzsPYZuUF3gZPB4AaABAg	1
Ugy3W3jT2Bf4jJHqpHJ4AaABAg	1
Ugy3VWWu6jORUrup50p4AaABAg	1
Ugy3VU4gBCM7tQcgWoJ4AaABAg	1
Ugy3ugZdyKHj0FPaQq94AaABAg	1
Ugy3ud738FGsTS_Idhd4AaABAg	1
Ugy3qqzlSzMw5moI4XB4AaABAg	1
Ugy3oQs55XC0xsT1DLl4AaABAg	1
Ugy3Odowd0ymz6NGprd4AaABAg	1
Ugy3Lx0Z2C7_SqQYPBt4AaABAg	1
Ugy3lfzN3rB8v4EeKhB4AaABAg	1
Ugy3jRVTz3hiBNhHDNp4AaABAg	1
Ugy3hZ7JVEKZm_PzGlx4AaABAg	1
Ugy3hqQcfVsoSt8lm-N4AaABAg	1
Ugy3h9KI8RAf1nxTULF4AaABAg	1
Ugy3fs8XuSB8bjPdnvZ4AaABAg	1
Ugy3FDkXDNFu9Df9WF54AaABAg	1
Ugy3-epGLzRtknik5Ll4AaABAg	1
Ugy3eFVnRZMtMo2aDr94AaABAg	1
Ugy-3CoSFWa3ZVYmJop4AaABAg	1
Ugy3ClyjvxkI0KtOzEp4AaABAg	1
Ugy3C986ipQhnKI6S8N4AaABAg	1
Ugy3bgC5N7mINwzfWJl4AaABAg	1
Ugy3ARBoG8PE5b-elwp4AaABAg	1
Ugy3aEZjfOEYxBNW4EV4AaABAg	1
Ugy3_4yw59s-cEauNl54AaABAg	1
Ugy34wlsy5fJhmkxRit4AaABAg	1
Ugy2z5XnjEJJlXXI_Sl4AaABAg	1
Ugy2Z4WbcKln36nq19t4AaABAg	1
Ugy2Yj1byfy0A7wRJPV4AaABAg	1
Ugy2xTRpSsNQ_gjRXYh4AaABAg	1
Ugy2WZSnevtH1GmO2PF4AaABAg	1
Ugy2-WY1IaIdq9SRtFR4AaABAg	1
Ugy2V20HzcA6kAeornd4AaABAg	1
Ugy2UOAHYscWqKLUJYd4AaABAg	1
Ugy2TUoNRGoSWXrgXoF4AaABAg	1
Ugy2tDWPzxa2nLw8N-x4AaABAg	1
Ugy2su1zYpZAtOIAvdV4AaABAg	1
Ugy2S32cy2UhmLLJE494AaABAg	1
Ugy2pr6fN2Gqjeus4jB4AaABAg	1
Ugy2N4Riju3BLpn-vdh4AaABAg	1
Ugy2mR9tLucP1bPLnp94AaABAg	1
Ugy2l5JL51RbbMYnkEN4AaABAg	1
Ugy2JmDOHnG2yfCRj-x4AaABAg	1
Ugy2iZDSah7K8ci33-d4AaABAg	1
Ugy2iLjUCTbQCAAgqYh4AaABAg	1
Ugy2-HmRZWrWQY600NN4AaABAg	1
Ugy2F-VM1GfbL5NqaQN4AaABAg	1
Ugy_2e33r2E7Tgd354N4AaABAg	1
Ugy2c7l4bt-TyXsDjFt4AaABAg	1
Ugy2bCMi-447AbdBsfR4AaABAg	1
Ugy2bASqdqqFxIjNqPJ4AaABAg	1
Ugy2AHXM4jtg5QY94Z14AaABAg	1
Ugy-2acO6Gw_Rnp2uup4AaABAg	1
Ugy28ZVIhNaZP20SuGt4AaABAg	1
Ugy27xc8OAqdVG0qsbt4AaABAg	1
Ugy27PgDiXOKSmw41oV4AaABAg	1
Ugy22tWSfcH3taUZvhR4AaABAg	1
Ugy1zESf0aGWMDKtksx4AaABAg	1
Ugy1Vm_qO3xYYsLrh4p4AaABAg	1
Ugy1UKWnmnTomJFkFkJ4AaABAg	1
Ugy1TjUN419L7tFgGIB4AaABAg	1
Ugy-1SmL5E4wMJzYQUF4AaABAg	1
Ugy-1sFNpn93iiZUsU94AaABAg	1
Ugy1OFpTThTMeKkzI454AaABAg	1
Ugy1MMiWHvgNuOD7a2Z4AaABAg	1
Ugy1LxsN3Bam_ga37ZZ4AaABAg	1
Ugy1licuPEAxFZYQDf54AaABAg	1
Ugy1l9x3MsCfqmPzUQ94AaABAg	1
Ugy1K3UE_caI8JS3wW14AaABAg	1
Ugy1IFjlPsloNdJ3MFd4AaABAg	1
Ugy1hSc47LD_gAzgKAh4AaABAg	1
Ugy1HfX8cl7dZpyPoR14AaABAg	1
Ugy1GaDgKYubo4Jzgch4AaABAg	1
Ugy1fX1tAPJU4P0YJo14AaABAg	1
Ugy1F6DCjvAROq2KxPt4AaABAg	1
Ugy1cq2tngvPN_ANptV4AaABAg	1
Ugy1bSBa0YMtu-j5d1l4AaABAg	1
Ugy1bj6aZ7gn6_yVsUN4AaABAg	1
Ugy1acTD8oW4mXyWssB4AaABAg	1
Ugy177N78YICBid68jl4AaABAg	1
Ugy12KI-LehPErW_8ZV4AaABAg	1
Ugy12HX6C5oEHmCA3rR4AaABAg	1
Ugy12HSUDxMfLZSRznB4AaABAg	1
Ugy0ZVMNKjodwKojMZl4AaABAg	1
Ugy0XW95JsGOm8RtGIh4AaABAg	1
Ugy-0x50S5--VynwEm94AaABAg	1
Ugy0wENrAY2LARDg5d54AaABAg	1
Ugy0VL-8pxfW2OqACQJ4AaABAg	1
Ugy0UHnmcJoze1C3FvR4AaABAg	1
Ugy0SEoAxYvBTtC8W4V4AaABAg	1
Ugy0Rlo9Em0ZUz2nOl54AaABAg	1
Ugy0_RaVNKZrloltpGd4AaABAg	1
Ugy0QrpJTc9xdaYx3xh4AaABAg	1
Ugy0pMdmpXPTj2HZNdx4AaABAg	1
Ugy0ozJ-FaX4TYMwHmN4AaABAg	1
Ugy0mMJAS1GOAOiXa254AaABAg	1
Ugy0mK91sWoplK1v8YB4AaABAg	1
Ugy0KpGZAZsxuoA8IU54AaABAg	1
Ugy0Kk7YH_84GuUSXIV4AaABAg	1
Ugy0jy2j2_LfPrlJi1R4AaABAg	1
Ugy0j-tSK07eLO1jtix4AaABAg	1
Ugy0_jD5F1w3a2B7GGp4AaABAg	1
Ugy0ixGXhJEQzkDBYd54AaABAg	1
Ugy0IgDdiETrEX-sXWp4AaABAg	1
Ugy0I9l0IvX3BB9XkXh4AaABAg	1
Ugy0EUwVAXoshdQsM794AaABAg	1
Ugy0EPqNpUfaBWkAaGR4AaABAg	1
Ugy_0eOwQ26HAz9gaXx4AaABAg	1
Ugy0DZy5qdF7BktAtrB4AaABAg	1
Ugy0D9h6FxEoDKoMB3J4AaABAg	1
Ugy0d82U2AJsunYwi7J4AaABAg	1
Ugy0d1Z5hvLp17kG1lB4AaABAg	1
Ugy0cQcjjoLMMaYvaI54AaABAg	1
Ugy0cdlAvbkaaNO1GY94AaABAg	1
Ugy0CapoqPATlHJYish4AaABAg	1
Ugy_0AmCGsQ71ERozgp4AaABAg	1
Ugy06MYLwwPp05VADF94AaABAg	1
Ugy04Pf0ZJ9AioV7jK14AaABAg	1
UgxZZsDWSGSavJYoXLp4AaABAg	1
UgxZzAeBMBl9Pp6Q7fp4AaABAg	1
Ugxzxtp1LTekQPkqE2J4AaABAg	1
UgxzwoAJJVEOsLj3pHV4AaABAg	1
UgxzWnQwcRB9hWz1J0B4AaABAg	1
UgxzW63lLuDUWByDfNp4AaABAg	1
UgxZVzrfbA2SqW3RuJV4AaABAg	1
Ugxzv6BXLU6RxY_PdFJ4AaABAg	1
UgxZU9viDKqaViRPFjZ4AaABAg	1
UgxZsx_wZ7u4cTlJJd54AaABAg	1
Ugxzspej8UCeNkXA2Hp4AaABAg	1
UgxZsDTwXnSWu2hvXsl4AaABAg	1
UgxZsd6GIhhcfcT4V294AaABAg	1
Ugxzs89Tl3X_fCHW7-p4AaABAg	1
UgxZS4SMV4ofIbG0SAt4AaABAg	1
UgxzR8nGRI5Y216pJCV4AaABAg	1
Ugxzr69UVXgPMFCgOFN4AaABAg	1
UgxZquklvSFXZaPSCNB4AaABAg	1
UgxZqRLWITGX03cCWth4AaABAg	1
UgxZqP5ialYBgN8gF5l4AaABAg	1
UgxZPJW5ub5cmvuYXDt4AaABAg	1
Ugx-ZpbtuQd2dr6C1oN4AaABAg	1
UgxZP7RPw95M-4yH4fB4AaABAg	1
UgxzOZPOiUq7WxXrAVB4AaABAg	1
UgxzobBNprwoKSX6hLp4AaABAg	1
UgxZnc7BZy8w5Ry-7rJ4AaABAg	1
UgxzMIKT-qfFJG1GLG94AaABAg	1
UgxzMi2V8rGj3UPTl3B4AaABAg	1
UgxZlWSNz-PtMGfZlEZ4AaABAg	1
UgxzlKPZT5S3n2G9EJZ4AaABAg	1
UgxzKVGC7ocnKXgh35V4AaABAg	1
Ugxzjf-86qsRnSyL_t54AaABAg	1
UgxzJ9RKpL_rs8wxRSN4AaABAg	1
UgxzITNjcuYLPql0qCV4AaABAg	1
UgxZIqVCKPszmUywHAl4AaABAg	1
UgxzIjKn6RViia24Ihh4AaABAg	1
UgxZHRYbEB-8w1N1Hs94AaABAg	1
UgxZHrEW5xQ-OuCOIvB4AaABAg	1
Ugxz-gsD93Ewk9xky6F4AaABAg	1
UgxzgAggCLjzOdYLLoB4AaABAg	1
UgxzfY0EYMHbd6QxNpx4AaABAg	1
UgxZfLNcPTVlvSW4YpJ4AaABAg	1
UgxZFF2ffyTjQh5aZaJ4AaABAg	1
UgxzFdLhCY0gyfZey5N4AaABAg	1
Ugxzewag_AqwvZ3FNT14AaABAg	1
UgxZeriXlf9EwWj9pVV4AaABAg	1
UgxZefJf1FmLA74oX3h4AaABAg	1
UgxZb71aORnDCIxOxuB4AaABAg	1
Ugxz9RxGkh1q-h-hldx4AaABAg	1
UgxZ9gy2J6IE-ijnwaV4AaABAg	1
UgxZ8RYv_N74NIGytrx4AaABAg	1
Ugxz8ok7B50ezhZN3954AaABAg	1
Ugxz8FlZ4gCSQtyEFT54AaABAg	1
UgxZ6Z-JMGETbh4bwKR4AaABAg	1
Ugxz1VeGcpi7-qD1z1h4AaABAg	1
Ugxz0qcgqfnXLTCLYKJ4AaABAg	1
UgxZ0-oSEEcifBz35GV4AaABAg	1
Ugxz0-1xIXnwP-fEILR4AaABAg	1
UgxyzsCRnAvFyeg2gRF4AaABAg	1
UgxyZPpC6tY07D152WB4AaABAg	1
UgxyxyMqVFfwVjCm4h54AaABAg	1
UgxYXXAQ7IGQEscB-EN4AaABAg	1
UgxYXhxsOaCGhbjMFul4AaABAg	1
UgxYWNiPmOhHvo-ZDMt4AaABAg	1
UgxyWN4-xUiB3PGtqY94AaABAg	1
UgxywLZoTqLCPitS0Rx4AaABAg	1
UgxY-W41I-X_pKTv0_h4AaABAg	1
UgxYvKGXw99nyEMSHZh4AaABAg	1
Ugx-YVjx0Bk89e5ogRR4AaABAg	1
UgxYuVqOAOR3QaDXQX14AaABAg	1
UgxyUK2FoORhvkMLDTB4AaABAg	1
Ugxyua5HopBv5qc1WP54AaABAg	1
UgxytLFjFaRh7oGjz5J4AaABAg	1
UgxyTF_wbx3HSGua5Pt4AaABAg	1
UgxYrPIi7N5O3GG_n5J4AaABAg	1
UgxyRKdzxP-HybY-5GN4AaABAg	1
UgxyR5trQkSdR6NeCB54AaABAg	1
UgxYQo7d6A2038QFcOh4AaABAg	1
UgxyqGPhLPdLOI8Jsg54AaABAg	1
UgxyQefcmZYzsncrIzR4AaABAg	1
UgxyQ-423mrHU99VYO94AaABAg	1
UgxYP1CxTudGAXrQ3-94AaABAg	1
UgxYO0n-uYJLS_QuaM54AaABAg	1
Ugxyn4gTLJrGw5rp55J4AaABAg	1
UgxYmiiDNf0gmKTPneZ4AaABAg	1
UgxYMChQUcLS8hV7lsh4AaABAg	1
UgxyLX7spBnvPuoqzh54AaABAg	1
UgxYKSx04UzqwzDUqoN4AaABAg	1
UgxYJZmBwGZjwhqfCql4AaABAg	1
UgxyJwLqG8UOlNcE0L94AaABAg	1
UgxyJhOD9xbJsTepkKR4AaABAg	1
UgxYiPRv5BFuQbpzmpF4AaABAg	1
UgxYIg0G3DarPdCbLfZ4AaABAg	1
UgxYHLK0oVh6vvivtid4AaABAg	1
UgxygqdDhj0InXz20qx4AaABAg	1
UgxYGLghZTta5aY-nil4AaABAg	1
UgxyG6yHHvM0qCGF7f14AaABAg	1
UgxYg6OwfWssVp-ZC_N4AaABAg	1
UgxyfiLl8Gv44N0d4TJ4AaABAg	1
UgxYfevElzjTP6UwMkB4AaABAg	1
UgxyF2I5MRWCtr5uMSt4AaABAg	1
UgxyEGxQjGhYZf5uFkV4AaABAg	1
UgxYEBsDY00cpTHHc-t4AaABAg	1
UgxYDUU1lfn6ncwjW7h4AaABAg	1
UgxydrkGti3M0vrh7jt4AaABAg	1
UgxYBuUEdb4DxWTFhWB4AaABAg	1
UgxY-buAxgqNb5ZV_Ed4AaABAg	1
UgxyBAjOmece5QXnaSN4AaABAg	1
UgxYB4Sdsyi6HpWHTBl4AaABAg	1
UgxYATQllrA8mRhDF0J4AaABAg	1
UgxY_9KkYOZzzWvb7gx4AaABAg	1
Ugxy8V3KdoFvZjEj1SR4AaABAg	1
UgxY7hJ8JKRCS4iGF1p4AaABAg	1
UgxY2efkOa8dz9zcwS54AaABAg	1
UgxY22agx9QlI4JmxmR4AaABAg	1
UgxXZVbzX_ZCwGP9ARJ4AaABAg	1
UgxXZdxBeiB12eUOcI94AaABAg	1
UgxXXUgrvPx8Y2WwIhF4AaABAg	1
UgxXXkrXfXPWPKyf1H54AaABAg	1
UgxxX9vRHSpx0SGHob54AaABAg	1
UgxXX2RKI8enPvUDadB4AaABAg	1
UgxxUaF3fMxbUEjPe8p4AaABAg	1
UgxXU7YaH6twpIbxmUR4AaABAg	1
UgxxSu-CdkN-OZQJz4N4AaABAg	1
UgxXsQeOvtKkwJ3B5FF4AaABAg	1
UgxxsPQRbWMWFPn49RN4AaABAg	1
UgxXSMW4ShF5kg1t4MJ4AaABAg	1
UgxxrXG3xY5spPPJM_h4AaABAg	1
Ugxx-RC84gzpWG3hCPl4AaABAg	1
UgxXR2HVPfgQOY1dT8Z4AaABAg	1
UgxxqLgPcWplv3FKL214AaABAg	1
UgxXqh3zMr2L7LXndsp4AaABAg	1
UgxXQFccWDd-sTsEhcF4AaABAg	1
UgxxqBK0dkUFfvFqbjp4AaABAg	1
UgxxQ98v3sQhqybb8ul4AaABAg	1
UgxxPLf9otJIFIxvxEZ4AaABAg	1
UgxxOt2f2PoOBjDEpX54AaABAg	1
Ugxx-OhElW7r_S31y9N4AaABAg	1
UgxxogMjSfe-62KosDp4AaABAg	1
UgxXnZPWrQlH6LABCDt4AaABAg	1
UgxxnChA6KXqABAurf94AaABAg	1
UgxxLzeWo2q_UbtTvfd4AaABAg	1
UgxXLPbG5dfpHS4KeJB4AaABAg	1
UgxxlnWStsSRw53sjfh4AaABAg	1
UgxxLlDiucuTYb2yYqZ4AaABAg	1
UgxxLEpoO_n5mdOvyf54AaABAg	1
UgxxiJR9ljiY2oBPI9x4AaABAg	1
UgxxI9S33sej4tW9gF54AaABAg	1
UgxxI-41kWGWl41cWvh4AaABAg	1
UgxxHZINSzt1te2iVf94AaABAg	1
UgxXhxNavhWkQugdN594AaABAg	1
UgxXHTf7G1q03Hs_GRV4AaABAg	1
UgxXFy_Gs7xcKVcNM-x4AaABAg	1
UgxxE3cy0CdHYZskiIN4AaABAg	1
UgxXDuSLL18ysQQ5sL54AaABAg	1
UgxXDNQVZW4QajFyizB4AaABAg	1
UgxXdNaNPata4DJmq2d4AaABAg	1
UgxxddwGOjvIOPi4neB4AaABAg	1
UgxxDcFCVUOU-5_wm7N4AaABAg	1
UgxxDbYAHfgy73v5gM14AaABAg	1
UgxxcZX2JFiVyNd8gFh4AaABAg	1
UgxXCPHvYLAqtFpx73R4AaABAg	1
UgxXcN2iD_3Qol4f6AZ4AaABAg	1
UgxXCE8qzTpzZWTtfWZ4AaABAg	1
Ugxxc89-_tXz3DFh4yh4AaABAg	1
UgxX9gCIVb3y9s1x9aJ4AaABAg	1
UgxX8Q7JkSvZ8czA1TZ4AaABAg	1
UgxX85FOvjnS9SLmkoR4AaABAg	1
UgxX68x7XiSDBsmLqTx4AaABAg	1
Ugxx1P7NubIxhjMld1h4AaABAg	1
UgxX0AutilO1U6anjVt4AaABAg	1
UgxX09rWjrUWa5zsEmt4AaABAg	1
Ugx_WZZKGSrB5iTacRF4AaABAg	1
UgxwZth4RxDD0oIiAg94AaABAg	1
UgxWZH4rNp1gK_e2T_J4AaABAg	1
UgxwZf6sWWabzZxPgR54AaABAg	1
UgxWZColmhAtxP7kanJ4AaABAg	1
UgxwZ9GaH3KiVDzRVlt4AaABAg	1
UgxwYQHQaBdlA-kxGyt4AaABAg	1
UgxWYfp9Sv93zV3BoEV4AaABAg	1
Ugxwyawr3Ife6hY9UVl4AaABAg	1
UgxWxt150xp3jb6bd4R4AaABAg	1
UgxWxhfvvG6LRnvMQEF4AaABAg	1
UgxWx6WBKSwNOtMjf1h4AaABAg	1
Ugxwx2jOjIX15IJ0juJ4AaABAg	1
UgxWWtcinBSldj2YitB4AaABAg	1
UgxwVzai1L4j4TAdUul4AaABAg	1
UgxWVsZPoeLGUzOb8td4AaABAg	1
UgxWVg77jMJSqJWO8SN4AaABAg	1
UgxwvfLgIT4uGCJqHkZ4AaABAg	1
UgxWTJjmcvmF4PlUS4N4AaABAg	1
UgxwTil-DIL11WlU9qZ4AaABAg	1
UgxwTBWg4t-eSyZc41Z4AaABAg	1
Ugx_wRdsZv-zbF7ocL94AaABAg	1
UgxwR7Qh1o6jbUDFJjV4AaABAg	1
UgxWR_6HKb3ehXO4b_54AaABAg	1
UgxwqIqsvXJJGzlPGyN4AaABAg	1
UgxWPduUZe1haSzK_hF4AaABAg	1
UgxWP6r5w3RzFRKuog54AaABAg	1
UgxwnNKmtDheUJubebl4AaABAg	1
UgxWnCnYGQaC0s6sYG14AaABAg	1
UgxwmWoL3Oal-RNVAeh4AaABAg	1
UgxWMsYlfe_0E2cGhOR4AaABAg	1
UgxWlOufQj_9E-Exq9N4AaABAg	1
UgxWlK0Psnvlmc2gxgB4AaABAg	1
Ugx-wLJhshYTJg_jrVJ4AaABAg	1
UgxWKl5UrVOb7d-M2B94AaABAg	1
UgxWKiDh0O8Rk6jRO4l4AaABAg	1
UgxwK4dxKfPFY1RCwLB4AaABAg	1
UgxWJRA7-spu604RTDV4AaABAg	1
UgxwJMhyr8Og7qdv7at4AaABAg	1
UgxwJHhkn2F2Zhcrc7F4AaABAg	1
UgxWIrUnU3VU15XBR6V4AaABAg	1
UgxwiiajU-GKD186six4AaABAg	1
UgxWi0GWXDGe7TKz_At4AaABAg	1
UgxWhGDGaCwnA_qPIYF4AaABAg	1
UgxWgyzRRE0xLQ1Wp0x4AaABAg	1
Ugxwg0oB3gzzO0PHiVp4AaABAg	1
UgxWFxYlp-HxIkXKrpd4AaABAg	1
UgxwFVHoIxK_hhvi0OV4AaABAg	1
UgxWeHw8Nq9iNIj3T5h4AaABAg	1
UgxWE6aE5slsKD8TxeB4AaABAg	1
Ugxwdxzwn0oncc-qD9R4AaABAg	1
UgxwCLO8rGoaHENhAWF4AaABAg	1
UgxWckxhKDl8ltibE6V4AaABAg	1
UgxwBRE9AHK6OzQdLvB4AaABAg	1
UgxWbKFJPxSq7o2YupV4AaABAg	1
Ugxwb2BPZok7my6jXlJ4AaABAg	1
UgxW-aZVTf5YW1_Uejp4AaABAg	1
Ugxw_aUiaZKzZpm_cgR4AaABAg	1
UgxWatOZrCpBu60VtR14AaABAg	1
UgxWas7N7es9PsGKQWp4AaABAg	1
Ugxwaq9Yye6QSh35FaB4AaABAg	1
Ugxwae3UeH6RaIz5kzN4AaABAg	1
Ugxw-9uYgC_rF-5VNat4AaABAg	1
Ugxw-8NE9KTfL89Rcit4AaABAg	1
UgxW7YuSU2R-J-wulTd4AaABAg	1
Ugxw6GSZl44h-qt728x4AaABAg	1
UgxW5f1RCHSOS0isTtt4AaABAg	1
Ugxw58GoItFfN4VXDL94AaABAg	1
Ugxw3Uvc8xg_KFFpp4F4AaABAg	1
Ugxw1EBo9XdJDYaiiht4AaABAg	1
UgxW17I3T_sgmKcqiAx4AaABAg	1
UgxvzMnfQzVmYAlmLpB4AaABAg	1
UgxvZGuwMJXX_W2UM314AaABAg	1
UgxvYdoj1xPKdNihR1V4AaABAg	1
Ugxvy-6yUlGqxUZaoaJ4AaABAg	1
UgxVxOARj2LarMfpIxR4AaABAg	1
UgxVwGUbhrupgwU7Wo14AaABAg	1
UgxV-WFZw9TuiAGdwy94AaABAg	1
UgxvvSUxfMHioxB4FCt4AaABAg	1
UgxVvLvUDq5HusiglpB4AaABAg	1
UgxVvAwMTtzKcD8vdeR4AaABAg	1
UgxvupgiXLBHAQkk6254AaABAg	1
Ugxvuh8YPsGbarNinZR4AaABAg	1
Ugxvu3FP1ceGJJDaE1B4AaABAg	1
UgxvtZMwHKfF8sBuQhl4AaABAg	1
UgxvSCF_xw6hno7uEo14AaABAg	1
Ugxvqp1cIMuVusf4A2Z4AaABAg	1
UgxVqcJ-y9DGqcwd1eB4AaABAg	1
Ugxvp-Yljr4ilZaGVvV4AaABAg	1
UgxvpV7L7IVuoWL_cOB4AaABAg	1
UgxVOmRns7_m3vnDbtJ4AaABAg	1
UgxVNqCymwJVgKQEZnt4AaABAg	1
UgxVnM24hTRSaBelO5d4AaABAg	1
UgxV_Nc-guXMVNjMqdR4AaABAg	1
UgxVMxmKbH67365NREZ4AaABAg	1
UgxvMUNrDVlNGiZJsvd4AaABAg	1
UgxVmdensYM99Jn_Edl4AaABAg	1
UgxVlKDu2jGQ4GabQyN4AaABAg	1
UgxVLImKM_FMavMbxXl4AaABAg	1
Ugxvl4vAI1LIr6kXkZB4AaABAg	1
UgxVkniGHwA3HiozwcJ4AaABAg	1
UgxVKdscyqJPC6z9U2l4AaABAg	1
UgxvK_bl7VDlC1Ie5h54AaABAg	1
UgxvJkePlQcQj7jLwSZ4AaABAg	1
UgxV-JEe-z_7g5X0b494AaABAg	1
UgxVJ915H09J_75GUqB4AaABAg	1
UgxViTZ8d7t5tvqt_I54AaABAg	1
UgxvIfP2hmsDxFgjXHJ4AaABAg	1
Ugxv_gByxIpDVaWJUQ14AaABAg	1
UgxvG8yp4N6k-GGiODJ4AaABAg	1
UgxVg4uqhetzdmVfFZR4AaABAg	1
UgxVFV-0fNtlTBNX_K54AaABAg	1
UgxVFTWpgt4WDLA-BTV4AaABAg	1
UgxVEggUZMpO9wzv39p4AaABAg	1
UgxVcAZd9ZjjBIyARph4AaABAg	1
UgxV_-C5SVrrnZCjoLR4AaABAg	1
UgxVc5gJ-Z3vu85CcAF4AaABAg	1
UgxVAAa4jUd6H4mLzpl4AaABAg	1
Ugxv-93Hz_nRGzjsLd14AaABAg	1
Ugxv7cHv5yEMR2TN-Dt4AaABAg	1
UgxV7CHEZumgB_PDumV4AaABAg	1
UgxV6EO5PpOy6Mjv10V4AaABAg	1
UgxV_5WqsKfdQ6c_5gZ4AaABAg	1
Ugxv4ompFvirzekA0Dt4AaABAg	1
Ugxv4L9By5v49QmcmEx4AaABAg	1
Ugxv3StK3wvbuieGwFZ4AaABAg	1
UgxV3ISijVUOrAuLlk94AaABAg	1
UgxV3DsPhdWj3E9doNd4AaABAg	1
UgxV30-fnjA-jE9ja394AaABAg	1
UgxV2CrGDbBOJd3ya214AaABAg	1
Ugxv1k13KJ2817ssDxx4AaABAg	1
Ugxv0ydyk79CU0ZLAoN4AaABAg	1
UgxUzbdFrVG9nTrnMGx4AaABAg	1
UgxUXWjJFRThI861_K94AaABAg	1
UgxUXEkGYBWwBSa4asp4AaABAg	1
UgxuWrNB5I-GmspXowV4AaABAg	1
UgxUWdnRPCV_On1xP414AaABAg	1
UgxuW5xbjIoRToeIr1l4AaABAg	1
UgxuvlqExe2Nu6H3BKd4AaABAg	1
UgxUVd6ZPIfYIek_WBB4AaABAg	1
UgxUvbSb-GPsbQeBu694AaABAg	1
UgxuUj_2YdyReVyvRqV4AaABAg	1
UgxuUft1AjFdyjFnTCR4AaABAg	1
UgxuuFkMwCM3yRn-vfV4AaABAg	1
UgxutqUP2X-6ewIVKBp4AaABAg	1
UgxUtiBAsKi6rcANnc14AaABAg	1
UgxUSRQVk87qFisYvB54AaABAg	1
UgxUSpW9HkUzLt5uF054AaABAg	1
UgxUrqZbtlUlx221UKJ4AaABAg	1
UgxuRONnxlDRO4PxJSB4AaABAg	1
UgxuQxv_GggM2jV-iKp4AaABAg	1
UgxUpp6RKdiX8rkXpPF4AaABAg	1
UgxuPb6mlCt7WFN9Lxl4AaABAg	1
UgxuoafF2N89fSbsf2J4AaABAg	1
UgxUNXUaqsH8IY8Y4_x4AaABAg	1
UgxuMLmRJ7NQ90Q87Lt4AaABAg	1
UgxULwPk2dPUnsgEfHt4AaABAg	1
Ugxulmy2IyBhSP41PUx4AaABAg	1
UgxULacpdbbASbEHBy14AaABAg	1
UgxuKutXSb2nSasTJ8Z4AaABAg	1
UgxUJx4VU5-dlIkUHXF4AaABAg	1
Ugxujn6mlTemolUB1L14AaABAg	1
UgxuiXiVbC_X0iNRzmd4AaABAg	1
UgxUiUMnHBJuQ9N1fv54AaABAg	1
UgxuiCdEiw_h7MulLEd4AaABAg	1
UgxUi3mFegALzo1YPo94AaABAg	1
UgxugHvttBGglrwJV4Z4AaABAg	1
UgxUg1zsPgOOlNStQKB4AaABAg	1
UgxuEP160Wk30UaILrh4AaABAg	1
UgxU_E6qOBBHGsURwM94AaABAg	1
UgxudzG-__uDO9_y4b54AaABAg	1
UgxuCwQwpRUgUiB9N3F4AaABAg	1
UgxuCf_yu5jm4skt8LR4AaABAg	1
UgxUCDJrN52a_2Njxt14AaABAg	1
UgxubDhN_cyA9eUWJlB4AaABAg	1
Ugxuar8FIc-oR9ETSGx4AaABAg	1
UgxUA1XEnXUYA3o8F294AaABAg	1
Ugxu9jQxhM07DUmTIyl4AaABAg	1
Ugxu8_XixDdw6sICwmV4AaABAg	1
UgxU8H4BxSnUbh_Rmd54AaABAg	1
UgxU7MfSrjbEbCJcjBl4AaABAg	1
UgxU7HAaED4h4j6vE3V4AaABAg	1
Ugxu5W3JQ79IY4puWV54AaABAg	1
UgxU5nuNS8ZVnezBzvV4AaABAg	1
Ugxu0DfETSC1NI4av6p4AaABAg	1
Ugxu08FL7SiANZZyQ7V4AaABAg	1
UgxTzOUHZ4lToWr2KBJ4AaABAg	1
UgxTzd3FCedQ0ED0BDF4AaABAg	1
UgxTZapRrHZpo0gAnxl4AaABAg	1
UgxTZ15NC9FDAYSGAft4AaABAg	1
UgxTYvVwF3c2Naur4QF4AaABAg	1
UgxtYVm4LaYQkTQNYE54AaABAg	1
UgxTYI8EG8bsErnFlId4AaABAg	1
UgxtXWj7kQgbxC4tOhN4AaABAg	1
UgxtXPf6sf7xeljtFrZ4AaABAg	1
UgxtWDPVEI87Oki8fyZ4AaABAg	1
UgxTVZb0ujLHQemQ-154AaABAg	1
Ugx_TVqobWkseN73yZl4AaABAg	1
UgxtVJH52CUjlP3glkZ4AaABAg	1
UgxTvDFg0TJCNnctGVV4AaABAg	1
Ugxtux3AJIRqiOcasuZ4AaABAg	1
UgxTuhGp-jp4uYkx_hV4AaABAg	1
UgxTTTs1RB2SPJW3nR54AaABAg	1
UgxtThn_MQODxbFw8JB4AaABAg	1
Ugx_Tstupp0Td8sTf_14AaABAg	1
UgxtSt3dR0Ujk61AiDJ4AaABAg	1
UgxTSg9OB4sdWk0N0L54AaABAg	1
UgxTQyEgxZ18r8llud14AaABAg	1
UgxT_QGMoMxYLDetN_t4AaABAg	1
UgxtpJhqDHXeWeKZP754AaABAg	1
UgxTP9fJe4bAQ2zpj054AaABAg	1
Ugxto2NRlv60HW_30od4AaABAg	1
UgxTnTo97LayH4GKHvZ4AaABAg	1
UgxTMTo9ND4tZBhLULN4AaABAg	1
UgxtmdXa8Lt3NFTcAmZ4AaABAg	1
UgxtLPmWoIFzxTyYGEt4AaABAg	1
UgxtK9ynQbM65JqaueJ4AaABAg	1
UgxTjj2n6XXjAAKr-J54AaABAg	1
UgxtjeF7G-oLiQGc1Yx4AaABAg	1
UgxtJ65FSQ_2pnaAcIp4AaABAg	1
UgxTIRI7BqbNs3sXj014AaABAg	1
UgxT-Ifw83Lfz-qYFA94AaABAg	1
Ugxthtq9E5vqNjpAqQt4AaABAg	1
UgxtGP2ObowJZNluAnZ4AaABAg	1
UgxTGNjE4ieM8veH4TB4AaABAg	1
UgxtFEbr6ZPtSsq4Ekp4AaABAg	1
UgxteCBYc4OwEHyCfsN4AaABAg	1
UgxTdsPlBWJpqJiE7Sx4AaABAg	1
UgxtD7uPYZgyLHfQYKN4AaABAg	1
UgxtbKUUyDhs6-zzJ7J4AaABAg	1
UgxTBF4zwd5FxM1MaeV4AaABAg	1
UgxtBcYaKq7NKkoeo9h4AaABAg	1
Ugxt_AwAoZz7HhH_VPB4AaABAg	1
UgxtakomeedRQ_gZ9dN4AaABAg	1
Ugxt9XHTOLgbCHyi7Lt4AaABAg	1
UgxT7F9fBEFtDf3EmAt4AaABAg	1
Ugx--T6_dBCwn-kXrvB4AaABAg	1
Ugxt6Cdh5MhycgXpCBJ4AaABAg	1
Ugxt5q5Kvvx82_a_HZh4AaABAg	1
UgxT5CdrDKS5tzQJ3Eh4AaABAg	1
Ugxt4qmxgflk-Zq8EuB4AaABAg	1
UgxT4ioaUMpL3pOj-Vx4AaABAg	1
Ugx-SZYLG8NXnf2arn94AaABAg	1
UgxS-zSNX763HUGwao14AaABAg	1
UgxsyptuhvTpZ4qxxXN4AaABAg	1
UgxSYNF589s7f-TXEoR4AaABAg	1
Ugxsygc8VzVFs8HMhkJ4AaABAg	1
UgxSxf3uS-ouvmOF7zN4AaABAg	1
UgxSWOgjCIG1PLQYpBN4AaABAg	1
UgxSW3J_gishnBhv3Up4AaABAg	1
UgxsvzCtuTnBSgLsCd14AaABAg	1
UgxStHnrpc6GG0rqLFh4AaABAg	1
Ugx-sSBaDbteT6NAE7d4AaABAg	1
UgxSqfcTxa_EWzmpf_p4AaABAg	1
UgxspcDHjcKkRp-AtB94AaABAg	1
UgxSoQUButhYFbXCyoR4AaABAg	1
UgxSoJvJtrEQF01u4jl4AaABAg	1
Ugxs-NWwocOp8cOoSV54AaABAg	1
UgxSnW_-1Aa0kQ7LOQp4AaABAg	1
Ugxsn6lZJo4eYEuP0Z14AaABAg	1
Ugx-Sms0W31gsTHWaet4AaABAg	1
UgxSm3kILiXyTwfPhet4AaABAg	1
UgxsllcHDSJ7Tl5NE794AaABAg	1
UgxsKYUi7BhiWQiTX554AaABAg	1
UgxSJdtUfExvuQbiy-94AaABAg	1
UgxsjB-HRyTh2v-ctal4AaABAg	1
UgxSJ2z90ys8fqZYYHZ4AaABAg	1
Ugxsihziu6kkYc246554AaABAg	1
UgxSHVx5DNRTmTC2Bp94AaABAg	1
UgxShJ8qhixSI0MW8bZ4AaABAg	1
UgxsgyyGSy3HEc74saN4AaABAg	1
UgxsGvzuFcpCXsLNVjB4AaABAg	1
UgxsfWsx4i2hZ4WlBSt4AaABAg	1
Ugxsf82SgGKPRcMkDXh4AaABAg	1
UgxSENqZIytzwjnJseJ4AaABAg	1
UgxSeNkpnwtrkrr5Li54AaABAg	1
UgxSdUvMv0feE4ley-54AaABAg	1
UgxSdPDy3EhABO594Kl4AaABAg	1
UgxSd_Iauk2b2nMrvHB4AaABAg	1
UgxSdbYHF8WehreKr8p4AaABAg	1
UgxsBOCRAXaB9evIMk94AaABAg	1
UgxsaXLZdngaDlMRRrV4AaABAg	1
Ugxs7AS53hHLCaUB3aV4AaABAg	1
UgxS6C73xNp-9gDi-a94AaABAg	1
Ugxs44oc1KnqMNQchrl4AaABAg	1
UgxS3aGeH0sMnOuXatd4AaABAg	1
UgxS2owyQeERTDrPzot4AaABAg	1
Ugxs2E-dMpS__FWRmo14AaABAg	1
Ugxs287w1bWGsaOmjER4AaABAg	1
UgxS0wW1DDoZcHG2grl4AaABAg	1
UgxRzufjnjMdO-QMiHp4AaABAg	1
UgxRzE-QVCM2VmlEMSR4AaABAg	1
Ugxrz5JVs0nYoi2svGF4AaABAg	1
UgxRYxMTFW_q-Jbz9U14AaABAg	1
UgxrYBi7xnir1ge1-tJ4AaABAg	1
UgxrxJHWV76_5-_8pPN4AaABAg	1
UgxRxdfthOjMqPFj-9p4AaABAg	1
UgxrwXLYlOG1Aa8VWUF4AaABAg	1
UgxRwFgBpUjLz1J7I2N4AaABAg	1
UgxRvTLHULONuhrc4oh4AaABAg	1
Ugx-rVRf7nRTHLLIJmV4AaABAg	1
UgxrU_jo2GTvm_6vB8Z4AaABAg	1
UgxRUhWjWpeYLWHuJ8J4AaABAg	1
UgxRsSa81Q5apR-8gvh4AaABAg	1
UgxrsQJns7PXSs0tMLl4AaABAg	1
UgxrShiMwk4FhnJBjuZ4AaABAg	1
UgxRS20-NxSahRO4NlB4AaABAg	1
UgxrrSLap1FlJZNVrKF4AaABAg	1
UgxR-RNW9qT2kmUW6AJ4AaABAg	1
UgxrrCBY1wr1eP4kgLh4AaABAg	1
UgxRqfESSm-WSVRHSjF4AaABAg	1
UgxRqa6cpND1uwUslO94AaABAg	1
Ugxrq1RYXk5aIwHFBNl4AaABAg	1
UgxRPHdE7kKJImBloTF4AaABAg	1
UgxrOlPXXsxe6pUySXp4AaABAg	1
UgxrNjLH2YUpFS8GOfN4AaABAg	1
UgxRNAYabxLigxyp9MZ4AaABAg	1
UgxrMIE8HL_mZ8MfIV94AaABAg	1
UgxrmhWYCPGNo7pgLbx4AaABAg	1
UgxRLsNyZb-JT7ja3jl4AaABAg	1
UgxRLNJewsL2uq5-qCd4AaABAg	1
UgxrLedIHCB3GF4gCKN4AaABAg	1
Ugxr_lAGmxs53mM6L3B4AaABAg	1
UgxrknFEaQEEBvfYav14AaABAg	1
UgxrkJfoXWg08wbLb1R4AaABAg	1
UgxRKftfJp_w7qz4TUh4AaABAg	1
UgxRiJ5H9SUWTP8p4Bh4AaABAg	1
Ugx-RiB64PKmV3Z9CIl4AaABAg	1
UgxrI7nHgE8k0J35uDd4AaABAg	1
UgxrhZf6xvml4BmbORV4AaABAg	1
UgxRHrexUKnLPCw2zXt4AaABAg	1
UgxRhnkbgc_m1iuoHEJ4AaABAg	1
Ugxr-GWVgdohMFRWjDF4AaABAg	1
UgxRGGmmkJhVIBKcYwF4AaABAg	1
UgxrGCAYzEzweNSmmlx4AaABAg	1
UgxRFYk2_MW_7wAKz-t4AaABAg	1
UgxRffE_bpk-TY3JfdV4AaABAg	1
UgxRF9JF4ohC_4iT7oF4AaABAg	1
UgxREqpLIsKbAtlv4Gp4AaABAg	1
UgxrElbqC5PxHETGkG14AaABAg	1
UgxrE3GBtTcDd_cmIHt4AaABAg	1
UgxRDY1RtiFXuv-LAfN4AaABAg	1
UgxrdQQBhgBhpasKuKx4AaABAg	1
UgxrdIvgIUrt3RQspHJ4AaABAg	1
UgxRAYFMBSbxTlnmg7l4AaABAg	1
UgxR8-xEooz1REQ52JB4AaABAg	1
Ugxr8M9e5cMvvYFVpvl4AaABAg	1
Ugxr80sTRTsWxClswpx4AaABAg	1
UgxR60jQ3D4Ki7IxiFd4AaABAg	1
Ugxr5JpskBFQomx0eu14AaABAg	1
UgxR2vAQmx_4t3G--vN4AaABAg	1
UgxR0ROp-6uqmaZamD94AaABAg	1
UgxR0hUjzjyvs2Vhpph4AaABAg	1
UgxqznjHnkX4m8mJzP14AaABAg	1
UgxqYW4cFr52-jLviyF4AaABAg	1
UgxqYem6l_mJdIRgPcZ4AaABAg	1
UgxQXfuRT3qO5fwxr5Z4AaABAg	1
UgxQwONtDwbHEw13TpZ4AaABAg	1
UgxqWjCw1SchvMwHvER4AaABAg	1
Ugxqw0qdJXIyeMB_ZZZ4AaABAg	1
UgxQvrw3w1UIWfMdA4d4AaABAg	1
UgxqvksOCAEF1QATtnJ4AaABAg	1
UgxQ-tDtpd6fTQ-1nYp4AaABAg	1
UgxqTA5UqxbSxz6JpuR4AaABAg	1
UgxQr-iwN6g8RwjBd194AaABAg	1
UgxQrEgruVMTuZZYoAt4AaABAg	1
UgxQQzjMwxu4BZPt0AB4AaABAg	1
UgxQQKdyT6Wbo-nh_9B4AaABAg	1
UgxQ_Q-cC1LhkK5V0Cx4AaABAg	1
UgxQpXoGLG5qUzi-maJ4AaABAg	1
UgxqnFEzjOJ_anSbi7Z4AaABAg	1
UgxqMcLCJQ8vxvNo6NZ4AaABAg	1
UgxqM8T4hoExMkiUr9d4AaABAg	1
UgxqlS5xS3yqfioqWNh4AaABAg	1
UgxQkM9WDKhpMdXVs2J4AaABAg	1
Ugx_qJLmXjbvfRqMIGh4AaABAg	1
UgxQjcdJMFlqQwODeGJ4AaABAg	1
Ugxqj5o1K58YIIgubeZ4AaABAg	1
UgxQj4aE2Yi54HZsZA94AaABAg	1
UgxqINyGPMDBLdEB69B4AaABAg	1
UgxqgJE-G-rErshvJgJ4AaABAg	1
UgxqFUqNtMtVVa6xXoF4AaABAg	1
UgxQfQAJyy3mCFJWqoZ4AaABAg	1
UgxQf41KITkQC5mkVqB4AaABAg	1
UgxQeyiMK4EMfDuCPQB4AaABAg	1
UgxqEgPjvPHc61MAvgN4AaABAg	1
UgxQE5FnL6p5YnUpH3l4AaABAg	1
UgxqdyIDRQXBnZrAbOZ4AaABAg	1
UgxqcAmFCh4Q3_Y0yWF4AaABAg	1
UgxqbWfDc4savoE0AGp4AaABAg	1
UgxqbT-gmXOJHRwp63x4AaABAg	1
UgxqBsZnuiI0U9eJUup4AaABAg	1
UgxQAT2r2bHlvEsTgAR4AaABAg	1
UgxqAJLpD1Q-IZKMN_p4AaABAg	1
UgxqA_HygUeZPSYNLpJ4AaABAg	1
UgxqaAW0NdIKh8b8DBJ4AaABAg	1
UgxQ-9hVK-FiY4KMFt14AaABAg	1
Ugxq8W7qppaMT2Ye9mp4AaABAg	1
UgxQ7PRg1xK50EeMayJ4AaABAg	1
UgxQ6vLyKS6GlFouoZh4AaABAg	1
Ugxq6pQx6i1HXcwz3od4AaABAg	1
UgxQ4NWn1Mb0RYJXZ_R4AaABAg	1
Ugxq4gngH3jKRAnJeTt4AaABAg	1
Ugxq3VucfE3td8Y5CqR4AaABAg	1
UgxQ30_fMZTIEY8mjTF4AaABAg	1
UgxQ2y48-QMFEo-X5kN4AaABAg	1
Ugxq2rZ9U6umqjm0IiB4AaABAg	1
Ugxq1sjA9XeedWIYdXV4AaABAg	1
UgxPzymXoCJxAJK0VSR4AaABAg	1
Ugx_PZHNuvQEaLEpc354AaABAg	1
UgxPz5ic7e1RJDnX0kF4AaABAg	1
UgxpYyZGkqyPVH3FSG14AaABAg	1
Ugxp-ysI0vfB09ho2Dl4AaABAg	1
Ugxpyq9rNcUCMFqNBfd4AaABAg	1
UgxpYKRxucusECr6Jzt4AaABAg	1
UgxPXcel2GHzJubp8n14AaABAg	1
UgxpwXB7kGxbvUTTLvx4AaABAg	1
UgxPwunCrWE7DZAJhC94AaABAg	1
Ugxpw69IGWOESM64H854AaABAg	1
Ugx-PVYfBD0rCEqlIlt4AaABAg	1
UgxpVSguld6ArE5yrHh4AaABAg	1
UgxPVojnQVid77W0cOR4AaABAg	1
UgxpThoEBtWD6Aa5UAd4AaABAg	1
UgxpR3TAorK6HtDDGX94AaABAg	1
UgxppJK6cjC-5BDpNyd4AaABAg	1
UgxpOUFxB4L5A79hGUJ4AaABAg	1
UgxPonPYTuhLs7tw2Ex4AaABAg	1
Ugxpo9ulFW0rSW2RGnd4AaABAg	1
UgxPo8YMIDn43ONfEsd4AaABAg	1
UgxpMZXioIZ2_nJ5obp4AaABAg	1
UgxpLxTQV60ZcQEuIql4AaABAg	1
Ugxp-LcM8REtNJZANzl4AaABAg	1
UgxPKWz5Uk44fAwzj-V4AaABAg	1
UgxpkOX5tnyWq53Tqtl4AaABAg	1
UgxpJTcm2iDkyNANWaB4AaABAg	1
UgxPJ4B_BDNpYHI_7kZ4AaABAg	1
UgxphMQWHgIoZksZor54AaABAg	1
UgxPh7fPRntEfvLIRX94AaABAg	1
UgxPH6im9oKFxXrXxZR4AaABAg	1
UgxPGWlln4ESEnAUKsJ4AaABAg	1
UgxPgn9uen03Kj4kZ_t4AaABAg	1
UgxpGDw7h1wTf8WOFuN4AaABAg	1
UgxPfWepVaAk1MUhyX94AaABAg	1
UgxPfTtc0Fhg1MtluBR4AaABAg	1
UgxpDOKIIOFDIfYKx8V4AaABAg	1
UgxpcV565NCNpxyODeB4AaABAg	1
UgxPCsMR7s3GVgmPoi94AaABAg	1
UgxPBfu4trEvoGWZcqZ4AaABAg	1
UgxPAWeHahKyejjkN2R4AaABAg	1
UgxpahjzbPbZHY_Kej14AaABAg	1
UgxP8_9adbVaxLpbaLl4AaABAg	1
Ugxp85VzEQ5eMeZf31t4AaABAg	1
UgxP7OTwPJpWTW_MEup4AaABAg	1
UgxP5QnIAlvSrmP4Fbh4AaABAg	1
Ugxp55ThJQM6T2t-7hV4AaABAg	1
UgxP3Y7QBLPc_hBz4YF4AaABAg	1
UgxP3EO2EjRv3hpf2mt4AaABAg	1
Ugxp36FW4NuGzZ4864h4AaABAg	1
UgxP1IJN_UcT-suZaDl4AaABAg	1
Ugxp19Il8ekWLlDFIiV4AaABAg	1
Ugxp0LR14XtUZFr-3fN4AaABAg	1
Ugxp0H0fSwzJAYQXVX54AaABAg	1
UgxP0GCQIshLQ3OmeqV4AaABAg	1
UgxoZJDOGVY-pr81pIp4AaABAg	1
UgxOyOFGhUfNnf5cg4F4AaABAg	1
UgxOx2xoPm8ma13Cafx4AaABAg	1
UgxOWY6IJwUlv0bi-bt4AaABAg	1
UgxoUiKst9OywtAoZP94AaABAg	1
UgxoTM5cYoE9P3bMmlp4AaABAg	1
UgxoT4gnC2R56Ty3ePt4AaABAg	1
Ugxost9BgWTwpM8eQ5V4AaABAg	1
UgxosRjnUmFDbojJN4J4AaABAg	1
UgxOsdn3zmjHBXQas1B4AaABAg	1
UgxOs5lk0bYsi4Om5q14AaABAg	1
UgxorgQ28fKNkl1cgqh4AaABAg	1
UgxoR6eZPuxK2Odj4xt4AaABAg	1
UgxOr3Y_pLGov0OqrMF4AaABAg	1
UgxoqUuw9BqPSU9VBnl4AaABAg	1
UgxOqMuzvCqQrk0erR94AaABAg	1
UgxOqf8blO5viyX-SkN4AaABAg	1
UgxoOz8lhreCsau-4nN4AaABAg	1
UgxooxR6k56uxV6BtxB4AaABAg	1
UgxOoWSU0nnpB4jlCbd4AaABAg	1
Ugxoowa7Fos9_bqr1ut4AaABAg	1
UgxookAC9uwBZ3hI-LR4AaABAg	1
UgxoOcwJ1g2x_12SGgN4AaABAg	1
UgxonCb4NPs2LpGqLHp4AaABAg	1
UgxoMB48AGdh1EC9PP14AaABAg	1
UgxolQMYA9sGt949aYR4AaABAg	1
UgxOkwrpLbXpfciQqxl4AaABAg	1
UgxO_K_0ZollAkd2Fvx4AaABAg	1
UgxoJVjZwAzE_GxL1tp4AaABAg	1
UgxOJue5EIED9AAWf8N4AaABAg	1
UgxojOyl-57h-LhJu5B4AaABAg	1
UgxOJdsB3vRfevPstTZ4AaABAg	1
UgxoJCcPHGYKnSqLbRp4AaABAg	1
UgxOITgMezVJhnuBJxB4AaABAg	1
UgxOirkcOHBajk0ykel4AaABAg	1
UgxoIFjjYl2h1Z6k7fl4AaABAg	1
UgxOHjrzMGfzw-Apms54AaABAg	1
UgxoHf3Swt2JsL0rh8l4AaABAg	1
UgxOGF6aR38-TwW4cqt4AaABAg	1
UgxoFGnGdvR9xz7B3Lh4AaABAg	1
UgxOeEbiAe46W76pFGF4AaABAg	1
UgxODJPomt1o-cNDNRR4AaABAg	1
UgxoDbyeg5QwGIgTz_B4AaABAg	1
UgxOCqEjf7ak9OiHN4p4AaABAg	1
UgxOCj-H5rAmplWht9Z4AaABAg	1
UgxOCfLr4pg9MHgTLQV4AaABAg	1
UgxoCfapocl9tvvOb0x4AaABAg	1
UgxobZ94BCuyCO8MEF54AaABAg	1
UgxObtAljaAtt_FlYlp4AaABAg	1
UgxoBSHnl0jzWp8eA254AaABAg	1
Ugx-ObLyd8m_hytPWKZ4AaABAg	1
UgxObL54RFrJu3rKfJZ4AaABAg	1
UgxOAY9v5p0OibE0izx4AaABAg	1
Ugxo-axpHKKYSk7WX6V4AaABAg	1
UgxoAjm15LxnkWXxyD54AaABAg	1
Ugxoah6HEDlngODRpaZ4AaABAg	1
Ugxoa1pVARajIpSIo0Z4AaABAg	1
UgxO9fCN77PexMpkyjF4AaABAg	1
Ugxo-8DIrLe-OUHZ5xB4AaABAg	1
Ugxo8AzgPSxRkztJAoR4AaABAg	1
UgxO77nQmszkjifhBM94AaABAg	1
UgxO6LQWHn9RKSXCmxV4AaABAg	1
UgxO5oAMbypQHQLy9hd4AaABAg	1
UgxO40PKJY3dzaCHBCF4AaABAg	1
Ugx_o2usc3pduW3LsAN4AaABAg	1
UgxO210OFr7obQc0yc54AaABAg	1
UgxO0sgQJSw8r4U834B4AaABAg	1
UgxO0Az-X36IerjRzgB4AaABAg	1
UgxNzOHALkpILVqxoE54AaABAg	1
UgxNZjB8d1R8KHERjkh4AaABAg	1
UgxnZGUhOd0AesYnW-R4AaABAg	1
UgxnZ43jZuhGeMdzAW54AaABAg	1
UgxnytWU5hIqPhPHuw54AaABAg	1
UgxNxyraDbDuwck2CFJ4AaABAg	1
UgxnxXDzuvXWBg_EllR4AaABAg	1
UgxNxvg-g84qA2t3xSd4AaABAg	1
UgxnxMHe32o9rPEaJ7Z4AaABAg	1
UgxN_wzh5UJD6P0NBO54AaABAg	1
Ugxnww9-rYUzi5jHu2h4AaABAg	1
UgxnWrNdIHR-u4ljFrJ4AaABAg	1
UgxnWBW4jsoaiiXisXN4AaABAg	1
UgxnvhhkLIT5TbD0E0B4AaABAg	1
UgxNVGjLy5-K4s9J_S14AaABAg	1
UgxnuJbhN9C5O9zctA54AaABAg	1
UgxntWa7ikJt9F2q4At4AaABAg	1
UgxNTDIbku0H7HL91jF4AaABAg	1
UgxNSG1ub4lsTdW2wVV4AaABAg	1
Ugxnr7e9zJvPkwNDrMl4AaABAg	1
UgxnQyTl6IwkVycFkZ94AaABAg	1
UgxNQHXoFKXLlTEulrF4AaABAg	1
UgxNmpUOCHK95fcgRJN4AaABAg	1
UgxnMiDwuoKUlXkHKap4AaABAg	1
UgxnMHMoiC27rlyYfxx4AaABAg	1
UgxNKodf6yL_eZYgYf14AaABAg	1
Ugxn-kkmttniHBWNcyV4AaABAg	1
UgxnIyWcHv7ocCVw6md4AaABAg	1
Ugxni44c2UactXrBzqJ4AaABAg	1
UgxNg43J51CHHFnHMm94AaABAg	1
Ugxnfuxt_tk-TdeyxdJ4AaABAg	1
UgxNFtPfVsVqLAtNhPh4AaABAg	1
UgxNDtV6UlEcNjlw29B4AaABAg	1
UgxNDhyZv-569a6YQqd4AaABAg	1
Ugxndg4E6FzY6nZBO994AaABAg	1
Ugxnc-t7qrmmkGHC2bR4AaABAg	1
Ugxn-BSz3A_ZtDUk0Ep4AaABAg	1
UgxNBHm_GuW0WUKWpzB4AaABAg	1
UgxNAHHi_VgpdJ3T43l4AaABAg	1
UgxN9em2wTPEcl9intt4AaABAg	1
UgxN94-7qyb5b_RWk414AaABAg	1
UgxN8IWohQ11jPnMk2Z4AaABAg	1
UgxN8H-LlVFazu0iIZZ4AaABAg	1
UgxN7sp9_Kl5KsvbG6l4AaABAg	1
UgxN7rPutOiWILiqxs94AaABAg	1
Ugxn7Ff4r_css2Byo4l4AaABAg	1
UgxN54u3ywqGpxb4DZZ4AaABAg	1
UgxN4z74JI_IIb14D614AaABAg	1
Ugxn3YP8_P_BUE_HqsN4AaABAg	1
UgxN3y_dd9A1QwT8O2N4AaABAg	1
UgxN3Bo3IwHZBGWi7Mt4AaABAg	1
UgxN2XOZWbMz2ImCrSl4AaABAg	1
Ugx_N2sChmBcmx6M8yV4AaABAg	1
Ugxn2neTNMo8O6hjKh94AaABAg	1
Ugxn0EEKK1pPUwbnKjR4AaABAg	1
UgxMZCW0xEWEGucgMjV4AaABAg	1
UgxMz4_G9mfP1g7JVGF4AaABAg	1
UgxmyOn4MBOc1b3eVRt4AaABAg	1
UgxmYgn91FbPQ1E45194AaABAg	1
UgxM-YbhCeqWarbkajd4AaABAg	1
UgxMxgyYlypc8yHqUdN4AaABAg	1
UgxMx_EuLpSAYjGScnR4AaABAg	1
UgxmVQaslkOz8GcWkc14AaABAg	1
UgxMUi_udeLq3WgFomh4AaABAg	1
UgxMUaVDhjk8Qn0oAbd4AaABAg	1
UgxMTNP4xUi1FbyrW4B4AaABAg	1
Ugxmtn7t_SpWzDsZuxB4AaABAg	1
UgxmTgjfRibGehIO7eJ4AaABAg	1
Ugxm_sVh-lkgFCfWM3R4AaABAg	1
UgxMsKeu0Zcai5K_oVh4AaABAg	1
Ugx_mskae_6cQFXpU0N4AaABAg	1
UgxmrzoPBi3j_7Wjtsx4AaABAg	1
Ugxm-rSVTFmCnEC7xKl4AaABAg	1
UgxMRjPcDRlIA69w33F4AaABAg	1
UgxMR1xS5g6R_xlMJTt4AaABAg	1
UgxmQs3jjXHR-30GP4d4AaABAg	1
UgxMqgiYjRmFv5BaSTR4AaABAg	1
UgxMqgc4Xm3OHtofZUN4AaABAg	1
UgxmqbOSc67QJps4qx14AaABAg	1
UgxMPIzrBD70b47WA8t4AaABAg	1
UgxmPChgA_SNOTjlqxF4AaABAg	1
UgxMosLh_N2QiajEB694AaABAg	1
UgxmO7xouANAx0l2RXN4AaABAg	1
UgxmNXtfaSw-9o7QQd94AaABAg	1
UgxMnTcFa53zhxbCEWF4AaABAg	1
UgxMNpy_Cu3jEiXu2UF4AaABAg	1
UgxMmabapUsGosNRn1Z4AaABAg	1
UgxM_LVdeydZH6uhSJF4AaABAg	1
UgxMGy8k5oJzhvhMTGZ4AaABAg	1
UgxmGVJQvhEDFTvwcR54AaABAg	1
UgxMFP5NIb_ySMyqBsx4AaABAg	1
UgxMFdyC0sbIzGfkXF14AaABAg	1
UgxmeCttDBZeJ6ueINt4AaABAg	1
UgxMd_mw6uSVwTly3hZ4AaABAg	1
UgxmdKQ_4LOJPYzhD254AaABAg	1
UgxmDbbhLGFMfmUm45J4AaABAg	1
UgxMd53q_gtDRmGuDot4AaABAg	1
UgxmBmnvFUYTLUh82oZ4AaABAg	1
UgxmbHKd9aCbplRMn354AaABAg	1
UgxMbbZiCj4JCzjK9HZ4AaABAg	1
UgxM97CNHnJQeDeE3CV4AaABAg	1
Ugxm8i_LG3Zdx1CdCNp4AaABAg	1
Ugxm7OXhxMly-DM9jdx4AaABAg	1
Ugxm5OqtRSXOF25lz3V4AaABAg	1
Ugxm5AjtJAyqfSDxxrd4AaABAg	1
Ugxm50s7ZTYEDWn8FEh4AaABAg	1
UgxM1YneZH0lbe2Z0SR4AaABAg	1
Ugxl_ZC1BhlAAc3-mWl4AaABAg	1
UgxLyZctGWQ-kvpxszN4AaABAg	1
UgxlYarUfp-f2fTaywJ4AaABAg	1
UgxlXYsyZ6269H2bjaB4AaABAg	1
UgxLXvLHaHlH5jgHRGF4AaABAg	1
UgxLXFI5IK2GuTbHOb94AaABAg	1
UgxLX5KFGQZccsHPbtV4AaABAg	1
UgxlWM288gOjSBDzRgV4AaABAg	1
UgxLWhH8d1FLYEqbaPR4AaABAg	1
UgxlvwZKaKLe4y3NGWx4AaABAg	1
UgxlVrSpagXvLuWZWhJ4AaABAg	1
UgxlVhh0TfMZZsyRCnp4AaABAg	1
UgxlUkDZ2DHii9NvfKx4AaABAg	1
UgxLuhgABIVXhW6pZ6Z4AaABAg	1
UgxLRUk3ScTB6uZfUY14AaABAg	1
UgxlRfvBsj3jqTVA2dl4AaABAg	1
UgxLqugNIkGrCAwaGhZ4AaABAg	1
UgxlpvjJtyjGked-O7Z4AaABAg	1
UgxLpGpN_4F01CBa0eZ4AaABAg	1
Ugx-LOXm20XaEpwFZMh4AaABAg	1
UgxLorJOcECIj_sKytZ4AaABAg	1
UgxlO2DJ8ZdpwcdYoSp4AaABAg	1
UgxLNjX9p6fygfpkitl4AaABAg	1
UgxlLwhAqhzbrKtPBf94AaABAg	1
UgxlLr5S8MtjI2nh9SV4AaABAg	1
Ugxl-LoIOSn2U82iDwZ4AaABAg	1
UgxLLGNzQHZp5f3QC-p4AaABAg	1
UgxllAC2MCdEXq4i-KJ4AaABAg	1
Ugxl-kovdli-gRgd2QF4AaABAg	1
UgxLkhYdftYiJIQWnj14AaABAg	1
UgxLjucxAFIS2uqVtA14AaABAg	1
UgxlJJlnD7J0N94B3nJ4AaABAg	1
UgxLJ4b4tZQ67FFLsZ94AaABAg	1
UgxLITYa-JbXydf3VF94AaABAg	1
UgxLhngGtpRlV5M79Mh4AaABAg	1
UgxLHjmto_KOSEb2IJV4AaABAg	1
UgxlhhuRTVNiKD9xaM94AaABAg	1
Ugxlh8uF768CsxiIv094AaABAg	1
UgxLGnGsRUUbtSrA3AZ4AaABAg	1
UgxlGGOd8bBa1A6eiMR4AaABAg	1
UgxLG2xCVA4gxRBuLeJ4AaABAg	1
UgxlFVpKOREXaKPLqid4AaABAg	1
UgxlFo43KZ-rdzcI8jF4AaABAg	1
UgxLFHXtxvP71RFMabJ4AaABAg	1
UgxlfFYRpwh_-3qua414AaABAg	1
UgxLFd_Se5KzqZrmtUZ4AaABAg	1
UgxldwsQ67gF7HT1TEF4AaABAg	1
UgxLDvRdLJ78e7I_N8t4AaABAg	1
UgxLdMCzJKptJ6-knDN4AaABAg	1
Ugxldfs-vMiynuf9sD54AaABAg	1
UgxLDDdnZ1Un2XJtiF14AaABAg	1
UgxLD06ku0s4dMw9MVV4AaABAg	1
UgxlcH2mv_tOlccbonl4AaABAg	1
Ugxlb-NDK2_qfiRgIfV4AaABAg	1
UgxLBFrdiVRYy9i5FPp4AaABAg	1
UgxLAVRMGNIaBXUUZDZ4AaABAg	1
UgxlApmu2difq4-tDsN4AaABAg	1
UgxLafXK0nsol-itpo94AaABAg	1
UgxLa3kB2eYr-DU77BR4AaABAg	1
UgxL8nv-4KPc93oKv4J4AaABAg	1
UgxL66wt5OpD3SV5uP94AaABAg	1
UgxL5nhhEMpPr2e4UNF4AaABAg	1
UgxL4Tuqzleb-aE0BB54AaABAg	1
Ugxl413Ld1lI0Rx3X-x4AaABAg	1
Ugxl2zza2acYY02qpFR4AaABAg	1
UgxL2QV2JgZ5oOHR00R4AaABAg	1
Ugxl2Ijz5xz9HhHSSXh4AaABAg	1
UgxL1z62kSArq-OEfMl4AaABAg	1
Ugxl0RrqAYrf8iqLhOB4AaABAg	1
UgxKzqmwHCRm2Ew3T454AaABAg	1
UgxKzM8rwkbLmRPi-nh4AaABAg	1
UgxkYzYvHatwoRryXOh4AaABAg	1
UgxkYswsIJXG1UorPah4AaABAg	1
UgxKXvKcSDYMIBdjwa94AaABAg	1
UgxKXSbdkDf5zzO25uV4AaABAg	1
UgxKwWHDBIJ4YlXah9t4AaABAg	1
UgxkWR1y_4zibLUy-gJ4AaABAg	1
UgxkuUwWIpt3CJiHsgN4AaABAg	1
UgxkucYj49L88OKydS54AaABAg	1
UgxKuCo4kLtZzcD-dx14AaABAg	1
UgxktHX_gev_ydt957h4AaABAg	1
UgxkSulQo7smiBuJlu94AaABAg	1
UgxksCfAHow_t0rOZvx4AaABAg	1
UgxkrfFWdGqsjfDtpDN4AaABAg	1
UgxkQq8edjVvG8uz1TV4AaABAg	1
UgxkpRhXFt2iA_A6NXJ4AaABAg	1
UgxKpNND8C9Q0NsOuU54AaABAg	1
UgxkPk77Y5lZx6-nEGp4AaABAg	1
UgxkPIiJ0eWbvmZ4ax14AaABAg	1
UgxKMsgi6IMfU0G6I0t4AaABAg	1
UgxkLlW5knnqqFl-30d4AaABAg	1
UgxkLCfQSBiWbhrg3-l4AaABAg	1
Ugxkl0ijDCuUKA8GD2V4AaABAg	1
UgxKKqCODf0ZSdYltbN4AaABAg	1
UgxKkptz7SdnvNp3NTB4AaABAg	1
UgxKKNF4c-Xcfkhmt9V4AaABAg	1
UgxKKbtItJJx8E7qMZt4AaABAg	1
UgxkJwfpZdE2Wuwv4yN4AaABAg	1
UgxkJFABuSLynetKw014AaABAg	1
UgxKJeErz9Tqp0GeCRB4AaABAg	1
UgxKj5zr2G8Dg4_B1354AaABAg	1
UgxkIs1gy90A7BcGq1N4AaABAg	1
UgxKHCIh1esTH9qMBft4AaABAg	1
Ugxk-GSwGjEYqAIyoYd4AaABAg	1
UgxkGr2PWyvheDEn18B4AaABAg	1
UgxKgEncn5mNfx3AwMh4AaABAg	1
UgxKG7mSCJTVkqMvMAp4AaABAg	1
UgxkfUpHkuWfmzoy3Jt4AaABAg	1
Ugxkf7YqFse_kDK9W354AaABAg	1
UgxKegweuwFTLNDk6VJ4AaABAg	1
UgxKEfksfCWXQ4ofh1R4AaABAg	1
Ugx-KDV2sbz0P77NfWp4AaABAg	1
UgxkDU6iBJRzHCVxe0t4AaABAg	1
UgxKDt5oHT-HgJFJ7pd4AaABAg	1
UgxkDjuhtwsAxPaHNl54AaABAg	1
UgxKB6VH5OLuZ_Pgb_J4AaABAg	1
UgxKAFLbhJ6Yg4UCtj14AaABAg	1
Ugxk9EWz58KviFLkWyp4AaABAg	1
UgxK-6zqUF9xiqXHuC54AaABAg	1
Ugxk5nW7ZSe3eH0nvUZ4AaABAg	1
Ugxk5gswos9ZUMoYuTF4AaABAg	1
Ugxk41gipN5VNglXl8F4AaABAg	1
UgxK2xzPWKLi2kC584d4AaABAg	1
UgxJZX2F9JF32zSvws54AaABAg	1
Ugxjz0G5sB5ZvxjuXmJ4AaABAg	1
UgxJYhnXexddaZo4Awl4AaABAg	1
UgxjW1vz1wuAtDLiv1B4AaABAg	1
UgxJVzJfyk_SSg-kLTx4AaABAg	1
UgxJvr9vm2R-LTbyQnV4AaABAg	1
UgxJvnV2Cgr1CF0jp5Z4AaABAg	1
UgxJVNf35JoSJ5X4m4F4AaABAg	1
UgxjvK-lHlDRonC9jNd4AaABAg	1
Ugxjun8ZIsCRMrrGU-B4AaABAg	1
UgxjuixdnfdUFBrbcXx4AaABAg	1
UgxJUdgHOnqBFVOHP214AaABAg	1
UgxjtS4thbPrB2l-SKJ4AaABAg	1
UgxJs7z6vEMLy0P1CAd4AaABAg	1
UgxjrbozH5s9Z5Novod4AaABAg	1
UgxJ_qttbyerICi_acB4AaABAg	1
UgxjpQC2AibmBmGZCjJ4AaABAg	1
UgxjPCyrHCOhutFi3BR4AaABAg	1
Ugxjp0NAPm1GCysZbeB4AaABAg	1
UgxjOW9prTA6nVZvtxZ4AaABAg	1
UgxJNfX23-CUjs99OoN4AaABAg	1
UgxjmzelhOakcSvEfIl4AaABAg	1
Ugxj_mtEkO8xmmZ5tk94AaABAg	1
UgxJkD2tZ2gIcURue-V4AaABAg	1
UgxjKaYHUdPCWshb8894AaABAg	1
UgxJk0SzYxP5U1Nf1Bd4AaABAg	1
Ugxjjkqq7yPanuv8jFF4AaABAg	1
UgxJjgdtAja2q61weUV4AaABAg	1
Ugxjj8Pivarh9SCTlOx4AaABAg	1
UgxjIr-DjgvCsWYz4hJ4AaABAg	1
UgxjIgRXf5n-DZOM1QJ4AaABAg	1
UgxJhlb7M2xB-KMUZTZ4AaABAg	1
UgxjhKUBPYuYaJxmVYh4AaABAg	1
UgxjhggylfmOnZhwODN4AaABAg	1
UgxjFh9eTKeFhGSnDEF4AaABAg	1
UgxjfEjTxtcR_RVeuQh4AaABAg	1
Ugx-jeWhF0a038zQuCl4AaABAg	1
Ugxje_V8zv9_EeuJPxJ4AaABAg	1
UgxJEgHDkZvRJnN94dV4AaABAg	1
UgxjED3gitK4GzhOxLN4AaABAg	1
UgxJE8Zyx-Fs0L_xEch4AaABAg	1
UgxJDwOJyMmXQADCyo14AaABAg	1
UgxjdMkEjZGiNgmC5Nx4AaABAg	1
UgxJBZFkRIPHenWBzml4AaABAg	1
UgxjBKS9MrpNKHhzFap4AaABAg	1
UgxJbI4eJd0h58vScYN4AaABAg	1
UgxjB7u_eJsJMdugWv14AaABAg	1
UgxJ-AYhVOV35iJPJId4AaABAg	1
Ugxjaxv0WgnWcpnyMQB4AaABAg	1
UgxJ_AvDCXQanZ_Q4sF4AaABAg	1
UgxJAVayH5YJFLVdUap4AaABAg	1
Ugxj5tZskxTW_2JlQAh4AaABAg	1
UgxJ5eL7sIN9fBZvfI54AaABAg	1
Ugxj54w_xff6t642T8h4AaABAg	1
UgxJ4ItU4v_wJHwJQkF4AaABAg	1
Ugxj4AZYqO4g72ro9ox4AaABAg	1
UgxJ2DycDQ9fXEKLI154AaABAg	1
UgxJ1NkJ-2WVR-xkcQJ4AaABAg	1
UgxJ0M4GmkmVfyR2zqZ4AaABAg	1
UgxIZLrEFjuLnEEh66N4AaABAg	1
UgxIz5PGq8gvp9rN7zJ4AaABAg	1
UgxIYTpsvWCY_fJq_Hl4AaABAg	1
Ugxi-ukJj_pZC3RUbf54AaABAg	1
UgxIUA6jtqDG5CtFd3t4AaABAg	1
UgxITEUDDEZhrxViJyR4AaABAg	1
UgxisAzMhgO4HW8Re3p4AaABAg	1
UgxIqgo4ZWHxsME4GA54AaABAg	1
UgxiQ0Jpwm69qgCTonx4AaABAg	1
UgxIPBNVw0l-w_X2OmR4AaABAg	1
UgxIP0sp25or7tCo3Dd4AaABAg	1
UgxIodU78PMIfgCF1tN4AaABAg	1
UgxINwslR3cPQZI1mDR4AaABAg	1
UgxiNh-TH1N8ijebss94AaABAg	1
UgxiLOK4lKUZUbzM5bR4AaABAg	1
UgxILmnjGdyoN3RaG_94AaABAg	1
UgxILbHwWSMLE4gMbqp4AaABAg	1
UgxIKSzsnvL_EHABQ0N4AaABAg	1
Ugxi_kCELrmAYUuL5yl4AaABAg	1
UgxIjnvsIW4MLcfC7WZ4AaABAg	1
UgxiJGX7CM9HksPT_x14AaABAg	1
UgxiiMNcbqBqahcx33R4AaABAg	1
UgxIhJ4Ug_69i2nspeF4AaABAg	1
UgxiHchhYik1Q1otQ-Z4AaABAg	1
UgxiH_C5QTqz9f8xlP14AaABAg	1
UgxIgLp_Dh4PKqOROHh4AaABAg	1
UgxiGjw9NQeHntMUZEl4AaABAg	1
UgxIFjkWvuW_qqdlgfN4AaABAg	1
Ugxi_fc6AZHq-9dTKqx4AaABAg	1
UgxIDZTFAiBT1KAzMhJ4AaABAg	1
UgxIdTfq5iLf4YtObqR4AaABAg	1
UgxiDspzpvydhquu1FR4AaABAg	1
UgxIdGW9ZsiLh0BGVZ14AaABAg	1
UgxID9lnxWkz1TFxcBV4AaABAg	1
UgxicsT_vzSHx5ECjjZ4AaABAg	1
UgxIci_gzRklZk_CVpx4AaABAg	1
UgxiB22Ov8DXf3g_oZF4AaABAg	1
UgxIAU0_X4TmhATuOn94AaABAg	1
UgxIatO80SYOEy5qJiZ4AaABAg	1
UgxiatjYRXsp83trMEh4AaABAg	1
UgxI8Iea6JmMNaLbA3t4AaABAg	1
Ugxi89_obtNJvZ8m7SF4AaABAg	1
Ugxi4tC_rwjGxR-OjX14AaABAg	1
UgxI3SbCQ3FYR-g9ck54AaABAg	1
Ugx-I2q-jblpBjwf0ml4AaABAg	1
Ugxi1n7RVLN2XfSdfIF4AaABAg	1
Ugxi1Mzl1V_WAFMBj4Z4AaABAg	1
UgxI09t-JvUtNwVWobh4AaABAg	1
UgxHzSBBOIm2i6t0NSR4AaABAg	1
UgxHzN0WBUCPwNTmOVF4AaABAg	1
Ugxhzd4lJULVaNBUpUR4AaABAg	1
UgxHZ8D1fHGmdnyRLVB4AaABAg	1
UgxHYuUmTkEn63PDwCh4AaABAg	1
UgxhY-UPmysvLZ9ioLd4AaABAg	1
UgxHykbg4sUUC2gzd6p4AaABAg	1
UgxhYfpSGfw5rGKUb1x4AaABAg	1
UgxHY8H7ovvFe-46cs54AaABAg	1
UgxhwSDk1jpVykL_udR4AaABAg	1
UgxhW6rYS96oQW4EIZ94AaABAg	1
UgxhV2WABHuf8orpeqB4AaABAg	1
UgxhTig6hMgwcTtssPB4AaABAg	1
UgxHsTWMa1ND_VZDSph4AaABAg	1
UgxHrYbU_NY7HfefoCN4AaABAg	1
UgxhqXX5CxBKSbQgckV4AaABAg	1
UgxhQTevcQyVqVA53O14AaABAg	1
UgxhqDhFazNPKLBAEQJ4AaABAg	1
UgxHpwyaHjRhpfAwOrd4AaABAg	1
UgxhpUcEisdQ3Q7YUlZ4AaABAg	1
UgxhPQhEyNYxlAjKX3h4AaABAg	1
Ugx_hPJvH0WqlWmcWfB4AaABAg	1
UgxhO_wXZ32eXaxkLXN4AaABAg	1
UgxHOskzsv6PaobmRCZ4AaABAg	1
UgxHoJCimn3-Iah2pu94AaABAg	1
UgxHnZCaTqg1kNz7NSB4AaABAg	1
Ugxh_NFXjAHsJPP0sq14AaABAg	1
UgxhmSRW_Vjb5raZze54AaABAg	1
UgxHMMcXTA-JiKwGXDR4AaABAg	1
UgxHmkklj-ztfEDl-j14AaABAg	1
UgxhM9oyDT_zLL4cjQl4AaABAg	1
UgxH_LOWyd1CgO_LUKp4AaABAg	1
UgxHL_eqDRwCCEPHk-Z4AaABAg	1
UgxhkTYJYHl7j0wPezR4AaABAg	1
Ugx_HKMMyMV4jDeAqnt4AaABAg	1
UgxhjSeDuw-Ck1w-iGV4AaABAg	1
UgxhIJLgIazTzNqCHYl4AaABAg	1
UgxHihbugRx9RYKZnE94AaABAg	1
UgxhhZOtsW7qH3zCsIN4AaABAg	1
UgxHHt--xyyNe36jzK94AaABAg	1
Ugxhhg7en7LyNudSAjx4AaABAg	1
UgxHGc2HH7xeI66yJcd4AaABAg	1
UgxhgBUJxriOAzJMxqJ4AaABAg	1
UgxHFJTFz-xpRhRmPXR4AaABAg	1
UgxhEERxfHvRvCAS73p4AaABAg	1
UgxheAOYmkFlNARGidZ4AaABAg	1
UgxHDWesA5QtCU5uzt14AaABAg	1
UgxhCJl5OgzdAISldJZ4AaABAg	1
UgxhbsWbQvPJV_Tvvqt4AaABAg	1
UgxHbjKL9HngHVyKSht4AaABAg	1
UgxhBBs0W1s9LLv6zBl4AaABAg	1
UgxhAZVzf7m56hjS4dV4AaABAg	1
UgxhaLIAXYEXA10uSPp4AaABAg	1
Ugx-hAlBG32r1zoCo7R4AaABAg	1
UgxH9FwT936Uj8YnAQR4AaABAg	1
UgxH8mBQXuWvD3VPCZB4AaABAg	1
Ugxh8c4JSn41Pu1H9_V4AaABAg	1
Ugx-h5wefsnG6AwpSqJ4AaABAg	1
Ugx-H5UbJmRRSQF0n454AaABAg	1
UgxH3MgKshcWatVZj7N4AaABAg	1
UgxH0gRh5ajAY85BmzZ4AaABAg	1
UgxGZt9v1Sse_YGi2yV4AaABAg	1
UgxgZESmbbFdKxuVgWx4AaABAg	1
UgxgZdKxZrlZlS1E5YN4AaABAg	1
UgxgZBOxyCho_O8xBD94AaABAg	1
UgxGyvutrMx5RYY7hMB4AaABAg	1
UgxGYouSC5aplW3yXHJ4AaABAg	1
UgxgyIxHhv1QpVcgtZx4AaABAg	1
UgxGyI_cSR0CPHc1AnB4AaABAg	1
UgxgybOfAizhX9DeIOJ4AaABAg	1
UgxGy3s2wZAJKYBvUiZ4AaABAg	1
UgxgWraLW5W5US4biZF4AaABAg	1
UgxGVZV2OuzDdAQLJJJ4AaABAg	1
UgxgvDKs50uebePZAdl4AaABAg	1
UgxgVAuRBrtzORbdIEB4AaABAg	1
Ugx-guC0ZJfA1-GLZkh4AaABAg	1
Ugxgt-teYd2m-Ga7APx4AaABAg	1
UgxGrW-tPlZjdZpN5n14AaABAg	1
Ugxgrdc2QNHEYrNSemd4AaABAg	1
UgxgR8u77kYt3l4cL-14AaABAg	1
UgxGQW0TxV7Bo2Eb4ut4AaABAg	1
UgxgqPKHlcmZiiFMBPJ4AaABAg	1
UgxGqaq2LRpDQG14i-94AaABAg	1
UgxgpStJmZUOB7B-AaN4AaABAg	1
UgxGpjpp9HYFxdY1dkZ4AaABAg	1
UgxgoiFjdvV-5AVxjdN4AaABAg	1
UgxgNzCe0WCBMCBxuP54AaABAg	1
UgxGNUKJsUvTr1xQaet4AaABAg	1
UgxgnEsJEZLWLfb2wXB4AaABAg	1
UgxgMoaRWCCAlRO-m7N4AaABAg	1
UgxgMk-3g5k6pFB5dzl4AaABAg	1
UgxGMFq0wJuZ34mqj8l4AaABAg	1
UgxGm9XQBkCyYhV3ebh4AaABAg	1
UgxGlxoY9Qm5ntRwuTZ4AaABAg	1
Ugx_glVIz5S1waN-3q94AaABAg	1
UgxgLmSz1WK6ac0Yc094AaABAg	1
UgxgjIG3a-2dOvAj4Sd4AaABAg	1
UgxgIaRERol986N0bbR4AaABAg	1
UgxGfY4BccuWh9V0MGZ4AaABAg	1
UgxGFsHhIcGTRl9v7Xh4AaABAg	1
Ugxgfq_QI7yK2U67O8J4AaABAg	1
UgxgEuKMBKokSvviMKV4AaABAg	1
UgxgDuK-QI5oT7gRs7R4AaABAg	1
Ugxgdagdp6CXlXg4dp54AaABAg	1
UgxgC4_bNk1bYPm2sg54AaABAg	1
UgxGc11JSX1BWgITRXt4AaABAg	1
UgxGB3BuKLLF-YggsWl4AaABAg	1
UgxGAXU_l3ypZhJePGJ4AaABAg	1
UgxGaw-FMTHtoJPzvDZ4AaABAg	1
Ugxga8EiZLOYKGgJXhx4AaABAg	1
UgxGa4-zxr_hX0obZNV4AaABAg	1
Ugxg8lGRU-ea43H51nN4AaABAg	1
UgxG7PTkimvxBvRZ1Dd4AaABAg	1
UgxG61Cn1hJ2pZFqZZV4AaABAg	1
UgxG5-tWSTvT6JOF2Qt4AaABAg	1
UgxG4TLyBGlqyvJfzp94AaABAg	1
UgxG498IVLgFSRd7sMd4AaABAg	1
Ugxg36T4mNAL_X3loFt4AaABAg	1
Ugxg1kSt2SqNLftXOdF4AaABAg	1
UgxG0plpfEnwPkj1Y0F4AaABAg	1
UgxG0ix4j4f-V7Y0hxl4AaABAg	1
UgxfYHgJK44j9ST8HpB4AaABAg	1
UgxFY1V2t6HkY0Al-MB4AaABAg	1
UgxfXy_CQUZy-qgGh6F4AaABAg	1
Ugxf_wSB_ZV8Klw4uF54AaABAg	1
UgxfvWwTUGoljfhtU1l4AaABAg	1
UgxfUlYHGGh2eC4pY4d4AaABAg	1
UgxFu4GksGXI2zNs8UV4AaABAg	1
UgxFTpAKareRnzBAPMJ4AaABAg	1
UgxFTNvDYWbUqwbqDNN4AaABAg	1
UgxfrZdHdw0TYAY6AvR4AaABAg	1
UgxfRyw1Zn6kiwicUGt4AaABAg	1
Ugx_Frgx9TofYQoQ6YR4AaABAg	1
UgxFqvjQJXZnfT8oi_B4AaABAg	1
UgxFQld5tS7UJhtNoPV4AaABAg	1
UgxfqK1CWuYMyEgsVtF4AaABAg	1
UgxfOkMMxao9ezWs-K14AaABAg	1
UgxFOhO_Sip5OxE4DI14AaABAg	1
UgxFOcdd7U95glsdyDl4AaABAg	1
UgxFo_AO4P4HCROHiIx4AaABAg	1
Ugxfny6rn4V2G-i8Zvd4AaABAg	1
UgxFnO9Phg-62ig4Vo94AaABAg	1
Ugxfn538dH_gB-0TsR94AaABAg	1
UgxFM_zPDvWbuqYg2dl4AaABAg	1
UgxfLXNqRbpmVWS1nqB4AaABAg	1
UgxfL9i5Nztlaa62izx4AaABAg	1
UgxFkeMjtxzp8m2iPTR4AaABAg	1
UgxFjiRN-DkzI4bt9pF4AaABAg	1
Ugxfi_X3hIadJMoOUcV4AaABAg	1
UgxfiBY-iW0TnIFHcUt4AaABAg	1
UgxfI4KFepX9EWZJJKZ4AaABAg	1
UgxfHxqX9-BkvXtjQ9R4AaABAg	1
Ugxfhul8gZIVC03BzG14AaABAg	1
UgxFHspjUwfht0COUVd4AaABAg	1
Ugxfhsozu5cY12B-8sZ4AaABAg	1
UgxFHdXsJVkrSiGLSB14AaABAg	1
UgxFguwc10CfZjArtqh4AaABAg	1
UgxFgolMx6p9zv456Qt4AaABAg	1
UgxFgfIV3wEpKE39P3F4AaABAg	1
UgxF-fX-OEY5TNqNin94AaABAg	1
UgxfFUfc9p69l-96JP54AaABAg	1
Ugxffb1sPMYOR_AYLEd4AaABAg	1
UgxFf7V-yAOjqI7U8Hd4AaABAg	1
UgxfEXzL8NQYU0cCShx4AaABAg	1
UgxFdEXBld0i7qAIZWN4AaABAg	1
UgxfCnMnd9vV40HLOQB4AaABAg	1
UgxFCCkToVUFQylb8dJ4AaABAg	1
UgxfbzhBDXTASavcyBF4AaABAg	1
UgxFBatslRdUcDP0Z_t4AaABAg	1
UgxFAnqqvOQXI793bm94AaABAg	1
UgxfAiqKqJ7AFlG9-Mh4AaABAg	1
UgxF9xyQJ1xqqQtcmCR4AaABAg	1
Ugxf9mbuUaluZgOJkG94AaABAg	1
Ugxf852CMa55vyT7AnV4AaABAg	1
Ugxf7WsINZ-JK_f1E3d4AaABAg	1
UgxF-6qy4X7Gn9IVqXV4AaABAg	1
UgxF51KgqKnmHMtuulx4AaABAg	1
Ugx-f3iZQjqQxG3tHvp4AaABAg	1
UgxF3EYzanVZWv16gFN4AaABAg	1
Ugxf2Ip400aPNVVHedV4AaABAg	1
Ugxf1GORLzgNRfGJuNR4AaABAg	1
Ugxf15G-yHIEOmxLHv94AaABAg	1
UgxezL0iDgyRwjhK9Ah4AaABAg	1
UgxeYT8y0pazTXPp0pV4AaABAg	1
UgxEynp6Da0yv-Cc07l4AaABAg	1
UgxeYNE7X34YHQB9bmB4AaABAg	1
UgxEXJI-X8hypM14hjl4AaABAg	1
UgxExIwfyR6mmUq55vB4AaABAg	1
Ugxex3OwYf0oIy3au8R4AaABAg	1
UgxevhmhW8R3jq_jvId4AaABAg	1
UgxeU1-AkAxqPmICHId4AaABAg	1
UgxetVNuJBmZeb0-L714AaABAg	1
UgxEThQXpurxZ2UtDO14AaABAg	1
UgxEtb2K6l8Wzu-N_IZ4AaABAg	1
UgxEt4eatxd1zaYPfah4AaABAg	1
UgxeSxrS07WEjFEuYnB4AaABAg	1
UgxErhVIBetCOKeXIod4AaABAg	1
UgxERhUhNykpE5rV1uJ4AaABAg	1
Ugxere8GpdcJT7OpD4N4AaABAg	1
Ugxe_r6MrznYrXELRxp4AaABAg	1
UgxER0QKXIrpwhc1uo54AaABAg	1
UgxEQSDrANAVjznH1iN4AaABAg	1
Ugxeq8ykwVlxT9QWIxN4AaABAg	1
UgxEPvPFiqMlifLUsrV4AaABAg	1
UgxEpdG-AP0gcd-mNPN4AaABAg	1
UgxeoSi7rEEPCeaUjgl4AaABAg	1
UgxEorvdcpaFTfu273B4AaABAg	1
UgxEnp1XYCIr53ZMFUR4AaABAg	1
UgxeNFpVD2GI3G4QIdZ4AaABAg	1
UgxENAKejTtJpIJN_r94AaABAg	1
UgxEN3hcvb21Q7HamYl4AaABAg	1
UgxELCtHHNPE2RmuLxJ4AaABAg	1
UgxeKfnQVbNRJufZFpJ4AaABAg	1
UgxEKfEwb46TlavlSAp4AaABAg	1
UgxehmtvG3I15Thoc194AaABAg	1
UgxegaImPoeTte1nlzx4AaABAg	1
UgxefmcrWo6fJvFXBWp4AaABAg	1
UgxeFf3ZVDc-7Rlf7ox4AaABAg	1
UgxEApmpBLmNZ9MvqUB4AaABAg	1
UgxEA4T_v7QO7lWFYmV4AaABAg	1
Ugxe9RvlPosGA5MnXGF4AaABAg	1
Ugxe7Lz-gy1qasJ-24x4AaABAg	1
UgxE6h7qpaSqZcnzR694AaABAg	1
Ugxe2CjiprQFHIkue0Z4AaABAg	1
Ugxe1Q99tmv_otrghvB4AaABAg	1
UgxE0GC-ND0iY84XThd4AaABAg	1
UgxE0df82VlRjCCXF7h4AaABAg	1
Ugxe04bwPYquRnc4Zrp4AaABAg	1
UgxdzSIynYc7lcqdVPl4AaABAg	1
UgxdzOqvpLVRR9I_FA54AaABAg	1
UgxDzHlSNxjuxjRShTZ4AaABAg	1
UgxD_Zcxg5BeL2OQh294AaABAg	1
UgxDyGOj9wUUBftkObJ4AaABAg	1
UgxdXUq7yPcpQlP5AmB4AaABAg	1
UgxDXUo6f3sqX2dydkF4AaABAg	1
UgxDxd8UOqAP7hO2Pdx4AaABAg	1
UgxdWdGIFfXc7_gJjT54AaABAg	1
Ugx-dWC9knoLdw9Wwph4AaABAg	1
UgxDv-mEoCBp0b6rdpF4AaABAg	1
UgxdVEo17w9nNwolSBB4AaABAg	1
UgxdVDemSWBVww3m4DZ4AaABAg	1
Ugxdv7WWwlx2x4UqJph4AaABAg	1
UgxDugEBPaCTTCHY7wx4AaABAg	1
UgxdTYlRbb2gnghoF9R4AaABAg	1
UgxdSCBcRyW7b4BEgA94AaABAg	1
UgxdsC4-iGOKVoMArGJ4AaABAg	1
UgxDRL7sxVC320pwL6p4AaABAg	1
UgxDQGlLZ1g1WlmBqoN4AaABAg	1
UgxDpOtpwoe0tVxFx1J4AaABAg	1
UgxDP9mgFlGY48biEVp4AaABAg	1
UgxDn6V1KFvsQfe9hw94AaABAg	1
UgxdMUKvRmBx0Wlcy2V4AaABAg	1
UgxDms3SmKQTKFwuUSB4AaABAg	1
UgxdmigNfg8upTw8D_F4AaABAg	1
UgxdmaoCGVrLeqVcSdR4AaABAg	1
UgxDlNW6fGLn3YB0aF94AaABAg	1
UgxdLkdwPAkNqcTfqrh4AaABAg	1
Ugxdk3-xwQdtswbVIXp4AaABAg	1
UgxD-j_oSKCkVcNNiTZ4AaABAg	1
UgxDHt5pyfGY3j5Btqh4AaABAg	1
UgxDhDJZGC_qRozGfEF4AaABAg	1
UgxDFZSxDe97F-Tuz114AaABAg	1
Ugx-DEwO9vdNRjFdcTZ4AaABAg	1
UgxdeSH57p7M_q_K0yR4AaABAg	1
UgxdenKK-aHeohibqr14AaABAg	1
UgxdECVn3pqBk8mBZOl4AaABAg	1
UgxDDQHTXXIq2vhjaSF4AaABAg	1
UgxdC0Mh5e6c3jkVLWp4AaABAg	1
UgxDbNNSGKfxPQcx_sV4AaABAg	1
UgxD9l1WJrj0SzWqnIh4AaABAg	1
Ugxd4YyaKOXnEXey-KF4AaABAg	1
Ugx_D23e2FS61gS_Cup4AaABAg	1
Ugxd1Y81Fu7dfuQ_5UV4AaABAg	1
Ugxd1dfbJEnoZpun4Ot4AaABAg	1
UgxCzUds5YBXJE0BpOt4AaABAg	1
UgxCZ9W6bxHvt1wyoBx4AaABAg	1
UgxCz4l1q0Ib0Ln7T7l4AaABAg	1
UgxcYk0VFrgzYnCO4wp4AaABAg	1
UgxCXW9qX43jbx0E0vp4AaABAg	1
UgxcXmA_-qfx7nykKD14AaABAg	1
UgxCwUkKGBLfhw-M0HV4AaABAg	1
UgxCWs7_wCt1XhYWGCx4AaABAg	1
UgxcWG5z0o1UTXpxLtx4AaABAg	1
UgxCW-bGrwM6UREFMlJ4AaABAg	1
Ugxcw486xfmCA7zBqMR4AaABAg	1
UgxCW0S48Zu4FDjeq0l4AaABAg	1
UgxCvXiAiqW3LD2Zhrx4AaABAg	1
UgxcVKzYpdHgl_igtx94AaABAg	1
UgxCv80-SMpkvafc6fV4AaABAg	1
UgxCtX4wqDlOzFNOTZR4AaABAg	1
UgxctlGV6tuSpioaP9R4AaABAg	1
Ugxc-TEqa1m4K7vL3jJ4AaABAg	1
UgxcsnhtjDCaWB6LXjl4AaABAg	1
UgxcRwuUY4EbNWmHBFR4AaABAg	1
UgxCruK9wUYOOhP35qV4AaABAg	1
Ugxcr8X8sOjC1MtC6nd4AaABAg	1
UgxcqnVgRFUS7JHF3DF4AaABAg	1
UgxCQdC6RIbpMxKjLkh4AaABAg	1
UgxCPlA2at3gaOUccqZ4AaABAg	1
UgxcpfJi3_xu8fI0_tp4AaABAg	1
UgxCoDlQFSDJz8Dh-Cl4AaABAg	1
UgxcO2mPkp161PDA3S14AaABAg	1
UgxCNSwMkMNAsFqBhXJ4AaABAg	1
UgxcNOqjQecOYFoCAlN4AaABAg	1
UgxCnCttXXcKAYNpEyR4AaABAg	1
UgxCmGuLM3qUKQ68cN54AaABAg	1
UgxCmcEM8Evpy_uZvMd4AaABAg	1
UgxCM0kBDcRCimp5NQ54AaABAg	1
UgxcLy-VFF0L66bi5Rd4AaABAg	1
UgxCLtTn0xdOKwcQINF4AaABAg	1
UgxcLsYQllxrGFJEVMR4AaABAg	1
UgxCLEX-REPkQ6-glyZ4AaABAg	1
UgxcKttSTJt_61L5wHx4AaABAg	1
Ugxc-kd0eZr-vCS_l014AaABAg	1
UgxCjlhB3qO6ydIkVYR4AaABAg	1
UgxC_jC_WJm8EG6MEJV4AaABAg	1
UgxchXEl_OXx4gMPo8F4AaABAg	1
UgxChmWR706oVPH3e8l4AaABAg	1
UgxchGbmjulk5VxqWwJ4AaABAg	1
UgxCHfwIiyzKjR4KGH54AaABAg	1
UgxCH5fIdMkPERM6njJ4AaABAg	1
UgxCfYW5kj35bO0vLHF4AaABAg	1
UgxcexzN_P61Ap2HbuV4AaABAg	1
UgxCEXN0zx7v0xJKXEZ4AaABAg	1
UgxCe5kQn_M1HKEa7tl4AaABAg	1
UgxcBQLgCJV6H5ibVqJ4AaABAg	1
UgxcbFuPWtHor1SV1bV4AaABAg	1
UgxCbf4ev-Ozjd-iyZ54AaABAg	1
Ugxca8zmuoxpEJGh88Z4AaABAg	1
UgxC9scrrNwRHBJ8V0Z4AaABAg	1
Ugxc92zUDD_1yMdnNcJ4AaABAg	1
Ugxc7bUpeTEwG9Pf_fR4AaABAg	1
Ugx-C6S6DfaEwun4fl14AaABAg	1
Ugxc5rlqDv50_7UWtlN4AaABAg	1
Ugxc2XnQ_OwH1YWnv0d4AaABAg	1
Ugxc2g-wg3rQNhaxFTh4AaABAg	1
UgxBZxvtP0116flND3N4AaABAg	1
UgxbzPnL2g1HhghLQrd4AaABAg	1
UgxBybmBqDwq7h-ll_V4AaABAg	1
UgxbxmsYBmj-9Yw_cUZ4AaABAg	1
UgxBxMCc3zPGCV6axK94AaABAg	1
UgxBxM6JA-0rU5ADMYJ4AaABAg	1
UgxbXH8qCY1Vk9toe-l4AaABAg	1
UgxbwtNpDiyuh_TPf5Z4AaABAg	1
UgxbWEV6NgS7zxDazcB4AaABAg	1
UgxBV27J9_PFH88RdEh4AaABAg	1
UgxbunbdU1Iv0A7qbq94AaABAg	1
UgxBt5j3sCCNBoMim454AaABAg	1
UgxBS5bLtaM8CpXiTl14AaABAg	1
UgxBrDVrkOU-h0ke7-Z4AaABAg	1
Ugxbp_I1pDpp7rCl7i14AaABAg	1
Ugx_boqQC9iACf-tCa14AaABAg	1
UgxBoq86yCg0pAztukt4AaABAg	1
UgxBNY776xNS9QWnuxt4AaABAg	1
UgxbNy4wM9yYh84Yj8V4AaABAg	1
UgxBMtl0Bueg-uKS1oV4AaABAg	1
UgxbLmotZJ8ZluSMjaJ4AaABAg	1
UgxbllfeiO93pmA70KJ4AaABAg	1
UgxbkJYL8c74cZ-A9Ut4AaABAg	1
Ugxbkagkyy5ajufqdPp4AaABAg	1
UgxBJZAPGIyrTDjtnrx4AaABAg	1
UgxbJY0eh_Ojc7MtNZF4AaABAg	1
UgxBizqvxdX7MIeN2dh4AaABAg	1
UgxBiYGmoYeffQCK2C14AaABAg	1
UgxbIUCYMWEHhlK3gEp4AaABAg	1
UgxbitJzBL6QTx6c1Z94AaABAg	1
UgxBImSiq_rlb1rWgm54AaABAg	1
UgxbIhBPPftDt8Gar2B4AaABAg	1
UgxBI5ucfIwZDMlHBmZ4AaABAg	1
UgxbGldf7IfaNVGYoe94AaABAg	1
UgxbFk0k0itR__zF8GF4AaABAg	1
UgxBe5QbZfJoGw5cR3Z4AaABAg	1
Ugxbe3_UfzySLgVPIXh4AaABAg	1
UgxBE2U_QdGKr8qmsrt4AaABAg	1
UgxbdW26WhEJg6gLM5F4AaABAg	1
UgxBdJ_0jacES4tBr0N4AaABAg	1
UgxbDfNYKwEEm4S3Ort4AaABAg	1
UgxbDDcJlZ2X1ul-Huh4AaABAg	1
Ugxbdd07gLEQ4nPbnGl4AaABAg	1
UgxbCVieEDgR688o7PR4AaABAg	1
UgxBcHjB-QMQpieb2yZ4AaABAg	1
UgxB9p52nIYexnB-OYF4AaABAg	1
UgxB8inNrm9PiqUeye94AaABAg	1
UgxB5aTDt9aWG4hYqjl4AaABAg	1
Ugxb4P-O6hJbrSY5bdF4AaABAg	1
Ugxb4iOHkeL0hNsbKDB4AaABAg	1
Ugxb2iGGOgQpuYtjYoN4AaABAg	1
Ugxb1Iy6pm-Gg-FCQF14AaABAg	1
UgxB0IW2nqZNMznjVlJ4AaABAg	1
UgxaZrRQCmvrBXvIBrZ4AaABAg	1
UgxAzmXZBB8mwf0TEGJ4AaABAg	1
UgxAzdYhAhhyS82DzdB4AaABAg	1
UgxAz0tiW0EIxLr4_Ch4AaABAg	1
UgxAZ0CsGddWImKprjp4AaABAg	1
Ugxax8L2jkpZwuW65PV4AaABAg	1
UgxaWo9sMTObjVRxjkV4AaABAg	1
UgxAw71WShEAN_mghFF4AaABAg	1
UgxaW39tdwJMOOaS0iZ4AaABAg	1
UgxAvSFxXvEcvGzNk3Z4AaABAg	1
UgxavBABiwDAbc92s7B4AaABAg	1
UgxavArjaESCnbSvgp54AaABAg	1
UgxATsIWDhUthW-Q7ml4AaABAg	1
UgxatI_UZQbPhBu5B7Z4AaABAg	1
UgxaSHFrw64pOJDwcRB4AaABAg	1
Ugxasg6mzwfS2wV5hoZ4AaABAg	1
UgxarUXT08hGi1hHwIx4AaABAg	1
UgxaRPtdRc1MG4LjSVJ4AaABAg	1
UgxArLsgxz8KFb0EmxZ4AaABAg	1
UgxaPH7D586atf8G5cl4AaABAg	1
UgxaOMDgOqTPHIXR6a94AaABAg	1
UgxAo2AFod-zxlhZmHF4AaABAg	1
UgxamzzUNbDJy4D3Mx54AaABAg	1
Ugxamzr-pEg8BTg6kFt4AaABAg	1
Ugxam-6FBpPEjHtE8Yl4AaABAg	1
UgxAlu1CX5KpY2lozht4AaABAg	1
UgxAlLhHuF6Nwvm4S3F4AaABAg	1
UgxakX6bw1jyG095qat4AaABAg	1
UgxakHqbDv7M4-4y8Ep4AaABAg	1
UgxajL1_HLrEm2BxLJx4AaABAg	1
UgxaJjA0vPnHfSJa_iJ4AaABAg	1
UgxaIJMguN2CqlklVxJ4AaABAg	1
UgxAi6WXDztbuvc1Svd4AaABAg	1
UgxaHkgfF8tcTXKFjQF4AaABAg	1
UgxAGPKhNwmQuSoJHid4AaABAg	1
UgxAGemQFkCm5Wwvcv14AaABAg	1
UgxAgcXmte9W_5lvrOB4AaABAg	1
Ugxag9scdzxo5RWTO8x4AaABAg	1
UgxAfa6ZshzCnm21bmF4AaABAg	1
Ugxaf8xM6YOOvYZWw7R4AaABAg	1
UgxAEysgVWOgbw-LlVd4AaABAg	1
UgxaeSZZbYtgR5r_v5l4AaABAg	1
UgxAeNaXe4rIE33P7Ax4AaABAg	1
UgxaDvE9noxxAXcU6dd4AaABAg	1
UgxA_DBJlGc8eN3xS-Z4AaABAg	1
UgxAcZhAkFNpMzfDiNd4AaABAg	1
UgxAcOTtlxPip_vR9yt4AaABAg	1
Ugx-ABb__03Vpapo_Z54AaABAg	1
Ugxaafnjy6bXgfHNu4R4AaABAg	1
UgxA9a3BoMSDjiIMJFp4AaABAg	1
UgxA8PhfCtPYRlEUWgt4AaABAg	1
Ugxa84BiudXHKByeOOx4AaABAg	1
UgxA7e7dFPTIBHyVoNV4AaABAg	1
Ugxa6jpnfITTa4vlF0V4AaABAg	1
Ugxa6C5OV5z3Y-FMUbh4AaABAg	1
UgxA5SagSCCPH2eA4Xd4AaABAg	1
UgxA3ZT1NLzirGmR7w94AaABAg	1
UgxA3g4ViAHKqU0ITHt4AaABAg	1
UgxA2ZP3fKjsx7FMVgp4AaABAg	1
UgxA02TCzcOMICvLwKR4AaABAg	1
Ugxa029oO2Y2RB6UZdF4AaABAg	1
Ugx9ZZg0C2DS3Mxauwd4AaABAg	1
Ugx9xVHMJFHZCT7PeUd4AaABAg	1
Ugx9w4j_ycb6hb0KDsV4AaABAg	1
Ugx9SgUzt7IPclfDXKd4AaABAg	1
Ugx9Rzpk8JUfID3sAIF4AaABAg	1
Ugx9R91sSoDRdGdsTkN4AaABAg	1
Ugx9p9dmykvHv-iK_7h4AaABAg	1
Ugx9p7xgXxNZNldF35l4AaABAg	1
Ugx9p3ytKQUykLdDm8h4AaABAg	1
Ugx9oxrHfKZjz923jYZ4AaABAg	1
Ugx9OdXgC5wKMpxB6mN4AaABAg	1
Ugx9OaiLz39OUXX17iN4AaABAg	1
Ugx9jQQfprKMmx0-FPZ4AaABAg	1
Ugx9iKYuGUo2F4gD4QZ4AaABAg	1
Ugx9IKuos243c-J2_3d4AaABAg	1
Ugx9Ie71u9oqP5koSkp4AaABAg	1
Ugx9H7qzosh9gRgX1dh4AaABAg	1
Ugx9GVxHoVupGcXfFwV4AaABAg	1
Ugx9gfXVQOFYLT19Ltx4AaABAg	1
Ugx9ErmN_MAPEvuItut4AaABAg	1
Ugx9cmyT91zY2LdWP_t4AaABAg	1
Ugx9Bk3qSinlG-H-N-R4AaABAg	1
Ugx9AkSFuoYA-ixuol14AaABAg	1
Ugx9a5cmFcqrJqvH9RN4AaABAg	1
Ugx9a4ZZGlJr85r4AnF4AaABAg	1
Ugx94KF7JPJ8OK2MDPl4AaABAg	1
Ugx8ZaIDoEo67_ACM5N4AaABAg	1
Ugx_8xwZIihA3xAljYR4AaABAg	1
Ugx8x7XdqL11-Yp5TN94AaABAg	1
Ugx8-uxEE4G7fXpYx_F4AaABAg	1
Ugx8u_PymqLyMEZoE-t4AaABAg	1
Ugx8srQVHQi9sWnjDIx4AaABAg	1
Ugx8-sMqudwjXD5lTAd4AaABAg	1
Ugx8skrFQoihGapQx0J4AaABAg	1
Ugx8S2XELmbCluvXcdd4AaABAg	1
Ugx8pUs51hhdEKTCvk14AaABAg	1
Ugx8pEPuU6cmbZ2ayM14AaABAg	1
Ugx8oSUEl1M2WPFXdlF4AaABAg	1
Ugx8Od1SUizwPZoGrXZ4AaABAg	1
Ugx8o1IhbWVm3Mqg0SJ4AaABAg	1
Ugx8LXRB6nwbXvPmWWp4AaABAg	1
Ugx8Ldfx_EVyF31GIp94AaABAg	1
Ugx8J90UydqS_faqF6t4AaABAg	1
Ugx8iAyGM5Y3tNwJEiJ4AaABAg	1
Ugx8hLO3IhKwcjFdrAR4AaABAg	1
Ugx8HC7e9HNhmlhVnjl4AaABAg	1
Ugx8DliLUJNU64BOjR54AaABAg	1
Ugx_8ckZ1aueMw9Dogx4AaABAg	1
Ugx8CjKIVjKr7NMBjLx4AaABAg	1
Ugx8A-ieMRmJLER65jt4AaABAg	1
Ugx88Ww2eV37HobTMXl4AaABAg	1
Ugx88JhbFLPFivsjM7R4AaABAg	1
Ugx86dNzImeBRoUb90x4AaABAg	1
Ugx828l4fYqyh4jyxqB4AaABAg	1
Ugx81uHQfe67j3bH31d4AaABAg	1
Ugx7ZGxdwiKKOTdK1iR4AaABAg	1
Ugx7xfCuqX3T9m4rO_t4AaABAg	1
Ugx7ww81ZUUa23Q-Yb14AaABAg	1
Ugx7wNxcu19Lw36PYW94AaABAg	1
Ugx7SeGqGjKEFPHy8Ph4AaABAg	1
Ugx7qsYHb_UqG-0_5U14AaABAg	1
Ugx_7QPmT5P3kD0y-eV4AaABAg	1
Ugx7ppj0ww-E2Y20G9x4AaABAg	1
Ugx-7nj7OpCFUc3giO14AaABAg	1
Ugx7n03vzKdV_Ue_ziF4AaABAg	1
Ugx7kbojTJmOI5P7iLZ4AaABAg	1
Ugx7jc_iMfZzOtuNxfx4AaABAg	1
Ugx7HZU3jQhlIhgG2cZ4AaABAg	1
Ugx7GwOYRI06S4PlfIZ4AaABAg	1
Ugx7gQD3Z6K6_NscD4R4AaABAg	1
Ugx7Gk2-buuQPe3TBP14AaABAg	1
Ugx7GIpmZGdB7qY4w2t4AaABAg	1
Ugx7g9sIMpB4ZPliAgF4AaABAg	1
Ugx7FeWFzIF3pGdFMmZ4AaABAg	1
Ugx7FC_CIMkyjCjM_7F4AaABAg	1
Ugx7Er3IfTo0TYh8rbN4AaABAg	1
Ugx7DaQw3i6mdsWr2H14AaABAg	1
Ugx7cIuJsTPPmRHcwx54AaABAg	1
Ugx7Bxhh_XwgngAArhx4AaABAg	1
Ugx7bPjp6K4Eo3xaL9x4AaABAg	1
Ugx7Bedacj6XASDjghB4AaABAg	1
Ugx7auNXMjiaKTYRvV54AaABAg	1
Ugx78QatFxL_TEAzc3B4AaABAg	1
Ugx785iubLGMtdR_wgN4AaABAg	1
Ugx76Y2Mg7UXPcnUrDN4AaABAg	1
Ugx74Xvp5AkPwJQqzSp4AaABAg	1
Ugx72MSl4KItqz3CVCp4AaABAg	1
Ugx6z0MuKZRP4jrNhhp4AaABAg	1
Ugx6Ycf4DiZ__vSWS2d4AaABAg	1
Ugx6ycdf1uHTG1d2-Ot4AaABAg	1
Ugx6XZjpSAHp1-mi4rp4AaABAg	1
Ugx6xJWAjOGt-40ttGF4AaABAg	1
Ugx6X_4zd1lDoo-7xVR4AaABAg	1
Ugx6WMpE3hBeQDKhm7F4AaABAg	1
Ugx6vVrWsC5zsMFR3FF4AaABAg	1
Ugx6v7OV83a3xyLZtWt4AaABAg	1
Ugx6_U2spUQj6e0Jk5F4AaABAg	1
Ugx-6u1gnNz61WxV2A54AaABAg	1
Ugx6sXWNru4UqZUKqYV4AaABAg	1
Ugx6sAFAFZjNC3j9k2V4AaABAg	1
Ugx6QRncFf5gmC6q_1N4AaABAg	1
Ugx6PIYIs5momTKzUml4AaABAg	1
Ugx6pDDwOzvmdN8_E4F4AaABAg	1
Ugx6OGQ6mgSYxIzLzpV4AaABAg	1
Ugx6mAX7ngJBj--qytF4AaABAg	1
Ugx6L_ySIL8K3phYr8x4AaABAg	1
Ugx6lN5sGW20U9QhX9d4AaABAg	1
Ugx6L8FiT672wsC-IhR4AaABAg	1
Ugx6JrKnxQye5YGCUat4AaABAg	1
Ugx6IwcxLmz8blsM_c54AaABAg	1
Ugx6IO4sK_VzZBMV2lJ4AaABAg	1
Ugx6iGUIyZvBsHWbGF94AaABAg	1
Ugx6IAHPXnQF6pSdx9x4AaABAg	1
Ugx6hGJRr5T53EFmuuR4AaABAg	1
Ugx6gDp9hrxE5zxqgul4AaABAg	1
Ugx6fN8dU8_JQywZHsN4AaABAg	1
Ugx6eZEm47mJgARCeqZ4AaABAg	1
Ugx6c-2RZneXGEchuxB4AaABAg	1
Ugx68_7PgFRxhWAEyCJ4AaABAg	1
Ugx66i_VIcbLUsa87b14AaABAg	1
Ugx62iRa9-yj63QNG1d4AaABAg	1
Ugx6-0dCI2tu8bCGKN54AaABAg	1
Ugx5zyDU8jwNNQsLD954AaABAg	1
Ugx5YPuR6Reoabvrf7h4AaABAg	1
Ugx5xuv6uzsOcv0z4pN4AaABAg	1
Ugx5xsXFEJrySXIot8x4AaABAg	1
Ugx5wNnQnz8wj1jQC054AaABAg	1
Ugx5WGjJjpFVr85mEmp4AaABAg	1
Ugx5V46v4VBFgBiFaYN4AaABAg	1
Ugx5USzXkqZk6kmMbLV4AaABAg	1
Ugx5sc3radNPIWzBU_B4AaABAg	1
Ugx5rApvVsaoItNoLDV4AaABAg	1
Ugx5QWw1dN7MUVpig5t4AaABAg	1
Ugx5qwdrTuhZYOXJauh4AaABAg	1
Ugx5Q5tXo09CGFX6gsF4AaABAg	1
Ugx5pI90IAcjp_nIcwR4AaABAg	1
Ugx-5oW512nr6x8oIlF4AaABAg	1
Ugx5OrmFji_swY_Vunh4AaABAg	1
Ugx5oFUJWjkSKHB9HWd4AaABAg	1
Ugx5-lqh-x9owTQCjlB4AaABAg	1
Ugx5lEuEznY8J0tBAdJ4AaABAg	1
Ugx5I6aDr-DFzY-kNTx4AaABAg	1
Ugx5I2hCE1Hrcn50Du54AaABAg	1
Ugx5hw51Ih-gLRhgqCJ4AaABAg	1
Ugx5f4LZeAuZgAYqu-t4AaABAg	1
Ugx5dcnvznJhaGksfTx4AaABAg	1
Ugx5BrmAvJa8DYzw0gp4AaABAg	1
Ugx5bQv33DB4bIsK25Z4AaABAg	1
Ugx5arHbHvjpqvakhGx4AaABAg	1
Ugx5amEFdHlyGMIdSX94AaABAg	1
Ugx_59ECcMicVItIg954AaABAg	1
Ugx58wWWJifMBhqbWUV4AaABAg	1
Ugx57nsi6eAbqfzYsBZ4AaABAg	1
Ugx55qjr5le-odDGw0R4AaABAg	1
Ugx55A65vKjzGOXdPDd4AaABAg	1
Ugx54YBwwKW1Y5KtMfp4AaABAg	1
Ugx53NbdkEGB3Ht0DYN4AaABAg	1
Ugx4ZUWtJOqQaRMu3iZ4AaABAg	1
Ugx4ZIaARB0oy36dl5t4AaABAg	1
Ugx4ZdTA47aB85cUUYN4AaABAg	1
Ugx4yz6GY9ZOewnvsNZ4AaABAg	1
Ugx4yw3bliI-vA2KXrB4AaABAg	1
Ugx4xDB0G--y0D8CF7Z4AaABAg	1
Ugx4xblH5NCWmruwHJ94AaABAg	1
Ugx4sdcoDipU5Qs1FaB4AaABAg	1
Ugx4r-spRQnRw2zll6x4AaABAg	1
Ugx4PYGwBhGMA40s8Ud4AaABAg	1
Ugx4o2fWd3lwcLPUdE54AaABAg	1
Ugx4NK3Jz3t-UmUCbOZ4AaABAg	1
Ugx4N9AWsoiAh9je7sl4AaABAg	1
Ugx4n7Eqc2mWR4DbZEl4AaABAg	1
Ugx4mhnmlMMNxtlKWbF4AaABAg	1
Ugx4kMEzx_haFTcITaN4AaABAg	1
Ugx_4HHBxgypgr3eiMF4AaABAg	1
Ugx4GTGBR9HGpliNHT14AaABAg	1
Ugx4gCBP7VSgVacjLLh4AaABAg	1
Ugx4EqU81JEZeNU4fIl4AaABAg	1
Ugx4csDMXdXWqIvu3oF4AaABAg	1
Ugx4afGhm4-Pk8S5gqR4AaABAg	1
Ugx4a8i8IRF7Pj5XoNd4AaABAg	1
Ugx44BJNHCos-vJ7XJV4AaABAg	1
Ugx40uStRNz47N8Pb_N4AaABAg	1
Ugx3zZvfrkvrvih2Vu54AaABAg	1
Ugx-3Ww3YFnYEVAWFSZ4AaABAg	1
Ugx3W5e06vwAODjYpGF4AaABAg	1
Ugx3t5SDtph66O1jZ9B4AaABAg	1
Ugx3SySEARq3UVaZ63p4AaABAg	1
Ugx3ST2JjQ4V3l98O8x4AaABAg	1
Ugx3RrJ0wSf7LRG_6IZ4AaABAg	1
Ugx3RDQodxWcm13JCcp4AaABAg	1
Ugx3qeRkrgM_jZ45z4V4AaABAg	1
Ugx3PLbG9C_KdmiDlPZ4AaABAg	1
Ugx3Mwl279LEHG5knTF4AaABAg	1
Ugx3mVhHBEQ6JNzK0td4AaABAg	1
Ugx3mFuVoAwxd03jqRt4AaABAg	1
Ugx_3lmZrWR5jH7HLNx4AaABAg	1
Ugx3lh77homX0is-21R4AaABAg	1
Ugx3LBm8Z2S3XR0wBc54AaABAg	1
Ugx3ksfF0PQjbH2vrz94AaABAg	1
Ugx3KAnI7zRY1MHMTnp4AaABAg	1
Ugx3JqTShvCsF513ANF4AaABAg	1
Ugx3iSFwxu_4AqlY3eN4AaABAg	1
Ugx3Gqo-T8d5Ae5Nt3p4AaABAg	1
Ugx3gFFoFaF8no97Zh54AaABAg	1
Ugx3E_Syo2k1fL0gSmV4AaABAg	1
Ugx3DobN_J3b78W8DeB4AaABAg	1
Ugx3dEOHtQPCCuIYs6t4AaABAg	1
Ugx3BLJfMR9S42VCY9R4AaABAg	1
Ugx3AFVpVV7we5WfQAR4AaABAg	1
Ugx37ufPI_XKxhVl4AR4AaABAg	1
Ugx35uH8HnMCDVbwK-p4AaABAg	1
Ugx35jqHLvuMU12yxGB4AaABAg	1
Ugx33wUR3K5EVOVE76t4AaABAg	1
Ugx32mQ4K66qqhMV2Fd4AaABAg	1
Ugx31ye-156-cXj_WNx4AaABAg	1
Ugx31wFf7skvlVH2ALJ4AaABAg	1
Ugx30DM_0osB8eQ2S-B4AaABAg	1
Ugx2Y4u9Psh5Jm5Ufvl4AaABAg	1
Ugx2Xk6vFN6lbqtwxFR4AaABAg	1
Ugx2UVhkL2Xg0Rl0hR14AaABAg	1
Ugx2uRBmO1x87rNQ7FR4AaABAg	1
Ugx2tzLF85g-oAEvYuh4AaABAg	1
Ugx2PXpZx3wEnRlXo-54AaABAg	1
Ugx2PaRzhprXEPr422p4AaABAg	1
Ugx2OnLS1XyN4jF0EU94AaABAg	1
Ugx2nW1SEMGvZ6qrxax4AaABAg	1
Ugx2MZCdKi_lgrSzrth4AaABAg	1
Ugx2Lw99ODOZVqShpLh4AaABAg	1
Ugx2jrV2k5-kN1XRDfh4AaABAg	1
Ugx2-jkpcT_FQoqAaod4AaABAg	1
Ugx2I7d7fjC0Vn2Upc14AaABAg	1
Ugx2Epa-HBdRDDvS5nt4AaABAg	1
Ugx2EOzYflXmZI7mMIB4AaABAg	1
Ugx2eOmOGDEhA2LSBGp4AaABAg	1
Ugx2e6LD8brrK8Z7nkd4AaABAg	1
Ugx294FAYB7ANGFSzCV4AaABAg	1
Ugx27Yo_4sTPXHymXmt4AaABAg	1
Ugx24wzgJ2jKtpQco6N4AaABAg	1
Ugx20zKXoxxtzpOg0kB4AaABAg	1
Ugx20fQecNPofpnfJnh4AaABAg	1
Ugx1-Yl2ura3C-CdL-l4AaABAg	1
Ugx1yhbCG6LWHfWmNzF4AaABAg	1
Ugx1T0MGjyqSbfhnmd94AaABAg	1
Ugx1siLoVLM5SZZbiwR4AaABAg	1
Ugx1RRV-8H8rEqL2rGt4AaABAg	1
Ugx1rlGi3Srec3oWyiV4AaABAg	1
Ugx1R4oEE_ARlBL4CZ94AaABAg	1
Ugx1LSTjBJXzuRqW_6h4AaABAg	1
Ugx1K042b08GTml2rxF4AaABAg	1
Ugx1I1EB6qdy8PiRI3B4AaABAg	1
Ugx-1HZfnLjKPZfS8QJ4AaABAg	1
Ugx1h2ChTc1N8oiOzkh4AaABAg	1
Ugx1El478WCXU0lE5hh4AaABAg	1
Ugx1e-5HLozoSlrHO0N4AaABAg	1
Ugx1Dz6W8UW-7xINQFV4AaABAg	1
Ugx1CQUzz5oo8F9GKfx4AaABAg	1
Ugx1aUZzPSsS-eOQwaZ4AaABAg	1
Ugx1AQlESB95GkgVvyp4AaABAg	1
Ugx1A5lFO4_Sgm-xbWh4AaABAg	1
Ugx17fFRr6ZWu38UzpJ4AaABAg	1
Ugx10F_e1HRab4Uk6I14AaABAg	1
Ugx0Yydh9SAqDln0bhR4AaABAg	1
Ugx0Y9gnoW7fQX_2Ny94AaABAg	1
Ugx0xpQOR5gfnZ9sFed4AaABAg	1
Ugx0uEWQOMxNL7g_CY54AaABAg	1
Ugx0Tvm4uwMLwhUw13l4AaABAg	1
Ugx0shy_Hdrh5KifdyJ4AaABAg	1
Ugx0S5aMdHdZbukQNK94AaABAg	1
Ugx0rE6kZC59AVp8Jm54AaABAg	1
Ugx0QdUDaD9WQXnNDyt4AaABAg	1
Ugx0nbDdWErVs806I6h4AaABAg	1
Ugx0l8IGWElKq0s0AKR4AaABAg	1
Ugx0krLSKl4xelcxW8F4AaABAg	1
Ugx0kB6G3JQOVFSMIaN4AaABAg	1
Ugx0iIjGr0qsOyAxQKV4AaABAg	1
Ugx0GV4HIGYSpxTtdmd4AaABAg	1
Ugx0fqVgmClnZnV-JEB4AaABAg	1
Ugx0f4dVNwkHaYiZdSF4AaABAg	1
Ugx-0EmN2cSv-iUlYJt4AaABAg	1
Ugx0Bb4TaohBUFWl0Tp4AaABAg	1
Ugx0aBG3SxFHv3m2Q6l4AaABAg	1
Ugx09MnhRlqFnTNF1od4AaABAg	1
Ugx07naKryqWkw7MwiF4AaABAg	1
Ugx06jXT4XFp5kW298t4AaABAg	1
Ugx03X6hfshYfRyiPKR4AaABAg	1
Ugx02j5FlFr9MJjpaax4AaABAg	1
UgwzZJsvGZr1OQ69wTR4AaABAg	1
UgwZyocHlmTtoHDliVp4AaABAg	1
UgwzxSLLhC3MAJzhNmt4AaABAg	1
UgwZWM0NwvgZJaAYvkp4AaABAg	1
UgwZvE05P1YjqZdIdPp4AaABAg	1
UgwZuxy7HJ4oTBZdP9t4AaABAg	1
Ugw-ZtZ49Xr1T1rTKkp4AaABAg	1
UgwzTSLtJ_Vps590rct4AaABAg	1
UgwZtoeUk4xlB45E8114AaABAg	1
UgwzTJWZXDqXNlTmnxh4AaABAg	1
UgwZSmmb0hB5ACk3D254AaABAg	1
UgwzsfiBkoFrk5hGL2l4AaABAg	1
UgwZSdNBBOADlpb6F5t4AaABAg	1
UgwZ_Q57VvDaQ5BKzLt4AaABAg	1
UgwzPvTzm1L_xyxeaJl4AaABAg	1
UgwzpehkP5NPqrohvtF4AaABAg	1
UgwzorqueWSaAtE-ojt4AaABAg	1
UgwZNwWnKBgbfOAjGPd4AaABAg	1
UgwZnLZktlA1fcTj5hJ4AaABAg	1
UgwzmJGpd4f-qLIg86R4AaABAg	1
UgwzLWTymV0Af9Hk6Y54AaABAg	1
UgwzlShh-i-45nWpAgZ4AaABAg	1
UgwZllpaYyfUyrHxkqB4AaABAg	1
UgwzkOL8Q9_IV3kmECd4AaABAg	1
UgwZkeceSrk06nO8x_x4AaABAg	1
UgwzJkkEm_30ZHv3Fp14AaABAg	1
UgwZjehjdi7mE89gnC14AaABAg	1
UgwzH8VbFYbs8YQ4o0B4AaABAg	1
UgwzGXfgbi6elgTfOHB4AaABAg	1
UgwZgXdOB5o3KspiLCB4AaABAg	1
UgwZg7F1omdH36bmB2d4AaABAg	1
Ugwzg6mhu7nxFtCErP94AaABAg	1
UgwzeiPqikfshEemtIR4AaABAg	1
UgwZd1tSF6EHfL_381x4AaABAg	1
UgwZB7DK56hdtXXFFVl4AaABAg	1
UgwZajtK_Kw2NbWIPyV4AaABAg	1
Ugwz8ECjoz38yMmcIW94AaABAg	1
Ugwz6WY5ThEQ4onZCLB4AaABAg	1
Ugwz5kXrx44XforXu694AaABAg	1
UgwZ4EGMjiho5jsGUjl4AaABAg	1
UgwY-YnhkbDJo5r13c14AaABAg	1
UgwYyEBaLyi5qmTP-R54AaABAg	1
UgwyydlxwvDd56sjwVZ4AaABAg	1
UgwYXTxn5NUTZJ4_uPd4AaABAg	1
UgwYXERd8E_FSBm_kcp4AaABAg	1
UgwYxbeiLHUnpZV3sQV4AaABAg	1
Ugwyx11B_QNFCpSzkoh4AaABAg	1
UgwYWlqkx1GqCVA8fBl4AaABAg	1
Ugwyw93hyIA-NyGLu1Z4AaABAg	1
UgwYW5EreGm7lnna04R4AaABAg	1
UgwYUHMo4Hck7to0miV4AaABAg	1
Ugwy_TlJ8CCBbnaYfgl4AaABAg	1
UgwYtB5FVpmE94k4psN4AaABAg	1
UgwyshOxWVWerZ07Ttp4AaABAg	1
UgwYShFjOZmNrDzQUoR4AaABAg	1
UgwYSe1DH3vtVjnZp4x4AaABAg	1
UgwyRf2Z6vD_fJU5lfd4AaABAg	1
UgwyR2X1bPn5oWbjiEN4AaABAg	1
UgwyQ-_IldG-69_xD0x4AaABAg	1
UgwYqAK9LmrIs532ZVB4AaABAg	1
UgwypKXx4jjoEoL5W5d4AaABAg	1
UgwYpavwIZyhKLyl2cp4AaABAg	1
UgwYPaIPSco-J6mwCGd4AaABAg	1
UgwYoTbYcZQzKUOUmIR4AaABAg	1
UgwYOsyCMwXN8c7u9354AaABAg	1
UgwYO9dHGg_bKFYuCu54AaABAg	1
UgwynvWOhcqXgcraQj54AaABAg	1
UgwYns5tq6oLjKO91nh4AaABAg	1
UgwymZrTapsNwYd_cnl4AaABAg	1
UgwyMyWioCmfebEFVbh4AaABAg	1
UgwYLGQdhM0n9e6IHsZ4AaABAg	1
UgwyL6hK3UXcTOudE6h4AaABAg	1
UgwYkJSZYY7eaEIPBm54AaABAg	1
UgwyKJlC4yToLYBCEQt4AaABAg	1
UgwYKiU701erOW9Jg6V4AaABAg	1
UgwYkHtWJcOgcQr8Wkx4AaABAg	1
Ugwyk8bBxt-3ZapuXc54AaABAg	1
UgwyJyZti-AXix94lqp4AaABAg	1
UgwYjWgZD3MiCGYMCQN4AaABAg	1
UgwYJinQ8M88sYo8s8t4AaABAg	1
UgwyJC9CBP5aW61hOPF4AaABAg	1
UgwyJ1RqHb5Vx20Iw7F4AaABAg	1
UgwYitjZzeJoWq60qcV4AaABAg	1
UgwyIgc39mFH-09H-mV4AaABAg	1
Ugwyh__TtRhRXYv8g1p4AaABAg	1
UgwyhiKoe-k-23y8MJd4AaABAg	1
UgwYH8bGJ1spXHdrNqt4AaABAg	1
UgwyH5CCUp8Wynbnhmh4AaABAg	1
UgwYh4irBRGauKk2H_J4AaABAg	1
UgwYfVYg3B6rkjpSRF54AaABAg	1
UgwYfbYHJPb2_9HBlp94AaABAg	1
UgwyekE4dM7MRv8TyPJ4AaABAg	1
UgwyeFkzBNGf8Wudaf14AaABAg	1
UgwyE44QzRCTDbalJBl4AaABAg	1
UgwydR3rZQhwZizyBuJ4AaABAg	1
UgwydqnDLxAHMlQWgot4AaABAg	1
UgwYcowoi11Zsfg4MWh4AaABAg	1
Ugw-ycapAEUkI7_uO9V4AaABAg	1
UgwybotHxqCroeZzt_x4AaABAg	1
UgwYbCWLqYdLMpbFxhl4AaABAg	1
UgwYami4fXg_gbM_OMB4AaABAg	1
Ugwy9oeZeSlSQIukzFN4AaABAg	1
Ugw_Y8ZMuitAbey1GXR4AaABAg	1
UgwY7TIo4I0r6rmaiDh4AaABAg	1
Ugwy7mHvpj_Ixu6I44J4AaABAg	1
UgwY77xrTEi-b12q9DJ4AaABAg	1
Ugwy6lbTDYFO_0NagU94AaABAg	1
UgwY6cFWItiRw3o9_Ml4AaABAg	1
UgwY5POSwApdajmVK6B4AaABAg	1
UgwY5N1WzaaQSo3MgqJ4AaABAg	1
Ugw_y4D-ozdHSJnZQOt4AaABAg	1
UgwY2S0viX5DfMmFuGx4AaABAg	1
UgwY1koGmzWUH-pQWX14AaABAg	1
UgwxZMqCIktxbVVgcBB4AaABAg	1
Ugw-xzksHCziNesS57V4AaABAg	1
UgwXysQcUkYPw2RnExV4AaABAg	1
UgwXydz_ELXlsW9hoHh4AaABAg	1
UgwXxXe8Hoo29rOwzAJ4AaABAg	1
UgwXXFdjw50C2L37olZ4AaABAg	1
UgwxxAJDs8YA8-rQCyF4AaABAg	1
UgwXx70U2p6Xy3zzdCx4AaABAg	1
UgwXwDLLfqJUcy8ahix4AaABAg	1
UgwxvcdlmF_87S5_MHt4AaABAg	1
UgwxVAJ9k8Dj0FPk0T54AaABAg	1
UgwxtTOXQpKba-VG1Gh4AaABAg	1
UgwxtMmYm6y-c81eHfJ4AaABAg	1
UgwxTfSAM6uEsLPID-h4AaABAg	1
UgwXTdYYEFZHzX6tYDx4AaABAg	1
UgwXs_lxZPZcFFsEtWR4AaABAg	1
UgwxscO2anjOB-gt5kh4AaABAg	1
UgwXrjhFbfvINZDk7qt4AaABAg	1
UgwxparI4wCAP3KU1cZ4AaABAg	1
Ugwxp8HKK0lo8GBv_vl4AaABAg	1
UgwxOrnTwVR4jqZmjWJ4AaABAg	1
UgwxOncyh24SJ9gAfTl4AaABAg	1
UgwXN8vUauh1_RgUAM14AaABAg	1
UgwxlvB7xNnpJE2A9354AaABAg	1
UgwXLJg0OB0ehxemFD54AaABAg	1
UgwxKeLCoqRa6H0lx5V4AaABAg	1
UgwxkDSQTifEYcWoFnV4AaABAg	1
Ugwxk8DfQ6KWVlHb_d54AaABAg	1
UgwxJ0MgqEQogG6FPJ14AaABAg	1
UgwXIIynu_hlU3-MBpt4AaABAg	1
UgwXI600u3gHhojD8ep4AaABAg	1
UgwxHuY5JGiUnOso9V54AaABAg	1
UgwxHCrTei6lVgtuU0Z4AaABAg	1
UgwXFsgcGLC_RmMolJN4AaABAg	1
UgwXFbKOSaqqZyQ7Xvt4AaABAg	1
UgwXDsycKnLG1iw7hrR4AaABAg	1
UgwxcX9zkGveK_gBPh14AaABAg	1
UgwX95rxa02N0uDmy4R4AaABAg	1
Ugwx4rQugkj6-k_ypkB4AaABAg	1
UgwX4o31FF_p1YBxD7x4AaABAg	1
Ugwx3V2cvM-wRpB26zV4AaABAg	1
UgwX15b-8W5jDPxkRip4AaABAg	1
Ugwx0790gm79dF5JhK94AaABAg	1
UgwwZZErTMZU_UMVPBZ4AaABAg	1
Ugwwz8uuFSA9kgQEq694AaABAg	1
UgwwymXL0x5PI6oidmZ4AaABAg	1
UgwwXsBaHoK4EiWaZ6Z4AaABAg	1
UgwwwcP2lkGacS_1-P54AaABAg	1
UgwwVSq9_qgMZQo0yUd4AaABAg	1
UgwwvgAlvWP_6erMOyF4AaABAg	1
UgwWuSl3hhbEO0vqix14AaABAg	1
UgwwtWfNuf-FmH5tyq14AaABAg	1
UgwWTMx6xCrBDU1DtS14AaABAg	1
UgwWTJzn2sQ5_PHEPb54AaABAg	1
Ugww_SqFumogt_PrxzJ4AaABAg	1
UgwWsCLsCgbfhDBXMWZ4AaABAg	1
UgwWS4ZT1Uv7JhDUYCl4AaABAg	1
UgwW-R_LX6ojeYviTE14AaABAg	1
UgwwqY6FpdvhyEN3sZJ4AaABAg	1
UgwWqXWr0DraHpgRqNV4AaABAg	1
UgwwQosSZdiKoZfMCw94AaABAg	1
UgwwqkZxwcNgbtSPAT94AaABAg	1
UgwwPYElzoMRkRKbHXN4AaABAg	1
Ugw_WPWWb2wqxgAev6t4AaABAg	1
UgwwpJDQkdtl5CKfrE54AaABAg	1
UgwwO4rdZq9XBwfJ7JV4AaABAg	1
UgwWNTZaiZZ6aBSLTVR4AaABAg	1
UgwwNTTOrT-al-1MzzB4AaABAg	1
UgwwNet_ORcGYRLau3t4AaABAg	1
UgwWN1qu4gy54HPQYFN4AaABAg	1
UgwwLuBKqYpqFZ8LRuR4AaABAg	1
UgwWLNEz7gvJZ1BB6554AaABAg	1
UgwwLfcVMU5YIR9O9FR4AaABAg	1
UgwwKqg0jZG_1AM1ufV4AaABAg	1
UgwwjmRKtI51VTMuG3J4AaABAg	1
UgwWjbKm6ct0pD7UFqN4AaABAg	1
UgwWI99e5YmYzOkCI9J4AaABAg	1
UgwWi2caRWVYGeO6_1l4AaABAg	1
Ugw-Whv3TdGK69Bbwsx4AaABAg	1
UgwwHpuNRmaM4pS9ro14AaABAg	1
UgwwHHBXyxH1zc2jTEx4AaABAg	1
UgwwHE_l494r7YZinBF4AaABAg	1
Ugw_WguQZNf2dekmH9h4AaABAg	1
UgwwGRTSVF5TV03xL4p4AaABAg	1
UgwwglJPvuLc7xZKDxR4AaABAg	1
UgwWGL5DY5RfWj_-_RB4AaABAg	1
Ugw-wGKCAWC4-Xp7F6p4AaABAg	1
UgwwGiPqpBHfFLrYca14AaABAg	1
UgwWE_oMcaoEyDijLbl4AaABAg	1
UgwWemcieubfRMyDygZ4AaABAg	1
UgwWdzPwUbs5SvwmiE94AaABAg	1
UgwWDx035SDBLjn5ZXJ4AaABAg	1
UgwWdOap6OTRigEVe-Z4AaABAg	1
UgwWCwJpCIlPk-pnOjV4AaABAg	1
UgwwcT0ByYaxcyDAqYd4AaABAg	1
UgwwcnoY3yiHTfEY-kN4AaABAg	1
UgwWcixtZ_YPZc6w_rB4AaABAg	1
UgwwChUzwlePOFUfkFt4AaABAg	1
UgwWcDek7kmJwciSU7p4AaABAg	1
UgwwBteZGtN4-fwsAX54AaABAg	1
UgwWBSxSRh5jJuDGHTt4AaABAg	1
UgwwayTNgcNc-ai3NfR4AaABAg	1
UgwwaCec6YsupJEGWNx4AaABAg	1
UgwW935U6GQOyD79cU54AaABAg	1
UgwW8quIYmaivzOfaBF4AaABAg	1
Ugww5YH1CnnWW5vfC554AaABAg	1
UgwW4SmcqOmQL2U4KyN4AaABAg	1
UgwW4DvDfAMEQXCktUZ4AaABAg	1
Ugww1wP1nXxFU9MQrO14AaABAg	1
UgwW1rVN_qyfKVO_rDl4AaABAg	1
UgwVzUSN_UCwDMsyy6F4AaABAg	1
UgwvZkiNb4Lv4W9aXX14AaABAg	1
UgwVZgaWBHwgqSvcKoB4AaABAg	1
UgwVz5Mf4vFwU8o0eqR4AaABAg	1
UgwvYRR82-tMF89Y8pZ4AaABAg	1
UgwvycKgtaSrth0Gtnt4AaABAg	1
UgwvVzxp91E6g7Tb1RV4AaABAg	1
UgwVv_9dF0Nc3GgHvdN4AaABAg	1
UgwvtN9kxtBqBqw6vNN4AaABAg	1
UgwvShLKQz6A_MELgG94AaABAg	1
UgwvrVihusqBUs9s9fR4AaABAg	1
UgwVrQGKHojx_3ZkaCV4AaABAg	1
UgwvRkuaUH79LL7Qf5p4AaABAg	1
UgwVQ-vgykmiKz57mPV4AaABAg	1
UgwVQNYwGx6WNYL0Iil4AaABAg	1
UgwVq4esUsOpHJzhJVt4AaABAg	1
UgwvpSHzHdGWsfeeAm94AaABAg	1
UgwvOnEUpWFcIf6S0tt4AaABAg	1
UgwVNZ-y8quAClC5MrZ4AaABAg	1
UgwvNKAAwWHPuWHFNoZ4AaABAg	1
UgwvneHoaQsJleB5zXt4AaABAg	1
UgwvNDr22P5T9V5TDKZ4AaABAg	1
UgwvMmmDeLgVXgHRbAN4AaABAg	1
UgwvmLIpx2O1I00hRfV4AaABAg	1
UgwvLQV3_zlZe_z7Bix4AaABAg	1
UgwVlQPHMea6WQvQhe94AaABAg	1
UgwVLo2cEBLbzAxwU7h4AaABAg	1
UgwvLNdSxQt1GsjBsUV4AaABAg	1
UgwvLAsx74bT8jQeOrp4AaABAg	1
UgwvkWGdSm-55YAPYVJ4AaABAg	1
UgwVjSDFeXjs0cc8eyp4AaABAg	1
UgwVioHTo9wNsZgv6CV4AaABAg	1
UgwvicAxnpGpifXDZ1Z4AaABAg	1
UgwvHvQ9Rb7Ew4a9DLl4AaABAg	1
UgwVGqfooyZB_UT88vZ4AaABAg	1
UgwvfnJD3GRsyciJdNF4AaABAg	1
UgwvfEb1oviLWHsMZNZ4AaABAg	1
UgwVFCb9HWeq-qR-YDN4AaABAg	1
UgwVeLFI2GAlNyRUt1B4AaABAg	1
UgwVdAo81FGM-1X3Lcx4AaABAg	1
UgwvCRtW43WJ9rercxp4AaABAg	1
UgwVCnc94e_C6iqzCS94AaABAg	1
UgwvbQZ3KPgRW-LQ72p4AaABAg	1
UgwVbM4aejQ5zc9Clil4AaABAg	1
UgwvbioeGjmIOr4dtVV4AaABAg	1
Ugwvbc5o-Wurnr-O6NB4AaABAg	1
UgwvbBPGyrAId6bqUgd4AaABAg	1
Ugw__vAGr3G2QOd2eul4AaABAg	1
UgwvACbfWgDI8t1_tNF4AaABAg	1
UgwV9bpbPKv3xul5IaB4AaABAg	1
Ugwv8Q1Zrdylte6NKbR4AaABAg	1
Ugwv7RwAc0A_s0cNgv54AaABAg	1
UgwV5m7urMpAx3-5CxV4AaABAg	1
Ugwv52QbAV8J1k9zANJ4AaABAg	1
Ugwv4YWzxt4un7FRqop4AaABAg	1
UgwV3gvhYUbTHFFXVTZ4AaABAg	1
Ugwv3bj2QP7bXhwoofJ4AaABAg	1
Ugwv2LEaiAcQYhNTVO14AaABAg	1
UgwV1WrfZjZf1A5nCbF4AaABAg	1
UgwV1T-6drSjMC99o494AaABAg	1
UgwuzHuwDxdmLRtTWZZ4AaABAg	1
UgwUZ40iOC9NiEZU4e94AaABAg	1
UgwuyS4NzwoHIsSdPXB4AaABAg	1
UgwUyOwhIieUwKNVqEV4AaABAg	1
Ugwuyc561pQRkSG8LEB4AaABAg	1
UgwuXzdM_hQCwe8dhzZ4AaABAg	1
UgwUXMxz-qKAlFf7-iZ4AaABAg	1
Ugw_uxBU50RO8H7zLF14AaABAg	1
UgwuwqXdEW5Ipjt5kEp4AaABAg	1
UgwUWkkDgW5igGG12Ct4AaABAg	1
UgwUw-Fc-96sO4O-rMl4AaABAg	1
UgwuWEDndUxLFixgDRF4AaABAg	1
UgwuW_8_KfVb8-DbE754AaABAg	1
UgwUvdVal5IuQZPsk1B4AaABAg	1
UgwUUvpCJcPbpXv2Yn54AaABAg	1
UgwUUKZguAihj0tRyVl4AaABAg	1
UgwuUG2UFT46YiwcnPd4AaABAg	1
Ugwuud2PXllz8ibLb3x4AaABAg	1
UgwutUDu3Ni6VT72VpV4AaABAg	1
UgwUsX9p-a01FpYbstR4AaABAg	1
UgwurZmgogDjRRvd27h4AaABAg	1
UgwUR1RkP6i6eXQpRat4AaABAg	1
UgwUqVKewyYPI4UBDGB4AaABAg	1
UgwuQq0UZp4TUdrafs14AaABAg	1
UgwUQ2eakkUs5JgT6et4AaABAg	1
UgwUPPE-itATLTXaufF4AaABAg	1
Ugw-up6E_Xn-wGHoXO14AaABAg	1
Ugwuos2RZejirqhSbPZ4AaABAg	1
UgwumMA2jAKzZhXkJi14AaABAg	1
UgwumFixrERuUWMK0dt4AaABAg	1
UgwulQ_waEwwXGwiq5t4AaABAg	1
UgwuLBZE9ujz-AIvrVF4AaABAg	1
UgwuL95z9o2bWbIPmKR4AaABAg	1
Ugwu-Ku81Q_G4Pwm0FB4AaABAg	1
UgwuknBiVZdx3wOSdPZ4AaABAg	1
UgwUKFwslr-MrWDhUOd4AaABAg	1
UgwUkbE_LuFPlDeXwjt4AaABAg	1
UgwUjUnsrVHod6qdN7d4AaABAg	1
UgwUI-tDMzZ1aWF2SWp4AaABAg	1
Ugw_uiN8CPjPcw4Q9yh4AaABAg	1
UgwUIadDMD-i1gcdAVF4AaABAg	1
UgwUFOnDeoiDO-9wO3l4AaABAg	1
Ugw-UFgQSO-UkZy7j2p4AaABAg	1
UgwuESzNOJlcfhutwwB4AaABAg	1
Ugw_uCwyfldIhdGcI1x4AaABAg	1
UgwUCF51L2E4Rja8XBZ4AaABAg	1
UgwUbrXF7szzUbUrAbp4AaABAg	1
UgwUBK_RimeaYs66Od54AaABAg	1
Ugw-UBGfhFA32CRFIEd4AaABAg	1
UgwuB6ySwcAAxwLD6Ct4AaABAg	1
UgwuAw0FMwgaFROBpIV4AaABAg	1
UgwUaQEIvDIHOzMaj-x4AaABAg	1
UgwUAb5tKcb1iMOICdV4AaABAg	1
Ugwu9E_yDoHd-jxW9m94AaABAg	1
Ugwu925Fyn5iHVM8dcd4AaABAg	1
Ugw_u7J4vzD14aFoxGR4AaABAg	1
Ugwu7aXGUn7AkRxj6aN4AaABAg	1
UgwU4-x3AgMoXelzqMF4AaABAg	1
UgwU3lkzcVwdyv2QBEt4AaABAg	1
Ugwu2ORx5EsdkkfyN3d4AaABAg	1
UgwU2Fdv_c7FAuIDdJJ4AaABAg	1
UgwU1MAFgJ_OO0Qz6sd4AaABAg	1
UgwTzOV3HY0ghoo6Nil4AaABAg	1
UgwTzNxuC-EFw1nknoV4AaABAg	1
UgwTZbHxum6vmvOPZiN4AaABAg	1
Ugwtycy0FBr13-vJxmR4AaABAg	1
Ugw-TybsYOODo6Rh4oJ4AaABAg	1
Ugwtx7Syj7TfKTjhauh4AaABAg	1
UgwtWvauOyrX19CLNrt4AaABAg	1
UgwtWRDQ9ihheiII1lt4AaABAg	1
UgwTvwvGPp2KuRKX4qt4AaABAg	1
UgwtVPJT9V78cTnkYnR4AaABAg	1
UgwtVgjGo6eLetNOTCt4AaABAg	1
UgwT-vGGlqspX5Y5xRh4AaABAg	1
UgwTUX8n0dyD5KlZrst4AaABAg	1
UgwtsxAmgQvDRA-sN-B4AaABAg	1
UgwTS6UHByuvHfQd8jR4AaABAg	1
UgwTRUfQXu1MrcD6yPJ4AaABAg	1
UgwtRBu8CKJaSWXjVHB4AaABAg	1
UgwtQRnfqJN3GSbvK4J4AaABAg	1
UgwtqnqCw5cKs5KLRxF4AaABAg	1
UgwTpifnkCig37-r7ph4AaABAg	1
UgwTpA6Nh8RtpVdo3MR4AaABAg	1
UgwtOGTMlB_hmWAmSJ14AaABAg	1
UgwtOCizvgE-0DxRAgZ4AaABAg	1
UgwTnPtAr52YVC9Kg_N4AaABAg	1
UgwTMgxDIcos12cT9Jh4AaABAg	1
UgwTLg1f44SsJisWuCh4AaABAg	1
UgwtL2-PJYtTDLoZ4-h4AaABAg	1
UgwtKSkHoYltGC8uIuB4AaABAg	1
UgwtJBTJ-qFHiUiBQoF4AaABAg	1
Ugw_TiEL8FeofFOR7kR4AaABAg	1
UgwthJ0NCcaKFmtvOj54AaABAg	1
UgwtFZrWjzXTHDpvVuF4AaABAg	1
UgwtFWKO9tYp1h7Lj-d4AaABAg	1
UgwTFRDPVJX4aOU7TFF4AaABAg	1
UgwTFp1I80xQD6tTirx4AaABAg	1
UgwtfOa4AH6zBLCcLxx4AaABAg	1
UgwtFhdqmiLtdH9mOO94AaABAg	1
UgwtF4fl8P-pV7R8aOp4AaABAg	1
UgwtE37PjRveJtE4g6F4AaABAg	1
UgwTDsnDU1owLJI634d4AaABAg	1
UgwTcvIw6xA9F7JU50l4AaABAg	1
Ugwtca9QENBISJYD-5p4AaABAg	1
UgwTbCbpeE5uLipuvJl4AaABAg	1
Ugwtb7SsJc44AUB7vHV4AaABAg	1
UgwTATeD0TWtdafsy7p4AaABAg	1
UgwTaqqOjZWHtuepsQ14AaABAg	1
UgwTAobrGGsYTUhHtqt4AaABAg	1
UgwT9mPM1AMbhhzT-wR4AaABAg	1
UgwT8F7YjG-MrK_w7tF4AaABAg	1
Ugwt71L4hfpXvSX2gLd4AaABAg	1
Ugwt5CTq70kOEajkJEt4AaABAg	1
UgwT3RNtBNrlyFGCNOB4AaABAg	1
UgwT2S4p6HXXvDEn89t4AaABAg	1
UgwT1T8NTdZoyPZwWAt4AaABAg	1
UgwT1NWJR9yt4azM_cx4AaABAg	1
Ugw--T1eYBRA74VXbOl4AaABAg	1
Ugw_T0tXnXo_ZkeO3-Z4AaABAg	1
UgwSzLAz9mvl1HFDmWh4AaABAg	1
UgwsZC7S7XkeUyKwknd4AaABAg	1
UgwSyZfxHyLUpEFh2614AaABAg	1
UgwsyTkSCBkVyeGRyjJ4AaABAg	1
UgwSwWksWmO1qjif9jB4AaABAg	1
UgwSurlPWDK0gVxeq6B4AaABAg	1
UgwSuIlR7Hko3B_We4h4AaABAg	1
UgwSu83ZvErX0oaau094AaABAg	1
UgwsTQlMg3dzQMIlzut4AaABAg	1
Ugw_St5MLA4bNA3UjwB4AaABAg	1
UgwSsyrSA6okC1ecvX14AaABAg	1
UgwSsqAZ5w4G9inoBTl4AaABAg	1
UgwsSGQPVVzuWUpUYQh4AaABAg	1
UgwSRyqOaB9K6Ymoae14AaABAg	1
UgwSRjzgCDt15Xu3H7t4AaABAg	1
UgwSr41Sxad2oEXQI6V4AaABAg	1
UgwSQU75IUJpqojk--l4AaABAg	1
UgwSqsV-aWih0ikn_NJ4AaABAg	1
UgwSqig_jbos6D4-zoV4AaABAg	1
UgwsqbaiO-Iza7S9Dvd4AaABAg	1
UgwsPXP_G39rxcoUvz54AaABAg	1
UgwsPTSsBnFhxz4IcCp4AaABAg	1
UgwSPOv1KF0-UTHi6wR4AaABAg	1
UgwsPLXzBtGUHdE_bx54AaABAg	1
UgwspdoZNKcaqWtTMA54AaABAg	1
UgwsOYV0DCACMJ11g-J4AaABAg	1
UgwSoiA_TXaKQwFktX94AaABAg	1
UgwsO0z5D1Fm4tdXMiB4AaABAg	1
UgwsnkfgVYgnXaE0CQZ4AaABAg	1
UgwSMLmpsmEzKvshmwZ4AaABAg	1
Ugw_SMENinda4niEP1B4AaABAg	1
UgwSLVWSn30Ws6EsDn54AaABAg	1
UgwsLFudpcm432V6Cfh4AaABAg	1
UgwslF9m7nJf0IrCAR54AaABAg	1
UgwsKZjt8gedKWCyigJ4AaABAg	1
UgwSKGm05YPcLdtptu14AaABAg	1
UgwSJWO_iw7EYWXxaXx4AaABAg	1
UgwSJuSRnRoUyQoTMDB4AaABAg	1
UgwSJupZzXfEo0ZL_fp4AaABAg	1
UgwsjNnLqEDkm8UQwOp4AaABAg	1
UgwSir-ukBgJSityTj94AaABAg	1
UgwSI225378kSQt16ll4AaABAg	1
UgwsHpd4XwDPVWtYyhR4AaABAg	1
UgwSH8BTq6Yrnn5DO2Z4AaABAg	1
UgwSGL4OC4vU4U5P-a54AaABAg	1
UgwSgk-D8TW5k7MCaJV4AaABAg	1
Ugw_SG5QOnoSM6HZU8B4AaABAg	1
UgwSfz-nGbDAQuyMtzp4AaABAg	1
UgwsFudpH99IMuPd7sR4AaABAg	1
UgwsFTppb4YHqKVEX7t4AaABAg	1
UgwsFL4travkoVfgQM94AaABAg	1
Ugwsfg7WcMhUMXkEho54AaABAg	1
UgwsFepLxRSZaLj146x4AaABAg	1
UgwSf5j_sulkL2qJtuB4AaABAg	1
UgwSeYzwEHSNssO3SHN4AaABAg	1
UgwSeOjmMPCWSwG5MMB4AaABAg	1
Ugws-DU9Zb7TnIPeVb54AaABAg	1
UgwSd2dqigp9COnRJDZ4AaABAg	1
UgwsCwzOiDbN3kEpz0J4AaABAg	1
UgwscNbX4cmwJDEeV_Z4AaABAg	1
UgwSCA___hajI7fiseJ4AaABAg	1
UgwSbM6a4eBDJbNxsp14AaABAg	1
UgwSbl4L1-nl0gscSXF4AaABAg	1
UgwsaA1O8K-0zldVIh14AaABAg	1
UgwS91EzdfJq1MYlf9d4AaABAg	1
Ugws8_yl4DWLgXRp_JJ4AaABAg	1
UgwS78mg3Pn3QujsUfx4AaABAg	1
UgwS6P6i24J3StG78NJ4AaABAg	1
UgwS6bMcCpSW88O6_Vt4AaABAg	1
UgwS66EqsAOMahIyAYV4AaABAg	1
UgwS565nS2PMJHdSpIp4AaABAg	1
Ugws4Q8S5jAe2pTxcDR4AaABAg	1
UgwS4KAE9BYL2MdyRBp4AaABAg	1
Ugws46eOoI9Y_tlQYdZ4AaABAg	1
Ugws3NBcHDInHlNf7nZ4AaABAg	1
Ugws3JIw--TjM6T_TAh4AaABAg	1
UgwS2aQ6r_kPlUPYLvd4AaABAg	1
Ugws1sSrUR6Ayu2yQrh4AaABAg	1
Ugws1f-nAABVkvM4AFt4AaABAg	1
Ugws0RVR9wHSfF-9F-t4AaABAg	1
Ugws0_laGTD5KiWDQxp4AaABAg	1
UgwrZWqcnM8zM6nYfhl4AaABAg	1
UgwRzgwENhD8mcSwk6F4AaABAg	1
UgwRYKdx5-RFzQOjlVh4AaABAg	1
Ugwry6k3RYptoo2B83B4AaABAg	1
UgwRX0VKiyrqHga5lb54AaABAg	1
UgwRWYCH2b2opUeV0s14AaABAg	1
UgwrWaMSQo5G3nwctCp4AaABAg	1
UgwrVwTUg8Iokm9tJvd4AaABAg	1
UgwrurpzVvRlfe9na0d4AaABAg	1
UgwrSxKnfw6oHVpU6hR4AaABAg	1
UgwRSVG2I6s3XgF8ljl4AaABAg	1
UgwrSdxn6aeninIVkWJ4AaABAg	1
UgwRRwFOGzzh-j1aZGt4AaABAg	1
UgwRRtoD-DfeQHl8zlp4AaABAg	1
UgwRRJv9Y8VQVU4Qd0x4AaABAg	1
UgwRrAKROfVFITzbbx54AaABAg	1
UgwRr3kG2SN9nAp-oSV4AaABAg	1
UgwrQsoSpDlmJdYtPqh4AaABAg	1
UgwrqlrdMxbTb4YfvQl4AaABAg	1
UgwRQBYl6vPtr_rwbWR4AaABAg	1
UgwrPyXdPVNoT534cB14AaABAg	1
UgwrOQGR0oSiueLfZhZ4AaABAg	1
UgwrOIVwA_1EXKc38rl4AaABAg	1
UgwrodUxQ4wo_KRn5D94AaABAg	1
UgwRo6w50vaSuNHLoax4AaABAg	1
UgwRo5VhdxDgv3OYCRt4AaABAg	1
Ugwrnre2ZcBnJxd05Bx4AaABAg	1
Ugw-RNH9GhC2W2IVTl54AaABAg	1
UgwRMuqFQlbZySTv-OB4AaABAg	1
UgwrMkUJsIeDpL9t8Lp4AaABAg	1
UgwRM-DRGSGbmbvUnxB4AaABAg	1
UgwRLyQTd8jizYB_azd4AaABAg	1
Ugw-rlXW75MmT5CfvxN4AaABAg	1
UgwrllVYwHtUdeyGXYd4AaABAg	1
UgwrlhE7-sTglNrDGqx4AaABAg	1
UgwrkKT3CrtGwmR87IN4AaABAg	1
UgwrHQ38UCHf4n-CYpZ4AaABAg	1
UgwrhIAK_45bmpg0BMx4AaABAg	1
UgwrGuM59qdS38KL_et4AaABAg	1
UgwRGQGRQ0YcLCfW1Nt4AaABAg	1
Ugwrg-dy97al-FBHxgh4AaABAg	1
UgwrfA3Z7H9DCwRxMHF4AaABAg	1
UgwReBeFYNw9qnhTmgN4AaABAg	1
UgwrdzeLCCd63mKtnyJ4AaABAg	1
UgwrDHCbPVwciG0aV_54AaABAg	1
UgwRcQHeN5s26fvthmN4AaABAg	1
UgwRbZNRV_PJhR3YAL54AaABAg	1
UgwrBr4xbE26yG4QeSh4AaABAg	1
UgwRBp8TXJHIZBDSU0x4AaABAg	1
UgwrB8ML2-D8jmzsLux4AaABAg	1
UgwrAzcmukedMQ8zTyV4AaABAg	1
UgwrANCQCI_aoFM0o3Z4AaABAg	1
UgwRaeNqNBOredS7BLF4AaABAg	1
UgwrA4jeod07wVGJ8yN4AaABAg	1
Ugwr9DMH5pTo5oJ4LLZ4AaABAg	1
Ugwr9B6ufFm85KxOZvh4AaABAg	1
Ugwr98HE2iLB1POEoQx4AaABAg	1
Ugwr7AHB-BrDqzU_rHh4AaABAg	1
UgwR76sMWlRXX7LK9VJ4AaABAg	1
Ugw_R6xcvb9k5tkq40t4AaABAg	1
UgwR3jfSzydWTNf0GaN4AaABAg	1
UgwR3E4DCHubfMOXCJt4AaABAg	1
UgwR1mnTyYNOJrGh2CR4AaABAg	1
Ugwr10aet6bpUgghRiV4AaABAg	1
UgwR0iecVBg9EISn-sR4AaABAg	1
UgwR075_5zmI7lF77qh4AaABAg	1
UgwQZRU-1aF-8InnhmF4AaABAg	1
UgwqzBFLbWaCFm4QeEN4AaABAg	1
UgwQxYJtznhyKyfov2x4AaABAg	1
UgwqxRkWPmpNXcKCYnV4AaABAg	1
UgwqxkiHchb0kZ6FH3J4AaABAg	1
Ugwq_XF1G-PghtP_xV54AaABAg	1
UgwqWAPGuuMtkJ7srmt4AaABAg	1
UgwqT-4yUM9U8OQe64d4AaABAg	1
UgwqSwkY6crby4NX8BN4AaABAg	1
UgwQSl6go0HDSjbpes14AaABAg	1
UgwQsDrrjLzwcdWqDlV4AaABAg	1
UgwQRzMRu-ggw4ZcCgV4AaABAg	1
UgwQrkjAb6A36ho56m94AaABAg	1
UgwqrGx2UZyl9SkDaKl4AaABAg	1
UgwQr8lAIAqUb2JbJWp4AaABAg	1
Ugwqr7mUqC-R4t4plCd4AaABAg	1
UgwQpPRz-nqXo0MNHLV4AaABAg	1
UgwQPNGzi-wMMjUNdqt4AaABAg	1
UgwQpeBZXWamWZml-sl4AaABAg	1
UgwQO67pF2Ot2qEukZN4AaABAg	1
UgwQNLtj9okcaivpMTx4AaABAg	1
UgwqN9FQRuxy_v7jerF4AaABAg	1
UgwQN_37joPT9hwxh0t4AaABAg	1
UgwQlUbh0V1tk6tNaq54AaABAg	1
Ugwql_JjphZBR5LVZGV4AaABAg	1
UgwqkxTrSZF4IzOWZbp4AaABAg	1
Ugw_QKo7SERdIZzvdlx4AaABAg	1
UgwQKHK6zXkLnfBaEi54AaABAg	1
UgwQk1hsogM6R2QQzol4AaABAg	1
UgwqJXW0tMBxkn4w56F4AaABAg	1
UgwqitXJ7u4RESqxqP14AaABAg	1
UgwQIlrhCeRXvFcSsSt4AaABAg	1
UgwQIIz6zOhvKqJaBJZ4AaABAg	1
UgwQi8igyOpDKa7PWk54AaABAg	1
Ugwq-hn9Cr3FCnHbK9Z4AaABAg	1
UgwqHEDZWrF_YxMwioB4AaABAg	1
UgwqGqtiT-jfPNNbaIp4AaABAg	1
UgwQFEG0Ypurrtoq5Td4AaABAg	1
UgwqF6L6Vp40X71kl2d4AaABAg	1
UgwqeTSVRkrg2GGuvvN4AaABAg	1
UgwqebS5xXHcVxy5rM14AaABAg	1
UgwQEBm08EqP32tjhdx4AaABAg	1
UgwQd5VO8IhGnI4wC8J4AaABAg	1
UgwQD0UjwcNeAuvd2-54AaABAg	1
UgwqctzlCNwbIQv2BJx4AaABAg	1
UgwqcJYqU90qVX4rt7F4AaABAg	1
UgwqbfpntEK9Jc34KIN4AaABAg	1
UgwQaVMDMJcow4vUFH14AaABAg	1
UgwqaADVsaWVYudKJFN4AaABAg	1
Ugwq7W2pLnlyl2FvthZ4AaABAg	1
UgwQ6zls00RH6bTt27Z4AaABAg	1
Ugwq6Xcqe2rQ7rKPzG94AaABAg	1
Ugwq6BClfXhFGhTFpp94AaABAg	1
UgwQ5hoI3lPZqpRACyp4AaABAg	1
UgwQ4O1QGRvt_K1dVP94AaABAg	1
Ugwq43D3i4M43GntG_14AaABAg	1
Ugwq3slsa9oryTaaocN4AaABAg	1
UgwQ3a_sA4W1gwPOHld4AaABAg	1
Ugwq1731rj2v4Qo2pol4AaABAg	1
UgwPzwlF0uZf1HVm_UB4AaABAg	1
UgwP_ZAX9lM7MPtnvI94AaABAg	1
UgwPyxpC3q_atch9kKN4AaABAg	1
UgwPy-w3uOJEd3GO2Fl4AaABAg	1
UgwpxRxOKhewNbVNwO94AaABAg	1
UgwPxNOpJ0atsEBT37h4AaABAg	1
UgwpudE21bvPkRkN_a14AaABAg	1
UgwpT_91bq_UGlDSguZ4AaABAg	1
UgwP-rVtOp5VLPa_X6h4AaABAg	1
UgwPr_3BuN9cwGunFQ14AaABAg	1
Ugwpq6jsEXOpT_hed5p4AaABAg	1
UgwPPYXDVU5Qxep_PdJ4AaABAg	1
UgwPOtOvLKZWd5Dugjd4AaABAg	1
Ugwpoqvp3Aan_ekCi3x4AaABAg	1
Ugwpo6NkQIfzbIoa86V4AaABAg	1
UgwPO5sAGqVsDEKFFFx4AaABAg	1
UgwP-nvwIBMAZzkZpUp4AaABAg	1
UgwpNhIWl1EI_jqUn3Z4AaABAg	1
Ugwpmyr3NXHl7WTdDJd4AaABAg	1
UgwPmvXkTCrvHaL1kzV4AaABAg	1
UgwpmUZ_U8GzQ_qMh4Z4AaABAg	1
Ugwplo3IGzkxs1K2RF14AaABAg	1
UgwpkKSRXiEQVZG_YVN4AaABAg	1
UgwPkIbgYqeaIEb-rul4AaABAg	1
UgwpJaK636kpvGlq-OB4AaABAg	1
UgwPELjwrkUitxxCH4l4AaABAg	1
UgwpEe6weZhNFr-vY8B4AaABAg	1
UgwpDQyN_8KZ4ygBUwt4AaABAg	1
UgwPDnZwxdM4h_wxTa14AaABAg	1
UgwpDdt9jD97Eo9osgJ4AaABAg	1
UgwpCt4583fYoDFoOOJ4AaABAg	1
UgwpcsifzIK9Sdqi2ZV4AaABAg	1
UgwpBUPXwss6YlM7qsd4AaABAg	1
Ugw-PbMn4e5vkbtlfm14AaABAg	1
UgwPb-KocB5k2xiE6VJ4AaABAg	1
UgwpbA4EsM8ihbJf6mZ4AaABAg	1
Ugw-PA9Lv0rz_-abZ9V4AaABAg	1
UgwP9pFmmEG9l-ve-l54AaABAg	1
Ugwp8_1skYSynp3Eo_B4AaABAg	1
Ugwp7KV3tNXHrjepUW94AaABAg	1
Ugwp7-hQzdXwEreTqgZ4AaABAg	1
UgwP4c5bgqK8VX8SShd4AaABAg	1
Ugwp3FAo4FNkxAtHARp4AaABAg	1
UgwP30xIkdx0wcKpv8d4AaABAg	1
UgwoZXehi1VGwBaR2RV4AaABAg	1
UgwOZNgq5y1aadBku694AaABAg	1
UgwOZlmzrsRriSMjSEZ4AaABAg	1
UgwovXI3YIyXNcVxXL14AaABAg	1
UgwouPRtDDfLEVypc314AaABAg	1
UgwoU3wMSmVnZP7qk6x4AaABAg	1
Ugwou3Tr4gvePu4HJtF4AaABAg	1
UgwOTQnil6mpb-VKye14AaABAg	1
UgwOt3HLcj2vJXSdcxR4AaABAg	1
UgwoSsuhdu16Bc5rZ914AaABAg	1
UgwoRybLMQ-YYIb3xbJ4AaABAg	1
UgwORcYlp4_J9S7bBVJ4AaABAg	1
UgwoQMcaCEb_kxGVZRB4AaABAg	1
UgwOQe0FqJqq14nTwvt4AaABAg	1
UgwOnZ_5DRIO5N-h18R4AaABAg	1
UgwoNX8Df4lw5EHiqAR4AaABAg	1
UgwOMRPfpYyfps6oqeZ4AaABAg	1
UgwOmL0yMBMzHhMhih94AaABAg	1
UgwoLhskytHOrF7KpZN4AaABAg	1
Ugw-o_Kz_esg7dloz_x4AaABAg	1
UgwoKEi0lTojMnezP454AaABAg	1
UgwoJs8T8Ao8-57Tl814AaABAg	1
UgwOIrMAwGDtXgGgNKZ4AaABAg	1
UgwOiGGHxwHZQCgPrqt4AaABAg	1
UgwoGqQiY_1CQcR_4pZ4AaABAg	1
UgwofSHWVgJULNwuodV4AaABAg	1
UgwoFH-LPuaEMhMoQL94AaABAg	1
UgwOFfmxXdtvMnhO0fV4AaABAg	1
UgwOEZ6SBS_huL4qUkx4AaABAg	1
UgwOExANCk1Ul24gKRR4AaABAg	1
Ugwoe6XzntU5dsF_nLV4AaABAg	1
UgwoE132wfA5sfq50wt4AaABAg	1
Ugwo-DbfeoKnKZS65WZ4AaABAg	1
Ugw-od8he-qUAsBoADV4AaABAg	1
UgwOB1nLQP82sV4TkM54AaABAg	1
UgwOaUBODg8zyyZC4814AaABAg	1
UgwOacIkKAqbMc-dcnJ4AaABAg	1
UgwO8zZQEse5halvwfd4AaABAg	1
Ugwo8vcXWYJJq5AHZMR4AaABAg	1
UgwO8MqHzPJE9OczjMB4AaABAg	1
Ugwo7tP5EOXwfQZN44l4AaABAg	1
Ugwo6WIBchxBfXCBN2d4AaABAg	1
Ugw_o6k9Y4FJasK82DV4AaABAg	1
Ugwo-6CvWKxfXVkTqjV4AaABAg	1
UgwO50bQt7TmyvpQhtx4AaABAg	1
Ugwo3_ABZcgDs-nnA2J4AaABAg	1
UgwO1W5RRjrWvZhMwVd4AaABAg	1
Ugwo1fGoYtZAX3lfyvB4AaABAg	1
UgwnzepkEBepOiOFPD94AaABAg	1
UgwnZDggRsf9lMK1gB94AaABAg	1
UgwNZAZEEGeYVsNM-xZ4AaABAg	1
UgwNZ9yRicJ_hpmVR2J4AaABAg	1
UgwnYqtv2SlmI9jweE94AaABAg	1
UgwnYeJVSpg9uYkUOh94AaABAg	1
UgwNYcr-jbicnoyRHEl4AaABAg	1
UgwnxvZpoGx-FiJXLI14AaABAg	1
UgwnXhsju1jXS5AZJ7t4AaABAg	1
UgwNXasnjnVH0K1tZLt4AaABAg	1
UgwNwqufll-axiPMp5l4AaABAg	1
UgwNw7-gRj6N4yLORwR4AaABAg	1
UgwnvZSlX8iAGSSv6yh4AaABAg	1
UgwNVZ62WENDmhVXyoV4AaABAg	1
UgwnvVxCv3X0txEblIJ4AaABAg	1
UgwnvInGx1TFAMofLZp4AaABAg	1
UgwnvfCK1npYaFuuo7F4AaABAg	1
UgwNvdO9g6k9k7tEleF4AaABAg	1
UgwNV4pgaSOLUYOvmbZ4AaABAg	1
UgwNUwI1MmZoVg6BBjh4AaABAg	1
UgwNuIorgIzyXXEL3KN4AaABAg	1
UgwNuDPP_GKXQVozJ614AaABAg	1
UgwNtTZIUvAtmIy0DFd4AaABAg	1
UgwNTGo-e4m7KVePRzx4AaABAg	1
UgwNSUPwI_SjEZDcDip4AaABAg	1
UgwNS0qIpyvFerNio4t4AaABAg	1
UgwNRLFa-Q6Ic9SbvRJ4AaABAg	1
UgwnR0_UNs1kTRMMGd54AaABAg	1
UgwnQrrGDOdnLdOq5X94AaABAg	1
UgwnqK5Vi-eb3olo5aB4AaABAg	1
UgwNPUpHd2wivTybfql4AaABAg	1
UgwnoRcivmxcgcQcehp4AaABAg	1
UgwNN2Xv5_clqhM-PNp4AaABAg	1
UgwnMZLpxUkXozzM2CZ4AaABAg	1
UgwnLFw2p_bdAtxAaep4AaABAg	1
UgwNJKaqRwuMLf485694AaABAg	1
UgwNJH89_SZkC25Q1ih4AaABAg	1
UgwniwnIkYfHbdwyNB94AaABAg	1
Ugw_niMQnmlNSv0Jshx4AaABAg	1
UgwNIlfo_H8mZpeKidx4AaABAg	1
UgwNHmWUWiWDWvsK6Sx4AaABAg	1
UgwNHgxybzxglUhBsG14AaABAg	1
UgwNgwTOhvuJQkRPpTB4AaABAg	1
Ugw_nFXrWjm2kuGRNBh4AaABAg	1
UgwnfkJlyqnVpAalSxt4AaABAg	1
UgwNff1IWQnmZeioCGd4AaABAg	1
UgwnD_Hv9AapH68Oqo14AaABAg	1
Ugwnd8dAT3ZXzdTtAch4AaABAg	1
UgwnaqDw9g4mE0218bd4AaABAg	1
UgwNa8GUyIk_hVqtSc54AaABAg	1
UgwNa2-01dagFu3HVJt4AaABAg	1
Ugwn99Fp7IP5YB55Ce14AaABAg	1
Ugwn84Zo-EHg3WmTYAt4AaABAg	1
UgwN6EXIbmZN0Gkq4Vt4AaABAg	1
Ugwn5VvMv29E1RB8SiZ4AaABAg	1
Ugw_N4wfkKYuy860cr94AaABAg	1
UgwN4c7B8YIIkDb9_Z14AaABAg	1
Ugwn3gS-B0jVO-6TnxN4AaABAg	1
UgwN396FAn1DQUo48RF4AaABAg	1
Ugwn0Qh7Dshf07MrSUF4AaABAg	1
UgwN0ibqlsZcOpMBY9d4AaABAg	1
UgwMzI5It2LzPkXO2H54AaABAg	1
UgwmZF297mEo1QnzCnN4AaABAg	1
UgwMYK9PGEOHb3lH8Ud4AaABAg	1
UgwMxzo76qlhtb8EHVJ4AaABAg	1
UgwMXiZvIiHqzweo5R54AaABAg	1
UgwMxGSQWHOnUtyg0-54AaABAg	1
UgwMxgfsgpJ1QtlsrRZ4AaABAg	1
UgwmXcO0g2BC-r6fdmh4AaABAg	1
UgwMWLd2oNwB47Pl7n94AaABAg	1
UgwMwfKSqM7lTS7duZx4AaABAg	1
Ugwm-W0wBTOmBnHvmAF4AaABAg	1
UgwmvVl24TLiNc9K_5p4AaABAg	1
UgwmUh8NfEJBJSU3e0R4AaABAg	1
Ugwmu8fhnReN9SorF4J4AaABAg	1
UgwmU5ozkwXh4_w5HJV4AaABAg	1
UgwMtGGg7ILRqWIDXaJ4AaABAg	1
UgwMTFL8zyIAFbCxa-R4AaABAg	1
UgwMT07G9cKqQ_mLB8Z4AaABAg	1
UgwMrn4ZytIPhwNllFh4AaABAg	1
UgwMRlCfsAqLSKOZf-94AaABAg	1
UgwmRkGvdmfdPm5IMHJ4AaABAg	1
UgwMriy3ea_qxu9WZj94AaABAg	1
UgwmrDTMk9GnKTM6IX94AaABAg	1
UgwMR7RIlq3zk3zEaaJ4AaABAg	1
Ugw_MQkpaDGdVGSaW1t4AaABAg	1
UgwMQ53-vQSIkbF4QvJ4AaABAg	1
UgwMPsFGjPbs0okuX6h4AaABAg	1
UgwmpP7Ta2u5PahHDMl4AaABAg	1
UgwM_--OBuyhbFAlVFV4AaABAg	1
UgwMnua9l-SrUmo3h9Z4AaABAg	1
UgwMntz__tJMhyh9IRx4AaABAg	1
UgwMmeMHfl22HWzoOZx4AaABAg	1
UgwMLyVSfsJFoyWlstR4AaABAg	1
UgwMlThwM9wrAihJF-l4AaABAg	1
UgwMlS2sP43BBXkIpwF4AaABAg	1
UgwMLlXvQYc12PpmPM14AaABAg	1
UgwmLfd0oHFHTXgG2fd4AaABAg	1
UgwmKM_dCLjAcQIKDXh4AaABAg	1
UgwMKDkm7wgiwI6w1GR4AaABAg	1
UgwMIjyk7fFbrSk6K8p4AaABAg	1
UgwMHwaBjyah7ztlM9Z4AaABAg	1
UgwMGhV52F54zablGF54AaABAg	1
UgwMgciNeutzO1fvJoV4AaABAg	1
UgwmFlCwOSbPSNN-2p14AaABAg	1
UgwmFKpm4jycZPn6Ip94AaABAg	1
UgwmFESias1JKm9KRtl4AaABAg	1
UgwmewlsrVJggB04fpt4AaABAg	1
UgwMEpRYyZw45-ehxJ14AaABAg	1
UgwmDse6zxkgz_loNnR4AaABAg	1
Ugwmd8LMU-krFf1D3t14AaABAg	1
UgwmCjnIW7fhXBZLOjZ4AaABAg	1
Ugwmc-3D55DINgufzN54AaABAg	1
UgwmC1Xqn3VhOrRASWB4AaABAg	1
UgwMBTizGhhxVQqdqTN4AaABAg	1
UgwMbSZiM3TqblAbLMZ4AaABAg	1
UgwmbKK_1XnwXjZM0gx4AaABAg	1
UgwmAYR12V425Rx3aQZ4AaABAg	1
UgwMal3ivKi_PufzRDt4AaABAg	1
UgwMAji1iNkDuH47bvR4AaABAg	1
Ugwm8ioE6FEAK4tLVD54AaABAg	1
UgwM5VnHnr78XmfnpdN4AaABAg	1
UgwM3_ZShy2VfsxksbN4AaABAg	1
Ugwm2BqXHXmRHtsS2z94AaABAg	1
UgwM23D_Y0YElZd1ZkJ4AaABAg	1
Ugwm1GBNp5_eUafWNIR4AaABAg	1
UgwM0vx73h4pT8-3WH54AaABAg	1
Ugwm08-Ihi4zq_EofOl4AaABAg	1
UgwLzXcCWp3zFWinS7t4AaABAg	1
UgwLzVs74wvNmAbdFr14AaABAg	1
UgwlzBOXuyNJ2hOSPlR4AaABAg	1
UgwLxu6bezIo1Ub_AAJ4AaABAg	1
UgwlxPHoKDA3F62UrKV4AaABAg	1
UgwLwMM6-zNe8KWqwxJ4AaABAg	1
UgwLw0OMtf7KGfGpXAB4AaABAg	1
UgwlvzlsyRessTURMMd4AaABAg	1
UgwLvwFMLAixxSbJ1914AaABAg	1
UgwlvemIFQxijDqLxxh4AaABAg	1
UgwLUSr8WU7Q2_0ALOZ4AaABAg	1
UgwLU45Va6H3PROUQnN4AaABAg	1
UgwltQTOnCLI8QJEOWt4AaABAg	1
UgwltBgOcD2LHrij9nB4AaABAg	1
UgwLsvTxXQeeXHOsR1F4AaABAg	1
UgwlRsLs8kzneOKX86N4AaABAg	1
UgwlRDZqhHbJrzNJMVN4AaABAg	1
UgwLQPGCFbLyoX3abD94AaABAg	1
UgwlQhv2lX-0GHSAXlJ4AaABAg	1
UgwLPwYUBpJ4lKoQMkN4AaABAg	1
UgwLPTmEmYcs0ke1P2N4AaABAg	1
UgwlpJBNAgLelCabuyd4AaABAg	1
UgwlpERgzAZbTMisN-d4AaABAg	1
UgwLp3mq47Aw1OB7v0F4AaABAg	1
UgwloT-aTJF44iuZzLJ4AaABAg	1
UgwLoOL6nKIH2qyf4QZ4AaABAg	1
UgwLObSYgSMdpPkLPKV4AaABAg	1
UgwlOBBKJSa5AZ_I5rR4AaABAg	1
UgwlMyXtQDbVZyk36nh4AaABAg	1
UgwLMwXIVCvGC5eNri94AaABAg	1
Ugwlm7gwTdRbHmnk_Rl4AaABAg	1
UgwlM0kroEv9VEqj_CN4AaABAg	1
UgwLLhzVDvTnQ9k6LqN4AaABAg	1
UgwljrdK9mmq5iYDORB4AaABAg	1
UgwLjfJzvKz-ZcBmKXZ4AaABAg	1
UgwlisQuPqtyyxhkxsF4AaABAg	1
UgwlIAb3qCEnxeo74RF4AaABAg	1
UgwlH07rxtN9TzIaDRp4AaABAg	1
UgwLGP1U5CM-g9vDDut4AaABAg	1
UgwlgNZVUF-tgBALXNl4AaABAg	1
UgwLGNR4Rcx0JqvneVJ4AaABAg	1
Ugwlgh3NoB0iOlD_z5B4AaABAg	1
Ugwlfy-lnGsxgfJHJu14AaABAg	1
UgwlfwIY8FMwu6NS_IV4AaABAg	1
UgwlFs2DpQ0ZJbceutl4AaABAg	1
UgwLFMKQOxaTl-Fda7Z4AaABAg	1
UgwLEeTFxfRS3TUcpXF4AaABAg	1
UgwldtBT2HOjtOoYMiJ4AaABAg	1
Ugwlbk4KJS99jy0EDYd4AaABAg	1
UgwlbJCJ9yZL1eyV_9Z4AaABAg	1
UgwLa_0KFD5MMECcEm94AaABAg	1
UgwL9xz-whBmSS-4X5d4AaABAg	1
Ugwl93inmYop-LPW8HF4AaABAg	1
UgwL8vx1oaqIBYW6KDZ4AaABAg	1
Ugwl8kYiBSqqboa8Nqd4AaABAg	1
UgwL6bYVyShzTqUEbc54AaABAg	1
Ugwl5FOXPGygfQSQ1lp4AaABAg	1
Ugwl27u25VG2QakMF4l4AaABAg	1
Ugwl0j8nvyPxrvtupjV4AaABAg	1
Ugwl_0D_q-V9MDfTKg54AaABAg	1
UgwL07qtpWkjI2wfCIx4AaABAg	1
Ugw_kZZYoEM4OcaiG7N4AaABAg	1
UgwkZO_KCLfDz1lHqwd4AaABAg	1
UgwKzd5Hr0mfuCrFEdd4AaABAg	1
UgwKYufXCwrkjG0eJMN4AaABAg	1
UgwkYrW8fyi-C-3qjQ54AaABAg	1
UgwkynDrIYw5It2PC2t4AaABAg	1
UgwKyJdbTCy631z7MVd4AaABAg	1
UgwkxwfQ6lnuDo_hx5J4AaABAg	1
UgwkXcdG7bamTkGQdoB4AaABAg	1
UgwKXbLbdSlIVNXoZ_x4AaABAg	1
UgwkXAUpRGqdcgOfoLN4AaABAg	1
UgwKwvjUSqs3DQTemQp4AaABAg	1
UgwKwGDlvJl4Wj05DRR4AaABAg	1
UgwKwD8Gj7tbrOaeijh4AaABAg	1
UgwkVWhfxV1PkFpexHZ4AaABAg	1
UgwKul1gGmOL1XzAh814AaABAg	1
UgwkTfeMJvGgXj2UspV4AaABAg	1
UgwKszrjSBvbSZaEM3J4AaABAg	1
UgwkS5pnMPkndT3dZfl4AaABAg	1
UgwKRRqElzujNL9_GcN4AaABAg	1
UgwKRGiRYz1T-ucOQrl4AaABAg	1
UgwKQQ4cobAjPE0ciX54AaABAg	1
UgwkpTFmHEydX2yYzpp4AaABAg	1
UgwkOycbl1orz6JbxiB4AaABAg	1
Ugw-kOb49lIbAzuD99h4AaABAg	1
Ugwko9sBE31efUVvuq94AaABAg	1
UgwkNt6O7AH63qXky9F4AaABAg	1
UgwkNo3-XOLOnmOXylZ4AaABAg	1
UgwKnAGstUSVSasYwuN4AaABAg	1
UgwKN0Uy8jKgyw1pZbN4AaABAg	1
Ugw-kmYEKQxya-G0mGV4AaABAg	1
UgwkmtzO0f9y6wsXATl4AaABAg	1
UgwKmOvGoI-2DCNxOiN4AaABAg	1
Ugwkmo49ceSnGtR4UlJ4AaABAg	1
UgwklrmvxbkmPS--ezR4AaABAg	1
UgwKLPr8JuxB0Qga4BN4AaABAg	1
UgwkLeSuNmnmAANQ9CF4AaABAg	1
UgwKl8Rv2TqYLCDLSnF4AaABAg	1
UgwkknYGHojaOe8O2jp4AaABAg	1
UgwkjRB40fI4zu1twoh4AaABAg	1
Ugwki6-RJs318c7I6C94AaABAg	1
UgwKhZdpCIH0SogDgN54AaABAg	1
UgwkhXlEcmpGYzfN4tl4AaABAg	1
UgwKfS1_C5MCvHqg42N4AaABAg	1
UgwkfN2a2_tvGfDQHt94AaABAg	1
UgwkEqr5PF6Oguf1o3x4AaABAg	1
UgwKdfqO1tL9PLtipft4AaABAg	1
UgwkdEd6nqYPTltmUYl4AaABAg	1
UgwKD3X4Ewjf6mLQw3F4AaABAg	1
UgwkCE1KrkIGEiPaz6t4AaABAg	1
UgwKCDhvWJ7Kkw4ljux4AaABAg	1
UgwKBZLRlZeO4qVsEO14AaABAg	1
UgwkBXPj-fAU_EqPYCh4AaABAg	1
UgwKbTkYeFxr8SIhJX54AaABAg	1
Ugwka7o0Z8SgC4i2blp4AaABAg	1
Ugwk7aLjwd_sVFNDXBR4AaABAg	1
Ugwk6jhH_J_oEPDq9kR4AaABAg	1
UgwK5YUr3srXN5ZgRbZ4AaABAg	1
Ugwk5RN92Ee3LfdPg214AaABAg	1
UgwK4JtAFnKvJXu2DIZ4AaABAg	1
Ugwk4IGl1IS9j4PjuDt4AaABAg	1
UgwK0wSdhm-efrvo6B94AaABAg	1
Ugw-JZTIcNC-gHdFBxd4AaABAg	1
Ugwjz_r2a0EsiSmdP7p4AaABAg	1
UgwjzmGofs0f94HglBF4AaABAg	1
UgwJZ5dpgSISgyNa7bJ4AaABAg	1
UgwjYckgFbtkP9fblPx4AaABAg	1
UgwJWu_QwYW_1OnwmLh4AaABAg	1
UgwJwEBtGQ-AcY5_T3l4AaABAg	1
UgwJUzXj2Ik06QKjsnV4AaABAg	1
UgwjumBKLdPenerB6AR4AaABAg	1
UgwjUkGLUbO4XsAzeuV4AaABAg	1
UgwJU4kpaFqyRvYCcdh4AaABAg	1
UgwjtPNQnKe9skBAz8V4AaABAg	1
UgwJSPpaxXqjhZMAzgd4AaABAg	1
UgwJsgv7_9EjD0WPeEt4AaABAg	1
UgwJsGtZuKXPfeBnTI14AaABAg	1
UgwJS6xkYvlqzv9FmRl4AaABAg	1
Ugwjr8k1gMNNXU5clJ14AaABAg	1
UgwjNYkTZ-ExczPqlZR4AaABAg	1
UgwjlEY0kjaZgPmoG794AaABAg	1
UgwJlaW0JnGgAfMbkqp4AaABAg	1
Ugwjl1WAMJ1M3VDP7zx4AaABAg	1
UgwJJoKQNRqP6eW3nXd4AaABAg	1
UgwJjofeb_l4dS_8zfJ4AaABAg	1
UgwjJhHC7PkS_YsGiH54AaABAg	1
UgwJjHBwMlm7GkSxWcx4AaABAg	1
Ugwj_ImFiotrDakRnlN4AaABAg	1
UgwJHWZsFU0bQbqWwBZ4AaABAg	1
UgwJhG4azk3JXeDEbAN4AaABAg	1
UgwJhAvDjEJ0bdFwY2h4AaABAg	1
Ugw-jH8D3bAKreGSjhl4AaABAg	1
UgwJFx7gSXw6tIDXQTt4AaABAg	1
UgwjfuxlaaJvMCyhrJx4AaABAg	1
Ugw-jFjPOSvjHTr7akx4AaABAg	1
UgwjBjtq48Ap0qQxKhl4AaABAg	1
UgwJaE5yv7wd0SIlSnh4AaABAg	1
Ugwj9joYn491iyHeHmZ4AaABAg	1
UgwJ9CtyiywlJN-SR1Z4AaABAg	1
UgwJ8iCSl7fYE1pERIV4AaABAg	1
UgwJ8hSWtBePCHkquWh4AaABAg	1
Ugwj6LKSTttQOU9q8tp4AaABAg	1
Ugwj6gDGLP9o4xNiv7R4AaABAg	1
Ugwj5NjA4QC4LRva1uR4AaABAg	1
UgwJ5lLuIRA6RHxiTmx4AaABAg	1
UgwJ5eDYJS-U44DEWZx4AaABAg	1
UgwJ4qIV500VeJbWAXl4AaABAg	1
Ugwj109WNseRZVI48214AaABAg	1
UgwJ0Uphh9k9NjLmRxF4AaABAg	1
UgwIZth4HAe8zQyz8nV4AaABAg	1
Ugw_izGdaB9l7DeO5S54AaABAg	1
UgwIYvKFDKhFYk5I3h14AaABAg	1
UgwIyiDQdJ6ByjTlH5B4AaABAg	1
UgwiwFE04_FlnJ-VeGV4AaABAg	1
UgwivNalpQdw2ZfquAl4AaABAg	1
UgwIVj7muf7rB_RAF7p4AaABAg	1
UgwIUDjGenMv0KK18MB4AaABAg	1
UgwitOpP8twpBRuRE3F4AaABAg	1
Ugw-itA0olnXxoBZldB4AaABAg	1
UgwIsz9vhI8QYSr9CHp4AaABAg	1
UgwISPcWdl3_YwoccRp4AaABAg	1
UgwIsLLiBkfpY1nQO3V4AaABAg	1
UgwIqxHH9QAm5De3JOJ4AaABAg	1
UgwIqRqcJoqsybKJ5dp4AaABAg	1
Ugwipwvz9DopTV1AvX14AaABAg	1
Ugw-Ip5Xk0Nut6_LiSp4AaABAg	1
UgwiogKTAHzqgl-Kyeh4AaABAg	1
Ugwi-O1qqvuPlg4dMbp4AaABAg	1
UgwinBCQAZa-sKpjXpt4AaABAg	1
UgwImQ7P24-AZWg7SAJ4AaABAg	1
UgwiMAmPgPHBruoRFdp4AaABAg	1
UgwIlfBxEe4Jb_Oz5S54AaABAg	1
UgwikXDiDlj5GONU6b54AaABAg	1
UgwiKrdqvEvGHDhU9gV4AaABAg	1
UgwIk__azhdHDC-ZFeR4AaABAg	1
UgwIIY5T31fe55Llt-54AaABAg	1
Ugwii5pPPsj9DHxhvgl4AaABAg	1
UgwIHay3TfQEw6gsL_14AaABAg	1
UgwI_h1pk5FegDoLX1x4AaABAg	1
UgwI_G6IHuhEPXVpIEl4AaABAg	1
UgwIfWSOWS1CpZA9u4V4AaABAg	1
UgwIfEEo5bwu0a9kbOB4AaABAg	1
UgwIfdhlmVShP8CIUGJ4AaABAg	1
Ugwi-fb9nqAbAhoUVAV4AaABAg	1
Ugwif9HJj50l6nmGVoN4AaABAg	1
UgwiEKfIKQO5l74rCDl4AaABAg	1
UgwIEdjTMW8WTUznLwh4AaABAg	1
UgwiDIzLZjI4FeNi-5x4AaABAg	1
UgwIdCTcrODGrtx-yUl4AaABAg	1
UgwiD7NPIa2awIxUoW54AaABAg	1
UgwId4wECl8K-ypQSKx4AaABAg	1
UgwIahkdjZLDV8sKNDB4AaABAg	1
Ugwi9s83RAztqPOCn854AaABAg	1
Ugwi8-X-WY8qikXFM3V4AaABAg	1
UgwI-7JjVz7gpPUt6Sp4AaABAg	1
Ugwi1fAh47dZhT3Poih4AaABAg	1
UgwHyRtxFS-Yl599lTl4AaABAg	1
UgwHYrhLLGx0R_H0TOx4AaABAg	1
UgwhXpdh5DRE6VX-l4F4AaABAg	1
UgwHWPEvxBqVYFd95SN4AaABAg	1
UgwhwKpO26lP5SgXGp54AaABAg	1
UgwhVSb4uG_EkvcRCyt4AaABAg	1
UgwHvGNcjhKe0idJBdh4AaABAg	1
UgwhUQLpT9yfq4b8BNZ4AaABAg	1
UgwHUJw2VTscTtBovo94AaABAg	1
UgwHUGgX4MU-O0zJYpZ4AaABAg	1
UgwHty2eABJCqwHJmn94AaABAg	1
UgwHTeu-pF_puLxdvF14AaABAg	1
UgwHSxibRHtleZnc92d4AaABAg	1
Ugwhsi-GIFfiwZ1pHhV4AaABAg	1
UgwHscM-hHgStV9H5Jl4AaABAg	1
Ugw_hrqaKGqs2Z4TBd54AaABAg	1
UgwHRpUSesZtYQwJygR4AaABAg	1
UgwHQx_q6oPuHxD58e14AaABAg	1
UgwHQgQYt3NQV-W7PSd4AaABAg	1
UgwHqf6Y7DOohfp6T4t4AaABAg	1
UgwHQ8Ly5q_BCrvXPgt4AaABAg	1
UgwhPCyWv1al6aMDpMV4AaABAg	1
Ugwho3t-XnAKYPJqiMJ4AaABAg	1
Ugwho2xChcZHpyUDe9Z4AaABAg	1
UgwHNRmpHYHfE1Ysazt4AaABAg	1
UgwHm5smM69X2xJ6xwF4AaABAg	1
UgwHlw_P9mEkKY44H4R4AaABAg	1
UgwhlwmxYJvlBkN1I394AaABAg	1
UgwHLOs2VBia3PzYCRd4AaABAg	1
Ugw-hLoP-6kxy2eY-CZ4AaABAg	1
UgwhLIpylzwcluS78q54AaABAg	1
UgwhlDbrZE0tuqmzKdF4AaABAg	1
Ugwhl7VUuUXZg9AnaNd4AaABAg	1
Ugwhk2-BfEEA43vRDP54AaABAg	1
UgwHjqmpYZwxWv2vnP54AaABAg	1
UgwhjI2Mj_--NmimbGB4AaABAg	1
Ugw_hisR_34Mnfd1j0V4AaABAg	1
UgwHhkzp4BoNI4iAY554AaABAg	1
UgwHh3PoGWyn-kZFsnl4AaABAg	1
Ugwhg4qvp2tQgoAw1wN4AaABAg	1
Ugw_HERjzRR9KFuON_N4AaABAg	1
UgwhEJZGobD2XeEvW6B4AaABAg	1
UgwhebbtwoLwaUoMnrh4AaABAg	1
UgwhdIJc4pKpfBFzifd4AaABAg	1
UgwhdgVLMY3KS177U1F4AaABAg	1
UgwhdFJrOxy5oWUxm6t4AaABAg	1
UgwHdFhBmOj6-0GRl4l4AaABAg	1
UgwHDcr8nRMJASd7p_F4AaABAg	1
UgwhCV4Ixyqhf_wTnxR4AaABAg	1
Ugwh_CeoqV3mtVpYRaN4AaABAg	1
UgwhbEjD4jHYUQKSlY54AaABAg	1
UgwHaEOg0TnsBkC4Erx4AaABAg	1
UgwH9jZKM_NVSQbxzGV4AaABAg	1
Ugwh_7VSSoyf287qECl4AaABAg	1
UgwH6RzqYZrsYPvsfVB4AaABAg	1
Ugwh69J-TJspHxvgpwR4AaABAg	1
UgwH4MuUzrHVPkz4ivV4AaABAg	1
UgwH4gSSPFecPKUshCx4AaABAg	1
UgwH2XGUsBHTNJQZxD94AaABAg	1
UgwH1wy-f-xhGh0sQb14AaABAg	1
Ugwh0qpRWs093PNxZ-d4AaABAg	1
Ugwh00VSogcoXxPZ1Vt4AaABAg	1
UgwGzY8cmsTNXDDLrg54AaABAg	1
UgwgZR-yEu4QE-xQowB4AaABAg	1
UgwgZRVSclJ9XB3t_XN4AaABAg	1
UgwGzI2hCThWCUQfmtV4AaABAg	1
UgwGYXLDrRpM0EwtfCt4AaABAg	1
UgwgyVLm3l2dXIPVpd14AaABAg	1
UgwGyqQAa88h9wPsmDx4AaABAg	1
UgwgymV8obAnZJRs_hp4AaABAg	1
UgwgyCE7x6tXBowvy5F4AaABAg	1
UgwgX1X3s8fq_rZJrDR4AaABAg	1
UgwgWyxHxmStLWPRugZ4AaABAg	1
UgwgwGAGkDux2LPmZhF4AaABAg	1
Ugwgv3MJ3SEfh3nRo4l4AaABAg	1
UgwgV1uvQAipSzJkdqd4AaABAg	1
UgwgugQRy2q8fwqrE1F4AaABAg	1
UgwGubKSkJvqSITx0yJ4AaABAg	1
UgwgU45gMK44xqf7LJF4AaABAg	1
UgwgTRbpeoer9nFHkYZ4AaABAg	1
UgwGtiOI69g_ifuf-VF4AaABAg	1
UgwgSssJLhfDjMpGPJZ4AaABAg	1
UgwGsRBZwZhVL2oTvjh4AaABAg	1
UgwgrYcZyAv5HJgqxxl4AaABAg	1
UgwGRw6VX-zRtA0jrwJ4AaABAg	1
UgwGRR94ux-UgsmvDNB4AaABAg	1
UgwgRN4KWACekOOqWEV4AaABAg	1
UgwGR2D78K5BGbx5EYp4AaABAg	1
UgwGqTu5FLAeGqQkX-F4AaABAg	1
UgwgOp19ojRI-WLBz6Z4AaABAg	1
UgwGog61o5R13PoYOHh4AaABAg	1
UgwGnlw-WDZ4g6O_Odt4AaABAg	1
UgwGn8d3AIxtUGu6CQN4AaABAg	1
UgwgM5OvFaS3Zboijux4AaABAg	1
UgwglX9XpZx9HQ2cRVd4AaABAg	1
UgwGl-RBISIegI-KkyV4AaABAg	1
UgwgllmrWyDU7jKWhR94AaABAg	1
UgwGKz5SM5zSHU7_NNB4AaABAg	1
Ugwg-KG8H27imi1Eent4AaABAg	1
UgwgKd_PkGHrmAVafbt4AaABAg	1
Ugwgj7YScEFjgcvlzj14AaABAg	1
UgwGI3QZ6wRumNy8wR54AaABAg	1
UgwgI0NxrSpudKgT8-54AaABAg	1
Ugwg-HyQ26OE2JQ2eRl4AaABAg	1
UgwG-HVe2rGJpfNvt6N4AaABAg	1
UgwghNgOj31_75ToPt14AaABAg	1
UgwGgF6RqQgSX2m1XIN4AaABAg	1
UgwGGC6-5qP4dzUsQ7x4AaABAg	1
UgwgG9-TmB1bmzGQ-Qx4AaABAg	1
UgwGe_Pr-DnBPP7C2CR4AaABAg	1
UgwgEoVCIsWoMVECNiR4AaABAg	1
UgwGeA6EF7jXxdsoPoh4AaABAg	1
UgwGDpeWs-sgqQRkzcF4AaABAg	1
UgwGcYaeb4_tos8bGbN4AaABAg	1
UgwGCN8BGkLolrcpQdF4AaABAg	1
UgwGc9fkLl3aJjcbeOR4AaABAg	1
UgwGBm_tTZwkfEEmcmh4AaABAg	1
UgwgbgfoyBPsi_RPI9h4AaABAg	1
UgwGAyVjVexgAPbpzAF4AaABAg	1
UgwGaUPexWgF8Rnd-dF4AaABAg	1
UgwG9oLy1EIivAdeQuR4AaABAg	1
Ugwg8m6kCDbiDLB4NWh4AaABAg	1
UgwG6nAP3RbVxTYy4x14AaABAg	1
Ugwg581FEVPy5o9NMGp4AaABAg	1
UgwG-3oifkTmm2zJ7AR4AaABAg	1
Ugwg2bqpoKve4A_Qct54AaABAg	1
UgwG07__y6-H-qC80Tx4AaABAg	1
UgwFZs5_ZQe7aBPv1RF4AaABAg	1
UgwFZoi-hxjZ9kaDpO94AaABAg	1
UgwFYqdPj2evBLV72gl4AaABAg	1
UgwFYfTyA4OdNwQN1wB4AaABAg	1
Ugwfy6Ig2e7VdJTO5o54AaABAg	1
UgwfXzDeh8K09nzZWRJ4AaABAg	1
UgwfXul4iRT3lNOv5eh4AaABAg	1
UgwFxdHnKsnPGLqH3pB4AaABAg	1
Ugw-FX7ewKdBiSee_JR4AaABAg	1
UgwfwUEjpb_4-0LHs7F4AaABAg	1
UgwfVPfGwkKfgMC8kIp4AaABAg	1
UgwfV3PNNpZ8MaKALDF4AaABAg	1
UgwfumNHFAL7kOysGcp4AaABAg	1
UgwfUdDgGJ2razM0FR94AaABAg	1
UgwFtXnVq_OaVmVBBCl4AaABAg	1
Ugwftdwjo3jLRdlPvOp4AaABAg	1
UgwFt-DbRj1S922DET54AaABAg	1
UgwfT8vrCcz5ky5lzPF4AaABAg	1
UgwFSrvETMDqQJZfKTd4AaABAg	1
UgwfSOX9gIh9s2ZvYNd4AaABAg	1
Ugw_fSlGHOjikS5dHPN4AaABAg	1
UgwFSHAiBb-zO60mJoZ4AaABAg	1
UgwfRUG65SPqx6CaS094AaABAg	1
Ugwf-qMeGi09UERBiAl4AaABAg	1
UgwfprpNjq8lYvw4_8F4AaABAg	1
Ugwfpm-ucfxStBJhkYp4AaABAg	1
UgwfOeLGVTwqEDqQf_l4AaABAg	1
UgwfOcGZmg6Tac3dxQF4AaABAg	1
UgwfnXUklkgVobAsAVB4AaABAg	1
UgwfnNYKMoELXHztG9B4AaABAg	1
Ugw-fMYoyDzcK0IAl694AaABAg	1
UgwfMEQAeathUme8BEV4AaABAg	1
Ugwfl7xF14aNcAFz9Vx4AaABAg	1
UgwFL6uNh00GyqMhFOF4AaABAg	1
UgwfKS7RmCEmqMR63T54AaABAg	1
UgwFJXRFeuU03CYjPfF4AaABAg	1
UgwfJo3mXg9ukbbkK_p4AaABAg	1
UgwfjMDWeVhSb3MAtFl4AaABAg	1
UgwFJisQQnpr4beBfHl4AaABAg	1
Ugwfj7y4SNu_f-54Nb14AaABAg	1
UgwFJ7voSzsyVYI0CK54AaABAg	1
UgwfJ5EVqgPkEv8JZJ94AaABAg	1
UgwfIRX-kccPF8HQMdZ4AaABAg	1
UgwfIKoARazhgg_OsQJ4AaABAg	1
UgwFhs7gu8GNYNUYoCF4AaABAg	1
UgwfH_rEoD9loENTgCt4AaABAg	1
UgwfH2OYz4bDRz8xYDd4AaABAg	1
UgwfgHRNhJ3qo1_nRqF4AaABAg	1
UgwfFrgZhnvmg0iAniJ4AaABAg	1
UgwFfHIAaQOe5W-_yhF4AaABAg	1
UgwFE-xz8WqaKQMQKVF4AaABAg	1
Ugwfe8b9fhE9-ZIMbDZ4AaABAg	1
Ugwf_E1RI2a9DDvb03x4AaABAg	1
UgwFDW3mW7ENrUIQmml4AaABAg	1
UgwFDsILBBmhjDm8knl4AaABAg	1
Ugwfdia7TuKHM8zBq9d4AaABAg	1
UgwFCvMUFQgg6KhsgbZ4AaABAg	1
UgwfbT0EheuF7mxPUs14AaABAg	1
UgwFBb1Bl1z2lx0vd6l4AaABAg	1
UgwfaVN19Frcarb7ctR4AaABAg	1
UgwfAV0VkOFbHUzz2Ah4AaABAg	1
Ugwfa-mcqSiwTts3RL54AaABAg	1
UgwFAKkA07GhNMQdcJ54AaABAg	1
Ugwf-9Wui0mpshStMvl4AaABAg	1
Ugwf9ROizRGknq-JRm94AaABAg	1
Ugw-f9Q8YZ4Pv63P-pt4AaABAg	1
Ugwf5oHhTi13K7PiZSl4AaABAg	1
Ugwf3_QuiM4caL4QlTV4AaABAg	1
Ugwf2d_Yva-e-yZKD2t4AaABAg	1
UgwF0Q3dzco97GwASDV4AaABAg	1
UgwF0O9zi0ygLd4Yc394AaABAg	1
UgweZzTgyFALuXtX55N4AaABAg	1
UgweZhRaXQuXJHgQfFR4AaABAg	1
UgwEZ2ViMCTgUAJqJWZ4AaABAg	1
Ugw-eYxHNCHj6-F7o8F4AaABAg	1
UgwEYPQXWMjMWe50bBx4AaABAg	1
UgwEYoDYUuyDI7ck1Hh4AaABAg	1
UgwEXNFj0xlDlcklVT94AaABAg	1
UgwexJjKmz_pLbiEAz54AaABAg	1
UgweXIk7f0vYVcWhqa54AaABAg	1
UgwevFjhqmDURw_txYt4AaABAg	1
UgwEV6MVT2Hu4manKzZ4AaABAg	1
UgwEuCOMZYBn4zlkhUZ4AaABAg	1
UgwEu29T-OzsOc8yVgF4AaABAg	1
UgwETMOZr0sOHXxv-6J4AaABAg	1
UgwEtL9m2Qp6oAxPM9d4AaABAg	1
UgwEQwZBv3yO4LGwwHJ4AaABAg	1
UgwEQujBliBxpBs1zfV4AaABAg	1
UgwEQqr9tCItDiiPeut4AaABAg	1
UgwePg8Pq6chqVADjlt4AaABAg	1
UgweP4GrL5UNuQKi8yN4AaABAg	1
UgwEo1j5YUdX-EEBQFN4AaABAg	1
UgweNpMUKz545bGqHBt4AaABAg	1
UgwemrWTTutiof3A1F54AaABAg	1
Ugwe_LmcCsHCfNNwIZN4AaABAg	1
UgwELlOfzsfSWgF3DFB4AaABAg	1
UgweKkJgoc5gFORc8y14AaABAg	1
UgwEJSS-PdVSW_wQl-54AaABAg	1
Ugw-eJKFE7a-6sz41cR4AaABAg	1
UgwEINaomzzda0KOc0x4AaABAg	1
Ugweikb-o_EwIAk2jRZ4AaABAg	1
UgwefQBpFsBPWXYOqkt4AaABAg	1
Ugwefpjg139-P0Xjrnl4AaABAg	1
Ugw_EffT7121HU5qo3B4AaABAg	1
UgweF7IKOYyjiJN-ff14AaABAg	1
UgwEE1sZjUTpOoEDZ7l4AaABAg	1
Ugw-EdolTqCXzaKrqHd4AaABAg	1
UgweCnL_HHUmlnKCYjd4AaABAg	1
UgwECEUmo75znCzP3sV4AaABAg	1
UgwEaAZr4HVjSAfAHJt4AaABAg	1
UgwEA2nWO60WQBUEOip4AaABAg	1
UgwE6p3W0OXmxuOUyx14AaABAg	1
Ugwe5C6zWuNOfsvmn2B4AaABAg	1
UgwE3Rz-o3LMQCh0ygZ4AaABAg	1
UgwE1VcRKkYyNDsWSwB4AaABAg	1
UgwE1imD2IuycIRn5PJ4AaABAg	1
UgwE0SVKNH6FGZsbrD54AaABAg	1
Ugwe0eE7u85DewvIv_V4AaABAg	1
Ugw_E0CYcnfcIvV7LqB4AaABAg	1
UgwDZvxzVQvnnb3puiV4AaABAg	1
UgwDzBlopyvOemhqlXJ4AaABAg	1
UgwdyqPkodJsLmsMOCJ4AaABAg	1
Ugw_DYGD7GkyWngNhYJ4AaABAg	1
UgwdXNaCFQ0-ZOZvelN4AaABAg	1
UgwDxaTFiB-3mHgJfKR4AaABAg	1
UgwdWZv72La2hOglatJ4AaABAg	1
UgwdwJTUWOhWEkcWtm94AaABAg	1
UgwdvtZ-IdBLFnAemth4AaABAg	1
UgwDvQ7SjTqwzdmdFjx4AaABAg	1
UgwDuRPJIhT5hNeP36x4AaABAg	1
UgwDUBH41Gfn92cZu8N4AaABAg	1
UgwdTuYDFZhUInhmfrt4AaABAg	1
UgwDTr2GKFwq09eNSF94AaABAg	1
UgwdtF3ztzjtpI33cMR4AaABAg	1
Ugwdsy9CyukW8vPqVAp4AaABAg	1
UgwdsrPR--_LVNpwg3p4AaABAg	1
Ugw_dsMWoBZzWqaDU0F4AaABAg	1
UgwdqtBH1xwl3KCKzf54AaABAg	1
UgwDq0Ce5gi2kCBPZRF4AaABAg	1
UgwDoU3lRMxblFwT6UF4AaABAg	1
UgwdOTmMnN5Bod4qcJ14AaABAg	1
UgwdOq1rALYBuiaokoF4AaABAg	1
UgwDO48Np59EWGjmhLl4AaABAg	1
UgwdnhvCnrfoys1ehPZ4AaABAg	1
UgwdN4tSBzws6a-6Zo54AaABAg	1
UgwDmnYQVeN8WCsGBVl4AaABAg	1
UgwDm1kFmeVflZX8tQ94AaABAg	1
UgwDM1-bBaNNorBEoZ54AaABAg	1
UgwdLFNjFG3E2o_nIrN4AaABAg	1
UgwdLamvUK8ffLNkDRd4AaABAg	1
UgwdkSn-Csnf_ck7aHp4AaABAg	1
UgwDKkIVgSDeVN4-Jy94AaABAg	1
UgwdKfWBR1Vs5RqrRr94AaABAg	1
Ugwd_kC9gl7k5JxPueZ4AaABAg	1
UgwDJ92OEtJmjKI-Nat4AaABAg	1
UgwDivYtSP0ROcNh-a14AaABAg	1
UgwDIPqpsdSXF-J7Kc14AaABAg	1
UgwdHZZbU-iVjrhqtWl4AaABAg	1
UgwDHLUdpVcEsJITG0l4AaABAg	1
Ugwdgxdg-3wtpKHn00t4AaABAg	1
Ugw_dGvaM4yBtzBOJa14AaABAg	1
UgwDgTlrEZ11ORvRYoJ4AaABAg	1
UgwdFtak56U0JuvqVeh4AaABAg	1
UgwDfb-7h3Vxwsc6H514AaABAg	1
UgwDExI8bGKap2mSwUJ4AaABAg	1
UgwDeh6sNBmk0_r0qsl4AaABAg	1
UgwDDdDCbGK91bWrofl4AaABAg	1
UgwdcIu69DddPOLsned4AaABAg	1
UgwDCEw0-xJkDXWdwD14AaABAg	1
Ugwdc1cl0VIPYgMVsL54AaABAg	1
UgwDbWHa2hwCgvItj_B4AaABAg	1
UgwDaRV-942IoYe8Pr94AaABAg	1
UgwDaIpjXU_NdsmNhzh4AaABAg	1
Ugwd9vmWZENt78o8bD14AaABAg	1
UgwD_51G0nAVRrrepNR4AaABAg	1
UgwD4OARtPfsSULtlHx4AaABAg	1
UgwD3mk_bSCQjFgAE994AaABAg	1
UgwD3-exaN-dvB-5Ehx4AaABAg	1
Ugwd21Jig3k4XTxKeMl4AaABAg	1
Ugwczr90MyMlnpnM20p4AaABAg	1
Ugw-czg2FqiFBjhzRod4AaABAg	1
UgwCYxNzhUWrKKM7PPh4AaABAg	1
UgwCyVbGsxiX4Iyp1994AaABAg	1
UgwC-y-T8F_931zIQZd4AaABAg	1
UgwcYQDS_Y0DDOZqRm94AaABAg	1
Ugw-C_YMMfTGGWu_1FF4AaABAg	1
UgwcXIsR9v1Sd8EzD_B4AaABAg	1
Ugwcwu8xgD3zklnNmxF4AaABAg	1
UgwCwI7sa6oSAPQ0Eih4AaABAg	1
UgwCvNViF9nZyOTb42h4AaABAg	1
Ugwc_vgH-wK5Mh7IPdh4AaABAg	1
UgwcuPGVYP8jSpkuk2V4AaABAg	1
UgwcubKMffzz8HqSa_t4AaABAg	1
Ugwcsx_qDpddups9AzN4AaABAg	1
UgwCSTHJ2g5_lLgMNjh4AaABAg	1
UgwcRZ3q58uzkr14P4p4AaABAg	1
UgwCRlf-a1sIerpkI514AaABAg	1
UgwCrI3IVJgbjmFUWZ94AaABAg	1
UgwCr4pRtsGax0EoXDZ4AaABAg	1
UgwCqVp13bG_virGaUd4AaABAg	1
UgwcqaZrYlhJWB95Xc94AaABAg	1
Ugwcq54wi20vSRsbCWF4AaABAg	1
UgwcpzZloD6FrrS5GQJ4AaABAg	1
UgwcPwfSqRzaF_gncTt4AaABAg	1
UgwCOV76f5SoxfIMwSV4AaABAg	1
UgwCoh39E8_ksb5fB9V4AaABAg	1
UgwCmUG3ljqbX0-8FgV4AaABAg	1
UgwCMBLbw6vrik_g5Qx4AaABAg	1
UgwClZlvo1-dW3l46N54AaABAg	1
UgwC-lC3KfpVq6yxc214AaABAg	1
UgwCKdz5MKwoiHPaAmV4AaABAg	1
UgwCk9QqaScnh9s3UBl4AaABAg	1
UgwC-Ix7hUu3I7J1Mdp4AaABAg	1
UgwCiSjFDhuyq3kAiDJ4AaABAg	1
UgwcIp_ikItzzZPa5Mt4AaABAg	1
UgwCimzOyneuZqmakIJ4AaABAg	1
UgwCIhqnrpYBDpGj0eh4AaABAg	1
Ugwch_FTB5hGl0bM-iR4AaABAg	1
UgwCh7lXfi9yyRl-UPZ4AaABAg	1
UgwCgtxoCL_GqirNgBJ4AaABAg	1
UgwCG9psLGavoCV6wuJ4AaABAg	1
Ugwcfx7gtTEkNxtyCCV4AaABAg	1
UgwCFo7gSf32vDjs1Kp4AaABAg	1
UgwC-ExZ5pisxQuNuMF4AaABAg	1
UgwCEjLx7ui8t_5p8Rt4AaABAg	1
UgwceflDKGGJSUCC7FJ4AaABAg	1
UgwcDC5GTfykg1zjONZ4AaABAg	1
UgwcCZ6FFff1p0AaNPV4AaABAg	1
UgwccWQblQzdLKGb7Ex4AaABAg	1
Ugwccs0W_hY0JXDTirp4AaABAg	1
UgwCaEj4Iqy5dIbvAUp4AaABAg	1
UgwC-aDM0r9kA2elu8t4AaABAg	1
UgwC9HUX1Nezlm-hsxd4AaABAg	1
Ugwc9gfld8xLS2BspGF4AaABAg	1
Ugwc9EohsbYcd8Rz4Vd4AaABAg	1
UgwC8XesEWs-z4A-_d54AaABAg	1
Ugwc7G1IH25LhZK0td94AaABAg	1
UgwC4iKgDdhG8Zm75uR4AaABAg	1
UgwC38Nz7BGo-YMebvR4AaABAg	1
UgwC2abJTLNW5igcgRR4AaABAg	1
Ugwc18hftn85npmh5nJ4AaABAg	1
Ugw_c0YtIKp4Cmv7M794AaABAg	1
UgwC0A9cHR2GI0NOAjN4AaABAg	1
UgwBZyI7-BClVtYwZR94AaABAg	1
UgwbYqXL-O2K49Oe2ph4AaABAg	1
Ugwbyc2yZAmAUgindg14AaABAg	1
UgwBy6QBJzIGzDJPUJd4AaABAg	1
UgwbXBKY8Uzs1wJA13t4AaABAg	1
UgwbVRQwufHGwYrBkW14AaABAg	1
UgwbutFEKcIdIyXm7KB4AaABAg	1
UgwbuSeqofWPwG91rQB4AaABAg	1
UgwBu9ZEthYYFZZe7I94AaABAg	1
UgwBSzjgBQ3srjTeo194AaABAg	1
UgwB-s8x7PoVtYPWl294AaABAg	1
UgwBQp2DdXijv37TAA94AaABAg	1
UgwBQo6xRlfSkgJgN714AaABAg	1
UgwbqHbI8NER6KnfO-Z4AaABAg	1
UgwBPZzanxi8j0dka594AaABAg	1
UgwBPSW0vkh2Tfo8Zd94AaABAg	1
UgwBPQz_pmdq1BD-yp94AaABAg	1
Ugwb-pK4i1f6FIh9xKl4AaABAg	1
Ugwbp-9Y-WSebIIahQt4AaABAg	1
UgwboFoNhXcEKUryuUZ4AaABAg	1
UgwB-oE7jTivy8veFv14AaABAg	1
UgwBO0TD1ZeEKktUs7l4AaABAg	1
UgwBnzEphtMnVwzp_n14AaABAg	1
UgwbngHRSMODcBLRQ3F4AaABAg	1
UgwBmzHUqnetBBKllFF4AaABAg	1
UgwBmn34fHRKA_YPg6t4AaABAg	1
Ugwb_MMWDaCymML_wf14AaABAg	1
UgwBmBFQXhWVEKNXHb54AaABAg	1
UgwblKeAnDAPCF64tHF4AaABAg	1
UgwBl7BQjO0BG3yT2mx4AaABAg	1
UgwBkH66210GDvMfnQ94AaABAg	1
UgwbIA1BYfdvCLT8L394AaABAg	1
UgwbgrOFVGa-fqbezud4AaABAg	1
Ugw-Bgo6l3QpNI5Xxph4AaABAg	1
UgwbGjOds_JEAp1kInZ4AaABAg	1
Ugwbg-dCJeSGrdirwFN4AaABAg	1
UgwBev2zDkYJjV1jam14AaABAg	1
UgwBE-C6AJ_12eFkiKd4AaABAg	1
UgwBCl1KCXsYOy3T1-F4AaABAg	1
UgwbC0GThKKYbkaodMl4AaABAg	1
UgwbbZBoetK4pFMK-UZ4AaABAg	1
UgwbBaGtS0rFoWCV_Lx4AaABAg	1
Ugwb_BACuBFwmM0v7BJ4AaABAg	1
UgwB99CMONE59YG8ed94AaABAg	1
Ugwb7rTW1rdTa3ch9ft4AaABAg	1
UgwB7PoIPegaBOygUnp4AaABAg	1
UgwB7NWsSn7iGlpbkvd4AaABAg	1
UgwB7fOt3H8UZJvQNF14AaABAg	1
Ugwb5T7G_NWN5pAq8mZ4AaABAg	1
Ugwb581EjySg1FVlrxN4AaABAg	1
Ugwb11rtaNZ2UlMR8Nx4AaABAg	1
Ugwb0uO3wG4K-S5hNf94AaABAg	1
Ugwb0isRIK7uccL4Q2x4AaABAg	1
UgwB0e7eIakpsBnUpIJ4AaABAg	1
Ugwaz1t-MRzZVBKvu2J4AaABAg	1
UgwAYWNfI6WVmDwHUnx4AaABAg	1
UgwAyQ-sENEgapbVvt94AaABAg	1
UgwAyQ_JX6z3gtnEhh14AaABAg	1
UgwaYF_s3VX2hqBXdel4AaABAg	1
UgwaxtISxvz6L4hh_th4AaABAg	1
UgwaXKsGW2qBBk9oo_B4AaABAg	1
UgwaxJeQEa7gK8j18Ld4AaABAg	1
UgwAxHMI4gNr2Id8E-l4AaABAg	1
UgwaweLyICx8dNJrMDN4AaABAg	1
UgwAWc6xpwA-JXzmrth4AaABAg	1
UgwAvxdUVCXcDfsL1xl4AaABAg	1
UgwAUXr7k7sssCXr58x4AaABAg	1
UgwAuWK9HRWeWJxw0794AaABAg	1
UgwAttuyRXaFDii8afB4AaABAg	1
UgwATGvqWMJceCrvUq14AaABAg	1
UgwASc0dLtKYE_V9QTV4AaABAg	1
Ugw-ARtmFLSXlL_RM994AaABAg	1
UgwaROgbNJvDv-2r0P14AaABAg	1
UgwARM4iCt5Cjxwdlgx4AaABAg	1
UgwAqSz3sCRvZEujTQZ4AaABAg	1
UgwaqONDawXu7Sv7r_p4AaABAg	1
UgwAQKPEaqP0tNhBF-F4AaABAg	1
UgwaOXYF2rE2OzkDF1R4AaABAg	1
UgwAOX57RBFs52S7uex4AaABAg	1
UgwaouFY9doaKyixywZ4AaABAg	1
UgwAoo6U61SKjJJOMDZ4AaABAg	1
UgwaO5_vhN9XZQX8RL94AaABAg	1
UgwAO3vYIMRKQK3gmpJ4AaABAg	1
UgwaNXnadi-vrq8JGoJ4AaABAg	1
UgwamZpvHsf8VzCZf0B4AaABAg	1
UgwaLv2om9S_PK_Y-354AaABAg	1
UgwALBxRjjRdcxQKTX14AaABAg	1
UgwAKhGw07speG1x5Z94AaABAg	1
UgwaK27un14mAiCbbuR4AaABAg	1
UgwajzYebyxzXSX11194AaABAg	1
UgwajpQhVR-jbfYUM_R4AaABAg	1
UgwajKbH7OvSXagtV0N4AaABAg	1
UgwAIoIvg47Nc2Wr8ZJ4AaABAg	1
UgwAIjfpxkVoek9ABJ14AaABAg	1
UgwAI9NOAWmRR7dl0x94AaABAg	1
UgwahOXnKka0opqM3xN4AaABAg	1
UgwaHnbkvSu3RBNy8wV4AaABAg	1
UgwAHhBe2JiEqStNlVB4AaABAg	1
UgwaH-AstAZgjlWUloJ4AaABAg	1
UgwaGgxbQpn96sPqlWB4AaABAg	1
UgwaFUHovrT4zVhCDt14AaABAg	1
Ugw_Ac9enKQYLmLA5sZ4AaABAg	1
UgwAbIXABu9XiHb8xbh4AaABAg	1
UgwAauC29yWWEgf53VJ4AaABAg	1
UgwAApMt2r_ETd0s6p14AaABAg	1
UgwAapDcnKhcboqzI614AaABAg	1
Ugwa9oQRDwNR2KgXZSR4AaABAg	1
Ugwa8ciulIhIOFmN-aF4AaABAg	1
Ugwa79bp1gl2mYUzMb54AaABAg	1
Ugw9WPXxCb3VMVWS1cZ4AaABAg	1
Ugw9vz7sQtxinxzvf6Z4AaABAg	1
Ugw9uyOKLqnBPV3tZEd4AaABAg	1
Ugw9rqd6ok0fW_oOfnB4AaABAg	1
Ugw9QESanllbRa6dWjR4AaABAg	1
Ugw9OmhhwA24rhVV5hd4AaABAg	1
Ugw9OC0iJ9vkYj_vfOJ4AaABAg	1
Ugw9O5_HI8V_SxsQZoF4AaABAg	1
Ugw9nbdf0twimNZEsoh4AaABAg	1
Ugw9hHGHxXY4GpgV9Uh4AaABAg	1
Ugw9HHFv6rNi0loGKKN4AaABAg	1
Ugw9HCXd4DrxgJx1z254AaABAg	1
Ugw9gFk2VMtLfDkPovV4AaABAg	1
Ugw9f1Sn34VtsLos2Rl4AaABAg	1
Ugw9EnqXiNgeekoA06F4AaABAg	1
Ugw9doYMfer-QkJsyR54AaABAg	1
Ugw9CZcqZpN6qJmD6h14AaABAg	1
Ugw9B-KJs5M2CCO822x4AaABAg	1
Ugw9B82fOneCXhA3SER4AaABAg	1
Ugw9B5dacEilpEtRtfV4AaABAg	1
Ugw9AM9nJj1eqyaZlwF4AaABAg	1
Ugw9-9X7yFXT7b0WlNB4AaABAg	1
Ugw93u3LSEnOubRzjll4AaABAg	1
Ugw92h93dVUsot8ky0V4AaABAg	1
Ugw92EZ4cM73eD7DiQ54AaABAg	1
Ugw8ZbAJtzT23wNRHdF4AaABAg	1
Ugw8xy0Hdygk-sxR8Oh4AaABAg	1
Ugw8xlt78xNaN0y82554AaABAg	1
Ugw8xG5UQNkD51Aw-IZ4AaABAg	1
Ugw8x5BFSsp0AaE0dyt4AaABAg	1
Ugw8WWIGTLRcxjWeq_h4AaABAg	1
Ugw8WjL_q2yRAWjtvqd4AaABAg	1
Ugw_8W7zF05tpHt9abR4AaABAg	1
Ugw8W-6Y13eTGXC5dNR4AaABAg	1
Ugw8SJGTyVjodIRfTAl4AaABAg	1
Ugw8rSfGESRkGSkjor94AaABAg	1
Ugw8Qpp8V8JnumkCF2F4AaABAg	1
Ugw8PJvaoCz8i79GwCh4AaABAg	1
Ugw8PftmZJbg3yowdUZ4AaABAg	1
Ugw8oKdzh5dAePAgaBt4AaABAg	1
Ugw8OI3L0UBZEyByn1B4AaABAg	1
Ugw8N5T9nj0lzKGv1Ql4AaABAg	1
Ugw8mH-dBcptd8vNrc94AaABAg	1
Ugw8LtrvjeezFIzO2WB4AaABAg	1
Ugw8Ls1-yhaFg3ZdRe14AaABAg	1
Ugw8lbRWAxACkqyS9HZ4AaABAg	1
Ugw8KLTXIFo0hPT0pwd4AaABAg	1
Ugw8j_SAO7-fqakSH7V4AaABAg	1
Ugw8InlM4QCNLbQ0pk14AaABAg	1
Ugw8fWafKt8ZyL3Ye5V4AaABAg	1
Ugw8FtvWR0yRqibfBmt4AaABAg	1
Ugw8fhgGUxbmWv4ru894AaABAg	1
Ugw8eoWpRhR2FKSWBd94AaABAg	1
Ugw8DRAEYn6bM4_RPBp4AaABAg	1
Ugw8DENZXQ9seJmrAQl4AaABAg	1
Ugw89eipQC6bihbc74Z4AaABAg	1
Ugw86d9uEDAnoU3WL-J4AaABAg	1
Ugw81nld6XDvdaCEfa54AaABAg	1
Ugw80qwI1RzB2zDsZvR4AaABAg	1
Ugw8002P8xJlI6QtdaV4AaABAg	1
Ugw7Yu47QiIUXPmCMDR4AaABAg	1
Ugw7y0HOXcTGWhvkkNV4AaABAg	1
Ugw7X0tgCFsyqnP39bJ4AaABAg	1
Ugw7wxMgEsz65IoV7-B4AaABAg	1
Ugw7v5Kx2Oi7-5-lojB4AaABAg	1
Ugw7v28ZaRahH1hY_nZ4AaABAg	1
Ugw7uJalvelDzoChgXl4AaABAg	1
Ugw7U39OpZwv8bjrnvF4AaABAg	1
Ugw7tKx6ZwuEPt5dk_l4AaABAg	1
Ugw7tiKmgKXfozBHRYx4AaABAg	1
Ugw7sf9c2zijwVv6et54AaABAg	1
Ugw7s5QerQj_6K9At1B4AaABAg	1
Ugw7RPL86jIXQ77hhF94AaABAg	1
Ugw7R6c-txw3aS_YI9V4AaABAg	1
Ugw7QTdBcT3giLVMzzx4AaABAg	1
Ugw7q5baNOR9tZ_UZS14AaABAg	1
Ugw7O6S5z7dqiw66YsZ4AaABAg	1
Ugw7nsHAH_Eb7cBtZS14AaABAg	1
Ugw7mLy0_tiQvs8swil4AaABAg	1
Ugw7k8ZUTXXZ2VL_m3F4AaABAg	1
Ugw7J-RBwVEUXJ268uN4AaABAg	1
Ugw7J4ZI5_cFbM1-JMp4AaABAg	1
Ugw7ibDuhWFZlrIDDY14AaABAg	1
Ugw7hIfjE6kITG39UW14AaABAg	1
Ugw7h0Hk-TblimJ0Wf94AaABAg	1
Ugw7GjG4BuUpSAJ_rvR4AaABAg	1
Ugw7GECZOKnhNILnG654AaABAg	1
Ugw7e2cOtJXCtXpH0UN4AaABAg	1
Ugw7DhNYZrS7GEOzcCd4AaABAg	1
Ugw7d8K63lYuAKs9q9d4AaABAg	1
Ugw7CX-XCgpL2A5MrYx4AaABAg	1
Ugw7C-0wMALuVirqh4V4AaABAg	1
Ugw_77Rh6N3mzBA_Epx4AaABAg	1
Ugw76EqdFtDLRfKSjeN4AaABAg	1
Ugw73Ldf4ockaqcmrxh4AaABAg	1
Ugw6_x-v4gFE6hDEzb14AaABAg	1
Ugw6x2nh4g7yYhohQFZ4AaABAg	1
Ugw6W0IK4uZN-PAQL_R4AaABAg	1
Ugw6UL29EqJHt8XhwvN4AaABAg	1
Ugw-6-s-lpmCnNjxcRd4AaABAg	1
Ugw6Sa_F2EQATMD1UeB4AaABAg	1
Ugw6RZ2fOBq3zGPSx6N4AaABAg	1
Ugw6r32hyp3rDRhwrrR4AaABAg	1
Ugw6O9XiDMZb3cbH6El4AaABAg	1
Ugw6Mr2APgxWk1g2rqF4AaABAg	1
Ugw6lgSNwDEkB_bVEgt4AaABAg	1
Ugw6lFnBG3ZKvNEC3XR4AaABAg	1
Ugw6Kn3WI8PywS2VDVx4AaABAg	1
Ugw6jIdzbGkdwBEVqJh4AaABAg	1
Ugw6i1ENpcdVIzDFx4t4AaABAg	1
Ugw6gOOMUkIdjEEle4J4AaABAg	1
Ugw6EyMvYpyBK9Tm2GF4AaABAg	1
Ugw6-eKsrMCFMoxFJcJ4AaABAg	1
Ugw6EeOHkAfIDiZIRBN4AaABAg	1
Ugw6dZJ8OvHfau3qRDR4AaABAg	1
Ugw6D5PiCm3Wa3XACtx4AaABAg	1
Ugw6AbcDNFuI-OjWZfV4AaABAg	1
Ugw692CsOsF50nNLd654AaABAg	1
Ugw68Y47sfUEc2FBD9V4AaABAg	1
Ugw63HHWD5d4HQp_G5F4AaABAg	1
Ugw61IqLkGjT5sJr_bV4AaABAg	1
Ugw61bp86tHVrVwFdNd4AaABAg	1
Ugw60kjikDLdeLqdjqV4AaABAg	1
Ugw5YdMJhinSHg-GVFx4AaABAg	1
Ugw5VoitVNWEb6rqKw14AaABAg	1
Ugw5uQ5HReHDVd6mqXd4AaABAg	1
Ugw5tWSvCbzPdMcYhPp4AaABAg	1
Ugw5sy0RGZJyhLqyJUR4AaABAg	1
Ugw5rGLPzvjMGaYaxGJ4AaABAg	1
Ugw5r9Pk2vIL4U1wtGN4AaABAg	1
Ugw5oU1bozH5K8jh8s14AaABAg	1
Ugw5n5J7YOT3Ap3cMc54AaABAg	1
Ugw5_kVEDLBmRpLt3gN4AaABAg	1
Ugw5he9xA7IVS5Hv5Bh4AaABAg	1
Ugw5H4iIsa3tsyfyA9F4AaABAg	1
Ugw5fYdGMIIrTfa1R6p4AaABAg	1
Ugw5f-2yp3X7gVS3vkF4AaABAg	1
Ugw5ESZn7SwvOnRm0Wx4AaABAg	1
Ugw5EpE4FPHvSakML1J4AaABAg	1
Ugw5Cty_BbYdIkeDuw94AaABAg	1
Ugw5CO2jMYdnFIMe81J4AaABAg	1
Ugw5ccDCFwOGpW4Hm354AaABAg	1
Ugw5BQaRR0g_sMqmx2J4AaABAg	1
Ugw5aUf-7fFKZAhSb4h4AaABAg	1
Ugw59e8xAYiMltZPf_Z4AaABAg	1
Ugw582A69QRJ6cPYGQ94AaABAg	1
Ugw56cSHFmauTD020wV4AaABAg	1
Ugw54uzIF-NqFdjnKvh4AaABAg	1
Ugw52Is4ES8Gix0iFMV4AaABAg	1
Ugw52aUF9SDIdhLVVfB4AaABAg	1
Ugw525hD0R0_cUxcaj94AaABAg	1
Ugw50ardkJvCImDKGAd4AaABAg	1
Ugw4zZ1hPY7WVmGis1t4AaABAg	1
Ugw4xl2pI_FkapZfjVN4AaABAg	1
Ugw4xBiQaAYpVf2_pOR4AaABAg	1
Ugw4WLhOq3TTVmsBZTR4AaABAg	1
Ugw4w4cXqt5QNTEY4i94AaABAg	1
Ugw4VY1G1KN00s-KsRR4AaABAg	1
Ugw4VIKHqjFeFw7LTcd4AaABAg	1
Ugw4sUO1dCU3i6b_ZgB4AaABAg	1
Ugw4SRdPh7JsnvVwdZ54AaABAg	1
Ugw4shTPh86QudOd-hV4AaABAg	1
Ugw4S6tB-PmHx7Rwgvh4AaABAg	1
Ugw4RZY7Mtqpfiwfzh14AaABAg	1
Ugw4QzTbtYf72uAOSKN4AaABAg	1
Ugw4p_tagBAsy3C6O1t4AaABAg	1
Ugw4PFSpGy1os1FselR4AaABAg	1
Ugw4nVPhclNzLEaB_nV4AaABAg	1
Ugw4kwV-cgvwVMFSb7Z4AaABAg	1
Ugw4k783StiC6LIvGid4AaABAg	1
Ugw4iYVffLvsznHf_J54AaABAg	1
Ugw4iwZtOO0GXEUW5S54AaABAg	1
Ugw4Ic9JNNUERNDo1Y94AaABAg	1
Ugw4iC_3NHVG6muc-tp4AaABAg	1
Ugw4FrhbahlOs30fzNJ4AaABAg	1
Ugw4Dy5dPZrOQmHOtll4AaABAg	1
Ugw4BtyZDbdqolGO5yZ4AaABAg	1
Ugw4btCJ4Ps6qX5svnJ4AaABAg	1
Ugw4BQQldwJwFmzLHip4AaABAg	1
Ugw46ssbSSieMHgnhrx4AaABAg	1
Ugw463cVdUlOOyl4iLd4AaABAg	1
Ugw40t0V_iWpdMxe2ot4AaABAg	1
Ugw3YxL0uNKElCHKh_14AaABAg	1
Ugw3yRlK2zzJeFzIxNt4AaABAg	1
Ugw3YmVjpITY2Fja7PJ4AaABAg	1
Ugw3XUK6jJTmrL3ITbt4AaABAg	1
Ugw3W4y0czs9mHTfwcd4AaABAg	1
Ugw3VmFRIYHv3iif9Fd4AaABAg	1
Ugw3T5SIXq0BJ0pROCt4AaABAg	1
Ugw3seYEaMhhcbn3dfR4AaABAg	1
Ugw3S0dIiU6fVRkA7z94AaABAg	1
Ugw3ovWyEbFNcTwDhuJ4AaABAg	1
Ugw3OV1Vq3FjhS7_BNd4AaABAg	1
Ugw3Otz6YRM53_Ry1VR4AaABAg	1
Ugw3oAaVl9gTubwluT14AaABAg	1
Ugw3_N_T7hd-l_VF4sd4AaABAg	1
Ugw3LZcjJNe_UuoigCJ4AaABAg	1
Ugw3LtSob4Rwldu-O6F4AaABAg	1
Ugw3-jTItuyIxYdsHIF4AaABAg	1
Ugw3GIoWxi3gtOI1n3F4AaABAg	1
Ugw3fI-vfpZyt2G8FR14AaABAg	1
Ugw3EtVlil0E6ta8Dnt4AaABAg	1
Ugw3dQJf2hd_MBwNZ9h4AaABAg	1
Ugw3dcRsaKGNdV_uRrF4AaABAg	1
Ugw3clTEZQFIGbKqtD54AaABAg	1
Ugw3boFwqJV_oUjovet4AaABAg	1
Ugw3aZr-qyhUE-jk0b94AaABAg	1
Ugw2Z0AQTf4wWnf-p0h4AaABAg	1
Ugw2XSuqpjKI4hvJrkt4AaABAg	1
Ugw2wZRENrQ22qbZzNh4AaABAg	1
Ugw2V-n_XYRzoVlLaVh4AaABAg	1
Ugw2uR6CfPmSKn8Z0uV4AaABAg	1
Ugw2UbrCh6ip_luB_RJ4AaABAg	1
Ugw2TwhyS5C_lIKQ3KN4AaABAg	1
Ugw2t9GPU0UpR3eO5WB4AaABAg	1
Ugw2t0Aq1Q0E0DZz4rB4AaABAg	1
Ugw2SFIfkuQ-h1TSpT94AaABAg	1
Ugw2rr7BrAzHD1Aa-at4AaABAg	1
Ugw2PYwu9bpne6fUKbx4AaABAg	1
Ugw2PPydpo3sKoUO8Jp4AaABAg	1
Ugw2_OR8yA7n4xpe2dd4AaABAg	1
Ugw2nzMso0_niqNk0b14AaABAg	1
Ugw2nLiCBzXvUUs4rlh4AaABAg	1
Ugw2mh1uv1boJoP0W5t4AaABAg	1
Ugw2LQJYvsKPKn9ey4Z4AaABAg	1
Ugw2lHpz0jncJ5FOnpZ4AaABAg	1
Ugw2kcF1LwHuOKISWcN4AaABAg	1
Ugw2jvzX0b3bbOdbjiB4AaABAg	1
Ugw2jdF9BNeXqq7z5ox4AaABAg	1
Ugw2GNRqOtQ6ssgrZPV4AaABAg	1
Ugw2gih85YOptC9Y30V4AaABAg	1
Ugw2dpup4BApEhHolrd4AaABAg	1
Ugw2dfrD2tfsdTzAcKR4AaABAg	1
Ugw2Cm8oz3Q2LaQtovp4AaABAg	1
Ugw2cfSlx76rXVnx0w54AaABAg	1
Ugw2BX16T7h1AjZJTrp4AaABAg	1
Ugw2Ak1Mh2xPs1B2UG54AaABAg	1
Ugw2A0QxWC-8cDMhZjJ4AaABAg	1
Ugw29AzJMNWaakIPJr94AaABAg	1
Ugw2-8WvuJZKO95jEUd4AaABAg	1
Ugw23Dqw09sbPa3EGsB4AaABAg	1
Ugw_226sPJmwyNoNBYB4AaABAg	1
Ugw20iqEtoGqKFiVCOd4AaABAg	1
Ugw1zT-Gbc7K5YXdvz94AaABAg	1
Ugw1_ZNwkoojEt-dsx94AaABAg	1
Ugw-1zKzC5_n521gUEN4AaABAg	1
Ugw1UC_FoETQpKLd2IN4AaABAg	1
Ugw1Twkmo8zw3Knk3Nx4AaABAg	1
Ugw1ttA4dYZ4rVk3L-14AaABAg	1
Ugw1qSuhtZusJSHB9NB4AaABAg	1
Ugw1OXWKw_9lC7DF6YJ4AaABAg	1
Ugw1MS8Sh3D_KWfQLzF4AaABAg	1
Ugw1kLF_ACkHx7Xaydl4AaABAg	1
Ugw1Iko5x692A0K8sF94AaABAg	1
Ugw1iG04X0gL8RvTuq54AaABAg	1
Ugw1G0NMU7fttCBVjcx4AaABAg	1
Ugw1fcT4nfebrPpPe0V4AaABAg	1
Ugw1ejUaPUOYJE60nxN4AaABAg	1
Ugw1eCA4QQNqCj-lEkR4AaABAg	1
Ugw1DJxKIHcCfUhJ07p4AaABAg	1
Ugw1_dHr-hMK5bH4haB4AaABAg	1
Ugw1AWoxIVExlzPCXBh4AaABAg	1
Ugw17cVV__A7PtxQii54AaABAg	1
Ugw15AN0ZdMgFRZeWv54AaABAg	1
Ugw13ntMcnOEhm4yyIN4AaABAg	1
Ugw11f-l5MFqXBiD5LZ4AaABAg	1
Ugw0zkCpZLARy_EyytN4AaABAg	1
Ugw0xTqW6Uecj7EqW8B4AaABAg	1
Ugw0Xn_zqoDDXiZ8cRB4AaABAg	1
Ugw0XH_3kcKo-MWCmfZ4AaABAg	1
Ugw0wBojjc2wlBRbMSp4AaABAg	1
Ugw0TRCxdXeEpMwdn9F4AaABAg	1
Ugw0T2FznR6_zprYTj14AaABAg	1
Ugw0q-0aI_VeH3_IlKN4AaABAg	1
Ugw0pQUS4O4MPlUH2JF4AaABAg	1
Ugw0PDooh32iNFbVoml4AaABAg	1
Ugw0ooAPbJnHWOpMBC54AaABAg	1
Ugw0nJSBDedSFAiz0al4AaABAg	1
Ugw0N2vnw-Eo0ub3LxF4AaABAg	1
Ugw0MAXSEopQOrCm24d4AaABAg	1
Ugw0LSLn93GlN0OLtCJ4AaABAg	1
Ugw0kcpP1WQECrDucFF4AaABAg	1
Ugw0KBsimCA-h4LOcgd4AaABAg	1
Ugw0K6DXlEM0jS0q8xZ4AaABAg	1
Ugw0i042Ciup8t7psvh4AaABAg	1
Ugw0hTfBT3tuXfDiKq94AaABAg	1
Ugw0HEG781ALySOfR_R4AaABAg	1
Ugw0GsoXcmpBestfFAZ4AaABAg	1
Ugw0FcSE2TlqSwNS7Hd4AaABAg	1
Ugw0eMvDhLAzVJr_qXl4AaABAg	1
Ugw0Dit8sr2OjZRuTlZ4AaABAg	1
Ugw09lpmNjTfU0IJHjx4AaABAg	1
Ugw07AvfqxScxchYRdl4AaABAg	1
Ugw05Wnc2Yd7DWPVVKx4AaABAg	1
Ugw04lhNnHQWvSpTdrt4AaABAg	1
Ugw03OSGjp0ZEMgU-Qx4AaABAg	1
Ugw038-JfKuZuhFwAah4AaABAg	1
Ugw00MkISkdNDzr1DJ14AaABAg	1
