word,comment_id
great,UgzZv_QPSRDpaoBAdgx4AaABAg
great,UgyLONpQAx7JYIWf_3d4AaABAg
great,UgyoY9X-snqxWwz5ErJ4AaABAg
great,UgygiZpyurPQtn6nwSR4AaABAg
great,UgzcQ9rZ3tTsNFu-Onx4AaABAg
great,Ugz18_MJLq8nToeI6uh4AaABAg
great,UgwOMRhmiAAIoyaW7F94AaABAg
great,Ugy_18jAmZzdBuILp494AaABAg
great,Ugy3GNt1CHqDcHOdS554AaABAg
great,Ugy9NN6xFRJ7NyShGYd4AaABAg
great,Ugz9Em5vDvQIzLhT3jp4AaABAg
great,UgzERsylfXMo1vYR_Ed4AaABAg
great,Ugx9KdW99q5fSQwGUtV4AaABAg.AN_OiM5AbEPAN_xLPgN_ux
great,Ugzjl64V0mfxtWcz25F4AaABAg
great,UgxBGmdqneyeaAyZ7aZ4AaABAg
great,UgzRu4WG-LYW26jvrAB4AaABAg.AN_EqBh6TCaAN_Nn4uL0Ob
great,UgwSZf6BUeDKIrFZbbV4AaABAg
great,Ugx2RkDPMfFtUfP35U54AaABAg
great,UgwyLZFljFtlN_eocwh4AaABAg
great,UgxiJdmkve7oGg-wdaR4AaABAg
great,UgwTPcLkyO5jWpYEvxx4AaABAg
great,UgxBTu-6op8vcvcLmZx4AaABAg
great,UgyLAhXoPLX4UC5U23V4AaABAg
great,Ugx4mMtwEQceFNbTqU94AaABAg
great,UgxivjGuGEGgVLy-dg94AaABAg
great,UgwlbGjlc5IeL4PQKRB4AaABAg
great,UgxFDmIwcf7xI2K337V4AaABAg
great,Ugzamjn_VoG-5ssNET54AaABAg
great,Ugx_09nopWxdBrR7Fll4AaABAg
great,UgxgRm_ChA66BpRWqEV4AaABAg
great,UgzZ6UgjcU-I904YEaR4AaABAg
great,UgzMKuIkbLukeQWtPMp4AaABAg
great,Ugx7DRIC_PMDvBO5EyR4AaABAg
great,UgzENshhrWkhfimFFFx4AaABAg.ANZUv1ELExFANZkQ5mfQeA
great,UgxAFSmh_FLMBiIc41h4AaABAg
great,Ugw9xt-WIGpIdUDiJ_B4AaABAg
great,UgzVZ1myraj9kQOPPop4AaABAg
great,UgypZLp43C_fI00Q23N4AaABAg
great,UgxyD617a_HpY-lhcDt4AaABAg
great,UgyNjyR7CHLujDSQ_D94AaABAg
great,Ugx2rGHYF4_OozVKGZd4AaABAg
great,Ugz8UZ9sT4irvr_8bMp4AaABAg
great,UgxtGYxOw1mN7rFYYLt4AaABAg
great,UgzOwosTPmFqNtoGyrN4AaABAg
great,UgztoeLEKNJj9d41jDJ4AaABAg
great,UgyuT9ZYmIFzAaSKa2t4AaABAg
great,UgzeicabvZKlI9XTNAN4AaABAg
great,UgwMOa5MydfZ2Zx0HeB4AaABAg
great,UgxfOkaTJANYzwndJah4AaABAg
great,UgxCVHT2p8jA0V94G9d4AaABAg
great,Ugx1wYXASrYTkIBwR3B4AaABAg
great,Ugzuz0b5Dcl0TBuFHit4AaABAg
great,UgwhLyrm2HEb-tSG9K94AaABAg
great,UgxKCDrEFL0rAJCyost4AaABAg
great,Ugx5R3mblO3RmU08cJh4AaABAg
great,UgxAx7sRZeC_NY7z00F4AaABAg
great,UgyQX8eqnuM1VaHBxXp4AaABAg
great,UgxJlMY6fPVoEjhTXsN4AaABAg
great,UgwPCPkok287wkmpJW14AaABAg
great,Ugy6HnU4W0bE8DLQAc54AaABAg
great,Ugxs6JI5vveCmRHfb0h4AaABAg
great,UgxUKxrf3aii-4ofuRh4AaABAg
great,UgyMF5IIbGJG1CZsO2R4AaABAg
great,Ugz6UJ0oPmIzEhICd3Z4AaABAg
great,UgwjAme1z0Oo4TmC-xh4AaABAg
great,UgwN_A-iJo5KQibIacZ4AaABAg
great,UgxLFHyudV99SPaRoUR4AaABAg
great,UgxZslEUNec7uFbfSxB4AaABAg
great,UgwxXLYZa6dokQ16yDB4AaABAg
great,UgydNKieu89m9u6ietx4AaABAg
great,UgzxXbREyzZ18G7amVx4AaABAg
great,UgwFqwP_EdjSTkiBy2Z4AaABAg
great,UgxNy1inKnXwhcI3NcJ4AaABAg
great,Ugzrelyjh9ibWgr3Ij54AaABAg
great,UgyLFCCoQYeN4kvqbb14AaABAg
great,Ugy7DVz8EIO4rMKV-j14AaABAg
great,Ugwq40chlors8JSZFW94AaABAg
great,UgzZAOh4yQxu1FpV-lp4AaABAg
great,UgyoczJhlQirTg7xupF4AaABAg
great,UgykZJVqalDPPdV1P_N4AaABAg
great,UgyldjU2yr7VfqBxw9V4AaABAg
great,UgwxfqOyofgQkQHRP9x4AaABAg
great,UgxxUCRqzsfQHtThml54AaABAg
great,UgwQ0ym9AtXSnuYotah4AaABAg
great,Ugxn1WyOMrN_7bxVctx4AaABAg
great,UgyUQcvZijbRnu8YASN4AaABAg
great,UgzcZ7I0QJ9hhjVwSE14AaABAg
great,UgwmAjZpXgi6ghqM6cV4AaABAg
great,UgwtWhHzT_CtgHC-hTB4AaABAg
great,UgzLncR386ov6vGxpgd4AaABAg
great,UgxW25J-_hRhU2z3M3J4AaABAg
great,Ugxpue3DQJsPWNo2Kl54AaABAg
great,UgwLTgSO8BvHK0LxOfR4AaABAg
great,UgxaK_Acbj06cW6EwA14AaABAg
great,UgzzEAXqoSQv8Myjg0F4AaABAg
great,UgysJstMxd8WAIm1Fr94AaABAg
great,UgwZw-mKPc1liaebmyZ4AaABAg
great,UgyHRMgMfKzw-eDNv414AaABAg
great,UgwsSYzIXLKbAbMz-9R4AaABAg
great,UgzByJblh2qUHds5fNV4AaABAg
great,UgzIPsD_J0vSw0sYxP14AaABAg
great,Ugwb3lvcWsi0UZv-wVp4AaABAg
great,UgxUMIEEkzqa8AjH0Pp4AaABAg
great,UgyZ5pVGIX1WDDLYwwR4AaABAg
great,UgyrfYzBTGuYlyGuzMd4AaABAg
great,Ugx4gCBP7VSgVacjLLh4AaABAg
great,UgwtZAWs-iEKYg3WgXl4AaABAg
great,UgzSOGtTWFZnOZc2nRV4AaABAg
great,UgwrLE43P4MKtTRp0vl4AaABAg
great,UgyMxm_co-aW3goTpMd4AaABAg
great,UgzSndaVVcaWOkT-7gR4AaABAg
great,Ugygo8tGH0YEHG89uBN4AaABAg
great,Ugyg7CpigWCrqYWeWNh4AaABAg
great,Ugz8e2QN1-_H9UYs4St4AaABAg
great,UgxFNXzHL443ZQZmrlB4AaABAg
great,UgySCf0jWA3PR7XOlU54AaABAg
great,UgxeoAV04q9VBSToCLx4AaABAg
great,UgwO--cIU6BX0QVdWfd4AaABAg
great,UgzEDF_Wfqrh2T9k-614AaABAg
great,UgyfR3D-CQ37KUs_dAV4AaABAg
great,UgxKhPGDUpqAi1Nm4294AaABAg
great,Ugy9kZDPgz59rMOF-xR4AaABAg
great,Ugw391itE2v26Jyrsll4AaABAg
great,UgwelT06FzoWEEJSUwF4AaABAg
great,UgwlPdsSGD2B5VAhqEF4AaABAg
great,UgwlPdsSGD2B5VAhqEF4AaABAg.ANDQg2lEkxpANDmj6lQWXh
great,UgxnRZ3BNPfn2Y3VIrV4AaABAg
great,Ugy9_A7_TsC_3zWqUTV4AaABAg
great,UgwAsEF9Ut851fYDPCh4AaABAg
great,UgzbSOmeknSiPL80B3F4AaABAg.ANDKNnr8C-GANDKhl_5-N8
great,UgxO5msBsbMIKgnGvR94AaABAg
great,UgyaKqi59ehq_QxMCRF4AaABAg
great,UgxcvPOJXmnd1y0jWYd4AaABAg
great,UgxE4PjsQ6BnvB2hyTJ4AaABAg
great,UgyctCxZEn5EiWQKHWZ4AaABAg
great,UgxGkr9F_J8icWrWzwF4AaABAg
great,Ugz4_0Ki3U0OIIub8Hp4AaABAg
great,Ugy0hOffxATzMV4rUst4AaABAg
great,Ugy4Zh0DIgArnaJXwBd4AaABAg
great,UgzZ4BQipfjm39extnp4AaABAg
great,Ugy4grdtdo74p6Ywz6d4AaABAg
great,UgzGiMcEtF0EpZLUebl4AaABAg
great,Ugw3KphuLSpRuRB_8nJ4AaABAg
great,UgyZwlJ772V55Cxj8d14AaABAg
great,UgxPx9o4KwoT1FIayVd4AaABAg
great,Ugxw-DfkUJCEHwYmbkJ4AaABAg
great,UgyDOK29PTN2ADGLwNx4AaABAg
great,Ugy5ErIREjo2c4OkyxR4AaABAg
great,UgxMeWecAY7e1kgrbMd4AaABAg
great,Ugxugq_bAM499USNmQ94AaABAg
great,UgxVmlqwk4VqgVW3Adt4AaABAg
great,UgzLtdfEqlQeKNPQU3Z4AaABAg
great,Ugwpip3MiBYj3UpSsNJ4AaABAg
great,Ugysa0VGvUCW8hgQyVR4AaABAg
great,UgytYIyg6XJ1-xT13lx4AaABAg.AMxzBIKkHuwAMy9-586nd7
great,UgyS0m93eX-hL64gP4N4AaABAg
great,UgyJQZwcDrVRFT830iJ4AaABAg
great,UgyvS1rKJHKZEU-7ZLx4AaABAg
great,UgxyODOOL-VGWimRNZ94AaABAg
great,UgyEcj0ajz_aXncr7rh4AaABAg
great,UgwYUX8aE2dccuNO-4J4AaABAg
great,UgxJ-OP9pqjFAiSSW8l4AaABAg
great,Ugx6o960t1-Bswx54RZ4AaABAg
great,UgzMdq8zP6XwGaAyk3l4AaABAg
great,Ugz8kef0yxXQaS_CL8p4AaABAg
great,UgxH3cjJYkVuaW8JyYp4AaABAg
great,UgyegS69RSKKpolAEEZ4AaABAg
great,UgxUo0N1bzxNUhMJSDZ4AaABAg
great,Ugxlcc7fi7TUCUIPJgp4AaABAg
great,UgyYQkw8WXF6i56C5Eh4AaABAg
great,Ugz83X17dvHMXKC8z9V4AaABAg
great,UgxjQ8ByH99HP8iBqeZ4AaABAg
great,UgxGm31qNtOsUwdQYKZ4AaABAg
great,UgwCal7SCkQst1GA2HF4AaABAg
great,UgwpLXs0SvrGoIAMxG94AaABAg
great,UgzKizA6CGLHZZFwIDZ4AaABAg
great,UgzfgtOR8eFFGGcRXQx4AaABAg
great,UgwnBYCGfSnCNcxN1ap4AaABAg
great,Ugxe7HFj_1PQyTFMutx4AaABAg
great,UgxjmQouqDlyjW01TI54AaABAg
great,UgzsjeLBrAug5RnnrNt4AaABAg
great,UgxcHRT0KspQBMmlMkh4AaABAg
great,UgyGtye-KFgf1amjuA54AaABAg
great,UgxnxOZ2WCdrGatUXCh4AaABAg
great,UgzHs466R4PuU2ylvQ14AaABAg
great,Ugy2otx6nZRoW4XVR0J4AaABAg
great,UgyUXdhEGmZ5Y6GreJZ4AaABAg
great,UgyFP29WnGgxA2WMa854AaABAg
great,Ugyy7R2xIFsqf0HX1Ch4AaABAg
great,Ugx3xzhkNWvvER4M4bZ4AaABAg
great,UgwNLZCPrMJgvwjnJ314AaABAg
great,UgwtPGqbrHLgyCpQ5pZ4AaABAg
great,UgzxUCDZuPzj0c4QL0t4AaABAg
great,UgxNiB5CskJA163CR8R4AaABAg
great,UgxwP-jUwOYOCQBy5IF4AaABAg
great,UgwgsLLQyRxaalPo6Nl4AaABAg
great,Ugyuw5RhaHEoaYDWcMN4AaABAg
great,Ugz-L8fW2zUqs-E3Dr54AaABAg
great,Ugxm30f18xIfle_qkad4AaABAg
great,Ugy0A4sulxVpui_d5QN4AaABAg
great,UgyJ0T5Ohvn6WEjy0EB4AaABAg
great,UgwmF23O8d9KapUP8bt4AaABAg
great,Ugynh3VSyWo29CPqME14AaABAg
great,UgwMRYaoHT7YGM1-D2V4AaABAg
great,UgyiUEzo3vEpvO63A894AaABAg
great,UgwiHA417H9njLyypF54AaABAg
great,UgxIiyk9XaOIWAUa0rB4AaABAg
great,UgxGRM659yHZyPsOlCB4AaABAg
great,UgyB_jNbU0cnZpBCjQd4AaABAg
great,UgwJZ5dpgSISgyNa7bJ4AaABAg
great,Ugx0VizYZPwkoxllq6R4AaABAg
great,Ugw5wF3QaLYnh26jfP94AaABAg
great,UgxrCKmUOPJZDF3Nx9l4AaABAg
great,UgxCrWtT44ttXckA6_J4AaABAg
great,Ugype514clbhocxWCll4AaABAg
great,UgwuAz5n8M3j30WNvql4AaABAg
great,Ugxh2tnT8Dgin2nXnpd4AaABAg
great,Ugzloi9rDzmox5skh594AaABAg
great,Ugz6ByxTFO13N3rCpPV4AaABAg
great,UgxJXrVavGA8N95uE_l4AaABAg
great,Ugxz_reXS4A70Uj1T9h4AaABAg
great,UgxROECPPWczhLzpyfN4AaABAg
great,UgxKLWXvMJV1FVR-VwZ4AaABAg
great,UgxWs3w7ZxXGqUpOlCx4AaABAg
great,Ugw7iYqX3ZmbkOnZOcF4AaABAg
great,UgzJkJ3LRNtSRCdnWdN4AaABAg
great,UgwkU8jdjsOZysJd07h4AaABAg
great,Ugxq-Nfy_jsfgLCBy7R4AaABAg
great,UgwJinxTfS5zxHVNoGF4AaABAg
great,Ugy02iGJxr-ha2wbv854AaABAg
great,Ugz54HFVPaOuGm_g3Wp4AaABAg
great,UgxAT99TGdot8hSwvUx4AaABAg
great,UgwFhGm5rR-JjBajMzZ4AaABAg
great,UgzHCV2-SrnANtsT8dl4AaABAg
great,UgzmJ0akBDz5vXOsPnJ4AaABAg
great,UgxOnhZXuHBhjY8VHNB4AaABAg
great,UgyBUTnOhe-epaYvTNh4AaABAg.AM5q9Qs8jrqAM5zLen06tz
great,UgyDTxZOWDyd8tmAIpp4AaABAg
great,Ugzmc-IYvWnMUOWAHjZ4AaABAg
great,UgykSSaYkRlrTxfkjqV4AaABAg
great,Ugzka0SpUfB2KvTUebJ4AaABAg
great,Ugz3EB4RD7JKKerGBEJ4AaABAg
great,Ugx7GmKJAP9XOnQfBTx4AaABAg
great,Ugx6SFlfWFdgDLmiSiF4AaABAg
great,UgzXYXbmNbcaaaqrr2Z4AaABAg
great,UgzOjyi3XhcLT7OIaTR4AaABAg
great,Ugxoxip8zv79kFfKdnJ4AaABAg
great,Ugw2BgQmoXJvJ-EfvBB4AaABAg
great,UgxHLXtG3-tLug7bnHZ4AaABAg
great,UgwM-35TZcBioh8kRQ94AaABAg
great,UgwQEBm08EqP32tjhdx4AaABAg.AM5aNL8ZLFTAM5mPpXPw6Z
great,Ugznlq4Y6ZvXrbdQj8F4AaABAg
great,Ugy0pqDmjpzhEndRBil4AaABAg
great,Ugz69Nd0WU8cerTr1ER4AaABAg
great,UgweAv0PqrQBN-8QfqJ4AaABAg
great,UgzaqEHHr4VtBZe24Gl4AaABAg
great,UgzaxLal2gfa7XMpiEB4AaABAg
great,UgyMhpVUOZxoN0MI9zN4AaABAg
great,UgypNF8QNs5bbtbd2Th4AaABAg
great,Ugz3PX2OuPhgz8lt4dN4AaABAg
great,UgzdBpBSrBWswk5XPBh4AaABAg
great,UgxNNQvQ01dt35YRF8d4AaABAg
great,UgwNVmVMKLXbj-k03el4AaABAg
great,UgxMaLl0BiGDE2WbBZh4AaABAg
great,UgylNsCtS4Hdb2NIR3x4AaABAg
great,UgyFZtAAWD4tf1F5FRR4AaABAg
great,Ugz3GN0bomT9OQvK3Cl4AaABAg
great,UgwDYN8e2Om2bPtfbtR4AaABAg
great,Ugz1hL0vpHAt_-YbBLF4AaABAg
great,Ugy1ZVGiJOKQQBgqEgh4AaABAg.ALijbfLYh4mALoAeDEjW7I
great,Ugylkdum1opUJnDbHd94AaABAg
great,UgzWiejQ_yktdtZsiPx4AaABAg
great,Ugydh-81au0GjrUXZtF4AaABAg
great,UgwnlExGLReeHDy5dj14AaABAg
great,UgypAd1gHqv4zm8PJfl4AaABAg
great,Ugw3aQpsxrFg43Z0O6Z4AaABAg.ALgmlK2TEGaALrckcU942n
great,Ugxh6VCu9vlGe1Ty0wV4AaABAg
great,UgwGUBYZztIu2gDPX7N4AaABAg
great,UgxJJNIaEKu_RdzPlt94AaABAg
great,UgyYxIwq8ErL_hVKHbB4AaABAg
great,Ugx3sf8tCKC5vMemZO14AaABAg
great,UgyApUgJGrJeF0nBzK14AaABAg
great,UgwjJvOe5IOFp8-hON94AaABAg
great,Ugz4Pfkzyp64zQcyijh4AaABAg
great,Ugx-R7kU6ZXBdMJJyUF4AaABAg
great,UgyFvuIQf86OYE-R_bZ4AaABAg
great,UgxajhrMiosKU5Sirld4AaABAg
great,UgyeY1CllochV9VKEj14AaABAg
great,Ugz0tOjVDyhZLYyr6dx4AaABAg
great,UgxHylz_9_duUJUp6AJ4AaABAg
great,Ugx4nvoJUtJVAuDvhX54AaABAg
great,Ugwapx6xcZkx-W3R4Dh4AaABAg
great,UgxITMAtyZ72nmzGAFd4AaABAg
great,UgyYOCUnkuzDXx8jCRR4AaABAg
great,UgzKBpBdmW2p-pSfzxJ4AaABAg.ALbmA1pfzBtALbnXGzfQDw
great,UgzvyedvylgN8lZlRoJ4AaABAg
great,UgyBmcJFcqcTTvmY5sp4AaABAg
great,UgxRj9U-XtHltNtdo3J4AaABAg
great,UgwKmFXQQYO1jPlvQ594AaABAg
great,Ugw84oZJXLEWaTcWe354AaABAg
great,UgwA3H_GKsSHDrv7K6R4AaABAg
great,UgzRqKrVcsu0eYfcXDx4AaABAg
great,UgzcBVUaocvhA_1fLZR4AaABAg
great,UgwD9oDxbvMnCNcsOet4AaABAg
great,Ugz8y2YgzuDU-S-QNKR4AaABAg
great,UgyA0GPqRXBhIy7ewAl4AaABAg
great,UgzStqp-HpZMLYDOiWh4AaABAg
great,UgzxrKOWAxgAP_2t8eF4AaABAg
great,UgxZc2kGxUeQxL68yDR4AaABAg
great,UgxAT3lwl1pdgrxgiap4AaABAg
great,UgyCt2aobjj7Xx2tiQ14AaABAg
great,UgzWYpOwjQ0C0cL8d5F4AaABAg
great,UgxjM9oeX7A8sukRdjl4AaABAg
great,UgzZR3FdQAR-Yt_ksk94AaABAg
great,UgyrQsqY1bYYyovn1QV4AaABAg
great,UgwIxIY-qZCv0sXX-H54AaABAg
great,UgzwFpuIsYxzvyuir9B4AaABAg
great,UgzIT1wfC9c14OWmz6Z4AaABAg
great,UgzLEGQyUlaUHie0rgh4AaABAg
great,UgxUX0Moy9ufFOO1GIR4AaABAg
great,UgwD5YckUPrCmVtsgwB4AaABAg
great,UgwjD0A80h71UNDg1gV4AaABAg
great,Ugx5rigfGLY4Bk7mzAJ4AaABAg
great,UgxsegPGPWbRLkyGkaB4AaABAg
great,UgyjJ-66mnVTN21cpM14AaABAg
great,UgziTbTOs6zyvmALKJZ4AaABAg
great,UgyUkqj_xPClGMh--ih4AaABAg
great,UgwV5sQA8isz0HAfJ2d4AaABAg
great,UgwrYRCa7PC5Yyk3_HF4AaABAg
great,UgxcgLUmN1kkv29M2l94AaABAg
great,Ugx7-y0uN8-kX67LSCN4AaABAg
great,UgxVJ-4qagsbfyoDbBp4AaABAg
great,UgxhbGcHQzhWnpK0CS14AaABAg
great,UgzYA7n9X_UzW1z_C0d4AaABAg
great,UgwA8lyHvsoRrcpjVqJ4AaABAg
great,Ugw-XGN1_EyieW3OUCh4AaABAg
great,UgyAiKNHMW2P8YKsrCd4AaABAg
great,UgzfOEjE_KOfwb7hZE94AaABAg
great,UgyLkpLjBfNS6Ym7viV4AaABAg
great,UgzvBfQtMV1WdpO_5jp4AaABAg
great,Ugzv_vXVvJh_5oQhI5R4AaABAg
great,UgwygRjfUWeYjzqQfPB4AaABAg
great,UgyzMDJhUcnzoKw1fv14AaABAg
great,Ugwkh8iLDPPmxIRXOBF4AaABAg
great,Ugw2qjDUKDNvLgqWx1Z4AaABAg
great,Ugwg8L6-wuBDFsvwsvZ4AaABAg
great,Ugwikq7nTpvned644JB4AaABAg
great,Ugyt2_VYqT0gK2x4F4x4AaABAg
great,UgxuygZNZwuFD6b-DSt4AaABAg
great,Ugx8F7VSBSGcwNmFFbl4AaABAg
great,UgwATNPrST-LCulspI54AaABAg
great,UgwEXteve6eBH1rUmLF4AaABAg
great,Ugwhxa02O1JiaPzA-PR4AaABAg
great,UgzUzaEmh7bos892mKR4AaABAg
great,UgyOOz-WfqkFUTsGHxd4AaABAg
great,Ugw5OzmOJXHUtvcdNSl4AaABAg
great,UgwoblgTYNMUGkvMJNd4AaABAg
great,UgxTzZJmq40RQt2b0LN4AaABAg
great,UgxbDVsujEIT_PcgW4R4AaABAg
great,UgzhoXD76P4IjUVBFmR4AaABAg
great,UgzHORFzLePkWYoosC94AaABAg
great,Ugw0QsQni45vq8ncOot4AaABAg
great,Ugx7cy0aZlKHtPz_3-B4AaABAg
great,Ugx3wVqr0Fr8RVngZv94AaABAg
great,Ugxiso6zFZsD2VsR6xZ4AaABAg
great,Ugyf9KzbHmBVnJwUU5p4AaABAg
great,UgyrMOrQPuxfDTwxh-N4AaABAg
great,UgygmOsN7nUKYWTDbP54AaABAg
great,UgwPfV7wZkWwiytJ5N14AaABAg
great,UgxQd_-p_pzYz2ZOVs54AaABAg
great,UgzZtDJ2uqXn6PthmUF4AaABAg
great,Ugz69bfG1fand3Yc-7V4AaABAg
great,UgwC5YJowcb2fA93tyR4AaABAg
great,UgwCixVfdvuRI_2QgFt4AaABAg.AL5C_Jjl4URAL74hVp8q-b
great,UgzaUsqofb4-PLZqWGd4AaABAg
great,UgxWvHkKcdvbR3LlvzB4AaABAg
great,UgxqE-YNGnEeOgT1hed4AaABAg
great,UgxjskHgWvbR2ImN8LJ4AaABAg
great,UgwknIR8QQEBBzMZOjN4AaABAg
great,UgwPWYAeCXQNod1OFh94AaABAg
great,Ugw_s6kE_DOM1P8w3V54AaABAg.AL57EWevS9TAL5ALZRJ44b
great,UgydJBBe_GhY2FbtLcx4AaABAg
great,UgxcG4XQDFJH2lckTSJ4AaABAg.AL56Ut__iFHAL5FY2l1Reu
great,UgzMrhiFMJ2FD8a9Hk94AaABAg
great,Ugxq3AdcGnHkoKzFhKZ4AaABAg
great,UgzQ7wWxDw3CFxVauP94AaABAg
great,Ugx4sdcoDipU5Qs1FaB4AaABAg
great,Ugzy2ODMR9_qrW7y5rB4AaABAg
great,UgyS6VPk5U0NSP0-Rvp4AaABAg
great,UgwBjJoNc96yE-eebRB4AaABAg
great,Ugw2OWpe7mi8SZDZHYx4AaABAg
great,UgzC2zwgHNZYFib92Px4AaABAg
great,UgxvQknPu_I-BWA6Bad4AaABAg
great,UgwWWYKm2t3b0APM7iF4AaABAg
great,UgwSmRv3cVnoIyT2owR4AaABAg
great,UgxQQ5DAHBAckXjFnGl4AaABAg
great,UgxdhAILIgB7jF-IhcN4AaABAg.AL2CWXBLDTbALANV20Oemf
great,Ugz7TTRsPPbhZFV3p594AaABAg
great,UgzhC8hsFnz2a5rFNZZ4AaABAg
great,Ugz6whp-NsxrWa_jy0t4AaABAg
great,UgyzGGhYlhr1FtmrmUJ4AaABAg
great,UgwiXwonHzLbn29bjmh4AaABAg
great,Ugzzg2u5oyTH__fuA514AaABAg
great,Ugy4Pw9TK0xhAO4cl2p4AaABAg
great,UgwTUS7eWKnrNpdKQpd4AaABAg
great,UgxrJzLEAbm7nFCX34p4AaABAg
great,Ugw9ONGWa50rUFREHi14AaABAg
great,UgyIHTKSZ1TjyN6BVRJ4AaABAg
great,UgxEonPR0dI55Rq3zw54AaABAg
great,Ugxv4LUM2z1itKimJGh4AaABAg
great,Ugw9Cp6dGkiZF87L4I14AaABAg
great,UgxZQLa65bXaG9Mi7Z94AaABAg
great,UgwFcfECy9ai3T9Kcbt4AaABAg
great,UgwDGW7wRknG7orjRj14AaABAg
great,Ugw9o_9xqdlK0k1EUJ54AaABAg
great,Ugw5x8Y4YWX_uKhqQ4t4AaABAg
great,UgznjXY8KrZODiePUxp4AaABAg
great,UgzmaQwDaJH9Nf-awBp4AaABAg
great,UgxnGQp7wacsrMdh7ch4AaABAg
great,UgxHqDUB540gHe3g80l4AaABAg
great,Ugw3G1AjBzmvqaharkV4AaABAg
great,UgwUXOoStRv2wKvVHLt4AaABAg
great,UgxF58rp3M1wItm0jLN4AaABAg.AKkDR3odV7NAKm7nDS-hLx
great,Ugx-wRm6II4zVfw2fNV4AaABAg
great,UgwfREOlIuBDYqQjO_Z4AaABAg.AKjpGYbxKnDAKlSmx0rQto
great,UgyHmX4LiXfz0UJQPZZ4AaABAg
great,UgzuNi7pzEj3aVi5vm54AaABAg
great,Ugx2ORsfKGFEDYcFqFR4AaABAg
great,UgzNhekI2iHbi11DtUZ4AaABAg
great,Ugxf4K8aQso3yVkZ6_F4AaABAg
great,UgylqzD3y7_ikdhBXUV4AaABAg
great,Ugw5zIIcNMCfrJw4fUF4AaABAg
great,UgxPw-XvwOSFaADLWHp4AaABAg
great,Ugzf7XpIoKwmJUv_tHt4AaABAg
great,UgwBCgtPv9bmpz9-MDx4AaABAg
great,Ugxq1tnzW9D0viPDUZl4AaABAg
great,UgwFjn7mXgtyh7UnznB4AaABAg
great,UgyBLuLAvuOnw9QjMmB4AaABAg
great,UgzM0kzR31TuwESdw1x4AaABAg
great,UgwZOL2iiFQRHJDdYG94AaABAg
great,UgwEG7V3WQNcU6ZM_il4AaABAg
great,UgxDri1QWQkkA0tm15N4AaABAg
great,UgzRBpaNb2Fw8imUf054AaABAg
great,Ugwx2RAQDrW7CSf9mKt4AaABAg
great,UgzGdJ6uQaUOny3HfTx4AaABAg
great,Ugwp85FRnjNMh0sk2w14AaABAg
great,UgxnDbHCacE_MUpI6op4AaABAg
great,UgxBpY1rGTKy54e4jmN4AaABAg
great,Ugwn_Nda35Mx7wx37aZ4AaABAg.AKitpZhads0AKj7uF2sOiQ
great,UgxfoTPWgwTyWUOVrlR4AaABAg
great,Ugxm_rIrNngpBBV_3pN4AaABAg
great,UgyjvaG8FBZ6Nq7kopd4AaABAg
great,UgwZnnH_hqQIjQ510Dl4AaABAg
great,UgzIhQ6QXNvP4eqsRAd4AaABAg
great,UgzDNA6t-Bi6nQFlLep4AaABAg
great,Ugwc58xoC4nbPkhx9h14AaABAg
great,UgzYvUWWsD5bTDhlhWx4AaABAg
great,Ugy-XnYJuQk9dnAef7R4AaABAg
great,Ugw8QREcXpsbUYUJlJp4AaABAg
great,UgyCYak04QMloYwZTAF4AaABAg
great,Ugx2s2IEAyN7Wvjjfy94AaABAg
great,UgxZ6QmDIo772nL5tUV4AaABAg
great,Ugwx3UDnlQqbKJoXPUF4AaABAg
great,UgxXLfh0GyFSUCs7gkN4AaABAg
great,UgzO3wPzWR7oB_oKOqp4AaABAg
great,UgxK3vT4QrNkqxn893d4AaABAg
great,Ugzlyc1po_K1nvfXQCx4AaABAg
great,Ugx8Lrez00Ng-U9kKIN4AaABAg
great,UgwSVz1yVVIDM_svS_V4AaABAg
great,UgwSIEHtW6_3D43DPeB4AaABAg
great,UgwzIKVnz_enf5S6UV94AaABAg
great,Ugyt2vD3AIo98tskjS94AaABAg
great,UgwDtlptGxzcIti9jT14AaABAg
great,UgwNny4WZXiPdH6GM314AaABAg
great,UgyveLN97zibGvmi9fN4AaABAg
great,UgzChKMRjv3DV_z_-jl4AaABAg
great,Ugz-QMv7ZxKxJ3KS3Mt4AaABAg
great,UgyvgjOu42TRSCW_tuJ4AaABAg
great,UgzB67y4NDuqp4NU88Z4AaABAg
great,Ugz3tUboj89KEjbN7nd4AaABAg
great,UgzB_7ThLmO7BGHT8Lp4AaABAg
great,UgzGEsNc0vCqDq5HPLl4AaABAg
great,UgzFqiWVZxsDQ5r7VWp4AaABAg
great,UgwygbG65fMleqjnw0V4AaABAg
great,Ugxjv32CJ5MRjyKjPBd4AaABAg
great,UgyKPHP9Mtx2Y-DDtfB4AaABAg
great,Ugw8iR8wsa0qiPEg7-d4AaABAg
great,UgzaJw0b0xdfk3cJdGZ4AaABAg
great,UgyItNV7YrNu7R-9Wed4AaABAg
great,UgxsvjYn48JQvVp_ciJ4AaABAg
great,UgzBVOPXA47VsZKKtNh4AaABAg
great,UgwsjRMF9yknVz3ahxJ4AaABAg
great,Ugy4fH7aSSCFqCow0aZ4AaABAg
great,UgxZW_kySYCOHzDb7-54AaABAg
great,Ugy4Yg6M8aeWhodFeV54AaABAg
great,UgwHz0YapsgPEPi4sYF4AaABAg
great,UgyedZ2xi0wM8TeIPO14AaABAg
great,UgxQS7lTAvLjbM3UWe14AaABAg
great,UgxEYsveu-Kbss4ze8d4AaABAg
great,Ugzc2g2wbwa7iA8wQIl4AaABAg
great,UgwtyOnFa7PnTVtLdb94AaABAg
great,UgzAkWBIqMShyYVfzUh4AaABAg
great,UgycFWQJP06aRDHo1tZ4AaABAg
great,Ugw9P0bLhuNg5xHhiX94AaABAg
great,UgzxQCs2vmnIrJLVUm94AaABAg
great,UgwoXEVxyxhaBEUXuZt4AaABAg
great,Ugwo2X9jsZJnftS2Va54AaABAg
great,UgyH7fWG0gLzA0_Bg6x4AaABAg
great,UgypGN9WvOzYgNCDgwR4AaABAg.AKh5g80RVRNAKoDJLIgDn5
great,UgxbMTFCYCblVHAf7f14AaABAg
great,Ugzhc0kNiStD0xbTo5l4AaABAg
great,Ugz5yXV2Iw_jQvQPSiV4AaABAg
great,UgwTDZ0rs8WCiHob_114AaABAg.AKdfRTimxmiAKe29Lcopoi
great,Ugxu_QN5c8atIjvxwsV4AaABAg
great,UgwHl26MXUh6bx2KvQR4AaABAg
great,Ugx39t2nr2Cxb7xAf894AaABAg
great,UgyL05yQ65XOZjRt6TV4AaABAg
great,UgxEp9SakOfik4XzhrR4AaABAg
great,Ugwnp0XnuZY7ee6gBDF4AaABAg
great,UgyZYJPHFDiC5anagSB4AaABAg
great,Ugx51xGGxRHnpwTfvkh4AaABAg
great,UgyFpOPDxlBfSRcaJSF4AaABAg
great,UgxuiIqc4c24MM7dsFJ4AaABAg
great,UgwUIX0K6D3qS0wmxzZ4AaABAg
great,UgwiXpm9njw9nVdnSxV4AaABAg
great,UgwNtcky7fp0g5xHz8F4AaABAg
great,UgyJouOJmfoEoAdllGR4AaABAg
great,Ugy_0dpmcWIUcachuB14AaABAg
great,Ugxo2BF8cn19t-t9sAp4AaABAg
great,UgwoKwWAi63its0l-fN4AaABAg
great,UgzWFNqxykoHgvlLkrh4AaABAg
great,UgwxtxWFHGhw45hfteN4AaABAg
great,UgzRlARwQ12QtGTahbd4AaABAg
great,UgzGFipoI-LWzo8Sdvl4AaABAg.AK8EUFegNlJAK9ot0OEp-h
great,UgxWtBh5tyBes6JoVNh4AaABAg
great,UgxiQrmHvj-c-8DDevp4AaABAg
great,Ugy9P8DW-DDRa5qCeFZ4AaABAg
great,UgySoV_3PwumD-b748l4AaABAg
great,UgwjXcmZWozffw-hr8x4AaABAg
great,UgzlnjiBvpDDlnU3YIV4AaABAg
great,Ugy1MXpPjr_Rw5FD3Id4AaABAg
great,UgxnMiDwuoKUlXkHKap4AaABAg
great,UgwCGlN2sR1Zugf18T94AaABAg
great,UgwKlbVhHFejjDxza654AaABAg
great,Ugxmjv8IvoxJvi_K7LB4AaABAg
great,UgzeRlkY7ImF6eCX14V4AaABAg
great,Ugwiwfg8xrNZZ_DjmIV4AaABAg
great,Ugw85-9F3_RbfJJSnct4AaABAg
great,Ugw-wTddP__L_cc32w94AaABAg
great,UgyXtkg0jgU5eKudViN4AaABAg
great,Ugxe8Y4oTEy5vn3ka3F4AaABAg
great,Ugy39G-VaMiuEWnVLRl4AaABAg
great,Ugx32mQ4K66qqhMV2Fd4AaABAg.AK2COv6ztmUAK2CW_w5oVT
great,UgxM76TsOZ8hxs8UhX94AaABAg
great,UgxTDSIGE5PWB4d2cGF4AaABAg
great,Ugzk7mHB0cASDqoYcQV4AaABAg
great,UgxQeaIflDIFwAUpMtZ4AaABAg
great,UgxHaqCfH3-Mti5DG0h4AaABAg
great,UgzS_kHHvxi7KfQQ1pR4AaABAg
great,Ugx44zgZ83_MbMGRD1Z4AaABAg
great,Ugx-wmzzhNF1Xxk9BEt4AaABAg
great,UgzlFd7kSqQj6HOizc14AaABAg
great,Ugyk4G1I2h9ZjE02Y8Z4AaABAg.AK-ij2JpsICAK1kCdG_g2i
great,UgyWlABUiqColo2dTBN4AaABAg
great,UgzzhT8XL0U7Gwrievt4AaABAg
great,UgwQWypMxUpWbSOLUM94AaABAg
great,UgxlDDRK4UL5gAiG7sZ4AaABAg
great,UgwAMNzxerhj7bMoZmN4AaABAg
great,Ugxb9PkJTLg6CmhgScJ4AaABAg
great,UgyT1HdBY0jv-YOo6ft4AaABAg
great,UgxCoElxOD6wUYKFb8h4AaABAg
great,UgxqbpOzym7EnkcgM2h4AaABAg
great,UgxctUaOmmM8xngeXgh4AaABAg
great,UgzsCbPgCZyepbce4Bd4AaABAg.AJy4vEw7l2PAJyAeWEe17G
great,UgzsCbPgCZyepbce4Bd4AaABAg.AJy4vEw7l2PAJyG6S-rjIQ
great,UgxxSGpm9LOe-Sd3MjZ4AaABAg
great,UgzLsOQxgfmTxJaqVCp4AaABAg
great,UgyuwM-om7iTVF7rwM54AaABAg
great,Ugxs-gQ0R2K0H2na7vt4AaABAg
great, Mr. Yoshiaki Harada
great,UgxizmyMk58log36zah4AaABAg
great,UgxuxFC3ClKwgGLHdsF4AaABAg
great,UgwBhvL5lLZqtlFv9D54AaABAg
great,Ugw0g6GXtF-sNclsx754AaABAg
great,UgzF66SG7mU_sfNOV7V4AaABAg
great,UgxyEagRiitRHHvfB3l4AaABAg
great,UgwJ5Wrz6VC3w-0nVap4AaABAg
great,UgxyREYSxcLqLv4QcwR4AaABAg
great,Ugy-UX7kNDQ9iUNG_gx4AaABAg
great,Ugy0RQR1V3d5R1jg8C54AaABAg
great,UgwMDOmZwTrCm7O5R1t4AaABAg
great,Ugx97QQeBsIRroiRj_R4AaABAg
great,Ugx9BKy-LI3J_ABlgD94AaABAg
great,Ugyoqvrz8nJ2dSNALld4AaABAg
great,UgyaFBZkrUbs0lsHLYR4AaABAg
great,UgxUFIkqDtColJs4pIh4AaABAg
great,UgwNRxlZLh6b0nPsrO94AaABAg
great, because it's great
great,UgzUqLqa0mnQbkwRAyJ4AaABAg
great,UgwJGU74HVMOhk93p454AaABAg
great,UgzMF-vNsu4W-mEPFKt4AaABAg
great,UgzYuVTbNq9molTcr6h4AaABAg
great,Ugw1Y3_f5aQgYedgkid4AaABAg
great,UgzHnqszKLl6DjbNxHx4AaABAg
great,Ugw9NHBbrYLMpipnv0d4AaABAg
great,UgxS_bh8GcHnfu9OdrF4AaABAg
great,Ugztb7CEyQ5ycSBg0p94AaABAg
great,Ugyly4z20QOUIo79T154AaABAg
great,UgzfVLUPNm7Rdoe4SUV4AaABAg
great,UgzZZXUqx7b-pdzUNol4AaABAg
great,Ugws1v3hiAGGQ3fHyCV4AaABAg
great,UgyOUwUfugc_fns16Z14AaABAg
great,UgzrANQhG0RuKU18Net4AaABAg
great,Ugz8iWMceW9vbjOGw514AaABAg
great,Ugwpmyr3NXHl7WTdDJd4AaABAg
great,Ugx3PLbG9C_KdmiDlPZ4AaABAg.AJvI6H7JpGZAJvU03wx6RN
great,UgyuGUDOtNyPdv6JKxB4AaABAg
great,UgykCkDa15w4di_l1cR4AaABAg
great,UgxVLcGONwnMag9x0vR4AaABAg
great,UgwwMWjJNPJzGj3qAnV4AaABAg
great,Ugz2iZ0b6MkVJoqn-yl4AaABAg
great,UgwlksUf0ULqqJBenLd4AaABAg
great,UgxgdDsKXVfC8WNorR94AaABAg
great,Ugw9QNcQX8dyKYPyufh4AaABAg
great,Ugxv1STdnCsZfbsFuAF4AaABAg
great,UgwljbwzIvctGg8KZLl4AaABAg
great,Ugy-hj-ZJPri98_3TnN4AaABAg
great,UgxKrW06JiKxtdQeGg94AaABAg
great,Ugxdz2aoK7gdOxVcLlx4AaABAg
great,UgwC_4zBrjRPGC_hQhN4AaABAg
great,UgwkHk139dfVNTuZ7ZZ4AaABAg
great,UgyWm6JjKehharL9tBJ4AaABAg
great,UgyfMXeaWxtcZtQFl0l4AaABAg
great,UgzQKwdSbx-_falJNRV4AaABAg
great,Ugz9KhPoqi-obTzZpKl4AaABAg
great,Ugy04UTDJhAlBwbAbDN4AaABAg
great,Ugx1xG7uldSgJLLeoPJ4AaABAg
great,UgzVeepm3bGx7EMcB7J4AaABAg
great,UgzdDckW7q_g41XhKJx4AaABAg
great,Ugyt4q_pjmT0ZC1bT3N4AaABAg
great,Ugyd_cpAVIANXQPgo9R4AaABAg
great,UgwKInAaNP7H6GzGLjl4AaABAg
great,UgywwxPjmCw9VOZdVPl4AaABAg
great,UgwxZ-hIj2I0xUVZXw54AaABAg
great,UgzTvVBI3lDWMtyvh394AaABAg
great,UgzpyJZDBWo2mm4LeRF4AaABAg
great,UgxZ-YP5EprdsSrF_214AaABAg
great,Ugy0duRJ9xr_gT_-Q_94AaABAg
great,UgyRNkFCKeBazNkKgct4AaABAg.AJthLwcvElcAJuq2T4ueRZ
great,Ugx-IR3qgw0ohR_FzNZ4AaABAg
great,UgzgQ-PhkZg4QY6O2494AaABAg
great,UgzXgRuYqpvktFoG6Qh4AaABAg
great,Ugz2i9ariMM4NKjKav14AaABAg
great,Ugz-CMDKXKwW0xbPhnt4AaABAg
great,UgywsTuwkzOOat0Nk3R4AaABAg
great,Ugxya-smqdIaxrccLKp4AaABAg
great,UgyyTXsmzLkGK7FqXIV4AaABAg
great,UgwJzQKZ_vw3E1nSu7R4AaABAg
great,UgycpQuqty7KmyhMtoJ4AaABAg
great,UgxO3ejpXPhoJr65baZ4AaABAg
great,UgzpURaAOK3W169j3VV4AaABAg
great,UgyJUO6UsSKhJjW0TNd4AaABAg
great,UgyH-LNLnMsLg-mbY2R4AaABAg
great,UgzV9115XPSr0YWos1F4AaABAg
great,UgxWas7N7es9PsGKQWp4AaABAg
great,UgwkwYDkMldKAIzXSYh4AaABAg
great,Ugyy6BuD5ggxOHqyQzt4AaABAg
great,Ugzr7pc9UX_hZXTwZxh4AaABAg
great,UgyzbtKAtSe0EicsvyR4AaABAg
great,UgxuvErQzxHJKDsdhn54AaABAg
great,UgyPHUi1hXb2LgJs0ix4AaABAg
great,Ugy_0AmCGsQ71ERozgp4AaABAg
great,UgzJZ7-vnxvSPdG_ng54AaABAg
great,UgwJuGRLBOv5r_k41EJ4AaABAg
great,Ugwl3eP2nh8Qv_aiqmV4AaABAg
great,Ugx8kDtSlvuinuKEwBV4AaABAg
great,Ugz8xAk9iPoh54yOmsR4AaABAg
great,UgyNhvMSuxHw0NzSNVp4AaABAg
great,UgwM9C9NcNMzLNK0KzZ4AaABAg
great,UgxF3aPVW3VgGD46MRd4AaABAg
great,UgyLTK0Vgr0srQjg6cp4AaABAg
great,Ugz6xv54Ah4Z9o3x_Qp4AaABAg
great,Ugz2TF4o_Jfh8XJ_lG54AaABAg
great,Ugxu_L_JwpfPFnVZ1Hd4AaABAg
great,Ugz-KgSdRN_9hi-HR-x4AaABAg
great,UgyNDbn75FSMbPLZAGp4AaABAg
great,UgyJ95yuxVzY6feA2014AaABAg
great,Ugzm0gqzv_76Oz30g4x4AaABAg
great,UgxR_3dm0fm8qibbloR4AaABAg
great,UgxUOZpQsNC_qeLwnFp4AaABAg
great,Ugwzcp0KnC4GO28Md-t4AaABAg
great,UgwDL4GoOf9Acd2A3854AaABAg
great,Ugx785iubLGMtdR_wgN4AaABAg
great,UgwiLZI7FaoMebZmDtV4AaABAg
great,UgzSjqHAkRt9tZpjzXB4AaABAg
great,UgzHttdSe2vAje6g3gB4AaABAg
great,Ugw5KGCH-FitPguO08V4AaABAg
great,Ugz8JHufeKZDCcny_YB4AaABAg
great,UgxwGb_f7aWow6Atnpt4AaABAg
great,UgyNrIFmMEqpHu9ZR6l4AaABAg
great,Ugy_IMMx_kh4tcS28hp4AaABAg
great,UgzmfUFGkBnRhJivChB4AaABAg
great,UgzgtygyL5UGHQiCGFt4AaABAg
great,UgxoY7h-vl5MVpvUUnJ4AaABAg
great,UgwV0LYjX4seiPYD5YR4AaABAg
great,UgwOAtDX1G7l0BXDB8F4AaABAg
great,UgxTT9z7vUgpP6ZGKMx4AaABAg
great,UgzBLBaWM53dK_4GH7p4AaABAg
great,Ugz8WSR3IlsBUlnKmZ94AaABAg
great,Ugweoemsr08YdCuuuO54AaABAg
great,UgzoVGwEZWiIOxFJYG94AaABAg
great,UgxuMRYVQf2rIw_obxV4AaABAg
great,UgyIYiFkW2FGHn8GFZ54AaABAg
great,Ugw_eEd6QAsluhwLTth4AaABAg
great,UgwLcb965pUmaWF16dN4AaABAg
great,Ugyt71qKCi41H7xHmIJ4AaABAg
great,Ugwr6KhYWqxiWLTrast4AaABAg
great,Ugx4hweXt5FA7xdQC194AaABAg
great,Ugz9-jMz2rfp7CciZ1V4AaABAg
great,UgzWCx9KJQaWmj_5BSB4AaABAg
great,Ugx3XeQjMR1fWuVMWoF4AaABAg
great,UgzQtZPAqI0U2jCA_th4AaABAg
great,UgxPG7Q-EHAx9DYo3GB4AaABAg
great,UgxqxQnlUO8R5FnsplR4AaABAg
great,UgzKCm69PSOh4eZWS8F4AaABAg
great,Ugzk4K4zZVQ9816QMOF4AaABAg
great,UgyI265BTdqIxgXIhv54AaABAg
great,Ugxy8bwtnu2zGUvF9354AaABAg
great,UgyEvpmGwZqa15P1QmN4AaABAg
great,Ugzwp_cxM8T156BVCSV4AaABAg
great,UgzYISedQo5hdJXVg2R4AaABAg
great,UgwORuj-KvGpWPcSS4N4AaABAg
great,UgyhC0dcByTyZiP2Gf94AaABAg
great,UgxA-2QxFRoaNS_qo494AaABAg
great,UgxEECBtbg-P1ipAEK14AaABAg
great,UgwKM8qOVeaZzdIQxy94AaABAg
great,Ugz2BuzEmcyhToJFPYV4AaABAg.AJs2eqtLQ70AJsDRxYXcSH
great,UgzsZ8H9IcUJ2n5pX0h4AaABAg
great,UgwyEOXuzBHlM_US9f14AaABAg
great,UgyZTwgpgWAztqu50fh4AaABAg
great,UgykdKLNqjPIhV0ZpTd4AaABAg
great,UgxnV-SLLPFUvC9flbx4AaABAg
great,UgyTWkjTDnZCiUXoqj14AaABAg
great,UgzJC7kyIyR27EoepNZ4AaABAg
great,Ugy2h9wdI7uzegrPBCx4AaABAg
great,UgzJ46Gy6NpLy_UtAuF4AaABAg
great,UgzokeXSfLF6i4cgGxd4AaABAg
great,UgwAeoSI7E4CQKvJ1Nx4AaABAg
great,Ugy3GB73PKI2JiqSFiV4AaABAg
great,UgzMwOazoONy6KC1Rph4AaABAg
great,Ugz2BSfLyhGOZVK8LZ94AaABAg
great,UgxjiNZQy7fGBEmc3Xl4AaABAg
great,UgyVFBwBaPU2ZCWpqop4AaABAg
great,UgxJdS890t7YwOVxzLd4AaABAg
great,Ugz2RVyo28zbBgWvmRh4AaABAg
great,UgwRwFWv1oai1VzZ1v94AaABAg
great,UgyrLVfkNONTUZ_0xD94AaABAg
great,UgzQIE4fNmLWsBgJNI14AaABAg
great,UgzccTFrAbv4K2rNp_V4AaABAg
great,UgwiEGaH7Ne8roEst-d4AaABAg
great,UgwX37CrMUJXGfzmVYJ4AaABAg
great,Ugzv_e6M_DWrc-xSH114AaABAg
great,UgxF_Xgd1Z9NjXwf7hF4AaABAg
great,UgwV2CsOkPQJQ-H1oM54AaABAg
great,UgwPstYB12ram67SrhF4AaABAg
great,UgwjdRiom1yl05RVTyF4AaABAg
great,UgwOJ75IWGH1v2xfNsp4AaABAg
great,Ugz6RQrakkf09VgxSJZ4AaABAg
great,Ugy7CmTkccoPUqlSPBF4AaABAg
great,UgzXbOdKiCb961UHUMx4AaABAg
great,UgycDLoFJulUG0LF-Wl4AaABAg
great,UgzH43v6_8MF5ECLtwp4AaABAg
great,Ugx-8IMenGdChOg7RNl4AaABAg
great,UgxvyN6SehYiAMXNOdt4AaABAg
great,UgzlpamZAMr2TjXFGMV4AaABAg
great,UgyATXX2e-yEbaEKdf14AaABAg
great,Ugw7nsHAH_Eb7cBtZS14AaABAg.AJr_L3IVUQ8AJr_SJRezgm
great,UgyANE-cbB5LXhNxV594AaABAg
great,UgyEY5FlovK8YiNJ2Sx4AaABAg
great,UgwOxxdA8OZBd7uYu7R4AaABAg
great,UgzNGLBZpsBx3lYHqx54AaABAg
great,Ugz7o7LinsX1OFWyAGZ4AaABAg
great,UgyIpCoM0n_X2wSi5B94AaABAg
great,UgyxzXVGiqJRiKGD7yR4AaABAg
great,UgyrkVDSvTy0bzQ41UJ4AaABAg
great,Ugz9PCXuH0nNyR3dDhR4AaABAg
great,Ugw6O_WgmXxMDiuIH8N4AaABAg
great,UgxuuX8ymhnNavVCoLR4AaABAg
great,UgyLNRft6mCV5l0vOSh4AaABAg
great,UgynLz4LvS5lFJBPuQt4AaABAg
great,UgxzITNjcuYLPql0qCV4AaABAg
great,UgxzITNjcuYLPql0qCV4AaABAg.AJrML-4-DDtAJrMSkdN6Ak
great,Ugyuk55xKtumI4jVUB14AaABAg
great,UgzIwXPhegNga09gALh4AaABAg.AJrKdHdP0zUAJrRnZ3s1Rq
great,Ugx-1su_LRXaJYFWogZ4AaABAg
great,UgyJvOHqjKxJGeO75T54AaABAg
great,UgxeBlbSCrGB0ivxzQ54AaABAg
great,UgwSVqWF9jFnVQ_fFed4AaABAg
great,Ugw1kiCNqmcarkpbkix4AaABAg
great,Ugx65mnosIHOA7iqa494AaABAg
great,Ugw8yjHiMN1vtqLpu_54AaABAg
great,UgyWCPuAW2RIpe1OVj14AaABAg
great,Ugwg9y02QE7-bq6hnKR4AaABAg
great,UgzoKyM5pt33vTnLVlF4AaABAg
great,UgxZbayagLxfiVhC_8p4AaABAg
great,UgzS-FeRrHsMtt9NdGJ4AaABAg
great,Ugw0nXW7b4GzeuS9Jn94AaABAg
great,Ugz-wJ454_PDaNf3C2t4AaABAg
great,Ugxd8a5Cln1LKl3r0U94AaABAg
great,UgxAGtGnSHdu1fzgyk54AaABAg
great,UgyjkCuzVf63Y0FqAOl4AaABAg
great,Ugw--sXZPnEgES0lYPx4AaABAg
great,Ugwfy4CKjE5QhlSFPYt4AaABAg
great,Ugy5_js5ww_r2Pm-fVt4AaABAg
great,Ugzcmwwr2gXF89CFdk14AaABAg
great,UgzGWNVE5o6Nj7iOV2x4AaABAg
great,UgxGcN2nRbn_NBdgRZV4AaABAg
great,Ugx93ib41J_33f9e9Nd4AaABAg
great,Ugyh0eoIl7fb5X3NCXh4AaABAg
great,UgwARxT7WOX_7eGbtq94AaABAg
great,UgyI0ALE_s3LnxFFj5l4AaABAg
great,UgxoenIZCuF8pJKbUHB4AaABAg
great,UgxYvizYhnJWKv8FsYp4AaABAg
great,Ugwv_TD-leAoad1_E0x4AaABAg
great,Ugxg4I4tEaHr-KnnYcB4AaABAg
great,UgyIjdDqnW4AN6xGKSR4AaABAg
great,UgyTK3UOSTW7P0VbyH94AaABAg
great,UgwoQ7F3jRUvZphl5PF4AaABAg
great,UgzeJpgyph6f5VgQsCR4AaABAg
great,Ugy5C2pVc9-ofZOlDvR4AaABAg
great,UgySdc78zC9g3Y4J0nl4AaABAg
great,Ugx45-iLPc49DKCjScJ4AaABAg
great,Ugwx_eMVcUWhMzuWlaF4AaABAg
great,Ugw_4bwCYqtaLLJ7I_54AaABAg
great,UgxtusbdqjKMN8jdlqR4AaABAg
great,UgxqmgU7gUue6Qk-PtJ4AaABAg
great,Ugx-LLucd6HcwJkQM_Z4AaABAg
great,Ugw80zNLy5Hilpxjbmt4AaABAg
great,Ugy4U5WOGAvgNtJdfYx4AaABAg
great,Ugz0WLlxBU_BJW-FLKF4AaABAg
great,Ugz1Wy2v8PRw4eDynCp4AaABAg
great,UgxbudIUl9zaGzrBuV94AaABAg
great,Ugx1Kk2PWblGSalbtSJ4AaABAg.AJqvV43BcAsAJr06AzblRD
great,UgyRT0dgqnIw0c8FZhh4AaABAg
great,UgwaSL2gXZhCDlak-H14AaABAg.AJqvEwxrcclAJrhYu8SMFc
great,Ugx0RiGpJ0reV0b2PvJ4AaABAg
great,UgzxfPze0vbbMqSKpAt4AaABAg
great,UgwM3ipWUN8CYiFuTyF4AaABAg
great,Ugyz3YIjKu5krGaWm-h4AaABAg
great,UgyRxC8zzSzDfYKPIgF4AaABAg
great,UgwM7Cqg56V9gM12itB4AaABAg
great,UgzLhLXLfVkfEM1d07p4AaABAg
great,UgxsvDsYX0nQhktcdJl4AaABAg.AJqtT_gdWIlAJqyZXuYsPI
great,UgxfsvyXQhKBu0UdDM54AaABAg
great,Ugx3MHPL4su4g-BQ80d4AaABAg
great,UgzqW4QMjSfcD97s8a54AaABAg
great,UgxtnPOhHDMU9WbAMaZ4AaABAg
great,UgwuovyoUKPexRLAr1t4AaABAg
great,UgxOPTOG1fMDeH6rei14AaABAg
great,UgzI-dQScfbTQBzx7vN4AaABAg
great,Ugzpd5XEqFvLwHwZzyV4AaABAg
great,UgzAVFfYkKNj-NFCAK94AaABAg
great,Ugw3_rH31CSh1LbTja14AaABAg
great,UgyzVTBBHllV9wyf2s94AaABAg
great,UgwvatvXq3-freGuNQh4AaABAg
great,UgwWLTRq267rRXqC7hF4AaABAg
great,UgwaCAW6qLqA2pfSm3t4AaABAg
great,UgySMdui_g-FXpqyRWN4AaABAg
great,UgxwBJZRb_GlSSaYKAd4AaABAg
great,UgzGZ59drtVojMnKPid4AaABAg
great,UgxSAwlLBnau6Y4XM2F4AaABAg
great,UgxQU3cTf36fNyqnc1h4AaABAg
great,Ugy_Q-IncTAJUYTc51l4AaABAg
great,UgwPj2pypi_iTSkH4LF4AaABAg
great,UgwVNgUMuJmQWNlP1gp4AaABAg
great,Ugxx4X6tCnWN3eAM1Dh4AaABAg
great,UgzTQ86d1We165PDGIZ4AaABAg
great,UgxHwCsrtGyxn-o0j654AaABAg
great,UgyPRIbu1lCEJ94YXx14AaABAg
great,Ugxf7Es92WyGP8jgnNd4AaABAg
great,UgxjUTEJc9lgejYuDMd4AaABAg
great,Ugxiq3V4Q1k2rT-RzTV4AaABAg
great,UgxBV04uWVUmQ9lQ0FR4AaABAg
great, be this kind of degoogling didn'T even need to happen. Google search? been useless for 15 years. Gmail
great,UgwHQ8kFOhhAc5mSXsd4AaABAg.AJqjIQwxXxVAJqnYhl0G2_
great,UgxpbdqylTIISbu89354AaABAg
great,Ugx7ac81vN6R232kKbF4AaABAg
great,Ugzqaj3kpF0R9vxVb4B4AaABAg
great,UgyUZhuyFy2AZiiy2qR4AaABAg
great,Ugw9hL1-bRmvsU977kh4AaABAg
great,Ugw2dpup4BApEhHolrd4AaABAg.AJqhNP7qWcFALNzuaaarPZ
great,Ugys7_jdYEE9jPGpAKR4AaABAg
great,Ugz1Y34fyYNXKTQtjy54AaABAg
great,UgykHnJHFzvSy79yvbR4AaABAg
great,UgwzquLIVadtqpN8TIF4AaABAg
great,Ugxv6AvH5L-ZP7JKsW54AaABAg
great,Ugzc9pvMXCUraVluIGt4AaABAg
great,Ugy0eWkGRKv8VzEf2uR4AaABAg
great,Ugzt1cWZnNcG3inuKoN4AaABAg
great,Ugx9cmyT91zY2LdWP_t4AaABAg.AJqfikzoB4nAJqgcV567NK
great,UgwUug9lvH4f5SyGWwN4AaABAg
great,UgzZdPcjzt_YgrB0J9B4AaABAg
great,UgzsMoNty4HwbcfNGgp4AaABAg
great,UgwoLJPVca2B4wO8n4V4AaABAg
great,UgzJj4TXf9MEALdIFIt4AaABAg
great,UgxlUyKp0KrgFGrcH894AaABAg
great,UgySooxuPh0_X5mhcYZ4AaABAg
great,UgzzWAlOVVpjw9oDwjp4AaABAg
great,Ugxpla1xLbyw-yJcHwt4AaABAg
great,Ugy4lzJfB_HdImwy5BF4AaABAg
great,Ugzdbxpl-YckrN3jDv14AaABAg
great,UgylmggGxrIT-2uREwN4AaABAg
great,UgwTN-ygywT5SR85hU54AaABAg
great,UgykemyULia0zNfhvg14AaABAg
great,Ugx-H-mJ-fHGMr2uL_l4AaABAg
great,UgwBX56ysXcNVGAaOoR4AaABAg
great,UgxnZGUhOd0AesYnW-R4AaABAg.AJqcSsHsII2AJqjoE2GsfT
great,UgxcbFWjKqDXcni19u54AaABAg
great,Ugx_yiP_ED-TlyluUOd4AaABAg
great,Ugz9BzCeRf9KEAm1MiR4AaABAg
great,Ugwv8AThqGI0x9Yubix4AaABAg
great,UgyGJswk6tSgpjRxGEt4AaABAg
great,UgyIzjHyS8bUs5SxNjJ4AaABAg
great,UgzAxT7yYTST42s7H2J4AaABAg
great,UgwVoHJobOdEjJf3lyx4AaABAg
great,Ugws-UrMSELlk1cAOix4AaABAg
great,UgwH6hKnuUzUX66Bw-p4AaABAg
great,UgwwmXUtGSlrrNvZych4AaABAg
great,UgwZ7I0VfzedNSx7qTF4AaABAg
great,UgzWufOxmu8LDAS3YU14AaABAg
great,UgzEl4NyQermGLcLQsl4AaABAg
great,Ugw0bgsMYCRECfDX7b14AaABAg
great,UgyFXDQwaat4mw4TWpV4AaABAg
great,UgwXp-N313W1IkjhFC54AaABAg
great,UgzyAwE-diz2piG4s-V4AaABAg
great,UgwHAl4lFnP2iXeDowB4AaABAg
great,UgzO2xodLSSbDdnF2q14AaABAg
great,Ugz-b3R63eYhYblSWsd4AaABAg
great,UgwpaoxPPoTLEz7GrTh4AaABAg
great,UgzXqTgxK_awbZo_Qzl4AaABAg
great,UgwLRugNFywOchBOUhB4AaABAg
great,Ugyj_uIukCiJK5nGOwN4AaABAg
great,UgzIWlAV8SDkCNXic2d4AaABAg
great,UgzorsiP4yhuRHrJKBt4AaABAg.AJqZjlVX9tNAJqhg3SyXiy
great,UgyLue9VU4APhDyuMg94AaABAg
great,Ugzix9LFZjvirGXpYst4AaABAg
great,UgyVGnEPPPTY6Vs0JEt4AaABAg
great,UgyVGnEPPPTY6Vs0JEt4AaABAg.AJqZDNhE9WQAJqqLrxaMcj
great,Ugz2KUaiSQYLCjNcMVp4AaABAg
great,UgzyuhwAUiGKb8e1Bid4AaABAg
great,Ugz5Wtm61_JK2VRbN8h4AaABAg
great,UgwDdQNbqSLly6psvpZ4AaABAg
great,UgxD2AgoZzfx8i3AVVF4AaABAg
great,Ugz874Zd1oHWC4IcTl14AaABAg
great,Ugx5hrHwksZnHrEcdGx4AaABAg
great,UgyNcxcHCXUrobPQZxd4AaABAg
great,Ugy5LeXAJj4DbnUDOOp4AaABAg
great,UgxDn1XUbleUWBNDMIZ4AaABAg
great,UgyG9UXfvFsvNqX2ziF4AaABAg
great,Ugz3hPO9fciJhaJuSDd4AaABAg
great,UgwbDCY99MWX0crzzuB4AaABAg.AJqWwcD4UECAJqYAyFFhxN
great,Ugw9xjDrK5tsvaAPnnt4AaABAg
great,UgyT2msM8w8TXA5qp2Z4AaABAg
great,Ugw3JmP61NrM45QbImV4AaABAg
great,Ugy-HfvqMoBG5NqA2Yl4AaABAg
great,UgxV_6zLly837V5YVQJ4AaABAg
great,UgxwbA3YqieN14pR9qF4AaABAg
great,UgzV7zuBP4qR3XcoenJ4AaABAg
great,UgwD4PemGr8WQUhyqWt4AaABAg
great,UgwRRRi39i_gUnqZyzV4AaABAg
great,UgxTmsqVo-eBW4n1Z6N4AaABAg
great,UgzttJaD7FL-f1-bRhl4AaABAg
great,UgymLaiTzx9ssdjIWuR4AaABAg
great,UgxLDxCc6CN0kMasYYR4AaABAg
great,Ugy876lPbPJeajCIU8d4AaABAg
great,Ugz8lPSFsysFadILexh4AaABAg
great,Ugwro4NSpO-dhX06b5F4AaABAg
great,UgyR8SgMvMUTnxi9xAd4AaABAg
great,UgzCnRXljpallcJxwYN4AaABAg
great,UgxFxgwQnWpkSHeqn6N4AaABAg
great,Ugxh3gXv2Jy1v1v7iQZ4AaABAg
great,Ugyu5Me6JR04XCXcszN4AaABAg
great,UgyEdBahl1LOtPcLanF4AaABAg.AJif-PAOm4gAJk_OjYiuw-
great,UgyEdBahl1LOtPcLanF4AaABAg.AJif-PAOm4gAJniIBcc6n4
great,UgxZHrEW5xQ-OuCOIvB4AaABAg.AJfl6KN2PpYAJg8ZvD4O2C
great,UgwZn4M8Ec5_7ArUTeV4AaABAg
great,UgyesyFGFab5Ofvd79J4AaABAg.AJYZ4H5klaaAJsXOxBa93S
great,UgyFTz841gTH5MqPxV94AaABAg
great,UgwzUBEYp59hYf-_x714AaABAg
great,UgxAIzIV6Msva1ZReZN4AaABAg
great,UgxQqQRXbtd9TzPISSx4AaABAg
great,UgwCRTfIJeEJgoVU52p4AaABAg
great,UgyovMNP_CDH53NFzXp4AaABAg
great,Ugzi86R5FbjB2JRrGut4AaABAg
great,UgwV4tfnpjtNw75cfrh4AaABAg
great,UgxEdhZxISsG60rQg_p4AaABAg
great,UgzCPwNvJmnmj0kAR0F4AaABAg
great,UgycSEuJ9-b7W8Tch9Z4AaABAg
great,UgxqzfkDZ4sUVVxQ9kN4AaABAg
great,UgzG2sik85CBHyPEIxp4AaABAg
great,UgwelyfTilOEsEIgmtp4AaABAg
great,Ugy2fLGXxhaSN5ca8D94AaABAg
great,UgxizTthlYCiQU0jLRR4AaABAg
great,UgzS-mUoZaHFekyLild4AaABAg
great,UgyVwLLV6opFGXCbIPd4AaABAg
great,UgwC7LUsd2JbregAo8J4AaABAg
great,UgymMnRz7ZrntvTiriN4AaABAg
great,UgxqhK0agnjuyrhEAQJ4AaABAg
great,UgwFkkicv34q5Cx90b14AaABAg
great,Ugw54cT8LyejLPfgk6N4AaABAg
great,Ugwu8q32sGPcd9_B6Jx4AaABAg
great,UgxtC9fe0fT3VZZLvXR4AaABAg
great,Ugw3Hwvv9qhYY6Df9bF4AaABAg
great,Ugy7fVSGP5QvUjkqI_l4AaABAg
great,UgxO8hdWMqJR34f5j-l4AaABAg
great,UgyJhH4GfabROaKzGJp4AaABAg
great,UgyTCk3CYyLeG8jJs0N4AaABAg
great,Ugyel3vRNRezfsLlg4B4AaABAg
great,Ugzqvf3ULZe-qEWzKKl4AaABAg
great,UgwHl7ieJpEBJmrkfl94AaABAg
great,Ugymplx0s3jbYwoSrdF4AaABAg
great,Ugzyv5eXbnskhnCmfiJ4AaABAg
great,UgyvUbp5jw654wysGCJ4AaABAg
great,UgzoeGxsJy34uYvsPhV4AaABAg.AJNLkTlZW86AJNOIUJXYi6
great,Ugxtug6rOSJbavPaa794AaABAg
great,UgxWFzwAOwuu4z8idmN4AaABAg
great,UgycEQuHOEC2YG433Jh4AaABAg
great,UgwbZ4ue36SjZ6bbfs14AaABAg
great,Ugyjl9BkYYbjpO0aat54AaABAg
great,Ugx3XootSGtPLPh5-Rx4AaABAg
great,UgxdtFGP-4WgOB8SKW94AaABAg
great,UgzLWPg4zfhx4XnvojR4AaABAg
great,UgyV3uJPvqED9jOUTQx4AaABAg
great,UgxxTkpm4Hu-MWMg49B4AaABAg
great,UgyS5UQsThDnwLFQOnV4AaABAg
great,UgyDGbu2abyOy2kpAy54AaABAg
great,UgznCJlpLujCOGp1Ju94AaABAg
great,Ugz6wT3d2Bp0tmnO3Fd4AaABAg
great,UgyiSEfFd7zxIdeA_aN4AaABAg
great,Ugz2Rr4TdOa4k9q685l4AaABAg
great,Ugy99KD3DLtiXbm8pax4AaABAg
great,Ugy0tyNHYYWQUsBU-Od4AaABAg
great,Ugwex5Q4lG7Y9ccuqw14AaABAg
great,Ugyz47tDyVT_LDOhilR4AaABAg
great,UgwJnPKtQ1gLQukaJnV4AaABAg
great,Ugy1aVlHlHkhWDGfgIh4AaABAg
great,UgxUbXt6EtpQuavfRdB4AaABAg
great,UgxODJPomt1o-cNDNRR4AaABAg
great,Ugy-jBTt2qerG1_-XPh4AaABAg
great,UgyRp6hSCoqw1wGFUQN4AaABAg
great,UgxQ6T_OCZWDUagX8XV4AaABAg
great,UgxvCQXgsCCzhvYR0RZ4AaABAg
great,Ugw6rgSRVcgGO1IvWBZ4AaABAg
great,UgxLagi78UnGcvtPzEd4AaABAg
great,UgyRgFC_bguwJfrMbM94AaABAg
great,UgzJPUAFxMSzEhg4tNV4AaABAg
great,Ugylm55aU9lEiOtnSUZ4AaABAg
great,UgwldG5ewEvV_POcsgR4AaABAg
great,UgxVTHJvciWUnukpG8F4AaABAg
great,UgwkAvYGCZPJAkgsDBJ4AaABAg
great,UgwflNW8k1OUGfYuKP54AaABAg
great,UgxwlZo_l4oQDzSOmxd4AaABAg
great,UgzSZI8YbtMmF7Gyf4l4AaABAg
great,UgxUswe0Ze_8fchonL54AaABAg
great,Ugwz4EI4SWOdrbeQKn54AaABAg
great,UgysFdGUO3VYI6wWgbB4AaABAg
great,UgwUWB57IF9bp-QheeF4AaABAg
great,UgzI4v-fzTjfHlDwSpl4AaABAg
great,UgwwU8yDJOVAVy9roFF4AaABAg
great,UgycZhBWrtmNtIvQXXp4AaABAg
great,UgxL3tUChtn2cedwuTd4AaABAg
great,UgxLzBlMF1WoVDiKRWx4AaABAg
great,Ugx2ICfli2PDJX8t5VV4AaABAg
great,UgwE_pIaE3xKizt_kJp4AaABAg
great,Ugysb67rggxHEfFc8yx4AaABAg
great,UgyY_zCN2l0tCDaMSTR4AaABAg
great,Ugydpswh602mTaHbZGN4AaABAg
great,UgyVmZHLwqMV7OLdLAJ4AaABAg
great,Ugzq-fDAZvbxaVYyBIx4AaABAg
great,UgxRvJZ6iWok92Q8xNZ4AaABAg
great,Ugx-trjuVu4og3KHsuR4AaABAg
great,Ugzx96p4ikCaHnTaYo54AaABAg
great,UgxokIMc72fmyrNAkEB4AaABAg
great,Ugyd_KeVxriyG8Cr6zN4AaABAg
great,UgyjjKyKSnPQHJ14UZd4AaABAg
great,UgyP_SXCqScMAO5IqWd4AaABAg
great,UgwVrtCrSjlA7F3RDYJ4AaABAg
great,UgwOm--8uu442omw8Ht4AaABAg
great,UgzWhXzr9qBVJBOPYpp4AaABAg
great,UgxHhaOUMo_rZF3XODx4AaABAg.AInyKbjWVkyAIoF7svHZFN
great,Ugw-Z3ho4kpNFP7qOAt4AaABAg
great,UgzNsnxsLN2u_52H9Bt4AaABAg
great,UgzM7TbbG-4W14bTrVN4AaABAg
great,UgzgXQxXj8WTcS97xQ94AaABAg
great,UgwAGPvwF9bW-D2Y48V4AaABAg
great,UgzW5g-m0_-6hvIIcvt4AaABAg
great,UgxtBe8WjEOVaWfNtOZ4AaABAg
great,UgyWHpCWc9VL5EW9x9V4AaABAg
great,UgxQVOacwjsUEsi9lV14AaABAg
great,UgyWC3Z62ix4buabfKZ4AaABAg
great,Ugw0G1n5D46aqWX1pSR4AaABAg
great,UgxSdJ2Gh2zvGSzDodt4AaABAg
great,Ugyx7I7O4ri4nxwBAdZ4AaABAg
great,UgyJwKHeggp7KmvP2Kd4AaABAg
great,Ugx9bPlj_-vZqo6Fs454AaABAg
great,UgxAKvvoNsA5MBoyhTF4AaABAg
great,UgxocGA9PwU7-WJW9714AaABAg
great,UgzmnskhiuDYICaPgqd4AaABAg
great,UgwT0SnnuwB6yeZLavN4AaABAg
great,UgwJBMYrHPsVEFCiriB4AaABAg
great,UgzFqluuKi7mPgSHY6F4AaABAg
great,UgxFaYRmZdlk0OwV6hF4AaABAg
great,Ugz1LZtOYSKlpuKtvsR4AaABAg
great,UgyLsvo-S1SvlBbzQUd4AaABAg
great,Ugyeo_GlehnHt6w_JSx4AaABAg
great,Ugx0JB2cQkpDPLF5qap4AaABAg
great,Ugy4YiGPACVEm_zxnHF4AaABAg
great,UgxpMEh-9MbLotJePvJ4AaABAg
great,UgxJOZOqlmQjtQIla5B4AaABAg
great,UgxhaLIAXYEXA10uSPp4AaABAg.AIjXDqXBsEdAIlJf1G_1Uf
great,UgwJgwm0DB5W5zh6kRF4AaABAg
great,Ugxlfc-bIZr67LMuanh4AaABAg
great,UgzqXlKt8QNDkdDVFvd4AaABAg
great,UgyCP7uORpbxW5SAEKN4AaABAg
great,UgxpK1YDBpwL9c0nOmd4AaABAg
great,UgwyLJw1LHkXHEuCWIl4AaABAg
great,UgxoMQI3SeH4JCwkc0V4AaABAg
great,UgwY3yYdg8XR_cRWGaN4AaABAg
great,UgyBQtTFNaEqE2mFw694AaABAg
great,UgxmgFYjuUiSjuWJAJ54AaABAg
great,Ugz5XcotR44a0O7Q1bd4AaABAg
great,UgxV-Z7Lm1uC9dCy5ZV4AaABAg
great,Ugx1dJo-HJTnrEAUFO94AaABAg
great,Ugxu4PKxZ_wd--EMDdt4AaABAg
great,Ugw954BqlDG_VM-DLgd4AaABAg
great,UgxzjKw7z4VVyEi60t94AaABAg
great,UgxsOTvtQ6sUeUSmYqJ4AaABAg
great,UgxI2aWcpmAMyGc_yAx4AaABAg
great,Ugx48qtXasBgYoVgVdJ4AaABAg
great,Ugx5WndGXV7gvQR7Zfp4AaABAg
great,UgyzSc9RRJPNbgfrtb94AaABAg
great,UgyX1owEjDHsz-Gy3DF4AaABAg
great,UgzJEYSmnCFq32aMPDl4AaABAg
great,Ugw_Qh8RFoxVDGoRM1F4AaABAg
great,Ugw-VwpHc8mLFMeuaiZ4AaABAg
great,Ugyn7mJyJhz-43JvNBl4AaABAg
great,UgwGSaYT52ZSEFayqDt4AaABAg
great,UgyDp2Vgl_po0WZ5k8p4AaABAg
great,Ugzn4i4pOVGomMyoJct4AaABAg
great,UgwFGVHg7W5dGx4Kntl4AaABAg
great,UgzWc56U1LYeB3Wjo5F4AaABAg
great,UgwuqXS4Ixmya51AqJx4AaABAg
great,Ugxg5Eiuy0BarEANqNN4AaABAg
great,UgyuQvz33WXLW9eTonJ4AaABAg
great,UgzPRCTdJQ3zgODPCNJ4AaABAg
great,Ugwe2eoSXf6tuFNUZpZ4AaABAg
great,UgwJJ--juVolUeXMFzp4AaABAg
great,UgwcqfVDH1mh7OgJj-t4AaABAg
great,UgzflUHDPd1VLfubRed4AaABAg
great,Ugw9QDSA1Xtp_JrVqQt4AaABAg
great,Ugw-IHzhZjnBtm66U0p4AaABAg
great,Ugz1fIwP9SwVMZ5GoKl4AaABAg
great,Ugzqcz034aKwK_7hyYx4AaABAg
great,Ugz3Q4cb81jPquSZ8FB4AaABAg
great,Ugz8ZCzZrNYmNe3SGCh4AaABAg
great,UgzKjnrhUl0EhWcWbHN4AaABAg
great,UgzSEWiKJdJBCQtyco94AaABAg
great,Ugy8Derl09iIUDQBs7t4AaABAg
great,UgwKtcQeBMnL6fwTBap4AaABAg
great,Ugz4B2OCpRgFMTbfUcJ4AaABAg
great,UgyWbtlZxnCy8HOyKFx4AaABAg
great,UgzODf8FLMitBXdjDPB4AaABAg
great,Ugzwy7WUFpDulTCq9tR4AaABAg
great,UgyGB6K-E57A2EpLE1Z4AaABAg
great,UgzyI-r8qD5n2pWvkoB4AaABAg
great,UgzyH7SvHrKcbXL_FXp4AaABAg
great,UgwiJDgMMFpTEzeiYrF4AaABAg
great,UgzE9kkKwQet6AWh_0Z4AaABAg
great,UgyLxJK7kbeMhy2P5El4AaABAg
great,UgxYv148CWA7JVzDgH54AaABAg
great,UgyPCoJTmOXKMgMDP-14AaABAg
great,Ugxjw0oNEjH95Tn3U394AaABAg
great,UgxyukVrobeTKvfyy0F4AaABAg
great,UgxE2nmb3-7_3IfIG0h4AaABAg
great,UgwRnk6YYRrAP542b5l4AaABAg
great,Ugzkz6sxG95LWAPCs8N4AaABAg
great,UgwOXpHOgShQh0IvrfZ4AaABAg
great,Ugx3AFVpVV7we5WfQAR4AaABAg.AIghYpTPLTbAIghpH0BQcC
great,Ugzto-IMVqOSKNO6kbh4AaABAg
great,UgwIfKingmBuKJA7GOx4AaABAg
great,UgyEY06cEXJqOsM2Awp4AaABAg
great,UgwVnKQbPYHfwwmuYE94AaABAg
great,UgxkEvZrVuGDmnPlCsp4AaABAg
great,UgzTcrLObG1YEXcMYSt4AaABAg
great,UgznGqXkzt4YPPOsJOJ4AaABAg
great,UgwmLS6Rj1X8CoSJBR54AaABAg
great,Ugw5tKhWCrpjRxSlp1R4AaABAg
great,UgxoLZn-kAw3CSfDLLl4AaABAg
great,Ugykchm50NFTDzHxV194AaABAg
great,UgwihJJa43cksCCOREZ4AaABAg
great,UgztbadjP_DjCYOiNx14AaABAg
great,UgwCiPKs5Vt5UyTgMtp4AaABAg
great,UgxJo82tgVls4AiXvwZ4AaABAg
great,Ugxzetzs8pn1nUgcDsF4AaABAg
great,UgxSeehmjcAIZkUHkEV4AaABAg
great,UgylXsVikbdIxP6WtcF4AaABAg
great,UgwXbLzgzyO3rH1F5nB4AaABAg
great,Ugyetm8mrq3o02A9uSB4AaABAg
great,Ugy2ALs4oLv8y_hIyTh4AaABAg
great,UgzJuULLgPplAFD8iuB4AaABAg
great,UgwZOoHHAb-OSHN-ju94AaABAg
great,UgwOx0F8d5dhh9c7_114AaABAg
great,UgxmK-XQK7fW0nt5qkx4AaABAg
great,Ugy6QRB3ifB0K0ueHBR4AaABAg
great,UgxM0YrZ0PG6wT2nEZh4AaABAg
great,UgwmBROxl7sBFkletLl4AaABAg
great,UgwczYf1qvqf12HtJnJ4AaABAg
great,UgzhHv1uB-E3cUiVb954AaABAg.AIft0MHWn58AIgHJz0UXk0
great,Ugyb4e44X8buKwjMy-h4AaABAg
great,Ugxk0yjPnbNp4h1L91h4AaABAg
great,Ugz6mIJl8bOcYTJRsZN4AaABAg
great,Ugyvj70eLG-6_u46tih4AaABAg
great,UgwojffjaQnRcqvdyJh4AaABAg
great,UgwV-nTJBS9WKoa-KX14AaABAg
great,UgzstduRh0gVNH60xJt4AaABAg
great,UgzH2AfB_qERUE8iNwl4AaABAg
great,UgyN2MpBICxVASgIIkd4AaABAg
great,UgzNyXMTZ3r8UFncv5V4AaABAg
great,UgzKJ6VFSYtJFlG6dv54AaABAg
great,UgwdA6D-zjJypcY89y14AaABAg
great,UgzL3zlXMftU6aSErUZ4AaABAg
great,Ugx8qtMkiX7Pa-FGU694AaABAg
great,Ugyrp-TWkHzDsxc_hnp4AaABAg
great,UgydXwu_Q7Mi6l8PEXV4AaABAg
great,UgztCZLke9LzDWlRAdt4AaABAg
great,UgzuqCSlkKHwDsV9khZ4AaABAg
great,UgxID9lnxWkz1TFxcBV4AaABAg
great,UgwUz-YOIgnXedq9dcN4AaABAg
great,Ugw6YjzM_7n3mrWID6h4AaABAg
great,UgxI-yj8Ut5A1om72qJ4AaABAg
great,Ugy8xHm2uXo_il4PZMd4AaABAg.AIfYzgvjhspAIfZ1cyc24h
great,UgztxBgX2vkD4Z2YRpl4AaABAg
great,UgyP_xHFGcXSsQJXVB14AaABAg
great,UgyJ-4ngNlexJbdde9x4AaABAg
great,UgzTG9-SB0Fee661FE54AaABAg
great,Ugz3FsNTkANdsaugnmt4AaABAg
great,UgwuUwbwTi3IcRKm2oV4AaABAg
great,UgxZCJRliIL2ZOGHirF4AaABAg
great,UgxC5ZdAquyvnYcecQ14AaABAg
great,UgywMeGup6qQNZhYRWF4AaABAg
great,UgywMeGup6qQNZhYRWF4AaABAg.AIfU056BlHSAIf_dsY5kOl
great,UgwNEOsUBAqILdFNJK14AaABAg
great,UgyK-mZGu0EmLcYaz714AaABAg
great,UgxWh6n4XeAVzaeGGvR4AaABAg.AIfSJO2OMsGAIffWLtanmq
great,UgwM2TOOiK2iihwKv6B4AaABAg
great,Ugy4fQzuo1P_Vh6GcLN4AaABAg
great,UgwL7HcrqUfzhVZOL7F4AaABAg
great,UgwM2HguL2oZyLEPBZJ4AaABAg
great,UgyZfIN1shGT0EKZ4Th4AaABAg
great,UgzadPDPtm8sLtijzxZ4AaABAg
great,UgxwDqB_KHVeQ96EBXl4AaABAg
great,UgyJxAuc0qFxjpvEkid4AaABAg
great,UgyCAbk3_m0nLFxxzqJ4AaABAg
great,UgxGj1DMBtZm4NRbvvt4AaABAg
great,Ugz79WI9eyq5NUxONOJ4AaABAg
great,UgxBvdF4EtNwlDGksgN4AaABAg
great,Ugz5jDDPXIXrFuvjCqF4AaABAg
great,UgxYUxiIxMfE7mOSaPF4AaABAg
great,UgxH37D3grWbfwLTQbF4AaABAg
great,UgxLYgS_O683hSC2KLN4AaABAg
great,UgyKk4Eh8OrVF1loZ2h4AaABAg
great,UgywOmWrxknxDrdOVWp4AaABAg
great,UgxWCR1qfcOYDnXH-Xp4AaABAg
great,UgxS6ltqAqO-EWox6A14AaABAg
great,UgyluIQ_mPIDDU0ld6l4AaABAg
great,UgxEacPqruVWRue3HRZ4AaABAg
great,Ugw0XcT7Imu-NZcCvYp4AaABAg
great,UgyIdN0OPM7taP40SWd4AaABAg
great,Ugy4HrTsEWV7kq5tVdJ4AaABAg
great,UgwA8Z-dwhlZPEOanHp4AaABAg
great,UgyXfywjE5q8jYdtjnp4AaABAg
great,UgwSoNPySeaAbIl9exN4AaABAg
great,Ugz3hpd7H5Fg2SIaEuV4AaABAg
great,UgwarEcNSPQBvgSLw5l4AaABAg
great,UgxmzKjVLHgFMgkJkgV4AaABAg
great,Ugxh5zEP1stXwSwR9Zh4AaABAg
great,UgyGWrlgrKfcThROSit4AaABAg
great,Ugznu2OS_YUB92tnFVd4AaABAg
great,UgyEXglIleBCZ7G9wDp4AaABAg
great,Ugw_vbWZJNQ4T3Xtujd4AaABAg
great,UgxvPzJqGaiPS1UAbJd4AaABAg
great,UgzbUVdUlt_eKFuwhSt4AaABAg
great,Ugy74rVIfowtJwy5uIV4AaABAg
great,Ugy698A0brq5H7bGwQ14AaABAg
great,UgzW7MGmcCNGN2sGKLN4AaABAg
great,UgzHn2SIAvGR6lZM5-N4AaABAg
great,UgyTV6J7Z_ZwLj8lTHd4AaABAg.AIA1lvGHGVaAIA6ETEO7Ru
great,UgxkMtb0HwtAPIvRooZ4AaABAg
great,UgzK-J9uH8U6Y-gB6xJ4AaABAg
great,UgyenTYYz1K94oiMqvJ4AaABAg
great,UgymSYr5179ZLNV9ZlZ4AaABAg
great,Ugyl3ZoKScBsXjQQ6hR4AaABAg
great,Ugy-OwzSMP3L6NdlgdZ4AaABAg
great,UgwAo53wDeGJwMt5Upl4AaABAg
great,Ugyponkebn45FnGACMN4AaABAg
great,UgxYGNbHreLK_P3k42l4AaABAg
great,UgznO4JNwWAIoPUl4QF4AaABAg
great,Ugxy6tq9atBEPUpRPKN4AaABAg.ANNyKePjldUANNzCHo5T6F
great,Ugxy6tq9atBEPUpRPKN4AaABAg.ANNyKePjldUANOEfhIf4mm
great,Ugy5oxFryuwcWdLA1Jh4AaABAg
great,Ugwob4PT0dWmA_uzEdF4AaABAg
great,UgwzE_isDcwM3_sN6G94AaABAg
great,UgwSu1MZWQJiAwJqu2Z4AaABAg.ANL9X_omcsRANMuuR8evp9
great,Ugyi5jKVMtun7nJUgTF4AaABAg
great,UgxCeiPTsiAu-mqMV8l4AaABAg
great,UgwD-0vPgIm7DuzY47l4AaABAg
great,UgwKzKv1OGsUJ21rZnV4AaABAg
great,UgzBchVJCxA-wlC9WLt4AaABAg
great,UgyaUDVqbA61hGrC0XV4AaABAg.ANIKvZlNHAgANL7Gi04hq7
great,UgxpDOKIIOFDIfYKx8V4AaABAg
great,UgwfchmnQAxEh5Oq7qt4AaABAg
great,Ugx_CUWzwhRQp35IluJ4AaABAg
great,UgxynpVqyAiPTPdzIxN4AaABAg
great,UgyyV3-hR2C0Ap_1sxZ4AaABAg
great,UgwMpnQ9D493zdkQnYN4AaABAg
great,UgxjpVSuFw5CXiShjMl4AaABAg
great,UgzkC-34805Tm3zmazl4AaABAg
great,UgxMgkIh8mT7QzgJFyl4AaABAg
great,Ugxq9eQm248DJDKY1aJ4AaABAg
great,UgxEQQEkUVkj4UH_hiJ4AaABAg
great,UgzSP6v64O4Dpc3MdPB4AaABAg
great,UgxlQuSPx95V8bdNr-94AaABAg
great,UgyO9LznrNbmJuPC5mV4AaABAg
great,Ugy_PNOdmi6yE32JYJd4AaABAg
great,Ugy64h4zs9byzPfGu8d4AaABAg
great,UgxTgIfbkM8Dh7NVpHR4AaABAg
great,UgzEZc1qB6vgSi2wFFR4AaABAg
great,UgwibYKsTfVnOKPkCEB4AaABAg
great, for switching windows you just go between virtual desktops or alt tab
great,UgyzJuGEQdUeBx3jpqd4AaABAg
great,UgzAdU0z-AAB6N4Xc_R4AaABAg
great,UgwKgwzLMBA1tuz0Wkt4AaABAg
great,Ugxzre3GufJzatScm6l4AaABAg
great,UgwyH5CCUp8Wynbnhmh4AaABAg
great,UgwyH5CCUp8Wynbnhmh4AaABAg.ANTM5vRmPhTANTo_k1WNeH
great,UgwmFDAlncZ_huPwSsl4AaABAg
great,Ugy4qtYEyouRi9PA9554AaABAg
great,Ugx3vg6FPlb3c6arkwV4AaABAg.ANTILcOJeoCANTUULd1nfF
great,Ugy27PgDiXOKSmw41oV4AaABAg
great,Ugw69aOWW0DPsws3Bll4AaABAg
great,UgwutUDu3Ni6VT72VpV4AaABAg
great,UgzglZXFCTSyLg2anZF4AaABAg
great,Ugzt8HWsPMYR-Y9oTsB4AaABAg
great,Ugwwn7Fn7j2vVmrUGYJ4AaABAg
great,Ugydk6Q3pz1Jk8w7VC94AaABAg
great,UgxHay5Jm2k0NnI2sDh4AaABAg
great,UgwwXjr6Yqc5BTCU1xR4AaABAg
great,UgywbLa2EdWnUQgr-Xh4AaABAg
great,Ugw3ez8RfvCURHvccgZ4AaABAg
great,UgywD-vBWz1BexrykWh4AaABAg
great,UgwEuWjaLBVI3JLbLQp4AaABAg
great,UgyTx-3k6QCHWSbAoOF4AaABAg
great,UgykDcRqmDEgOJuyZnp4AaABAg
great,Ugy0u7i2WoWg7GGmMHR4AaABAg
great,UgztZkaSc7Lv8646k7J4AaABAg.ANDqDlqjg5PANGOh2xjMX-
great,UgwfnZFtMc8QS3OwgbF4AaABAg.ANDos_hY89GANELHHtYbjc
great,Ugz-OmM1Dn8kisuPfQ54AaABAg
great,UgzQFBvmUWEiRUM5qZ14AaABAg
great,Ugy6Em8Q8p5uCLc0CHp4AaABAg.ANDgBu-bdOyANDlCo9-sbx
great,Ugw9WCDmMKIhv_uty094AaABAg
great,UgxT82YiWw6n8cc8PdN4AaABAg
great,UgxbOzF7tsGI6WM73aV4AaABAg
great,Ugwvj35o2NohdxB61_h4AaABAg
great,Ugyz_HGfTkUo1Ll9Pu14AaABAg
great,Ugy7DbdFscJ_6N4SKgV4AaABAg
great,Ugw-n7115vYUY_fsRSZ4AaABAg
great,UgxSDG4p7g3lKPQD3kR4AaABAg
great,UgyyTowQKU8_LFw2AAp4AaABAg
great,UgxmS5-MTFeKOLRjdS94AaABAg
great,Ugzxv7gLreSQy9N3pqN4AaABAg
great,UgxnER1bPEZPEu5M3HF4AaABAg.AMroIdJ8CSgAMs6kno0KHN
great,UgyomOl1M0H_BjeLVEp4AaABAg
great,UgzKFSlSjxseUXhsOQF4AaABAg.AMrdTj66CaSAMs7pPyD8iG
great,UgzE_-9zYqOMOgp-TSF4AaABAg
great,Ugz7Mfd34XCIKYFSH4Z4AaABAg
great,Ugxw_Y8I3EwVRGdSM614AaABAg
great,UgxM-2c3-YaztKHrqL94AaABAg
great,UgyyN8dJFIdlGxL7cO14AaABAg
great,Ugx4Y4P1N-jTSUU4rYF4AaABAg
great,UgyO1uydaIWbNvlFHeV4AaABAg
great,UgyOxQeKeL_K9JJYMIJ4AaABAg
great,Ugyb20KmNr7Ml_OWdaF4AaABAg
great,Ugzb3L6pxCMf1GksG-Z4AaABAg
great,Ugwn5F0lDfFQD05XtGN4AaABAg
great,UgwNwyFC_z3oMR9cSlF4AaABAg
great,UgwMu66O1lB9nFze_1Z4AaABAg
great,UgwGRn5KshpXSg4nD714AaABAg
great,UgwCNIkezNl62j7GWj54AaABAg
great,Ugwzc5msQEQs_p15wUR4AaABAg
great,UgwTV0wNc4w_3z7agAB4AaABAg
great,Ugy1YkObBxc0HVBx-Nl4AaABAg
great,Ugx0EsXPhP4HSX2tsb14AaABAg
great,UgwWMocIGUXITfvRn5h4AaABAg
great,UgyLAiYopZ--Ye-MCEd4AaABAg
great,UgzyLaZcf0CEXwdesk94AaABAg
great,Ugx8tWgkXPdas8Af8sV4AaABAg
great,UgxoIEJo1INpOunS-WZ4AaABAg
great,UgymjNGAoGVz5AxSUPp4AaABAg
great,UgzGLvgUjMrep_-eMA94AaABAg
great,UgxwENQmtGE8AxFvZAh4AaABAg
great,Ugzx7W3f9ewA3BhzNBt4AaABAg
great,Ugy6H5hd7sqikI99FB54AaABAg
great,UgzWAHZdgqJJhBtnSkV4AaABAg
great,UgzKImlCoo77ZX3knnR4AaABAg
great,UgzZ0MyMjQV_dRVWnvd4AaABAg
great,UgxLDvRdLJ78e7I_N8t4AaABAg
great,UgzbHOkmeuX8D7kkwKh4AaABAg.AMQ1aaAGSLrAMVbLgDh9K5
great,Ugx6kDSCqLvmDp_XO154AaABAg
great,Ugw2mSQxM8S4ewVo6WR4AaABAg
great,Ugx4r-spRQnRw2zll6x4AaABAg
great,UgzzxoISeF9Ip0ptG9J4AaABAg
great,Ugy3BVf-IhpWs2pdPpJ4AaABAg.AMLB1CBIjV8AMLNmOuLJNJ
great,Ugy8LYnStgJgcWNn36B4AaABAg
great,UgytxQ63JaKILbcNrmV4AaABAg
great,UgwD6Ch1yTPCYik4IwR4AaABAg
great,Ugy5zjVDP7_PCOed9g94AaABAg
great,Ugwi5Za9ehsNvLo-93t4AaABAg
great,UgziOF1iScKT_p1acgt4AaABAg
great,UgxBtQ3OLRnj1vQOdx14AaABAg
great,Ugz3Az7h0JUHRWqsKyl4AaABAg
great,Ugy4GROtg5r8x4lTWvN4AaABAg
great,UgyhoHy0x4mMy3FdN4R4AaABAg
great,UgwJlo38QV1iT3ykDMN4AaABAg
great,UgxcaQVm3lqbg0Kaush4AaABAg
great,UgybQrYrKBd44DgOrel4AaABAg
great,UgzxAMTuxqVZmcFalAx4AaABAg
great,UgyFTlS-tN8Ls8fCFWt4AaABAg
great,UgwwymXL0x5PI6oidmZ4AaABAg
great,UgwwymXL0x5PI6oidmZ4AaABAg.AMGI9s4IE9vAMGOCt2dfbR
great,UgyISHjiQ3Mm7jGE6-l4AaABAg
great,UgwQajCjW0jKHsAkeHV4AaABAg
great,UgyoQJ5qrZoZv9kD6CN4AaABAg
great,Ugz2Nb1jJpn6Ro3RkEZ4AaABAg
great,UgwU4_WljG3ySPRKIJt4AaABAg.AMG9TmOKsadAMGX1-kY-FM
great,UgzQP5NBN5cdDCwpXFR4AaABAg
great,Ugz6f584sR_GaG36Z594AaABAg
great,UgzEucx9oMXhoL_JHjd4AaABAg
great,Ugxh4b_jT6qZIucplLx4AaABAg
great,Ugxragb50yUrTF7Orzl4AaABAg
great,UgzPMIzGmvR4B-G3Q7x4AaABAg
great,UgwXLD-vOY0ZzP-r5Vx4AaABAg
great,UgyGX64Uwd2gQ6cmutZ4AaABAg
great,UgyijCkpuOKF5-ce4_R4AaABAg
great,UgwMmhIiivL_t1NeOyV4AaABAg
great,UgykBbRjrp2-M5KNws94AaABAg
great,Ugzalllzjet35k7BlaV4AaABAg
great,UgyJf88q7b-idFQ6ef94AaABAg
great,UgzKXoXv6Z4hPS2W5zN4AaABAg
great,Ugy9eo6IQxhzwxgU3mp4AaABAg
great,Ugw5NEZt9hHP36wwkI94AaABAg
great,UgyZv-WhKadBr8qvuOV4AaABAg
great,UgxleZgxS3N1dg6wLFB4AaABAg
great,UgyUdfCb3K5u5n8397l4AaABAg
great,UgzsW5S1QZMkji6k0FB4AaABAg
great,Ugxm6VkkNyrqAdKo_P94AaABAg
great,UgzXSBwmQynsgEO7qNx4AaABAg
great,UgzjJIPYJsNkda3O4_54AaABAg
great,UgxygT3S6ESV5ahTUU94AaABAg
great,Ugx5oGTTTZK4AsKuvKN4AaABAg
great,UgydG3xaA2ljY4s3CYl4AaABAg.ALot9DS4f1lALwoR_mvp3x
great,Ugz5ux9uBB4XVOX5DN14AaABAg
great,UgzlNfmgR05giXJrXRt4AaABAg
great,UgyS_C5unT_sMOlq1Xx4AaABAg
great,UgzFWw05p0ncnywKeJd4AaABAg
great,UgytQRHpiqTYTH5e4Qt4AaABAg
great,UgwNRkRoGgbrNo6N6St4AaABAg
great,UgzmDOoHVCOwvLyIEth4AaABAg
great,UgwqLUnOBrXvHSvWnep4AaABAg
great,Ugytm0MKz25-pjCEyDN4AaABAg
great,UgyrR7lmBFGNRAWCCrt4AaABAg
great,Ugz-54reCVlDJCUJ1Pt4AaABAg
great,UgwAVUn3_B4SX9JhkD14AaABAg
great,UgyY9RwSu4N8D2lv9GJ4AaABAg
great,Ugy6AfQAHl-saX_WOFF4AaABAg
great,Ugyogk9Ler2fuFB1VXF4AaABAg
great,UgwkzftTn2ic70mBKkt4AaABAg
great,UgztFJHgfv530MLajEJ4AaABAg
great,UgwjmH9x_LfP7nYCjf94AaABAg
great,UgzwRIqDLV3a6TvZgTB4AaABAg
great,UgzsG1b1jpNMMWKo6K94AaABAg
great,UgzyvcuE7Pbm4WCX-EB4AaABAg
great,UgxGzC7IWJtT-C6gAJR4AaABAg
great,UgwZRaKpDIptHR7Bk4R4AaABAg.AL_17tk3f5qAL_Way_dbWT
great,Ugwl93inmYop-LPW8HF4AaABAg
great,UgzWKQM5iPP7PzMwJ8R4AaABAg
great,UgxeVd35SZQePtySapJ4AaABAg
great,Ugzz7P_b5iK3e3pFeUd4AaABAg.ALZxhNhGg9KAL_3mMO7bYj
great,UgzPer828yPJ2WwpAcR4AaABAg
great,UgxTTsdtdf5WN3pNnmx4AaABAg
great,Ugyn727Q0FZI4cN4le54AaABAg
great,UgzJeoLAMgRq8_o6JJF4AaABAg
great,UgxORVzCQX0EbO3Rhrp4AaABAg
great,UgwaKG91FyCaZSOlfql4AaABAg
great,UgytO1y5D9Ulcma_1c54AaABAg
great,UgzyTxLwVj9q2u4sa6d4AaABAg
great,UgyH6NJ6ENchRRh7lQZ4AaABAg
great,UgxZ4--ZIoBQx_ZdY8d4AaABAg
great,UgwkkyxI97SFJJdaWNp4AaABAg
great,UgwrpDUBn-rfDcJG8HF4AaABAg
great,UgwvI_bKEW8NNwTell14AaABAg
great,UgylZq4ch_kERzNQX694AaABAg
great,Ugx3RDQodxWcm13JCcp4AaABAg.AMrPiegJI1jAMtR1eFXj1j
great,UgwD_51G0nAVRrrepNR4AaABAg
great,UgzGyWqVt-_uxgQR1jl4AaABAg
great,UgzZ7D1HqM-1NoA9wDR4AaABAg
great,UgyajZsqdZ_18dLDf0l4AaABAg
great,UgxSJ5gqHCEMB-NfW7x4AaABAg
great,UgyBiDtLculc8mARdlp4AaABAg
great,UgwH0IXMR_QVwQjVU_14AaABAg
great,Ugzb_zWJmhpyuF9KNUF4AaABAg
great,UgyS8FRsOg4ZDjQlQHB4AaABAg
great,UgwWTkGcFA5V0OEGA0h4AaABAg
great,Ugz9UcNonIePtwT9CtB4AaABAg
great,Ugx8Xb0j-bHMXaEZ35F4AaABAg
great,UgwzXEvDfI77uBePGoF4AaABAg.ANYAmz6JT2rANYEqHZ_Zle
great,Ugwhq_fqa8wRobs5ZmV4AaABAg
great,Ugy0gNBtOKbMZMF-cfB4AaABAg
great,Ugyg35AM3Unrf4o2Z5V4AaABAg
great,UgxGBDBgEpJ2aYcE5t54AaABAg
great,UgzhlPMUseUjAXb5O-d4AaABAg
great,UgyorH1Gqn9iR63d-Od4AaABAg
great,UgyJ6KiDFkE24xvOYdh4AaABAg
great,Ugw1UJ7Q0qWcirsTx6x4AaABAg.ANXY0BZHlWPANXylVh5lNZ
great,Ugz_YAPflyQA-8JST0V4AaABAg
great,UgwJzOdEosjID9hzJpp4AaABAg.ANXWHNUsAVEANXad87qvQR
great,UgwQYwSFUOcIwPQXLJJ4AaABAg
great,UgwRJnGrz4c3VaUHAlp4AaABAg.ANX5frHalZGANY72ojjClx
great,UgxjqGOLNeuNvo7i7rp4AaABAg
great,UgzHqcXYR9aAYa3a_i94AaABAg
great,Ugwlp8NCk2UgAF7w7414AaABAg.ANXrPo4MYXsANYNx6OkFFp
great,Ugyms6pWh2mJr7t_8L54AaABAg
great,UgyKITtpBC27u-UYK0B4AaABAg.ANVFQ1zEkLUANZZRkU70lu
great,UgxiVfj8ipStw-25VaB4AaABAg
great,UgwiQXenTLaa4kc6QgR4AaABAg
great,UgwxYBCQK6486Aln_-d4AaABAg
great,Ugw380-cWCmhKKEwbjt4AaABAg.AJfo41ZWqgsAJg8JQVbrE9
great,UgxZZMHKVef6w098FVZ4AaABAg.AJeu8hTZKgLAJrssAu9qnL
great,UgwacU2hsz1n_0JUjWd4AaABAg
great,UgyKTiH_ZXAKFmWK1vV4AaABAg
great,UgwcPjC-CbZ-pq6_8xx4AaABAg
great,UgzK791ZgLZ5Bp0EktN4AaABAg
great,UgxseLh2_SvhMafUddZ4AaABAg
great,UgzhBcOkyz-3Sh3wyNt4AaABAg
great,UgzyMn5LTCTofZAFgbh4AaABAg
great,UgypxotJJCr_DV43pn14AaABAg
great,Ugwxu2-hRwGlucEHNj94AaABAg
great,Ugy439hdJeiDavxkfxR4AaABAg
great,UgzvgB_Y_EUUbif9hop4AaABAg
great,UgyvcMObJf01YQTbC3l4AaABAg
great,Ugz0vwE8QXFdnHjUSJl4AaABAg
great,Ugy_tmphejllCt0CJxl4AaABAg
great,UgydJBBtp0ZC79IkQJZ4AaABAg
great,UgwTyV0n0s1aXCmJerp4AaABAg
great,Ugwqd9w9NqMxu7lEwgh4AaABAg
great,Ugwu7aXGUn7AkRxj6aN4AaABAg
great,UgzbegEVUG5TMONY4wJ4AaABAg
great,UgzjaHFVHFodfMXxQ7R4AaABAg
great,UgxWPYS-4cSVU91B4z94AaABAg
great,UgyXmDNam0hXTsik7yN4AaABAg
great,UgxiA9w_jvlKE_IyEE14AaABAg
great,Ugx5pRUSWxatOdZUKGV4AaABAg
great,UgwA-rUD3HjRGN7P_Jt4AaABAg
great,Ugy0G989IoSPzjzpvcJ4AaABAg
great,Ugyy9xgPlOoDxYT7YbV4AaABAg
great,UgzNKzUysZzdcEcTMFt4AaABAg
great,UgxvZdcwyn84KQ4T6pF4AaABAg
great,UgwipxhqK14cOpUT3C94AaABAg
great,UgzPM4MNwCQOkTiRvcR4AaABAg
great,UgwYgnuJi0RGmfco0AR4AaABAg
great,UgyFvbaVKjCWnxNDDUt4AaABAg
great,UgxXsmtQMeASeTtKsv54AaABAg
great,Ugx9CukhCC5-MtVkl0d4AaABAg
great,UgznkWP1TdculOmkLTB4AaABAg
great,UgwnaJHAjxCxpa1fYNZ4AaABAg
great,UgyVIi6737nawE1ep3p4AaABAg
great,UgxEhfOfxQ1LtBAxsHJ4AaABAg
great,Ugw4weKqk7slGrL7mXZ4AaABAg
great,UgxBkaOfX-yGLkXV4gt4AaABAg
great,UgxikPfGIkMjFI23LUl4AaABAg
great,UgxKVmC34zS85OLRepJ4AaABAg
great,UgzWj0AY8HlmFHe1g-B4AaABAg
great,UgzKCy1qVL4bCUOCPjB4AaABAg
great,UgwDCzCLOMneJCsAQJZ4AaABAg
great,UgwSzLAz9mvl1HFDmWh4AaABAg
great,UgwSzLAz9mvl1HFDmWh4AaABAg.AI2eGOVaN7IAI2plIPZQp8
great,UgwfvpOUeHeQGCBrQ1F4AaABAg
great,UgwgCP00473iEwVZ-Ph4AaABAg
great,UgxL7Kf8X3B6xFQghE94AaABAg
great,Ugy-sIJiIjS3eTMJfOB4AaABAg
great,UgytfDIOBo5KQHkirvN4AaABAg
great,UgwKiSNLPQFVF6S0ESt4AaABAg
great,UgzTaOfaL3KpDVF6nW94AaABAg.ANa-eN2XqLhANaEZUJ_sor
great,UgyjE8csicfgnNchpkl4AaABAg
great,UgxSz6K34ThkxpnqAJV4AaABAg
great,UgxoOK6yr1MsWJfCGJh4AaABAg
great,Ugy-eWsbYl5NyLyNGlR4AaABAg
great,UgxFmE70IHl7JtUWupF4AaABAg
great,UgxNZ6QMKIN0He-Xymt4AaABAg
great,UgxptSRtteqDxbEradZ4AaABAg
great,UgziCgHtqe0OvEVLtPZ4AaABAg
great,Ugzb_90iEz7rYSapUAB4AaABAg
great,Ugx5HIpFj65fxxcXMZ14AaABAg
great,Ugzr5ofNipx4xqbDeid4AaABAg
great,UgwuolhANnG4z8gUSQp4AaABAg
great,UgwR8tvjpZkhIzTOiHR4AaABAg
great,Ugwj59TL56nr5pdlMXl4AaABAg
great,Ugy1t4e2hON8XBDKGwB4AaABAg
great,UgyLVRkMGWZdZuA832N4AaABAg
great,UgyLVRkMGWZdZuA832N4AaABAg.AN_30bACsORAN_XJscRHyw
great,UgzKCIh6CGc8_tzztXJ4AaABAg
great,UgyNY6GOC7m9k0oUN_B4AaABAg
great,UgxOaS7Illfaw8pfbwx4AaABAg.ANZRkGGHnisAN_DhPooJFK
great,UgxeyiRW_RfCTCHWV8R4AaABAg
great,UgzC4uGlki4cpdtfrxJ4AaABAg
great,Ugxie1VGxYgdFTB_kSl4AaABAg
great,UgyFUO8Z4kJ9AGZ2P9V4AaABAg
great,UgxUTGR508n-z2rd6lJ4AaABAg
great,UgzlK5BmFYxkXpJ8-kR4AaABAg
great,UgzqswHbuwNTvO_yQul4AaABAg
great,UgyHMJnph9VqmtamZhJ4AaABAg
great,UgwEt_-NeRUOBKAdgQ54AaABAg
great,UgyaeqiuRpAvZSvNKmN4AaABAg
great,UgxKzShOA_0kcKlKipZ4AaABAg
great,UgwJT-XozD1uAnxS5GV4AaABAg
great,Ugwg_o4rxv7IZD2HxHB4AaABAg
great,UgzgTz_hmj7vDnZmvYp4AaABAg
great,UgyRW6dAsX2hQ7n9fZh4AaABAg
great,UgyFW1TCLY9j-gn_pZh4AaABAg
great,Ugy6NYr-Kb620_FGmkJ4AaABAg
great,Ugy-c2dOz-3Um16kRf54AaABAg
great,UgyR_SSnJPjXHWZpXIZ4AaABAg
great,Ugyj7SqFHOGB8lRSkX54AaABAg.ANVdVLmSiiVANVw85E8_iv
great,UgxT59DOws2oBFYYVm14AaABAg
great,UgzKP3XxiYT-gCoFlXN4AaABAg.ANVcVHkOp6VANVgBVYe2XJ
great,UgySFLiMUiTvRO7TVCl4AaABAg
great,Ugw0-3uwPTCAp5cVJZ54AaABAg
great,Ugw6tf3zkorTkZA5j_p4AaABAg
great,UgzBeCyNGrztm6Ki3V14AaABAg
great,UgwYFE3wBGrVSu9EXBt4AaABAg
great,UgxxD4IyEtss8st5cWl4AaABAg
great,Ugxm3Q3rI94rCSZUZRt4AaABAg.ANSGrjfXKsRANWPoB2wf-N
great,UgxUHYZFB_y4IUjs72R4AaABAg
great,UgxorgQ28fKNkl1cgqh4AaABAg.ANRuge9F7n1ANWOtDNudU1
great,UgyNpMIK_qIURAx_CQ14AaABAg
great,UgzYVA0AkP3KCqUQLoF4AaABAg
great,UgzQcH455_jrrfZXSXB4AaABAg
great,UgxiwCG7gJAvPI9z2Qh4AaABAg
great,UgwZjP6i2-jfnmsc3Il4AaABAg
great,UgwsvW_hnbH_-iKlYOh4AaABAg
great,UgxjSrrQPiHf6E_1IE54AaABAg
great,Ugxh_HvHEouU1W53nPR4AaABAg
great,UgzvyZ1cTE6TTjQHYT54AaABAg
great,Ugy0QMoRVbBiLduyHUt4AaABAg
great,Ugzy2urrgrY-zySfTaR4AaABAg
great,UgzW3nQ_13JvIWo3E9d4AaABAg
great,UgxO3LsRI-d-jUvzjFV4AaABAg
great,UgzBteWtx6TwJ7L17E14AaABAg
great,Ugzhz_3yCdUybjLxG494AaABAg
great,UgzVihRIJJtCctzQqVJ4AaABAg
great,UgwSaoOspDRGoc2-8dR4AaABAg
great,UgwbHcAsi6tJLUwwT8J4AaABAg
great,UgyeWwZFCHhdV8zASx14AaABAg
great,UgxVij2jtn7TdXB4E_t4AaABAg
great,Ugyqs7OSjuEthYQOGsx4AaABAg
great,Ugw86wHA7GjK2aqeYGV4AaABAg
great,UgxmP0PxLQPm-5x6sTV4AaABAg
great,UgyZGpgxA0PAI4f-D2p4AaABAg
great,Ugz1z38b2KCGlGO7T-14AaABAg
great,Ugzed1yzXTR6mh05j0F4AaABAg
great,UgyLggt-XMyOq_sB5r14AaABAg
great,UgwVHj-5AZhNAc-OMQl4AaABAg
great,UgyTbL0rMUWfC5yyLrN4AaABAg
great,Ugw4wxuBJDVMkp8EK_h4AaABAg
great,UgwMnNTzP5Oy-P3BrBl4AaABAg
great,UgzYXA-JVOkF__ujA4t4AaABAg
great,Ugx92F38NCAAWfIpKkt4AaABAg
great,UgzrmBgvNnvhZIyfcl94AaABAg
great,UgzQFIc5CkwVVS1n6bx4AaABAg
great,Ugw0Ddn03iv5onNE-1V4AaABAg
great,UgzVIEGhObFPQakxxDl4AaABAg
great,Ugy9P5BcDHeEbaOPwsZ4AaABAg
great,UgxhaT20V1sLbLY6rI54AaABAg
great,Ugw39dlUodUv6772ylB4AaABAg
great,UgxSS-XkIxHCDH9bbaN4AaABAg
great,Ugxng34PryoCIzi_hl94AaABAg
great,UgxGRHiNlFv7gWKXKuJ4AaABAg
great,Ugw1xUo22-HNIAzNvkZ4AaABAg
great,UgyQew0IKdF5_75H15p4AaABAg
great,UgxarV0raDlxDm8uKyl4AaABAg
great,UgzaSREQPzOb-P424V14AaABAg
great,Ugz2I-x_qES7WxglcEF4AaABAg
great,Ugwkq_DUX5mhXnyLa-h4AaABAg
great,UgxwnW7l7WHzspA6Y3N4AaABAg
great,UgzeAhOYm-1CSWwGe294AaABAg
great,UgxIGH9WgnRF2_c9ckR4AaABAg
great,UgyxEGquqqLDZ-1RKiN4AaABAg
great,Ugx9QXJUGCg88T9MFEF4AaABAg
great,Ugyd-eik_W3fbphbxnR4AaABAg
great,Ugy_veI7_FhSwjSVtkx4AaABAg
great,Ugwo3wKLzhv1bz5QF-N4AaABAg
great,UgxiDBdB0pOhF1Xb3kZ4AaABAg
great,UgxX8h5GV97pbZ401mp4AaABAg
great,Ugx20fy6u99MYMB8m2F4AaABAg
great,UgxS429lGjzwEBaJQTt4AaABAg
great,Ugzgqp9PS4333z6nzBt4AaABAg
great,UgyuwLTEoqJWqeWH6bV4AaABAg
great,UgwOFrlJDrCoCknx7j14AaABAg
great,UgyyZT7-UMB0Jv5-aG54AaABAg
great,UgzDUBFsZPaCodQeBRh4AaABAg
great,UgwFh4r3FpFfI2_9j3B4AaABAg
great,Ugz6QyylziVlC9Wifpx4AaABAg
great,Ugx9-_pHkKhg4FV5u1h4AaABAg
great,UgwiYpb-x19aCA53XAB4AaABAg
great,UgxpEdsaygBhMvLESgV4AaABAg
great,Ugxckt-UoVbEAkHDphJ4AaABAg
great,Ugzelhr-q3e6KPKAgsV4AaABAg
great,UgxVZcXVitIwNw6f5ZB4AaABAg
great,UgxUFskkrH_EkUdrEkJ4AaABAg
great,Ugy9d5Y8Hr1zmJsqeoB4AaABAg
great,Ugw9dSxovVFH1kj4xL14AaABAg
great,UgwMLyVSfsJFoyWlstR4AaABAg
great,UgzT4qSXhgPwXm7Dunp4AaABAg
great,UgzFwRkT3pjIlM_Xd7l4AaABAg
great,UgxXzoE31UjMvLNv6el4AaABAg
great,UgyQPJiYXA1cJygRpQZ4AaABAg
great,UgxaAB30Q1-HVKAwaSJ4AaABAg
great,UgwaCOCMCJn0Qri7NNl4AaABAg.ANOAd5AvYKBANOfgXVsojP
great,UgxDLX4BXcnhiXoa6-14AaABAg
great,Ugwjvw8SCs9jhiPJVdB4AaABAg
great,UgwslxUosfzwxQWIY914AaABAg
great,Ugxt4xsym6-Q_cnXk7d4AaABAg
great,UgxIF7ZI3AeqMwdTGVd4AaABAg.ANO6RlhzHe1ANQBeS-zpFP
great,UgxIF7ZI3AeqMwdTGVd4AaABAg.ANO6RlhzHe1AN_n8Wub9G-
great,UgzvCE9W1XKNW-pQLnd4AaABAg
great,UgwTbiiJn5AVl4yGiLt4AaABAg
great,Ugyq5lN7H4e_HXwYpd94AaABAg
great,Ugya7P6qzC06gW10cgZ4AaABAg
great,UgxFJx1vxkz59xLYF6l4AaABAg
great,UgyfoGw3z7Lc6H2VaEd4AaABAg
great,Ugx5p_8Ug7By6nbvOb54AaABAg
great,Ugyx4qutDJoQOqj6pR94AaABAg
great,Ugy4Ahhj1W4VFZ9o0Rt4AaABAg
great,UgyDijVF2PuMLoyw24V4AaABAg
great,UgzCm_VvoFHgqHoPMs54AaABAg
great,Ugxg9C234y0mGtT5ghF4AaABAg
great,UgxIO-GZ8gNTq9yK2kN4AaABAg
great,UgzFZTZwHiV_uxJ6p4t4AaABAg
great,Ugyx9Q4tsAj8z963jk54AaABAg
great,UgxCKgiTzlLDE8TdS3N4AaABAg
great,Ugw2qvDLlRacDDt7f554AaABAg
great,UgyJl3OoRVO9UkaxNBt4AaABAg.ANNwzVdEO3rANOCBvOl_QH
great,UgwfzN3AFN3NiW1Ovid4AaABAg
great,UgyrLi76VgIDAOS6IbF4AaABAg
great,UgxEqUh95Gv_xyy48NJ4AaABAg
great,UgyXxsg0IHHi8nQ-nVh4AaABAg
great,UgyU7gxmuz__bfXLI254AaABAg
great,Ugx7dqFg43mnmeWGmTJ4AaABAg
great,UgxrcYRAcByI_CDgvd94AaABAg
great,Ugx2pnhmf7AG6KvDWqd4AaABAg
great,Ugyn0t2tXvQVzJJ5wSR4AaABAg
great,UgwqQ5V18KJjnkAWTwh4AaABAg
great,Ugxd-1ru4Up-8x--1R14AaABAg
great,UgxUtiK8hQXikwyGMhZ4AaABAg
great,UgwFIz0XTUT59bFoRe54AaABAg
great,UgzRq3gzU4IDBY_XqQ14AaABAg
great,Ugw5JWbc5jx2zq1zZ4V4AaABAg
great,UgwHVrKHmWF3KG0KRU54AaABAg
great,UgwwxfSPhqq1lwagesd4AaABAg
great,UgzUMQrqpg9h9fnqEgl4AaABAg
great,Ugxkc7W5MPuGQl73Pwx4AaABAg
great,UgzL52mcGs6dVr_bQm14AaABAg
great,UgzVRve39WT-P63tGW14AaABAg
great,UgwfgkFlfhmN-dkKt9V4AaABAg
great,UgxEyUr_iU0PzVKL_yh4AaABAg
great,UgzUtrOHoVI8Cn8viXB4AaABAg
great,UgycSC762eZYe_NSpO14AaABAg
great,Ugw8YBxZHzujAwELWUB4AaABAg
great,UgyS0a_2choI4a6UWXB4AaABAg
great,Ugx-8nWLoy3EClj02fV4AaABAg
great,UgxKack1Rv3-ziIPCjd4AaABAg
great,UgyKsXMveCzA2Lu49sB4AaABAg
great,Ugyc3WLdni2WTdKbHl14AaABAg
great,Ugwc-Ld_0UlxXYiFE8V4AaABAg
great,Ugy6evk1ElZim6me9A54AaABAg
great,Ugyo6UG2d2hNQyK7mr94AaABAg
great,UgwuiqrSqdTLYzg3PhJ4AaABAg
great,UgzBkNww0LxmEe2Ku7d4AaABAg
great,UgxMgJnKTAijCqD7rR54AaABAg
great,UgyQfoOFdWjy6_nLYIV4AaABAg.ANIpdrZ5iQzANIuYZ9pein
great,UgxVm-2q9Y1d3MiibkJ4AaABAg
great,UgyTVUBrg3UTDrHVc294AaABAg
great,UgwLzVs74wvNmAbdFr14AaABAg.ANIkDykngSPANImfTclK-q
great,UgweXarPEjlEB3j-mQN4AaABAg
great,UgyzWE0jWmjDWwGfZhd4AaABAg
great,UgwfRUG65SPqx6CaS094AaABAg.ANKsBUBrrnvANLL8LG7l79
great,Ugw5sf2dge32xvd5YZ14AaABAg
great,Ugw0I1B3pR3aJPag7Tt4AaABAg
great,Ugxu2Gc045Ah0Rt7ywp4AaABAg
great,Ugzbn5A4EDjRgGQRzDx4AaABAg
great,UgzxTpGfvEZt_2oM1MZ4AaABAg
great,Ugyssr_JqxC0tYZAlNp4AaABAg
great,Ugy2hpNCNJJBSi2wCYZ4AaABAg.ANGdZcewkm9ANLZ923nKHN
great,Ugy7xvPMz6d9j-c8E9Z4AaABAg
great,UgyP7xShL2_7NfAK66N4AaABAg
great,UgzxHGt0GdiHBzWhd4l4AaABAg
great,Ugys2UDVNfIyrsApNvZ4AaABAg
great,UgxTSqc4xXqOjHNlOAF4AaABAg
great,Ugzp4jyOXL-RDq4WawJ4AaABAg
great,UgzOPGkDigh-Sc--Z3p4AaABAg.ANFoU7UrN1JANO8lx9wKUp
great,UgwzgMHDnfG3aHCYzdF4AaABAg
great,Ugy0sKlyumK0KDGgMNZ4AaABAg
great,UgyNjSDHK-FdbWQ15CB4AaABAg
great,UgwKultW5T3rbDX1YBx4AaABAg
great,UgyTfEyaDlHwU-LD7iN4AaABAg
great,UgyVLE8tlKuQMl6HJFJ4AaABAg
great,UgwmKsuDCNXx9PbRnLJ4AaABAg
great,UgyzrJCTzoxhPbzegvN4AaABAg
great,UgykK5B_BQrPCM5CtKR4AaABAg
great,Ugz_tFszQ11xW8eKAmh4AaABAg
great,Ugy6_qgBmdIHrUXnx-F4AaABAg
great,Ugwb7rTW1rdTa3ch9ft4AaABAg.ANEO9yh85iPANElXC5KBRm
great,UgwSPfDyGQtU1BkD2iB4AaABAg
great,UgyKr5YnbGAY7F3G2qZ4AaABAg
great,Ugz5LYyIXilGYeAuvnt4AaABAg
great,Ugy0wENrAY2LARDg5d54AaABAg
great,UgxSWahNoUadRLSZgv54AaABAg
great,UgyYBBPtcvSR2PC1MTR4AaABAg.ANE-AT9-ycGANFp7O0K78D
great,UgyviSH_q41wJahpDYh4AaABAg
great,UgwFlA-e58MEDI9qSVV4AaABAg
great,UgzrjPNi_PHgYoWOZcF4AaABAg
great,Ugz97i397i9u9dOMzKt4AaABAg
great,UgxExZ0L2SqYvF5XJF94AaABAg
great,Ugyxv8Q21LkVtMZcRD14AaABAg
great,UgxIKTO_sCERFWW3WA94AaABAg
great,Ugxt_AwAoZz7HhH_VPB4AaABAg.ANDm4GgfI1KANDy-XF0Cu0
great,UgwundRR2hm9zlemUbV4AaABAg
great,UgyINTRclpS5O7ZJyCR4AaABAg
great,UgxtdPrvW4wqmTb4eKR4AaABAg
great,UgxtdPrvW4wqmTb4eKR4AaABAg.ANDgXKvT28gANE4jsnqWY5
great,UgzB7-xlZuIbTgdbYVt4AaABAg
great,Ugykv1q7WxBWKDSCciR4AaABAg
great,Ugxze_zA3hHCPDfjO794AaABAg
great,UgwUtXBIG95p8lpi-ph4AaABAg
great,UgybgniaDww7KLP17A14AaABAg
great,UgydYHJt8fQBNEy_fxR4AaABAg
great,UgxfE29lgOcShStm0PZ4AaABAg
great,Ugyj4stFDsFK-Z6VwZl4AaABAg
great,Ugz8NNSHFM6OLKXWK_V4AaABAg
great,Ugwcc6dAeIdKik__P1d4AaABAg
great,UgyZ4EzOZK-xoeX9h3F4AaABAg
great,UgwfaSRjzLinIdCNSS94AaABAg
great,Ugw8tpb6MYYEHrAUOLB4AaABAg
great,Ugztj6JaKKxGkXp7nwR4AaABAg
great,UgyqNK2Jal-UlspuZqd4AaABAg
great,UgxMySo4O7VNneUx3A94AaABAg
great,UgxbAR-nG_xapepezZ54AaABAg
great,UgyeyH6Mgv4nQeqgEi14AaABAg
great,UgybMq7qtRZNFJz8lNN4AaABAg
great,UgwSgHYtEw4lsupG4rt4AaABAg
great,UgzqnPXqsDlDiH3k7Qx4AaABAg
great,UgxjaRVdOIAYUt_RQYB4AaABAg
great,UgwixwuRa1FSnHpD1Sx4AaABAg
great,UgyiXPphZ023UMhZB6h4AaABAg
great,UgxSrxcQl443O-y5qwN4AaABAg
great,Ugx3sO2Kcbg0NWKCirZ4AaABAg
great,UgxfugtR-inpWEx-t4p4AaABAg
great,UgxH39DoahkjjfSI1GJ4AaABAg
great,UgydVjEgPd-cU3dVn994AaABAg
great,UgxSQXRZrB5_P9qygUp4AaABAg
great,UgxDWQQt8T7A8va9ZiN4AaABAg
great,Ugxpqf5kfPY0dWf9NFZ4AaABAg
great,Ugzz7mOhEpXy3Yx7km14AaABAg
great,Ugw-gJdnCFYD5vtUBnR4AaABAg
great,UgwHPjPd72bACyTiWJV4AaABAg
great,UgwWvoLKSW6oofwbeCR4AaABAg
great,UgyA536XTE5KFhqV8Vt4AaABAg
great,UgylXPmtiDpC2bOYeOl4AaABAg
great,Ugy2iNV7s6EWl6MVysh4AaABAg
great,Ugzwe33wKURQ0MlnjX94AaABAg
great,UgwrSdxn6aeninIVkWJ4AaABAg
great,Ugx9lBj3vYe4gOXvQkt4AaABAg
great,UgzkHQMhwxuaUN4wlZJ4AaABAg
great,Ugx32viaiIj-0JmFP5F4AaABAg
great,UgyhhUNgazEwvM1OIDN4AaABAg
great,UgwX5CIzutAcc_aO4P54AaABAg
great,UgxpzWApEyaGhyMRfbF4AaABAg
great,Ugyu6Na2ni6ZyVqCQbt4AaABAg
great,UgymxYtwXA6PKwSeK7h4AaABAg
great,UgyWXBN1iDVFiFuX0Mp4AaABAg
great,UgzCTnSp0PI4EpGu9p54AaABAg
great,UgyqXCFGNibylDUYGz94AaABAg
great,Ugy3IzkCTJsPCmQbmal4AaABAg
great,UgyJCNXaJdapEsEX4EN4AaABAg
great,UgzPJFPsavU9N0W9P954AaABAg
great,UgzDRGcfjCsM20RsEXp4AaABAg
great,Ugz7qh4G9Lwa7fGiis14AaABAg
great,UgwZzMx46kS_0DhHAYR4AaABAg
great,UgzvJHAKiO9zoeKYRjt4AaABAg
great,UgxgaZ3ePMl255nSSTp4AaABAg
great,Ugx9HSY1FofqNrXgFXF4AaABAg
great,UgzygJyslfWJuT7raUB4AaABAg
great,UgxeqaknPIVMHyS0W0V4AaABAg
great,Ugy7_QiwKI_fUUL0N_94AaABAg
great,UgweebYOdW7XjwW11AV4AaABAg
great,Ugw7ihe5oPhp4EjMTkN4AaABAg
great,UgwrHSww00ZzKgAFaP94AaABAg
great,UgwDxfdWmzS2DL81-2d4AaABAg
great,Ugw_Nh1XX9yzp5HsRyB4AaABAg
great,Ugx6VmVm_51wF63L0d94AaABAg
great,Ugx7Q31EPGNmixOyPnB4AaABAg
great,UgwTqQanmNRsryX9pPZ4AaABAg
great,UgyK6fXcAJ6VKn7HeY14AaABAg
great,Ugyzsrn_NQkixiZ_X0t4AaABAg
great,UgyOa6uiQyMgBlTaa_14AaABAg
great,UgxeQkKD4if4Qjl3Db94AaABAg
great,UgwXeUUlHL0ASNvdsZV4AaABAg
great,UgytFHUODaotLpJCbmV4AaABAg
great,Ugz-7PBlBAItdLQWOdV4AaABAg
great,UgwEf5J50Z6plLNQPGx4AaABAg
great,UgxCvXiAiqW3LD2Zhrx4AaABAg.AN1iq1jVNIQAN23A5BQo8w
great,UgxqUz8oxdG8SfABdHl4AaABAg
great,UgxvZGuwMJXX_W2UM314AaABAg
great,UgwZRMDQTbNBVg1fgGR4AaABAg
great,Ugxe17nAG1blWJuoptt4AaABAg
great,Ugww1HEnDCLejox1cSN4AaABAg
great,UgzFhc-6VQT0xXVYm6R4AaABAg
great,UgxyDZ8rBr2PghWfQNd4AaABAg
great,UgwmKnBBDoKgGxznBz14AaABAg
great,UgwO-tcjxYJifkCKaYF4AaABAg
great,UgywP6XZFWBfK0lfvZF4AaABAg
great,Ugw6RVWiWlaf7_kMLSt4AaABAg
great,UgyMx-49KcJOVulbGfN4AaABAg
great,UgyvhPjfqmhf1empuUN4AaABAg
great,Ugx8T62JT7YJWSOQKux4AaABAg
great,Ugx32Ehz7i00DOhSm314AaABAg
great,UgycthXxoT0C0IuHFSN4AaABAg
great,UgznulWcqccJqp1iCf54AaABAg
great,Ugx-IeMACCReNESyFjp4AaABAg
great,UgxiXpgiy6bf4mxOXBl4AaABAg
great,UgxiBSxKvcEEynu2tXZ4AaABAg
great,UgzdTZqf1-tZrkh7IJt4AaABAg
great,Ugw431Y07kgfeQ_NqBB4AaABAg
great,UgyHEQnRnWEAm8JGYI94AaABAg
great,UgwwrbkrqwgAkh0cIu94AaABAg
great,UgxVddikCbLhtvRk4554AaABAg
great,Ugz3maY1rMn4UWchZmd4AaABAg
great,UgyMpJv896dTk5XcYjF4AaABAg
great,UgzIdL9l8fiMe4ERZSh4AaABAg
great,UgzIzm0sJRQDaxCnnGV4AaABAg
great,UgzGfKDDpe7nybEPbfB4AaABAg
great,UgwXRfpA-S6Iev8RkyF4AaABAg
great,UgzlLlvCNj2DsI2I5od4AaABAg
great,UgyfntYwDBhm9Ebvqa14AaABAg
great,UgwLm3ztU3aSbEH2odl4AaABAg
great,Ugz-U-blkPhkyhqh5tx4AaABAg
great,Ugw4bUEWjFgwAmet-Ex4AaABAg
great,Ugz7NQGDY5KkULaPPEt4AaABAg
great,UgzcAHjNT4WnROaOZld4AaABAg
great,Ugzy7kqV7GpYuMGK31F4AaABAg
great,Ugw9Ku2Pt-dovohZZK54AaABAg.AN0n5Y6-oxeAN0qhTuw1vQ
great,UgwqyTNHLtalKOUzHBl4AaABAg
great,UgyWuJ1knXIS-MV6cw54AaABAg
great,Ugy3bvO-JROMcgl5CQp4AaABAg
great,UgwVY-bN9FNZUeGoUgJ4AaABAg
great,UgzlIrAXP_2nvi_L_794AaABAg.AN0kXZPbDQnAN0pJuC5hkp
great,UgxCE5V_MAZqHDzmeEh4AaABAg
great,Ugz3ynKh3jUqa23lxat4AaABAg
great,Ugz7gqyna8YjcxfNIZV4AaABAg
great,UgyN19O6RnXDjcft3E94AaABAg
great,UgxK7BCumJZs65dwqEV4AaABAg.AN0jGg7JkWEAN0mM4mgpUu
great,UgwBfYnhhDuEwMVKb_t4AaABAg
great,Ugz3-3Phof6PgGLDY094AaABAg.AN0iVxBQ0mJAN0mI_LYi-3
great,Ugz3-3Phof6PgGLDY094AaABAg.AN0iVxBQ0mJAN0sKq7VlZZ
great,UgzkxURq-W8PubKv95J4AaABAg
great,Ugz4MWEJTY60CWWHgA14AaABAg
great,UgzS9Wq7lZiiuolKtxh4AaABAg
great,UgziIdiLQ8XkzyG42yZ4AaABAg
great,UgxE4IXtTASuqlu3A3p4AaABAg
great,UgwBOdGiYD7MTAPLUIN4AaABAg
great,Ugy_svd7kGNeqVOwSRR4AaABAg
great,UgwPc4CMBsntWTivvnR4AaABAg
great,UgyiQnoqMvgYPNMS6J94AaABAg
great,UgyYzijL9JOQ97808VB4AaABAg
great,Ugw_xT7URf5fhGZPIHJ4AaABAg
great,UgzNmR6aJZkMQe--uS54AaABAg
great,UgzV_Yv4U201B6oIGjB4AaABAg.ANaD5O9Qc59ANaDPWzEqD-
great,UgwdEMIlMBeSzJkBxMR4AaABAg
great,Ugx5PHUZVzDb4_jBzrp4AaABAg
great,UgxIRZY0RZFliGw8JKJ4AaABAg
great,UgwkKGMOhmf6bzfTHj94AaABAg
great,UgxdsvpPpMnWxUrOAmd4AaABAg.ANa6c8CqZweANa90UgwVZ3
great,Ugyvt4CT6ucUX3crHbV4AaABAg
great,Ugw3Ngzo_FkNrB9owSl4AaABAg
great,UgxuMLmRJ7NQ90Q87Lt4AaABAg
great,Ugxq1-hpVSQRcLr9yad4AaABAg
great,UgyHumIaBsZKsi0QS1h4AaABAg
great,UgxuMPCbzdJiZOVnL_94AaABAg
great,Ugxsb0XtXRcejeIDRXV4AaABAg.ANa0Ty2TdRSANaE-7zS9eR
great,UgwEO090Eam7DSuh_QB4AaABAg
great,UgwKwD8Gj7tbrOaeijh4AaABAg.AN_zhEOupeoANa7J8IfQ1w
great,UgwGcYaeb4_tos8bGbN4AaABAg.AN_y9OBJMuvANa8wCP_Q1M
great,UgzQpMFiAkXlYRBTxZB4AaABAg
great,UgwNP5N_p5sv00K4OOJ4AaABAg
great,UgyDgb1qVnaiUW1n1_x4AaABAg
great,UgxjMKYsWJ-_nezn5eZ4AaABAg
great,UgzTowlRkV14aQaU3vN4AaABAg
great,Ugxw5hosgBbP6assPi14AaABAg.AN_r-1LE77kAN_rcBuZStM
great,UgxNZJMwnrL89xhmhnF4AaABAg
great,Ugxf5xoavN2jSgC-K2d4AaABAg
great,UgxgnfX2WFH2kEKO0I94AaABAg
great,UgyXhiWkgpsSe7TJLbR4AaABAg
great,Ugz2eEhTWHdfi9BiaxN4AaABAg
great,Ugwt5CTq70kOEajkJEt4AaABAg.AN_zOwp9ChoANa0758-gfH
great,UgyKvtFxlGLDFrbQexV4AaABAg
great,UgxIAF3Hgj7zQqugI8Z4AaABAg
great,Ugyhifl5lo1xMoWBUBN4AaABAg
great,UgwK-kXhaw9zOJlabg14AaABAg
great,UgznfcwvBEAmfzplN2F4AaABAg
great,UgxBaGjY_XXePntTnIp4AaABAg
great,UgwW6oY1OVPx9XjGGi54AaABAg
great,UgxyopWUjl5ODI0yJy54AaABAg
great,Ugymk6zUXN8xcOXjEGF4AaABAg
great,Ugxid1-oxiDmZpuFsPp4AaABAg
great,Ugwg-L_uSMoYNt4tyCR4AaABAg
great,UgxPmn1mXR9pmSKMwHp4AaABAg
great,Ugwyix1hWIjlkRIFQmd4AaABAg
great,UgyTT3N0nK_-af3TmXt4AaABAg
great,UgyLXtx9AvXuV3SGGcp4AaABAg
great,Ugw3OrydsMTc5daSQ154AaABAg
great,UgzuK2MTz780WmKS9v14AaABAg
great,UgyQ_xO_vKoli86Gq9V4AaABAg
great,UgxNM96YW4jnGb5OzQJ4AaABAg
great,Ugzm73BNMhJeYCJ0Et54AaABAg
great,UgxXUV2tiDdin8Fzmmp4AaABAg
great,UgzELKX3sEl2byhue2Z4AaABAg.AN_v27SYOE5ANa15CYmiJb
great,Ugx24u1pKoWuq467fy54AaABAg
great,UgyCcu4lM0Va5rSYwKh4AaABAg
great,Ugw1UNxwDlYY4TI9Ocp4AaABAg
great,UgyGlJYkTEhob67WKft4AaABAg
great,Ugys7BOGH71s5ROmY6l4AaABAg
great,Ugx521a-b26dnJfC2g54AaABAg
great,Ugw5WZ5fuFqynMsvtod4AaABAg
great,UgwP9iRDhYrqB-VBOax4AaABAg
great,Ugw-5PB0gzBVEogz7VV4AaABAg
great,UgxPH6im9oKFxXrXxZR4AaABAg
great,Ugx8u_PymqLyMEZoE-t4AaABAg
great,UgxYHtRg6VwjLChX5hZ4AaABAg.AN_qoET73EjAN_rrKIxVYw
great,Ugyo4Gy64TwiAUXx2SF4AaABAg
great,Ugy8MgE47RbSrO86cvh4AaABAg
great,UgzYx31rIjTttlmmtUl4AaABAg
great,UgzGcS6FW-WLKsb2JUB4AaABAg
great,Ugyjz40J_gBrty152BF4AaABAg
great,UgwjWkdpUuC3FAf7F_l4AaABAg
great,UgygHKAYjZEZi5j3xWl4AaABAg
great,Ugy90GTnnX_37zbE2wB4AaABAg
great,UgznS1Lu9XWOAq21gxp4AaABAg
great,Ugz6hauOp4a7WOFI_uN4AaABAg
great,UgwHnfwuH1zXc7nJXwt4AaABAg
great,UgzHUsOfmnNIxD8m_cx4AaABAg
great,UgxhsrZ5b4bdKGABejh4AaABAg
great,UgwxglU3wWoz-D6xj0l4AaABAg
great,UgwjJrd7bNAn_D-hw-B4AaABAg
great,UgyY-SzsXxyF6GZ5tO94AaABAg
great,UgxKrwWLK80gPmwmzUR4AaABAg
great,Ugz0ws06wu2DBWGJRmR4AaABAg
great,UgxRKftfJp_w7qz4TUh4AaABAg
great,UgyRiBBamYg1ge0aTY14AaABAg
great,UgwbU65FcRt9XWW4q9h4AaABAg
great,UgxGhKoi8PmReS5ipTx4AaABAg
great,UgwGqjMH9yy-_ywD-wJ4AaABAg
great,UgxJBUqRU7oIkQJYVF94AaABAg
great,UgzeNvj4QVas7WZ8wAB4AaABAg
great,UgwoP_jBBow-6sf4-q54AaABAg
great,Ugwbc02BOLXIEF-0tZR4AaABAg
great,UgyqrLY0j7JrilY7RDh4AaABAg
great,UgwURYWK1KioGy5ulHN4AaABAg
great,UgyhvnlvYoARhCfn4sZ4AaABAg
great,UgykGmk-n5A9unwxj714AaABAg
great,UgyMCVVRaC0AaZK8_4d4AaABAg
great,UgzlNJMjtW5FQM1uHxZ4AaABAg
great,Ugwc2D8fn51xQuM40Mx4AaABAg.ANVTjwcOF7pANW1K7Ik_tT
great,UgyhkwkOGWowdi3OWuR4AaABAg
great,Ugw7RuvB8fW9cb14gqh4AaABAg.ANLykVS9YRPANMGmJCWOxs
great,UgwykAaLQJ_vB7a_EdF4AaABAg
great,UgxzEhSklY4VRB_ZauF4AaABAg
great,Ugwlm7gwTdRbHmnk_Rl4AaABAg
great,UgzOTZnr-xN7WrFp-tV4AaABAg
great,Ugy-cPRvDDliaiYijBh4AaABAg
great,UgwgX1X3s8fq_rZJrDR4AaABAg
great,UgwjMdXlLn0f-qCDS614AaABAg.ANLnBYeejZEANNB_nbTbxO
great,UgwxgqT9AMRqRIdLA6N4AaABAg
great,Ugx6IgCGB8qg4934S7Z4AaABAg
great,UgwzvAGXIABi63bdJUp4AaABAg
great,UgzrgRLYn6HdbzNsQzd4AaABAg
great,Ugxlz-3aORyKEPhNp5F4AaABAg
great,UgzMZWnXMCz6EJKYha14AaABAg
great,UgxUvL505jf4aPN9tmN4AaABAg
great,UgwnW4S_-4Cbe2_txkB4AaABAg
great,UgwK_gIjoATUodfVaa94AaABAg
great,UgyZuTfc7MPeD_9abfZ4AaABAg
great,UgzZDiO-qk5VezJajbJ4AaABAg
great,UgzXdHzNXiiiotz6-rp4AaABAg
great,UgwUfZh21uQARFLiFlR4AaABAg
great,Ugyaq0sot7F5KOPfz7h4AaABAg
great,UgydMknDWoydnOWI0P14AaABAg
great,Ugxy-PHaNxDJ6Ju7ckt4AaABAg
great,UgxXDNQVZW4QajFyizB4AaABAg
great,UgxAHn1t9B50y22mpO54AaABAg
great,UgxsQI6U3zaNBE_0SKJ4AaABAg
great,Ugy2TOb_PS4AMu2-auV4AaABAg
great,UgwSdqv23_lCazy2J8R4AaABAg
great,UgzTjuLULiN0ks7WJvN4AaABAg
great,UgxdVzXchDkYkkO0Z_N4AaABAg.ANJMQ5UXbihANKWGEslHsY
great,UgyFVQJWnSV_9JQ7t1Z4AaABAg
great,UgzAc8SkMqdAM7i-wt14AaABAg
great,Ugxf5omIutQMR2Pxnmx4AaABAg
great,Ugyqxzcq659veIzzEIN4AaABAg
great,UgwvOGX0HeXBrI9ujqV4AaABAg
great,UgxyUC7qf5yc-bUduq94AaABAg
great,Ugy4PkzHwOBDLfkYK-h4AaABAg
great,Ugx1ySsy7BHAJaz6ha94AaABAg
great,Ugyzi_OHk9-5ELFZREV4AaABAg
great,UgxvSUex4j2ddjpdhDV4AaABAg
great,UgxnIUiLJbp_pMXKEZp4AaABAg
great,Ugy3CFa7OX0_whK08NB4AaABAg
great,Ugz4-TBkMcXb3u2JUiV4AaABAg
great,UgzODvPLe9HYlv7Tfkh4AaABAg
great,UgyyssZzGI32ReePCqV4AaABAg
great,Ugzwe2wwdXmOpL7UpVB4AaABAg
great,Ugx4OUxSCXg1-voPHAJ4AaABAg
great,UgwO-jziBKbv0ORR90x4AaABAg
great,UgyboZZ6wDXVMTYS6ZV4AaABAg.AMrYztrZjmxAMzdWFniqyQ
great,UgwuiTeN9Ylsh3h24bF4AaABAg
great,Ugx-TTqkr1lBep2AEy54AaABAg
great,UgxiMuHJYdP58DWdMrt4AaABAg
great,UgwxIZzAakOmG_MAQw54AaABAg
great,UgxzMRPtprvMZ-rw7bF4AaABAg
great,UgwQzvZRLhl0G-LqSxF4AaABAg
great,UgxsnRSRRCipfnjZ7kh4AaABAg
great,UgzMHunaNLenkEaJCV94AaABAg
great,Ugzb8kfjTiHuuZ7ssM14AaABAg
great,UgwUnAQWsD8lgyU-_RF4AaABAg
great,Ugy4gPme4kxhmKP5XEh4AaABAg
great,UgypfBT6ulHN3qHwjyB4AaABAg
great,UgzI6ewj8WU_udQnrOx4AaABAg
great,UgzXYdP6I30L0bMrcoN4AaABAg
great,UgxeqfANf8aJSXGvTPR4AaABAg
great,UgyvDX1dJ4rHpbDuHCV4AaABAg.AMmmuVZltNzAMmnN_5AgaO
great,Ugx9iKYuGUo2F4gD4QZ4AaABAg.AMmmPWgncozAMmolJLrSX8
great,UgxZqU4k7B2RGPJDmbR4AaABAg
great,Ugxw9vNC_jiyyb8hIwt4AaABAg
great,UgzoTvh8Lyt6ZqbQ_kt4AaABAg
great,UgwhfQNjHAd942yM3dN4AaABAg
great,Ugzzg2hETh9yWCkvEHh4AaABAg
great,Ugz6uLT54s19Z465OVR4AaABAg
great,Ugz_fYdMUVIn70NRnEh4AaABAg
great,UgwSH2k107-O3RLOudZ4AaABAg
great,UgwRq5LwCkyz9-ehulB4AaABAg
great,Ugxu5HASFfPu7MMHKy14AaABAg
great,UgwHuY43r_WZcK0sdvF4AaABAg
great,UgywqI7o204EUmTtnsJ4AaABAg
great,UgzXhvZ4yADEcx9Ub9p4AaABAg
great,UgyB54oChtwMOWwoyKN4AaABAg
great,UgwUOrHmLqOJgpOeAMd4AaABAg
great,UgyX2gsK-o12aNvy6m14AaABAg
great,UgxDYpS8DCvP9vv9leZ4AaABAg.AMkTzD-ffStAMmFNNPdhLO
great,Ugza61xH5UwmuDhGgPd4AaABAg
great,UgwwgtcGoqizrfrwnp94AaABAg
great,UgwUUxZs8qNKE_I4HCB4AaABAg
great,UgzoFvhHiBy_smhq5qV4AaABAg
great,UgxfKlhJg2ZZtGWUIUt4AaABAg
great,Ugx_n2XVXNmBPjjpoIh4AaABAg
great,UgxjhVbjkbR1Jp8O23R4AaABAg
great,Ugxgrdc2QNHEYrNSemd4AaABAg
great,UgwATvTgPt4KeTYsNw94AaABAg.AMiKrhphOFuAMi_ILLfCOl
great,Ugxtnv7KxIzvIPhv7CV4AaABAg
great,UgzXDJ33JMj_vs2JwOB4AaABAg
great,UgyDH91bgjWGo7KOr0l4AaABAg
great,UgzkWaMesLzPDYb0x1B4AaABAg
great,UgzMy8cfx_fgo8jlO_F4AaABAg
great,UgyOqcVRSsC4WbwUl3R4AaABAg
great,UgxS0cGpqzEP0_mbRIB4AaABAg
great,UgwxPGU_iIazOBJ7VfR4AaABAg
great,UgwXJS7NYxhI0cNIix54AaABAg
great,UgwVOPiIfz0ncMTTK854AaABAg
great,UgwM4jEF0Wl5hQiTW-94AaABAg
great,Ugx-fw_zxs4UzkabAhN4AaABAg
great,UgwqpOEMejHdTK9SJWN4AaABAg.ANDKSjzTMlqANDcFRFTZJt
great,Ugz6ofgKchkb_9_paht4AaABAg
great,Ugz7pkT_3PB7nHhrZRl4AaABAg
great,UgxZTmDmDVF14pCF7it4AaABAg
great,UgwoS_OdD78UT6X0TbR4AaABAg
great,UgwtsD94go0WTEiQL_J4AaABAg
great,UgyAcA3FTiVGK8xvuh54AaABAg
great,Ugy3dJyfhq2nezkqlQN4AaABAg
great,Ugz3ND1IZnX0rZgtbsh4AaABAg
great,UgzWkTWRSobc506AF0Z4AaABAg
great,UgzbXk6Nqbvdfmw2qkN4AaABAg
great,UgwHQgQYt3NQV-W7PSd4AaABAg
great,UgwuW4BiNuJwFqH4XDd4AaABAg
great,UgwmC1Xqn3VhOrRASWB4AaABAg
great,UgycCG_1ZoJvEP_RVrh4AaABAg
great,Ugzmx8bwzfiKiV4TmtJ4AaABAg
great,Ugx2I7d7fjC0Vn2Upc14AaABAg.ANEHQ8hhw0-ANF44huIqQT
great,Ugw4Z__h3VNfnYip-494AaABAg.ANE8in_hheBANEms_9X3tu
great,UgwKBo0JgHnfjSxdBHp4AaABAg.ANDumm4CzSnANELqrAtTO5
great,Ugy-bA74BxsMZiSkyv94AaABAg
great,UgwX8b4UBnPk2fZNKXd4AaABAg
great,UgzuAW22SRpyT9F-JHV4AaABAg
great,Ugx8plJGdvdtNR3fKwF4AaABAg
great,UgwUjUnsrVHod6qdN7d4AaABAg
great,UgyOVGEI48_e9ZHKdpF4AaABAg
great,Ugxizh5CLOZXF1IFH2V4AaABAg
great,Ugxk-7BoKaPCc2rCM7B4AaABAg
great,Ugwdt72OSXBpQPbliD54AaABAg
great,UgxB6YnWoPsqG1iLKQ94AaABAg
great,UgwqpOEMejHdTK9SJWN4AaABAg.ANDKSjzTMlqANDcFRFTZJt
great,UgxhRXiPvKJCPpcCpY54AaABAg
great,Ugw0rmetq8vkxhvyHxJ4AaABAg.ANDIMqeazFKANDYu6TNUBk
great,UgwXGtmuVZtGYCVmblp4AaABAg
great,UgxEKsWhE7KpWSVM_IB4AaABAg.ANDHxflgiZeANDqr2Pj5YR
great,UgxPy20hHjuLnIxgX7J4AaABAg
great,UgzrojW7Xeq5iNlXlt54AaABAg
great,UgxGJoHgNscXhsIRSOV4AaABAg
great,Ugzn5LBRb1lv3v85sbh4AaABAg
great,Ugwhjaum4WR9o98Vtft4AaABAg
great,UgzGEMvPgVgybAOt41J4AaABAg
great,UgzP_2-vFYwSDjVBIgN4AaABAg
great,UgyfSeWJyDu5ZhzGLOx4AaABAg
great,UgyyieV3HqVOrK-2RdZ4AaABAg
great,Ugye1Iwx4jUEdKcMS_V4AaABAg
great,Ugwh_9yE4BaUyF7BHCl4AaABAg
great,UgyaBQo7g642Z65xjzx4AaABAg
great,UgylsI5kiYzKQH5c57R4AaABAg
great,UgxLen2zOAyjxE75P0d4AaABAg
great,UgwPcSlV9iSPIuEgsIJ4AaABAg
great,UgzLhLFFTUfMHB_Xz3B4AaABAg
great,UgxHTchnAekilBnqxXF4AaABAg
great,UgxOp-FyYjtkUKEL-C94AaABAg
great,UgwT9qX9hXAtCJbl-oN4AaABAg
great,Ugw83bKhY69OBqQlqw54AaABAg
great,Ugxa_6YDRMsxG-qdKa94AaABAg
great,UgwaC1gbaWpxiCI1U4V4AaABAg
great,UgwaIB_bGMBrexng6JF4AaABAg
great,Ugy6DfZLRFeSPP1dQsB4AaABAg
great,Ugw2UVrc7Ifu76Scd9t4AaABAg.AMlsOw8sQDyAMlt5XGuaZ0
great,UgyYrBU4Q_KBMXwqQWN4AaABAg
great,UgzFtIj_vzr5oW4LiNJ4AaABAg
great,UgzgdCcbKDzSxS1vqh94AaABAg.AMYPnyK05hkAMZGu1bOngg
great,UgyzFjvclDwl81C8sSR4AaABAg
great,Ugy-AN1Z1OEapJsGZ1B4AaABAg
great,UgxX-YbWvQ2jkwxearh4AaABAg
great,UgztCj4ja2Yx1v6z8wR4AaABAg
great,UgzWkrJ8lcd3JiMT3q54AaABAg
great,Ugz6S0bo3cyKw1OCctt4AaABAg
great,UgxCJdYqX4RjUnqJzgx4AaABAg
great,UgzIyqAviA853Nv10iB4AaABAg.AMONp3lIwpgAMRAPZHe79z
great,Ugx5pPxA1mzX4nrLGxd4AaABAg
great,Ugxvuh8YPsGbarNinZR4AaABAg.AMOBUSBgl2_AMOEXkxttQK
great,Ugx2HGHSucn75nw3i6F4AaABAg
great,UgykzHDbtrZdsmGMCZR4AaABAg
great,UgzFWpIrMGRquVaXFsN4AaABAg
great,UgwzIrki8dvMSN4hXzN4AaABAg.AMNOahjBqIFAMNyjWDjPoc
great,UgyWJBicjCY5891ODs94AaABAg.AMNMrJEv8oDAMO-SfIfTAk
great,Ugx9y_R630mMeRiYfHp4AaABAg
great,UgzwMYNODI68IWXV2z94AaABAg
great,UgzfuJ5dQrydFZPzC8l4AaABAg
great,Ugzoa-Yjc1DTWnYRwF94AaABAg
great,UgzvtlL9nuyf_aTcTwF4AaABAg
great,UgwmCnlFGdgLoUYcSeF4AaABAg
great,UgxFMafwb2pcwC2TFiN4AaABAg
great,UgxAt4RaXMtzZXqkeP94AaABAg
great,Ugz_-CtgyywUOHRxnz14AaABAg
great,UgwGaupzww5Cv0kNa794AaABAg
great,Ugz5tuQtQsVmgfs2qTV4AaABAg
great,UgxtnzLfhidDzCkhdHZ4AaABAg
great,UgyV4cBznWLhtOdgv8J4AaABAg
great,UgzQ0yambHKLV-yuHxh4AaABAg
great,UgzumNgiM3WbfEy_3_B4AaABAg
great,UgzMeAfOgPP-tnBV2Al4AaABAg
great,UgwsFL4travkoVfgQM94AaABAg
great,Ugw4l8GmfTG9Nv_Smsl4AaABAg
great,Ugy6ISwB25EEX4B3jR94AaABAg
great,Ugw4ccC9bhFv53RUAZR4AaABAg
great,UgwP3ZgoJb7RbTXxCsh4AaABAg
great,UgwX6YXxF07j7Oe7SVl4AaABAg
great,Ugzfr58GGmHZUZSvohd4AaABAg
great,UgwK4fkSuhgiQ6YUwvB4AaABAg
great,Ugx7Ezd5MLq4cpp1eEt4AaABAg
great,UgzL02Rd9uuux0tZqRN4AaABAg
great,UgySfMFXDegR1H9tOF54AaABAg
great,Ugwp0VfIou4sTyO6OVN4AaABAg
great,UgxTi1TdEoiU3Dih5pN4AaABAg
great,Ugzto7GT0ibFjwHOjWR4AaABAg
great,UgyyPKaIF1zNUu1ox8x4AaABAg
great,UgwGog61o5R13PoYOHh4AaABAg
great,UgzxH50BNw_uv9JTL8p4AaABAg
great,UgwSILfzM5TgbvUruZF4AaABAg
great,UgwSILfzM5TgbvUruZF4AaABAg.ALw0AJAekS9ALwJDtfB1RP
great,UgyaGTZ1gcggDQmHRhJ4AaABAg
great,UgztV_agQUecfe5FRpp4AaABAg
great,Ugz3PysGjY9wBHA-adp4AaABAg.ALvyd0V-OEVALwFu-fnOBU
great,Ugxij51okvinae334DB4AaABAg
great,UgzOtIVza3bw5sRNVph4AaABAg
great,UgzxgeOcTfLfN_1O2Gt4AaABAg
great,UgxG7omkN_cZcaTlbGZ4AaABAg
great,UgzgTYb1WKTQ8STBT4t4AaABAg
great,Ugxx8uR6ZTxCkwqHEdB4AaABAg
great,UgzrZb3alijRA4Bywrl4AaABAg
great,UgywIuiHLXtjOTRMAkR4AaABAg
great,UgyI9x0tyJfJSdKZftN4AaABAg
great,UgxG8MkkraIpR7BddGN4AaABAg
great,Ugzr1mp4xiUhJMfSg4t4AaABAg
great,UgxqQWXxKBuy52xorGF4AaABAg
great,Ugw8svS4EapgmHk5xZ54AaABAg
great,UgwkNmaGjtGIZiqb1A94AaABAg
great,UgwLRHOUNzOJ_VafvVV4AaABAg
great,Ugyne_bmyyxMXMKhW7l4AaABAg
great,Ugw1UdqYokcBdUYuoyJ4AaABAg
great,UgywMHNrMpIGUWoERBh4AaABAg
great,UgySziTNy5HKDNObgE14AaABAg
great, without focusing on the ethical considerations.  That last line comes across as a bit of an endorsement
great,UgzPcALvJ77EQbgHGbF4AaABAg
great,Ugx7-Q5JE0N8rZIxruh4AaABAg
great,Ugz3rkm3_3ioiBCkM7R4AaABAg
great,UgxCMNDGCgzgu9G9lTV4AaABAg
great,UgxvvcqIE1ar6YoArOx4AaABAg
great,Ugz5sgsGBIS1HkCItrR4AaABAg
great,UgyA6_F3N8CTM48ozah4AaABAg
great,UgwVKtx3dUDd76hkF794AaABAg
great,UgzsNp1p9EEZpxhviTl4AaABAg
great,UgyaTsqC3mtW2TSC6BJ4AaABAg
great,UgxbEnZRXFmypynCnFh4AaABAg
great,UgxymfUeARzreoPSFUp4AaABAg
great,Ugww3CHDg56Hm6qc-rV4AaABAg
great,Ugx9zyNGY4BGmGM2KYp4AaABAg
great,UgwCcmGKG8Pcp_FAQIx4AaABAg
great,Ugwtyx1IfrwArsKga_94AaABAg
great,UgyTRexMzRLOF1Q0Hv54AaABAg
great,UgxbAkil6hYbgQScrvh4AaABAg
great,UgyYXm3FC2exf8ZdGCF4AaABAg
great,UgydVkf7s6zNgVQ8FId4AaABAg
great,UgyOph7Id9eS-qjdzk94AaABAg
great,UgwAr0OTG7fkr8Xt22R4AaABAg
great,Ugwa7e4aGEsR8IwJbX54AaABAg
great,Ugw-XzazU2pD7v3ZMi54AaABAg
great,UgzZZFx4RRZEHZUzxWN4AaABAg
great,UgywHEddxqXXSlonuxR4AaABAg.AL1BOoaFbtcAMKmE3DsMxu
great,Ugw2xaBXnnnR65MADJB4AaABAg
great,UgydsXHb2bG2KzLUKVR4AaABAg
great,UgwVRWlHFm1IoodsZ1l4AaABAg
great,UgzFrZUf1d9h-tN8Krl4AaABAg
great,Ugw-2TG300OeAC_xW0N4AaABAg.AL0SYk3qmi9ALAX7RSBVAB
great,Ugx2VvgpIfUsBrAa_xp4AaABAg
great,UgwV26cFxwGIfUW5hBx4AaABAg
great,UgyWCCtp6DoehCjf1sJ4AaABAg
great,Ugy3s6wiZU7xzIXM7gl4AaABAg
great,UgyPd5B1x61KJ6SeKYd4AaABAg
great,UgxI-9jZvSFua7u4OEt4AaABAg
great,UgwDZGyq3dhkF6qbBRV4AaABAg
great,UgwgbpKutt1NnmOyJgV4AaABAg
great,Ugz6akjnkX6Nm42xVmh4AaABAg
great,UgyUgk6miHOHLa5misV4AaABAg
great,Ugx2OKSwhQJPTUw2wpV4AaABAg.AL-aKxrRd59AL0DxUFrF-p
great,UgxeZaYzbLYO3fjbAdJ4AaABAg.AL-a1zj3eGlAL-pBxy3167
great,Ugx0Y8sQMzawQ4bDafB4AaABAg
great,UgzLR9Y3ZmmOzWfTdD94AaABAg.AL-VssQMMCgAL0Ub-G5adm
great,UgwIKroGXkx2nBOuPk14AaABAg
great,UgwIKroGXkx2nBOuPk14AaABAg.AL-VCFjlGN4AL-X1-YGcoi
great,Ugw-xG2qbWcJBbG8qSN4AaABAg
great,UgzjgYuoou8U_m-Rsb14AaABAg
great,Ugwbe6plW2znY2VxfdJ4AaABAg
great,Ugx174GqKPcTfjziVVl4AaABAg
great,UgytBi3hAezKJ8B2kP14AaABAg
great,UgzTANANSNRfL2BZ8ZN4AaABAg
great,Ugxgs53gvze7BnAg7m14AaABAg
great,Ugwja3nDHfCipKkzgJB4AaABAg
great,UgyqNcbI5BysKgru21x4AaABAg.AHv7C6u7VH0AHyCT21QNBU
great,UgyOPFNmnqax35O1vEt4AaABAg
great,UgyztQkaDjPFticpaEd4AaABAg
great,UgzHqIkJVicUfiTf5uJ4AaABAg
great,Ugw1121p593uvmJM4O54AaABAg
great,UgyJepXT90Iv-cHWgXZ4AaABAg
great,UgwNtUxWauxikiLAOe54AaABAg
great,UgxM-nVYNZ55il-aCqx4AaABAg
great,UgxOTTGOqJWYBJcGo5N4AaABAg
great,UgwK9VHq5uXE1vuwo_x4AaABAg
great,UgwoV0lTDHhgfqFqYcN4AaABAg
great,UgwAKweN7alzQSgs0rN4AaABAg
great,UgwNQa_iB1LQbYeyBb14AaABAg
great,Ugw4sxrydGYAz8rI2994AaABAg
great,UgycWCbKi6fUs2g-TzZ4AaABAg
great,UgwyVdMZZJxn0Uler5V4AaABAg
great,Ugwo-e-9tClr3VZ6HpF4AaABAg
great,UgwSg_CoLJvm2jmsbbZ4AaABAg
great,UgzDMPGT02ExYAFpmqh4AaABAg
great,UgwjNczpFIJYb0e1AsV4AaABAg
great,UgyJUGdw8KskKnBeBrN4AaABAg
great,Ugz2Iw7sttYTBW8D8fx4AaABAg
great,UgyN81xXhvTaaOjCB9B4AaABAg
great,UgwMhrWSa3EI10LoSax4AaABAg
great,UgxPo9h8A1xqQ8iME8l4AaABAg
great,Ugw4dgJJyRyrpIs8SfF4AaABAg
great,UgyK-D6286zipsCCrjh4AaABAg
great,UgyqEt0RSg9YBTtBLth4AaABAg
great,Ugz3BXBAwHl_j80Kj5x4AaABAg
great,UgyUvNMgIZ5AmwUIUSl4AaABAg.AHhskC2uVBdAHi4Ai-2gp0
great,UgxxQZs9IRovrO7qJW14AaABAg
great,UgyYVaqgf185_V5F3V54AaABAg
great,UgzbpByPhZM-DWwGFKt4AaABAg
great,UgyOj5UvtXmtqUPyknR4AaABAg
great,UgzOqlkKJWb6iDIS_Wl4AaABAg
great,UgxsHzYNaNfoqbf4flR4AaABAg
great,UgxVB7ufcgbwDomG35V4AaABAg
great,UgyDG9Kpz_xxqOdfk1Z4AaABAg
great,UgyFqQAGjpiFBvq_ivl4AaABAg
great,UgxoDRWf5Uh7mTF7rwJ4AaABAg
great,UgzBWAUyFQL8ElDw1QB4AaABAg.AHhbFzcTNErAHiDS0d-_Je
great,Ugza4_5fjAj_E8xtY3Z4AaABAg
great,Ugx3KtF0o9yfD_qEnvJ4AaABAg
great,Ugx7Pc5hlQY0rKyDDRt4AaABAg
great,Ugyzv-us1gkKDIDtv1p4AaABAg
great,Ugy4zXqSs-9Sx3Gi6Fh4AaABAg
great,UgwwKIT8JMF26sTfFVV4AaABAg
great,UgyADPWO7DP-ef9kvaR4AaABAg
great,UgxQ7vcqrrlP1trITcN4AaABAg
great,Ugxe-Zo6qg7sXACtYkt4AaABAg
great,UgwWcixtZ_YPZc6w_rB4AaABAg
great,UgzHadYuBBTBvjJvr0d4AaABAg.AHhKd9PE6MmAHhRwnw8EM3
great,UgwafFoTDjlI81m3bBB4AaABAg
great,UgwyrmJUKWJVf8PYUqB4AaABAg
great,UgyiWe1MLDVnXfTZ-Xp4AaABAg
great,UgypXXIIRVoHBQiFNtl4AaABAg.AHhGrvo3uliAHhPjdEDzGw
great,UgxUomJcHoIFHAC9EZ54AaABAg
great,UgxX4bwmiyPmPnoTNOp4AaABAg
great,Ugym4R8YAFmTvB5fWIJ4AaABAg
great,UgwQAiwxkGwNkJqU_e14AaABAg
great,UgxDVb7t27NO996bmIV4AaABAg
great,UgwuBOt4tWt-i0PPoTN4AaABAg
great,UgyO1bil8aHuXCOCUoJ4AaABAg
great,UgwDAoR04ZtAg_MQTwx4AaABAg
great,UgzcfzyNX1k7eoBrR7d4AaABAg
great,UgzoDf4YvPfwL6PRbId4AaABAg
great,UgxRKnkYtLB4O542ec54AaABAg
great,UgydJha2BDi584nQg_p4AaABAg
great,UgxaU78m2HVvxceRQjt4AaABAg
great,Ugxxh2xjPV9RmIy242p4AaABAg
great,UgxvtGm0IAmtIOKW6Zt4AaABAg
great,UgzAif5hCfbSa7AxJm54AaABAg
great,UgxrIkBP_C1JNRfr5Jx4AaABAg
great,UgzR2mGUN0MyeTPZSXx4AaABAg
great,Ugy3sRNXm_zKd52foTR4AaABAg
great,Ugx7ZGxdwiKKOTdK1iR4AaABAg
great,UgyfDc6NSMjrq9ynR7N4AaABAg
great,UgyzD9p1jLEFhkZeML14AaABAg
great,UgyKsuur92Pw8nIHNKd4AaABAg
great,Ugx7WZIayLH7v14tDOl4AaABAg
great,UgxCE19KhEgHh1gZSmZ4AaABAg
great,Ugzf2ZqWDFhZwTcdGwh4AaABAg
great,UgzjkTXL0mQdAa2NDHV4AaABAg
great,UgxPhXuz05xeRGC8krl4AaABAg
great,UgzsT27CUCaMe4Nxx5Z4AaABAg
great,UgxmGyPQXgtfxpMHdvB4AaABAg
great,UgyekwRXJI5lngBhjD14AaABAg
great,UgwTd3ldWAYpotWEntB4AaABAg
great,Ugy0BhZofj3kp5HilQh4AaABAg
great,Ugx5ejNJCP2J4MTM7GJ4AaABAg
great,UgzewroybgHHYO_ZuT54AaABAg
great,Ugw8BUE9YrzAtfpGR1J4AaABAg
great,UgwJ0sqN0eZNwNC2kj54AaABAg
great,UgzNkUm4Kq-aoRsd_-l4AaABAg
great,UgzxSEfobEpZsi93r394AaABAg
great,UgwMOAmK5YqOA5xeDtJ4AaABAg
great,Ugy9y_xk45JtAunpTVp4AaABAg
great,UgwUhci47QTb3Dz1MjR4AaABAg
great,Ugy7vOeBB7LScuO05RR4AaABAg
great,UgwK4jkms0pTKxr9gst4AaABAg
great,UgwUduLAe8vO3B_voiN4AaABAg
great,UgyVY8eL0CSVBoWFw0J4AaABAg
great,Ugy4N0WE5rhgH_RL8BR4AaABAg
great,UgzGaUtPddxZcZBy7ud4AaABAg
great,UgzTFQprVup7eIzWwtx4AaABAg
great,UgxFDvvQwTi5kH4_tqt4AaABAg
great,UgzUPUy0AaVK298bfPl4AaABAg
great,Ugz7sDWOVUtjtXCdLaN4AaABAg
great,Ugx5EvJL65Ns9Bh6R6t4AaABAg
great,UgxiBomXIobkdjA_6wV4AaABAg
great,UgyV0fb4UdaQHm7KmHV4AaABAg
great,UgxT938OtPgZh5DJ1Ud4AaABAg
great,UgwXXTQUs5dS9l0W4qx4AaABAg.AHYqjWVjdVZAHb33EydJqg
great,UgxWyzi_rGmnzrcDMhV4AaABAg
great,UgyA8K25kJMsweQKU1x4AaABAg
great,Ugx6i2EHYMNl13mcZ2N4AaABAg
great,UgwRspi9STcarm92SMZ4AaABAg
great,UgzsVb_tWwagkz8QhSV4AaABAg
great,Ugz8xZOdEXsU8faFmAp4AaABAg
great,Ugy7eFvCPXofKcCvwvJ4AaABAg
great,UgzrxBuaD3MyBvOTnoF4AaABAg
great,UgyXAPnPborxwPhUtUp4AaABAg
great,UgwxALc9dg28DEamLWd4AaABAg
great,UgyYMBlCQkDlA_a_yX94AaABAg
great,Ugxht5qSWOjNDr3pbH94AaABAg
great,UgwhCrPJNwTnJ-vAKo94AaABAg
great,Ugx7MaDvE13P5YHyG514AaABAg
great,UgwMXg0vy7eAkFmQNQh4AaABAg
great,UgyIjFUdETveDVsbot94AaABAg
great,UgyIjFUdETveDVsbot94AaABAg.AHYGdtZR7dpAHYGtFanrAm
great,UgyujbYyicqNWb66Ex14AaABAg
great,Ugy8kDx7q3K9rpcY-d94AaABAg
great,UgyRfBXZ7khuCxN5jDt4AaABAg
great,UgwaA_HwriGgWbwBb_h4AaABAg
great,UgywnvkkIEKwM3ckqgt4AaABAg
great,Ugwoek5ntghMJIcu6zJ4AaABAg
great,Ugz0ncDvAjV6xZss1hR4AaABAg
great,Ugyp_3jMh55Mg0bf3kB4AaABAg.AHYEpSruJrlAH_AuRGFq2x
great,Ugzx8gBlMhke-KtkqMB4AaABAg
great,UgzeJqW8eI2HyktVEO14AaABAg
great,UgzNTE6X1Rijp0dYRgR4AaABAg
great,UgzkSkfIwNP11wurDe94AaABAg
great,UgzgLG2F9E08DjUPuKt4AaABAg
great,UgysaSkxokbkcVhHXUp4AaABAg
great,UgzPeCVERZCX_muQzQF4AaABAg
great,Ugx-YRXYlCTLf70QKV14AaABAg
great,UgyNKykyfwy-6xEJKk14AaABAg
great,Ugw9eSSa-EL5QtI-B4N4AaABAg
great,UgzeKZoDGjMnFGorkE94AaABAg
great,UgxkAe_IMZoz_1C7K7h4AaABAg
great,Ugxu7wijv4dXrciPuYF4AaABAg
great,UgyeOvt5f6CWSi_zYXx4AaABAg
great,UgxWfKuo19JDrg82Grx4AaABAg
great,Ugx_i1JmfdxB0TPZqXF4AaABAg
great,UgzQb_WI3_QbzHiSUJR4AaABAg
great,UgxK4EJvYdaLrn-u64l4AaABAg
great,Ugyu7pHZD432x2cXQg54AaABAg
great,UgwPYCU7t_rAnWBiJfl4AaABAg
great,UgwuBOEgrV6T5zSMTBJ4AaABAg
great,UgxPM8a7pF-vrerTGtF4AaABAg
great,UgxEKfEwb46TlavlSAp4AaABAg
great,UgxCw0YXKPodJpMNVEJ4AaABAg
great,UgzluEWOadaRWZAdInR4AaABAg
great,UgykytooruJKcPtnKXZ4AaABAg
great,Ugx7APGNr6YlurbQLfp4AaABAg
great,UgxZ14AZhgyr0I_mt0x4AaABAg
great,UgxI9EKb0EG9YG_INtF4AaABAg
great,UgyUb17ttpu67o7tstt4AaABAg
great,UgymYigVNw7kaLZXfdp4AaABAg
great,Ugx_nuCuyWANXk_E1vt4AaABAg
great,UgwJ3eluEWqkvY0ykxV4AaABAg
great,UgyGDBGLX7o84w5hMqp4AaABAg
great,UgxiZB9x_Z-sczG7z014AaABAg
great,UgyIDo9px3jhjfKIYdp4AaABAg
great,UgzaoOjnw72OmOJhpqJ4AaABAg.ANQdrjiivHtANSxkLQ4e88
great,UgworQzH7AAwWnArn2h4AaABAg
great,Ugz1NwRsoFcrMw_noMR4AaABAg
great,Ugzr-UpN5n5xeLhBqKN4AaABAg
great,UgziAfkPvJl4yVwneJZ4AaABAg
great,Ugyv_GdGBxdzvJXvzKx4AaABAg
great,UgzAppactJGlEwjP2z94AaABAg
great,UgxcW91JICcn7z6rBzV4AaABAg
great,UgwVtkPmpqIVczpIXax4AaABAg
great,Ugzb7m3aEV2rIkqcXFd4AaABAg
great,UgwrEH-myU6yxFAt0qh4AaABAg
great,UgznGy5ita94AUNhGE54AaABAg
great,UgyntPU1vvWK6nPk5Dp4AaABAg
great,Ugz-_coCj45rGM06b8R4AaABAg
great,UgyU1F453ZRJ0VjEmFx4AaABAg
great,Ugxi4-5ajnCNTTtZDfN4AaABAg
great,UgwhFT4i5L9LHqpmIxR4AaABAg
great,Ugx3XgAq79pnpvBOIkJ4AaABAg
great,UgweLRtahbNWXWyjxQR4AaABAg.ANOUcnEowNcANVYrHeJywN
great,UgyIRq4enzdysETx_UN4AaABAg
great,Ugzcg9kVDQSG-QXClOl4AaABAg
great,UgzoxqASYGTGLkklR6h4AaABAg
great,UgyiYjKjjXfZFAGAVe94AaABAg
great,Ugyz8nCYbJjk9Ej25J94AaABAg
great,UgwJlZlKYL3V0WQYqR14AaABAg
great,UgxQacA4c_ehy-FaJMJ4AaABAg
great,UgxGTVWFWwOVtNACrQN4AaABAg
great,UgyeBnKU4Emwx4I4gzl4AaABAg
great,UgykkXbs2Lye0e3gSdt4AaABAg
great,UgyCsrFrYXAkC0Iszzp4AaABAg
great,Ugyk32LQdjHPYfWkTLl4AaABAg
great,UgxKhhWjOOdevxrFCah4AaABAg
great,UgzqaMw-ZfIiTvXY--R4AaABAg
great,UgxH89-h-F3_eF8TMTd4AaABAg
great,UgxPLAVXRta7QqbcuBt4AaABAg
great,UgxP7ZAL31uZHN9NeI14AaABAg
great,UgxsK3EH2iArvKldVZF4AaABAg.ANNlpfT6h8nANNoDC0TAug
great,Ugx0lsb3K3qD6PXVv814AaABAg
great,Ugzl3HeAMZcDTJfRrGJ4AaABAg
great,UgyD_HAif32GF5X1x514AaABAg
great,UgxOHHr-aCOVAYgjoJN4AaABAg
great,UgwReq175v7zs5bzLkJ4AaABAg
great,Ugx1hQK7ZnJwjq7s8lR4AaABAg
great,Ugz9_Et9w5AyjVYlKdR4AaABAg.ANNM7_dutb9ANNMgubCGlk
great,Ugz2563CRIVM-j6z31h4AaABAg
great,UgxJ6GeCklMElg1Z3fB4AaABAg
great,Ugyqomiiewy2gFW8Gwl4AaABAg
great,UgyScw3q-PfGBGOwusF4AaABAg
great,Ugz00-ed5CYjTUnihaR4AaABAg
great,UgwE2RM9bEVn8PREY5p4AaABAg
great,UgwNHAze1k8cjvupjZF4AaABAg
great,UgwL-eTlBSERp5-vsoB4AaABAg
great,UgzM63XbKVKfqV4fDTR4AaABAg
great,UgwugXc8HtuByJtXfBp4AaABAg
great,UgxkNG1g7dHwDf_zZh14AaABAg
great,UgzFNKTzP1iY9iveeaN4AaABAg
great,Ugw0x5nrgiV11ipE8y94AaABAg
great,UgzgGLXOiI0krh5M1ZB4AaABAg
great,Ugy9vzjU8lKC7bVQNOR4AaABAg
great,UgxheEeCN4_0aQuWqON4AaABAg
great,UgyjgDzDpwlMzlFtYW54AaABAg
great,UgwwMgfM4buhn7D7qrd4AaABAg
great,UgzVYy8skGlgz_a0JpR4AaABAg
great,UgxAJecTb4OJmLtmdgh4AaABAg
great,UgyWV1mzv6bBeoWpb454AaABAg
great,UgzYexvVFpeYBZ1CWd54AaABAg
great,Ugz7dYYQK8yvYb-AHUV4AaABAg
great,Ugzhhg4PspDY5xZE3tZ4AaABAg
great,UgyvDog6pTyTpftCrTh4AaABAg
great,UgxefzzEubjJQJbTkvV4AaABAg
great,Ugz7a68WI7F4DH7QR_t4AaABAg
great,UgxKvB6_NqnJtDAnLSF4AaABAg
great,UgzuDQseRWUBUSoYmFV4AaABAg
great,Ugx-NK9UA7oNXlkI_v94AaABAg
great,UgzZVL11ImsuhE-d8Ph4AaABAg
great,Ugz_RouJK91o7Vtq2Gp4AaABAg
great,UgwC1-Np7O7LN9mYpSt4AaABAg
great,UgwBEmWIPvoq7Zgtjf14AaABAg
great,UgyaTPC00DBaZZeSEGV4AaABAg.ANLqq4nQNVNANLrabNfNnz
great,UgxhaL0-wnYFl1Wax294AaABAg.ANLqe4qgQHSANLrpuljEU8
great,UgydrG5Fp7BoPsxWjQF4AaABAg
great,UgxqAMgy6ZrLQC09PMl4AaABAg
great,UgzZKVitbLoqku_CrN94AaABAg
great,UgzEZO4oWvfILV8m2ih4AaABAg
great,UgxA_0hB-mnOqY2jwCh4AaABAg
great,Ugx8MH4IqUka0NkcDwp4AaABAg
great,UgywrDcWA3o6Gj8FVqB4AaABAg
great,Ugw5gz2zRVjeT3goRoR4AaABAg.ANLgC-NUcryANNgfEEOJuU
great,UgzBzQknsfQL5PC8nv94AaABAg
great,UgxKHCIh1esTH9qMBft4AaABAg
great,Ugy6rwC6LA24l8DYBwh4AaABAg.ANLeUS_hOawANM8YTBlxIf
great,UgwrkvGL9k445OWSESR4AaABAg
great,UgykvqiEdlmEYf8pmW14AaABAg
great,UgzvA-6j8MRf4T9AjQt4AaABAg
great,Ugz-Ae-F_7TjLhNjts54AaABAg
great,UgwlVPzyYEp72kP7k7R4AaABAg
great,UgzkSB7s_-DR62tOP1J4AaABAg
great,UgyP-BB-2DFller0MMx4AaABAg
great,Ugxq3jv9QW13ZHYhneR4AaABAg
great,UgwEMI0pw3o1GRso5oB4AaABAg
great,UgzQLBywr54a_WmEfSV4AaABAg
great,UgwX-LRO72WKsvMj3NB4AaABAg.ANLVnkJmVlpANLzL0rI-Mq
great,UgxRbhSL9YuXGxxoJVt4AaABAg
great,UgwtBuu3zU54TLzJ8ux4AaABAg
great,Ugy_3nai-f2g5j0_0w94AaABAg
great,UgyQbKIm41Us-kIWvl94AaABAg
great,Ugxxqdy5NOzJvmpSm4h4AaABAg
great,Ugw0Y0T_8gBf5af7TNB4AaABAg
great,UgwrfmTYjGMSXy5KtX14AaABAg
great,UgxbhKcVK2DjzGgBpeV4AaABAg
great,Ugyoqb-4jgmj0TkiBuB4AaABAg
great,UgweGw1Y5yDHHFnQ5UJ4AaABAg
great,UgyWKt1U-zzoxBCXjbt4AaABAg
great,UgyLWjOUdPqzIlcCiCp4AaABAg
great,Ugyjc181McvoMaA7PoB4AaABAg
great,Ugx6scTgC7LfNKBJe-V4AaABAg
great,UgzasVjYfs5RoCveqn54AaABAg
great,UgxAvX4KJYavzQKSxy54AaABAg
great,UgzzJ1kaGYVk_zYdBgR4AaABAg
great,UgzSAcZyWVx4F6zWr1R4AaABAg
great,Ugx0P2T9Qew4flkKK5d4AaABAg
great,UgzNnUZW0et2-AVH2Zl4AaABAg
great,Ugyihfr9-xjypwMcTZl4AaABAg
great,UgwfKS7RmCEmqMR63T54AaABAg
great,Ugx32KncizjY7cNCDX54AaABAg
great,UgyA2HOWD7R4pQacFzt4AaABAg.ANLErtV1LFeANLLzGIRciJ
great,UgxAtS1PRKmIvcTQu-14AaABAg
great,UgwXZcCcD7mL_UCcEih4AaABAg
great,UgzAsLCk41_foWd8Rm94AaABAg
great,UgxOe4yIGBKKHEKI0rp4AaABAg
great,UgyYWIXXnnFwqD5FYeR4AaABAg
great,Ugz9FbsjLxxtCtyJlpl4AaABAg
great,Ugz9FbsjLxxtCtyJlpl4AaABAg.ANL9uLYbpRLANLB1KsI8p4
great,Ugz3rqzXsHKYZxOap7N4AaABAg
great,UgzaggB5DqrU1p2p2614AaABAg
great,Ugxqz6dbsKbPb6C-6ad4AaABAg
great,Ugw6RFtuNWWtJwKDbCF4AaABAg
great,UgyhHDp58oq4ZS_GEkJ4AaABAg
great,Ugzz6NhAXWO0CynVHaB4AaABAg
great,UgxIK15LEEhMOWoGprN4AaABAg
great,UgxC0WeMmeIspJJiaXd4AaABAg
great,UgxJocsRWZPcWHyhSGB4AaABAg
great,UgzHCplLJX93o3HNWo54AaABAg
great,UgzWL9qAI-qKI7mCvRp4AaABAg
great,UgwE8vxN8A2aqLi5GW54AaABAg
great,UgwwYIFI9d0UWGK3cMh4AaABAg
great,Ugz51LlHiS-RhY4OapF4AaABAg
great,UgwFIP-OCK1yO96w2OB4AaABAg
great,Ugyel132kX2HkbzsNWp4AaABAg
great,UgyHTGEUZtxuocsS8St4AaABAg
great,UgxTEb79FtlYZMhEy0N4AaABAg
great,UgzQTguRnxwaacgP3zp4AaABAg
great,UgyWQiTiJjGJgcecF6d4AaABAg
great,UgwYYu0scIWwI8turf54AaABAg
great,Ugz9utJZckjKcIKJiFB4AaABAg
great,UgyOV8EVC4OHHAbvke94AaABAg
great,UgwnIc8iHeZN5VXbxnZ4AaABAg
great,Ugx4EQMjbmOetT16COR4AaABAg
great,UgzbzxAW43kft1d97CZ4AaABAg
great,Ugy4dprWAAiqkjPxrtN4AaABAg
great,UgzgJnIMegDQA69T3bx4AaABAg
great,UgwO7V5dQx1wpxzQT-V4AaABAg
great,Ugwpc_DsfffmykvYWZ14AaABAg
great,UgwCMZqpuq6QvwNZMPh4AaABAg
great,Ugy0FK1pnkWoMUE0-aF4AaABAg
great,Ugxp5WhizvJjo2Inh894AaABAg
great,UgzPmSkftM23gc9fx4x4AaABAg
great,UgzHMBLVKSkq16CnYXR4AaABAg
great,UgxMmabapUsGosNRn1Z4AaABAg
great,UgyHU9vMScAwlF_rG2l4AaABAg
great,UgzswGMvycZ0zaN5uqd4AaABAg
great,UgzhmyT1AgvSA7RjO9J4AaABAg
great,Ugym0maNEoqqCQIEhr54AaABAg
great,UgzmuZT_O25zd_bnCOF4AaABAg
great,UgyyAV_NYFkltsHaIyp4AaABAg
great,Ugznetd_xz7z5PGk4X14AaABAg
great,UgwR0z4b1VntpsFQgcR4AaABAg
great,UgxRRcQxG-R1OKoqO9N4AaABAg
great,UgxIID1QCPH8WCXieB94AaABAg
great,UgzRZj5ubowpi_6n15F4AaABAg
great,UgwCjhAH_nZutuvxhGR4AaABAg
great,Ugx297xa3wQvn8uCQv14AaABAg
great,UgzNea2u_69h3lKhsU14AaABAg
great,Ugxf18m6Tix9t75zg8V4AaABAg
great,UgySCItBQviBTAlV8Jl4AaABAg.AN4s_VSdppuAN84iHI5SQZ
great,UgzapP8RjDZeOocxDhB4AaABAg
great,UgzYCwiU9n76KakrhNZ4AaABAg
great,Ugx4ZvmkGBMdFzmhc1B4AaABAg
great,Ugwruswhl4S9lvIpBpl4AaABAg
great,UgwWMs5pqXZNHTNTOVB4AaABAg
great,UgxQxASqhWPlgwKm_VN4AaABAg
great,UgwqJ1l50BZsGoy2yf14AaABAg
great,UgyvAu0ObJvLlsBKR_J4AaABAg
great,UgwjOsLJ9TsDKTmJFMF4AaABAg
great,Ugwe5qBB3I1h9m0gF_14AaABAg
great,UgzRBAIStstK9pqbhDd4AaABAg
great,UgzxiaygW8LejqziZqN4AaABAg
great,UgxDsz6zMteXBAc7JxN4AaABAg
great,UgyA35BEgM1-a2lu28l4AaABAg
great,UgzG47VTai1xHQfYtAV4AaABAg
great,Ugx4T0wvsItfxkXuGTt4AaABAg
great,UgwGs028nRCqQyd4w994AaABAg
great,Ugzg8glRV1Mn_IhhiIt4AaABAg
great,UgxlasROfE43qoBinbp4AaABAg
great,Ugx47xi9ZJcXv-NZevd4AaABAg
great,UgwbTo9cjVKDHR5Doo14AaABAg
great,UgwnRassUOQgIUxfFaR4AaABAg
great,UgzWdoGP2VSpFAgm_Zh4AaABAg
great,Ugz-dmuFWFnPCXn23TN4AaABAg
great,UgymPnWtz0waoUdAHSx4AaABAg
great,UgwCLuqSQCoS61vCSGR4AaABAg
great,UgwIilsROYTSPKv5Xjl4AaABAg
great,UgzzjRx3D2OJOvpULkd4AaABAg
great,UgwKfu8jBjzYmiB5qYZ4AaABAg
great,UgySQF1cXYEhXcXkrKx4AaABAg
great,UgwpZQin7fw3E6s3Oct4AaABAg
great,UgyNh-oY_3a_asgReHt4AaABAg
great,UgxGmeRZGCGr8PAl-K54AaABAg
great,UgxkAgwBXVfbLbBEQ154AaABAg
great,Ugy7YW-vY-pUZ4_fQqp4AaABAg
great,UgzHdC_ie6nV4NRD1Dd4AaABAg
great,UgxI0S3hGgT-vQ8IJTB4AaABAg
great,Ugy-FI5umXJ-YJT7MQN4AaABAg
great,UgxLhyOQamQ47LSYxql4AaABAg
great,Ugw80lX2xMNst75GQ2p4AaABAg
great,UgyfK-iry2_gq5WjKLl4AaABAg
great,UgxMFy6NAuIg-NZFhMh4AaABAg
great,Ugy2_Wwz_SgGdgJljlp4AaABAg
great,UgzZs8j6b-YSxsbTyFR4AaABAg
great,Ugy8rwkByUNEvZRMir94AaABAg
great,Ugy5k7cm_M3A7f-kLLx4AaABAg
great,UgwxY2mPqrq1OwExVWN4AaABAg
great,UgxiPwaTK5Z1QxR8SwJ4AaABAg
great,Ugz1aUMlXMIq38Ykytd4AaABAg
great,UgyERbaSlIlJXkiiJUl4AaABAg
great,UgxpclzwejHyrOojTWl4AaABAg
great,UgxGJ2rgpUbH4dBlNqh4AaABAg
great,UgxwthEVjF40g3aZO2J4AaABAg
great,UgzCET-fAA-kDQKKBFJ4AaABAg
great,UgzCET-fAA-kDQKKBFJ4AaABAg.AMz3uuJpdyeAMzcl9IJCTM
great,UgwZLvzXLaKB0y0OJtx4AaABAg
great,UgzrXFYb6UaHABvWUvd4AaABAg
great,Ugxt_27M_Uh8LX37P6Z4AaABAg
great,UgzGH3Ke-CHbhzxJSzd4AaABAg
great,UgypsZnZfARHJD_gY4Z4AaABAg
great,UgzZC7iXQpGEB_Yv1eF4AaABAg
great,Ugy4sq3yC4GIam8UpRh4AaABAg
great,UgxVRDpwwTdQbE_sfXZ4AaABAg
great,UgyhPunYv9htWYzivBp4AaABAg
great,UgxClkT_jdU-JV_Dwe94AaABAg
great,Ugw4bM3OrOXEJpCxTsJ4AaABAg
great,UgyS8ZK-i-c9fqeO3Tx4AaABAg
great,UgxicvsmT4YLdIdgsDl4AaABAg
great,UgynK0AA7o2QG-lCDbt4AaABAg
great,UgzvixdqpwU-Zg7zQ9t4AaABAg
great,UgxN3w3RGD7XmPezdFJ4AaABAg
great,UgzLC-kMfoBpZ9fbzuR4AaABAg
great,UgzYsjBElKyCTACxDNR4AaABAg
great,Ugz6kBzS1wgtJ0LzW3F4AaABAg
great,UgwE95xhSwAqgfnVf0R4AaABAg
great,Ugw1OnR0TrrU6GhK86x4AaABAg
great,UgwPgPgIT0KRTkIJU9d4AaABAg
great,UgyHf_duXX3D6pOiJCh4AaABAg
great,UgwU1mFp4fq2M5t2F0F4AaABAg
great,UgzAe2g1Auf98U7gRoV4AaABAg
great,Ugzr42jx62LAGdHVc1h4AaABAg
great,UgyTv9-4LLvrqFa7wVt4AaABAg
great,UgzFjQGEYACHXPRGf-14AaABAg
great,UgyszQjjnlVuzBzWzN94AaABAg
great,UgylnbJKrtnb77muEz94AaABAg
great,UgzG13pDp2iacObBAx14AaABAg
great,Ugz_32jF9GmQ3qvPfW94AaABAg
great,UgyImwTlkdY86RuQBj14AaABAg
great,UgxW1LEnuwEAIoL_mzp4AaABAg
great,UgwC0s3plFj2N31SubJ4AaABAg
great,UgzfDFZMrPalmpw88R14AaABAg
great,UgxzXWueaPkPgbDSuHN4AaABAg
great,Ugwc36sak44DQXScaXx4AaABAg
great,Ugwp2SDlBXtXIhOPkO14AaABAg
great,UgxZLYTWjxau1xHAHhd4AaABAg
great,UgzfVF61_7NSzBBe0mF4AaABAg
great,Ugyf3KCLEpfFdzHgaPp4AaABAg
great,UgyIrEjt0-riIvilLrx4AaABAg
great,UgxS9VY3F_2LBA-R7UJ4AaABAg
great,UgwZOAwn_v6lymkeq3B4AaABAg
great,Ugzil1DNtjkTazB0bTN4AaABAg
great,UgyZMMCq3c0fssb7QUR4AaABAg
great,UgyZMMCq3c0fssb7QUR4AaABAg.AMwq7ZiRbQCAMx6vrorAum
great,UgzhXoZ7Lfm6XodVjGF4AaABAg
great,UgyUAl0GRIQXAbHYFMp4AaABAg
great,UgygtQq2hV-NiCOtMnF4AaABAg
great,Ugxq2qsw4EFdZgjfeIB4AaABAg
great,UgyesKVRCzl78Q7zhh94AaABAg
great,UgyxwjYeU9TgEJsANph4AaABAg
great,UgzoFO6S7lBVUFB6Hzp4AaABAg
great,UgwDpoWhkof_bzBQ2lx4AaABAg
great,UgyRZkql4lFPtcFDX1Z4AaABAg
great,UgwwcT0ByYaxcyDAqYd4AaABAg
great, consistently.… Guess what
great,UgypyKRaH2UyNc5RP814AaABAg
great,Ugx2r9fzfow878Dzdm54AaABAg
great,UgzLFRfwR2p_g7-Ft9F4AaABAg
great,UgwU0w63ALunTd4ir3B4AaABAg
great,Ugw6uAknxJxffPQEtjl4AaABAg
great,UgxCI2ZCXnBfVBYxMkt4AaABAg
great,UgwRXPDoOBsH1ksARXN4AaABAg
great,UgwNLvdiPgSVm4OHaPB4AaABAg
great,Ugzfx1-SZRorF8-JSa54AaABAg
great,Ugy1Khd7UAoeRdtSUvp4AaABAg.AMwWbPf74ohAMwecRKPTHG
great,UgyceDMK5dqaHfdgWJR4AaABAg.AMwVbcux3JGAMwnOIEz1tO
great,UgxXw7D2K-J3V51ucqV4AaABAg
great,UgxSpgqN3sGoPYaxvXJ4AaABAg
great,Ugx36Ehu9sVME3gXP0V4AaABAg
great,UgyINGDUn8CcIV7SJYh4AaABAg
great,Ugwd021K4P5dcgJQUK14AaABAg
great,UgweJQxAkNCYVhmj2cF4AaABAg
great,UgxW9xTMqDOcwyIKfbN4AaABAg
great,UgxamU0pPTTzWaq-r7Z4AaABAg
great,UgwFkb71LSWvGMnrT3Z4AaABAg
great,UgyeFOKsZj2d--EzS0t4AaABAg.AMwJ3ib3W9FAMwS1QUkfwB
great,UgzxBYgidRT88e5O0RR4AaABAg
great,Ugwd_Ea4bGwKml6yJrp4AaABAg
great,UgzMD0q8P-dKLAUuq4R4AaABAg
great,Ugzbltf0MKOitVU-V_14AaABAg
great,UgxPzymXoCJxAJK0VSR4AaABAg
great,Ugws99JBBkwiLsAu17J4AaABAg
great,UgznuKDHVYGorHTnvrV4AaABAg
great,UgxxRKFHKrGw7WYI2_J4AaABAg
great,UgyOra4IKQ3ldO8XrmN4AaABAg
great,UgwJY69yQG-hIQQMsl54AaABAg
great,UgxeebiyqGj2szpkbGx4AaABAg
great,UgwH5jz9uyeIpZLZ2NB4AaABAg
great,UgyPGO3ytQpgRDiztHh4AaABAg
great,UgwvdYcjr6Z3SHKVBnl4AaABAg
great,UgzMe-kWAEUqUlJjnrt4AaABAg
great,UgwknSdgc4LXJlXOfwV4AaABAg
great,UgzUnwyH0pvlIl8bSSF4AaABAg
great,Ugwc0hauR-PKcJUmyft4AaABAg
great,UgxX4RGkwsHomjY84UF4AaABAg
great,Ugz3L0Y_rXYn4A8cS9J4AaABAg
great,UgxWn92pspYyJJjwrcF4AaABAg
great,UgzBXZ2JZSXlaEJpaRh4AaABAg
great,Ugwog0S5zW9boAN9ilR4AaABAg
great,UgxmAkYIReBngTBDFpl4AaABAg
great,UgxEVSTEcHFDC8E_SJx4AaABAg
great,UgyjPWE_l6k055nxAkR4AaABAg
great,Ugx5lEuEznY8J0tBAdJ4AaABAg
great,UgzldGiIHxO690JFx6d4AaABAg
great,Ugx9CuiP0MgmNqph8Fx4AaABAg
great,UgxFjMxDxV8P5f16AiV4AaABAg
great,Ugyh9akYn-v4Fksdw_Z4AaABAg
great,Ugz8AB53LVU4iCdcemd4AaABAg
great,UgyZ3U9DUoZ46X7ebRh4AaABAg
great,UgyXV9bwD-Gc-Zx7e2h4AaABAg
great,Ugw9Li2U8o9WBmpdST54AaABAg
great,Ugzin0lHjc_geHGStht4AaABAg
great,Ugxh5VcQIpsAWU7PdPd4AaABAg
great,UgynKXkQQ0UNwBic82d4AaABAg
great,UgxoHf3Swt2JsL0rh8l4AaABAg.AN5V88zriI1AN5ZhwJEyX3
great,UgxJ7p9w8Wm8bPsQc7J4AaABAg
great,Ugx2uHeOVeRW-8U2R7Z4AaABAg
great,UgzvC5NnG2rFp59oFFJ4AaABAg
great,UgzbQZQbaPigG5jQYSh4AaABAg
great,Ugx_baCzRxovORCcoYx4AaABAg
great,Ugx-vmVYYolT8rRp2x94AaABAg
great,UgyB5DuavP8pAAdoxt14AaABAg
great,Ugwb87IrTCA9laFZs1F4AaABAg
great,Ugyl73hqPVSwlbaNSA14AaABAg
great,Ugyldf2zud_TKBNn-Rh4AaABAg
great,UgwLcVCUxFyFzmUjRa14AaABAg
great,UgzY6mu7Uy7FWxnkPMF4AaABAg
great,UgxtpOp55AbRDEQfyj94AaABAg
great,Ugym9P2ONcylCSAN1gl4AaABAg
great,UgzlL6LhL7lV3isHWcx4AaABAg
great,UgwX7ps3FvQnWR7iC154AaABAg
great,UgxzHD_ceVIV-K2XAkt4AaABAg
great,Ugz5oJ2lYVGR1YRrsAt4AaABAg
great,UgwDDdDCbGK91bWrofl4AaABAg
great,UgwktUhB-QNEnNV--yN4AaABAg
great,UgwQhvEtsQq3jf7R_K94AaABAg
great,UgziN11bBzPaS11ps294AaABAg
great,UgyYgx2VI7phKO1ChOl4AaABAg
great,UgydtPnckLLOUlDQ6514AaABAg
great,UgyUczIohSUqnsGlZex4AaABAg
great,Ugy6n2cnRkwHbOp-IB54AaABAg
great,UgwSlV95ZTnRMVKBW8t4AaABAg
great,UgwSlV95ZTnRMVKBW8t4AaABAg.AMuO42Ww8VnAMwNG7XSSXv
great,UgxjiAMtXoRVOXf9ocR4AaABAg
great,UgwN8E8vfjrEkRts1xJ4AaABAg
great,UgxAA5t2PDufB5DL4TN4AaABAg
great,UgwDfZ2JyuljEukl04R4AaABAg
great,UgxlZ49m5Sbob6RQHYJ4AaABAg
great,UgzF3A7IZF0aOf5ugBx4AaABAg
great,UgxIMHox5P1LrsWPs9R4AaABAg
great,Ugzf8nOgkaihEPr2E1d4AaABAg
great,UgxYYmlsyAPR2rQh6Bl4AaABAg
great,UgyevCUngeXGC9QxEjp4AaABAg
great,UgyMlWKQbThDnNb6q8F4AaABAg
great,UgwzTyDkaw4Xik0i68Z4AaABAg
great,Ugw8LtCSN8v8ejqNlBB4AaABAg
great,Ugwi3PoGMfkVBSRPdDh4AaABAg
great,UgyFt7D0MbCQ4lsFI5B4AaABAg
great,Ugyr2DbiE92KI1VGXed4AaABAg
great,UgzW4jSW_gt2NmLVM8F4AaABAg
great,UgzZjQ5h0OgE3w4llOB4AaABAg
great,UgyAfGOV9f0NYxIfss14AaABAg
great,UgyZxgJC43JbdAzo15F4AaABAg
great,UgzrcOr8_cg62pDKqg54AaABAg
great,Ugw-c2yIfCyh5F88XB94AaABAg
great,UgwAGuUdDltGRyiG4oZ4AaABAg
great,Ugxx3uIrBc1ZqkwSkQ14AaABAg
great,Ugyg5VUb9CwYIKiR8LB4AaABAg
great,UgzqrfDNWcEko0O_Cah4AaABAg
great,UgxUZVlrZRTvs7ryRbB4AaABAg
great,Ugz1cQ7pu2sVFOy2FVh4AaABAg
great,UgysGISXoPCNzeDUCSF4AaABAg
great,UgxQfpXZva8WRCSEcCR4AaABAg
great,UgyH0yL4Abeh692U-QB4AaABAg
great,Ugz2FwG6XgRqUMXt2bB4AaABAg
great,UgwOVEOfyA9PfejcuiV4AaABAg
great,UgwQfjYdlJPzBBG1W0p4AaABAg
great,UgwdlAufFPmql8_8L8F4AaABAg
great,Ugz5SwMXratD4lhYr094AaABAg
great,UgxOgrQTMBUJAAEHbIt4AaABAg
great,Ugx6dM_ux53xLu3ueKh4AaABAg.AMqb3EDAOOBAMqjVRpGcld
great,UgxFqaTakZYUmfRh_hR4AaABAg.AMqaeo_LbdPAMqjq06JFZl
great,UgyxAY45gpqOWbZcYG54AaABAg
great,UgwQGcEpTma_n-EfZT94AaABAg
great,Ugy4Za13vyhXsasNOlV4AaABAg
great,Ugy411u0SYYWbY-cKFR4AaABAg
great,UgwPWpMdno_9mhYH9nJ4AaABAg
great,UgyMC-0VBvBHDnJbm6N4AaABAg
great,UgwPU66a_OyAa4LWvKd4AaABAg
great,Ugzfqu_DOoI2vZrhbpp4AaABAg
great,UgypnjH8LyZJbS3B0ht4AaABAg
great,UgxpBLmLj6qtA8PEMj14AaABAg
great,UgwMGzyuWF37ICz5xuR4AaABAg
great,UgxmG-kbAfDSEKd5ua54AaABAg
great,UgzMH_mfoCoTmMacPkd4AaABAg
great,UgzLiePuawHmaRekvah4AaABAg
great,Ugxc8Ya-woQomdrC5ON4AaABAg
great,UgxZzSMBti1SToguK6h4AaABAg
great,Ugx75rzbFqLQD5VTl014AaABAg
great,Ugzsv1iQ7Ey_gCU48Hx4AaABAg
great,UgxMJK1M9gbdZFPKou54AaABAg
great,UgxgBvB7T7G9xxpsb-Z4AaABAg
great,Ugz73sR717sC96fL6Od4AaABAg
great,UgyKmaxdKwpWXg5CY514AaABAg
great,Ugy1CCqdby2gSoPjZbB4AaABAg
great,UgzbRUdy_btzzK7lv_B4AaABAg
great,UgzqRYWu9WWJ2XElxr14AaABAg
great,Ugzw2YEvcP-bGNknGdp4AaABAg
great,Ugy2GpUlPFgXkPeBR154AaABAg
great,UgzlHyqRqJnWxnaCTNx4AaABAg
great,Ugz00aGgN3mJnUt8x054AaABAg
great,UgwHITZAJjhXBLcBj3F4AaABAg
great,UgzcYYijhtwjmAP31qJ4AaABAg
great,Ugze1wFCAs9IZVapcZV4AaABAg
great,UgzWjHD15q1rbj4pTql4AaABAg
great,Ugy2dgJRn39aJhTR1s94AaABAg
great,Ugyr08mi9zwaxhEWV0V4AaABAg
great,Ugx8-wab4covG2FqGJJ4AaABAg
great,Ugy-mIDkKaH9eimZmsV4AaABAg
great,UgzHbdgnAmiLV5fjcEJ4AaABAg
great,UgwIfdhlmVShP8CIUGJ4AaABAg
great,Ugzbwn4ISDH_vqyAeVl4AaABAg
great,UgywZ2qyl-uzXaEnmMN4AaABAg
great,Ugyv6bUP50H7tSZkAdt4AaABAg.AMjsDdz6ZhyAMle7CUmpkv
great,UgxbCVieEDgR688o7PR4AaABAg
great,UgxbJwt7Z4jp5suA3kl4AaABAg
great,UgzR28K4Siw8kko-Qz54AaABAg.AMjZ7hznX1EAMjZXH95Xtm
great,UgwWI99e5YmYzOkCI9J4AaABAg
great,UgzLSHmSLQfEgL20iF94AaABAg
great,UgzlO5pPV1uHfJGaR4x4AaABAg.AMiwnyUWIKxAMmZHfCDqpB
great,UgyaZCUCIP_bU60kEkh4AaABAg
great,UgzkccoBgUbYz-GL8Y54AaABAg
great,Ugz-tkatHbTyBLoDCyl4AaABAg
great,UgwrR8ie0AqNaO6lNA54AaABAg
great,Ugx6Yf_rwh4iI_p3vwV4AaABAg
great,UgwxbDka75o_hFTBqd94AaABAg
great,UgzieUSz2gYussB9fE94AaABAg
great,Ugz7JruXIHWxJFiqUjR4AaABAg
great,Ugx9ps80NXNuIJBkKOJ4AaABAg
great,UgwyMdK-KEgUTQo_Dnd4AaABAg
great,UgxmPHSu0VVeIel8xDd4AaABAg
great,UgzeQPJMvNGU-uQ5VAZ4AaABAg
great,UgxsllcHDSJ7Tl5NE794AaABAg
great,UgxYBR4ehtHk2bq-wtd4AaABAg
great,UgxaeedTT_53khFjzg14AaABAg
great,UgwWsCLsCgbfhDBXMWZ4AaABAg
great,Ugwky8mGiqH4h7Ii40l4AaABAg
great,UgxkdR7sHta8yyniJ254AaABAg
great,UgxMz4_G9mfP1g7JVGF4AaABAg
great,UgxPoEKnsRcLHIU3UgF4AaABAg
great,UgyKuswP0fBofOcNr2t4AaABAg
great,UgzhgbY8QlUCEqLIbD54AaABAg
great,UgxEV_dqEewrfUI5hJh4AaABAg
great,UgyXI1dheBmyQAKvIcd4AaABAg
great,UgxKW-_0e5Py_YnZdbB4AaABAg
great,UgxMKvpgVW9-PRntbAR4AaABAg
great,UgzIaXvlkc3uNRgLOFB4AaABAg
great,UgxB5glhHsx6cACsBHR4AaABAg
great,Ugzk79j-Ty5gO9WDnH94AaABAg
great,Ugxo9PFaG5cxozya79V4AaABAg
great,UgwaYF_s3VX2hqBXdel4AaABAg
great,UgzxYWIZDsonnbX3bAl4AaABAg
great,UgxwcH6mAiVXI6bsHG94AaABAg
great,UgxDiuwjUkMKcz8P4RR4AaABAg
great,UgwtEuk5TgJfZEI-39B4AaABAg
great,UgyeP66ksaelZtO8Wjd4AaABAg
great,UgyxGSl-0OhdFMxevnx4AaABAg
great,Ugx98kThXAQt8Nd2cgd4AaABAg
great,UgyZDNtNtltsTT0Q3Dl4AaABAg
great,UgxicsT_vzSHx5ECjjZ4AaABAg
great,UgyR1oRphVNYoJ_tHCR4AaABAg
great,UgyuQsbMsSQabgAHfwl4AaABAg
great,UgzNyGh5RVRWvjQoe4l4AaABAg
great,UgypopE1bnuLkDSKe0d4AaABAg
great,UgzCpX4SoDRMwWcOOqR4AaABAg
great,UgxUzMAc6-43VXU-Z5p4AaABAg
great,UgwdKtmSR6J8uHymc114AaABAg
great,UgxMFP5NIb_ySMyqBsx4AaABAg
great,UgzXHV0q-RPFS0lFQIR4AaABAg
great,UgzDlPcnN83qkL2eh2h4AaABAg
great,Ugw9Jv7oaO5Kdw_StVp4AaABAg
great,UgzDkyODq4o10Fi-HmN4AaABAg
great,UgxI4YMAl3OQDnKUXCd4AaABAg
great,UgwQA_cu2S4lTmFkjs94AaABAg
great,UgyjkEQNH6WAIEqzU454AaABAg
great,Ugz1e6nIZdFCkD54BAB4AaABAg
great,UgypKH-4hf_4odrXZ654AaABAg
great,UgyjftnaZ4zCHNay0o54AaABAg
great,Ugw6BmIq1PmhA740oEV4AaABAg
great,UgxwOotkMHMjXTCFf314AaABAg
great,Ugz_I9LR1qyCdzwbIDp4AaABAg
great,UgxKpmVBstSgF27wXmh4AaABAg
great,UgypaEb-mCGz7YRnEoV4AaABAg
great,UgxjaDX-vIHdrmn3x654AaABAg
great,UgzFjFLqnMOlvRky_qt4AaABAg
great,Ugz2B9AOr0iOgJiQi9h4AaABAg
great,Ugy8gX8jochneUPfVzF4AaABAg
great,UgwuosdOdd4IyNDdm-J4AaABAg
great,UgyNxrNPb5VfEi4kpHV4AaABAg
great,Ugy-V3hnRJlSMBAF0jp4AaABAg
great,UgxiIYi-BKx6aMH94gF4AaABAg
great,Ugxo-rTd8aaeSIfB0Fx4AaABAg
great,UgxIUzvTq3AU8-uAgc14AaABAg
great,Ugy0pXWZYBzXgQy-qXF4AaABAg
great,UgyfFiorcZjeOapCezV4AaABAg
great,Ugz2b00otL6uZpuZQaN4AaABAg
great,UgyvcDd5MyjshZLvOE14AaABAg
great,Ugw3pAvFDk96mU119QV4AaABAg
great,UgxzchXsToKNYxKosq14AaABAg
great,UgwIYvfYVFgxhUyv4oR4AaABAg
great,Ugyww8spPEg3lgfQBep4AaABAg
great,Ugw9U15lKt3GOp6n4GV4AaABAg
great,Ugx31ye-156-cXj_WNx4AaABAg
great,UgwPJ5w2pND5oIhean54AaABAg
great,Ugwtb4RE6zKPcmcSw8x4AaABAg
great,Ugw06HACVJJRmxWPyEF4AaABAg
great,UgzP2twJpjkL2WnrxSp4AaABAg
great,UgyRMcaXg0tHx7Ip3j14AaABAg.AMdcOQpx6h_AMdgxhFkq-E
great,UgwoPX_21WCk2tuquA94AaABAg
great,UgxPI1X-HN5dHK_GQ_h4AaABAg
great,UgyhEDmrXYfhY2NAu454AaABAg
great,UgzuCPsmXSWcjr1udgR4AaABAg
great,Ugz4WR-BwHMMP3S2So94AaABAg
great,Ugz1kUeMUUO-gw3_iZ94AaABAg
great,Ugz6ll4mxXC-BTwWmrF4AaABAg
great,UgzZezfNsKZMrXKGBSB4AaABAg
great,UgxVDB090TYGSc_YP3p4AaABAg
great,UgxzCzYjJfxni1dz7lN4AaABAg
great,UgysAyWNGBgcKu5lv6t4AaABAg
great,Ugy91k8t7yk-lVQ3PTZ4AaABAg
great,UgyHsLP9QWB7WLACv5d4AaABAg
great,UgzRllyaILICXfWjzVt4AaABAg
great,UgzyWKZvZOTRuFoxcUF4AaABAg
great,UgxGL4EChNeguamZQQR4AaABAg
great,UgxbDumjTF2AZxdXD_Z4AaABAg
great,Ugzq_D_CqZ4AWjWZ_TR4AaABAg
great,UgxCqfGvZ2OqddYMjmd4AaABAg
great,UgyHTV1MZAMWq56p4aR4AaABAg
great,Ugxq0oyo7vHO0bFEMVB4AaABAg
great,Ugy-PFtL1cSdqMuGwf54AaABAg
great,Ugya9fcNRWUqP-WU3Fh4AaABAg
great,UgwV_8ccvYeZc60gk7N4AaABAg
great,Ugw2cvvioNaBCVdr2vJ4AaABAg
great,Ugx1Rn4uFgrLLSR4jw94AaABAg
great,UgzegauZ9zGhLFARhtV4AaABAg
great,UgxKXgKVZggB98AipWt4AaABAg
great,UgzuuV7VM33IrBHGsrh4AaABAg
great,Ugw0-UpU1RBZS--BxVt4AaABAg
great,UgzTuB5pX1Rp1EvcNop4AaABAg
great,UgwhUSemXvq4-zr9Mah4AaABAg
great,Ugz_GulY0xb9p8tnbYh4AaABAg
great,UgxZzAeBMBl9Pp6Q7fp4AaABAg
great,Ugz-evhX7tflq11NiC94AaABAg
great,UgwN6ah4wQVOdMOnz7B4AaABAg
great,UgxylyPnfZelJwNmgaV4AaABAg
great,UgxhZJ_6JjtQi4-VKtZ4AaABAg
great,UgyPeUTlOJg6Nl9sQWl4AaABAg
great,UgxwxhFzHEXp20aohHl4AaABAg
great,Ugx9OccYUJHRqBm_ucR4AaABAg
great,Ugy8hY1VbfGaW4Lp6hl4AaABAg
great,Ugy-ZCOkfpuByqkhw-N4AaABAg
great,UgwJUAGTYEn0vHWXx4V4AaABAg
great,UgxX9Nzr30PXKU9XW8h4AaABAg
great,UgzDQh3j96vfQGCZpdp4AaABAg
great,UgzD11f8c-_UckZRdYB4AaABAg
great,UgzbhF_XXbYblmOH57N4AaABAg
great,UgzD2r18r2-la3KmHOF4AaABAg
great,Ugx2ciI_4i9lzdbDnIF4AaABAg
great,UgzCuLHWZ-uhomfgIKl4AaABAg
great,UgxhCk9Pbtejn-gSDZd4AaABAg
great,Ugyjvy1R2_5F5APSgK14AaABAg
great,Ugx7LOByU9OVaH9r_hZ4AaABAg
great,UgxxTd-e4CSUIz6Ajph4AaABAg
great,UgxCLX6r409B2MwmHrN4AaABAg
great,UgwPWxZDF_O8c0PNTTh4AaABAg
great,UgzO41HYBvB0Q77KQLt4AaABAg
great,UgxqlS5xS3yqfioqWNh4AaABAg
great,Ugxk2nUC5urfwgAIJ0x4AaABAg
great,Ugyd2qduIdbReOv8zS14AaABAg
great,UgxrYLfETKBpOWdwTG54AaABAg
great,UgwCySx6JET-0u14r3t4AaABAg
great,UgwGhy-5Er75sBNc-9F4AaABAg
great,Ugw3ZsdOAoNTGUjjlLV4AaABAg
great,UgzlfBE9u7sdcMe9KHZ4AaABAg
great,Ugz6D9K-tFeFgewtcTR4AaABAg
great,Ugx5L1UYmoXcJ28u7ex4AaABAg
great,UgwDzBlopyvOemhqlXJ4AaABAg.AMb2N7h1039AMb6iw-ksCr
great,Ugzwdq5ItjmG_iNAkU94AaABAg
great,Ugwn6D8P0K3de-Kd6v14AaABAg
great,Ugyfq35GUgZmum7PMvd4AaABAg
great,UgyRWiq-3TNDNgs3e_V4AaABAg
great,UgyiScSQv3sKn4a6oqB4AaABAg
great,UgzcJM9by-1BKQ10PuF4AaABAg
great,UgyhLK3R2lhNf9pvlAt4AaABAg
great,UgwMXc_1h96xxho376F4AaABAg
great,Ugyu79a-hNYRuiq6CYh4AaABAg
great,UgyRQudK1dvA-nZCetJ4AaABAg
great,UgzDMPeZ7DtTi0ASz7h4AaABAg
great,UgyWjgEW_UNpOOx-TvB4AaABAg.AMagLuAGsOOAMbWmLRl_Ez
great,UgyKMBdgdTeisuIAAah4AaABAg
great,UgyVHpFeGqsXHV_UCw94AaABAg
great,UgwCmUG3ljqbX0-8FgV4AaABAg
great,Ugwzo3uQ7wrqY8uBoP94AaABAg
great,UgyyPpPGaftdRp_x2zN4AaABAg
great,UgybWMVSCucmd4v1G2F4AaABAg
great,Ugz6fGdSZETU1syfSZ54AaABAg
great,Ugyz6w28hU_IahRcBFp4AaABAg
great,UgwBSlCOMvAES13cbnt4AaABAg
great,UgyQgKXmRY_LC5USjNh4AaABAg
great,Ugyes39eoVBq8gTTYUx4AaABAg
great,UgzZ65pi0AyfujBUQ7t4AaABAg
great,Ugw_Hicr6od14mp2xcl4AaABAg
great,UgyjzaXZ94LbcKEkmNd4AaABAg
great,UgyYM2GRsJplU3UNF_B4AaABAg
great,UgywSA5i9hpN05nUJSJ4AaABAg
great,Ugy63m5r2E8-oZVVsTZ4AaABAg
great,UgwY4v3Iwjogm_7DlPh4AaABAg
great,UgypvpbS6WRDF_IkxVh4AaABAg
great,UgwmKq5WeR_TtFOth-R4AaABAg
great,UgycXUpI6yAm1jJJU_t4AaABAg
great,UgylC_DwvdZz3QJAlhl4AaABAg
great,Ugyo9RfmO-0UflJul0N4AaABAg
great,UgwhPBBxnc1KLWqGDHB4AaABAg
great,UgwfSOX9gIh9s2ZvYNd4AaABAg
great,UgxM4xCj1e2rJYQATJ14AaABAg
great,UgwFwmxVTRzupsjFRK54AaABAg
great,UgwdKmlSimdsRBBGZT94AaABAg
great,Ugxn_-VIZbbSuuIQKxx4AaABAg
great,UgzmisM17UUq-jMSHYR4AaABAg
great,UgwDHSP5JAgbrAA-RQt4AaABAg
great,UgwFKld1QM8-zOsTjFd4AaABAg
great,UgzEIXfX-yltNCdW6C54AaABAg
great,UgwGuj9RkjY_2ECS-il4AaABAg
great,Ugz-EkITVGes8L3Nb1l4AaABAg
great,UgygE9pn5XXaJBDhlkd4AaABAg
great,UgzZBvcSHvhxvBY1UFh4AaABAg
great,Ugzg_i_AsTnEIHnUE-94AaABAg
great,Ugw_uFRk6YN7bE2YMWF4AaABAg
great,Ugy7MEnqIe9O3LVblfZ4AaABAg
great,UgxoDteIWQSVtMH1iZh4AaABAg
great,UgwpChmk4f9wBEBlScZ4AaABAg.AM_l5HXK4N4AMav9iFhCLe
great,UgwN9ePPh41riG8jEBh4AaABAg
great,UgxR53unuB6dfNjC7pZ4AaABAg
great,Ugy4P8f_T2ymNrxDTVB4AaABAg
great,UgwotZho6T_AUCMxdcF4AaABAg
great,UgxtgHcrgTNMvXZTJaV4AaABAg
great,Ugww31yTbk4ACilP3At4AaABAg
great,Ugz6JDIgeLa8gfvwce54AaABAg
great,UgwSYiv83Pa0v0W9T8B4AaABAg
great,UgxJs2b5YDweajEoeG94AaABAg
great,UgwhOKIYeWx6_EdtVR14AaABAg
great,UgwfUOHomuqJMBnnW6V4AaABAg
great,UgxxSiLZDTzML3dmbrJ4AaABAg
great,UgwoaGtMWQDiCKRiDY94AaABAg
great,UgwNtTZIUvAtmIy0DFd4AaABAg
great,Ugx7Rq_RzgmkHwFQIxF4AaABAg
great,UgwTS8LeRvtOqmcVmMV4AaABAg
great,UgyL5mmeUeNxgvJb0V54AaABAg
great,Ugx9iH0qwgE2tQwlIQV4AaABAg
great,UgxaTgC-1bma9Wz1hQx4AaABAg
great,UgwwlW8ubL1qYZc4k-x4AaABAg
great,Ugw_KiiUX1iVpjmuNi94AaABAg
great,UgwcfOd1REVYLy7Ix4F4AaABAg
great,Ugxppg-HBXjkeWtkfdR4AaABAg
great,Ugx6hQz8l0ODEgOSpkV4AaABAg
great,Ugw6zFgklEt8qpfZhqR4AaABAg
great,UgxPRkw1yM8Guu42HMd4AaABAg
great,UgzXxoapBHWXvQcArG54AaABAg
great,Ugxjgd-Lxd76D3UkK1Z4AaABAg
great,UgzaG8I8RyWQIaA9dUx4AaABAg
great,UgzH2mT2o2-F20et1cl4AaABAg
great,Ugzxrg-gwUC-7PIQFHR4AaABAg
great,UgxW1qgXRVyCM8j0g-p4AaABAg
great,UgyWEWDdptgj5Novj2t4AaABAg
great,UgztL4ND0iLnZlOlPoR4AaABAg
great,UgyUfh_3CBTEZZyyUGN4AaABAg
great,UgyGj-EoQZGTCsl9s_t4AaABAg
great,UgzVAPYo6PlEzw1ZzEd4AaABAg
great,Ugzqi-2IG5lLn5vZ3qV4AaABAg
great,UgwcrUe6tmeBNoqEzRV4AaABAg
great,Ugx1p-uGt3ItY_l6DoZ4AaABAg
great,UgwnZGFLyXqkAVRBubh4AaABAg
great,UgwBRkazVv1NrEfvkL14AaABAg
great,UgzOUTS37xw5jEh-gfB4AaABAg.AMZlYsGJaTOAMZnN_lMnny
great,UgzXjaHHM3gjBPlZefF4AaABAg
great,Ugx67r8SVONLPIPc1mB4AaABAg
great,UgzM9pXnkeotJkBKn654AaABAg
great,Ugxm4mYRwTU8AINEuNR4AaABAg
great,UgznVPTtdki1eesTwNZ4AaABAg
great,UgzfHkZmHeXK_NxZS254AaABAg
great,UgzCYS9IsLrfh74uCtp4AaABAg
great,UgyRo_eaM7VlJ3lGAUJ4AaABAg
great,UgwoulFSNyjG6VJAMlV4AaABAg.AMZW1_2g9uGAMZnyEL8eUz
great,Ugx5rApvVsaoItNoLDV4AaABAg
great,UgyoukcLBeCiXLZkJTh4AaABAg.AMZU0VG4UT9AMZm976-kdj
great,UgyoukcLBeCiXLZkJTh4AaABAg.AMZU0VG4UT9AMZn7o3svnh
great,UgyoukcLBeCiXLZkJTh4AaABAg.AMZU0VG4UT9AMZnJdKlXFY
great,UgyoukcLBeCiXLZkJTh4AaABAg.AMZU0VG4UT9AMZnTYVz0F0
great,Ugysr6fus_eRfrGQSrR4AaABAg.AMZSebdHOyfAMZY8IY71DX
great,UgzyxW3y54HkeEaDUPJ4AaABAg
great,UgwKjw1BuUBZPC3qwY94AaABAg
great,UgwcdNicfx9X9omlqeJ4AaABAg
great,UgwDh3cDSAbxI3wYLoN4AaABAg
great,Ugxp7oLg_RJUGu72aAJ4AaABAg.AMZJaANnfC3AMZnVs7j7wC
great,Ugym_FJ_kD50kUoJvZF4AaABAg
great,UgxDPvfCncEMfe11f-54AaABAg
great,UgyAneJ3cliomRKTgi54AaABAg
great,Ugw3RYorkkYz0NRoVop4AaABAg
great,UgwL6QiMYTcCSyqkQdN4AaABAg
great,Ugyql3dRUW_4pE8Jq7F4AaABAg
great,Ugydcs1hiXq9G4KnLSt4AaABAg
great,UgxY8rCzZ_IDAmVQ_014AaABAg.AMZ-IntWfFhAMZf93WeLDg
great,UgxY8rCzZ_IDAmVQ_014AaABAg.AMZ-IntWfFhAMZlk5DkieO
great,UgxY8rCzZ_IDAmVQ_014AaABAg.AMZ-IntWfFhAMZluUzkUAG
great,UgzMCGiVb2jcAWubj654AaABAg.AMYxlmtYGR4AMZnGCXNebz
great,UgzMCGiVb2jcAWubj654AaABAg.AMYxlmtYGR4AMZnmnOtxqW
great,UgzMCGiVb2jcAWubj654AaABAg.AMYxlmtYGR4AMZnzisL7PC
great,UgyqlhE6QnUY50uYUC54AaABAg
great,UgwkdLyrK4cWIL2ie8x4AaABAg
great,Ugzea4sFd2_J8LtTJu94AaABAg.AMYra0smHPaAMYsQ0x6ycN
great,Ugxh4Jk1ZTFWFm8Fpp54AaABAg
great,Ugw_zwG_c3fbWbbpQSB4AaABAg
great,Ugyeg1tsQ-HlrW8E5bt4AaABAg
great,UgzTtPar6y6F2FCay0R4AaABAg
great,UgwjffBcfCUnNJOo8fZ4AaABAg
great,Ugw9rkZaOcxh5s00LeR4AaABAg
great,UgzbzqdxltdJwmmqC314AaABAg
great,UgwWws1npGnU6WX9yr54AaABAg
great,UgwwzD0vWZd6LIM1-dJ4AaABAg
great,UgyHbDL_Q4uqyYVM_WR4AaABAg
great,Ugx4OqHYVm9oSuu03nN4AaABAg
great,Ugy5FQgFNP0DyhMSXsJ4AaABAg
great,UgxGFmICHWjFnupgxUR4AaABAg
great,Ugxw4T9TVC6OHg7YYOl4AaABAg
great,UgzZWazBJ-hf-vufvT94AaABAg
great,Ugyru8WqkSyWy6tflfd4AaABAg
great,UgxUj5dPSEmvDXppNF54AaABAg
great,UgzMY19n_3fEHAnCMud4AaABAg
great,UgzzOmoM3J-iEiIcMxN4AaABAg
great,UgzRCXlutqoJrRNqb9h4AaABAg
great,UgxFTCxhnk1BTYfRfYp4AaABAg.AMYSPTiOkgeAMZnCOv-hEA
great,UgwTaRF1IFPGSPsshot4AaABAg
great,UgyCpxf5_ZNsgAl9i1l4AaABAg
great,Ugyyp2r3WPRws_n4Y-p4AaABAg
great,Ugza9V9K0nHLY_1l3PV4AaABAg
great,UgwOXCZFYV-iZlzfLzJ4AaABAg
great,UgzV0wLmGFKaV8D_k_J4AaABAg
great,Ugya-GO76ZGaHsVBIYN4AaABAg
great,Ugx_RiJKE6M04VwPYmt4AaABAg
great,Ugwfm46hrVtre-Dgvhl4AaABAg
great,Ugx5dSy6bQac6FAVdGt4AaABAg
great,UgyyuvE4OF35uz1nAcV4AaABAg
great,UgxrCNDVfTCDjD4Ts6d4AaABAg
great,UgwVVhjY_C4RPKnXcCt4AaABAg.AMYGaXCTIoGAMZnBfgoYVX
great,UgwVVhjY_C4RPKnXcCt4AaABAg.AMYGaXCTIoGAMZo-c86gI2
great,UgxI6C476KibG5y3SMN4AaABAg
great,UgzSYwJO3cd8eRjYlfR4AaABAg
great,UgxLM-Y2UOE8_Bqoddh4AaABAg
great,UgyjNRgpiCij5FCa_LN4AaABAg
great,UgxHKYzH4xuS8xcvMGp4AaABAg
great,Ugy0jl2luRoC5KfI-AN4AaABAg
great,Ugyag5AaQ9C25mQ9Xh94AaABAg
great,UgwlQa_TVLdx0RTJX5h4AaABAg
great,UgwMXBIMjwv8Yr9ThnJ4AaABAg
great,Ugymn6bk-c5rOtOjfjV4AaABAg
great,Ugxyyo0tdw_1QJxGMyV4AaABAg
great,UgyTflCMqYZzG0_3CWh4AaABAg
great,Ugyf87zra36bUdqDxSF4AaABAg
great,UgzdX2mnOdjxTQveUA94AaABAg
great,UgyGemYzWe9z210gCFh4AaABAg
great,UgxXQo71U5Tw31bjYwV4AaABAg.AMY8TuMrPuiAMYiFQXH4rZ
great,UgzTKgIfpQYMtnk-5l54AaABAg
great,UgyNNicjuH3m_I0HpEN4AaABAg
great,UgxVuSEiHhhKB2Mzmf14AaABAg
great,Ugw8yX-ggX-EDVa_A3x4AaABAg
great,Ugw7rcZzVBTgtimpLvh4AaABAg
great,UgxBcLjya8ZtbyfuI0t4AaABAg
great,UgxwfUqhbsrk1mDCeRh4AaABAg
great,UgyCH0m3GAeZwjK3isB4AaABAg
great,UgzKNEv-zFTCFP2lBft4AaABAg
great,UgxQqO1IMEA3YC6cEid4AaABAg
great,UgwWabsVdcbBQiZzWWN4AaABAg
great,UgxdZadfsp7iqngwlwh4AaABAg
great,UgzpnwvxbWHjVB_Zm4J4AaABAg
great,Ugyyn1LIcXXZkchuIy94AaABAg
great,Ugw9Gkw6SQU73OqNG9Z4AaABAg
great,UgwU815j9Z3l5sQAlZx4AaABAg
great,UgyXqe4aN7DHhL4SBsJ4AaABAg
great,UgwwtgTQLpDGZTmiBZx4AaABAg
great,UgzffpjGDtJ2JUgOW_R4AaABAg
great,Ugws1aSKJHzXAZ_H_Eh4AaABAg
great,Ugy_wgbTiDKyVqtdQM54AaABAg
great,UgyKJCnGK5jCJdqFVcd4AaABAg
great,UgyLkTRIdsBCy7QuBuh4AaABAg
great,UgxRbDjqS-LdYIStBPh4AaABAg
great,Ugyh2NnxkPq3i2nxBFl4AaABAg
great,Ugx97PufFdn_t92RRad4AaABAg
great,UgwwIPt86u33l9sQxix4AaABAg
great,Ugw5pdng4u4etto9ozJ4AaABAg
great,UgznCJtXhMB6OcRMi8p4AaABAg
great,UgyPs0m6dwT11YbavXd4AaABAg
great,UgweRftwxebRsyXcyF94AaABAg.AMXu44H9EiRAMXy92bIOxd
great,UgwXuUzPB_Zaymkr2ZV4AaABAg
great,UgyckY6XhD9r6G5Xl2l4AaABAg
great,UgztV_5CzjtpPAY7GYd4AaABAg
great,UgxuelsLRw0AOA59iGt4AaABAg
great,UgzCdmYfb73ERQ3XB2F4AaABAg
great,UgzqUCxNE3dgb74vfvp4AaABAg
great,UgxriOViRvz0MXrqpK14AaABAg
great,UgwMrZe-X96IXzTCgHx4AaABAg
great,Ugxg8Qvn6YuVpYpebh94AaABAg
great,UgzTm_hKLhv38ptCUUp4AaABAg
great,Ugz-qpPdAy1QUirntFB4AaABAg
great,Ugzlra59-07vtIi_mgp4AaABAg
great, forests largely still haven't recovered with chemicals estimated to persist in the ground for ca. 100 years. With Roundup
great,Ugwf0MFKByLSHRfjyoZ4AaABAg
great,UgxezsFbviBtZJ67_Bl4AaABAg
great,UgwPEnbfcD0irw9Cw0Z4AaABAg
great,UgxQBb46GNzLODKQSGB4AaABAg
great,Ugw_CS_rwudZx1Z3wUt4AaABAg
great,UgyhzM9RBHy2qshZqHh4AaABAg
great,UgxqkhWU0Ib4tghSlBJ4AaABAg
great,UgwvihVG8HaKfpVJocZ4AaABAg
great,Ugz9Ts4JtXgs9S8e7RV4AaABAg
great,UgzRDHwk2R39Hni9ZYB4AaABAg
great,UgzKr5wRgv4Sl6coNHR4AaABAg
great,UgwHnStHRQt8vnk4Tzh4AaABAg
great,UgxVwqMEZrtmUiF47yd4AaABAg
great,UgwVWi2Vrtgb0wUKTU94AaABAg
great,UgxM7s8Ty4RcTakvaAV4AaABAg
great,UgxwPG-oJTBfd3YrgG14AaABAg
great,Ugzdl1TAk3-7BjNPlx94AaABAg
great,Ugy2hDa4yyH4dZ4U7qd4AaABAg
great,UgzxRp2LTKZ4t_FsvMN4AaABAg
great,Ugx5KBKTVArU80cIp1h4AaABAg
great,UgwPGOqsX6qHK4u30TZ4AaABAg
great,UgzOQfBSuqhzAaV2znd4AaABAg
great,Ugw7KqwjzsurkLT_dih4AaABAg.AMXSRzehsvcAMXkJseD_uJ
great,Ugx4HC1ugj_EvIwRk3l4AaABAg
great,Ugz6ZMcXGdlAbmzmZL14AaABAg
great,Ugz5EILQ6d_F0CW11qF4AaABAg
great,UgxaOMkt6JtuCyomssZ4AaABAg
great,UgzDyoHbDkoqWAFBk_J4AaABAg
great,UgwmZ7UZm7-1HSdU5up4AaABAg
great,UgzhS_9ZWWoQeDyyYe54AaABAg
great,Ugz-bWl3ly4n-oFmoVF4AaABAg
great,Ugz7u4H7eVgqMmd3bUh4AaABAg
great,UgzT-ip_1tsEfMQTsNh4AaABAg
great,UgwTWDO50JAc25pdpF94AaABAg
great,UgwCRFrbGeCa3L6cP2B4AaABAg
great,Ugy4QAffJ53LIA7uxwd4AaABAg
great,UgykmNo9D6AiTqtpmI94AaABAg
great,UgyS1zJefYoMBBFpKtd4AaABAg
great,UgyxndacNtWHuMUGC1Z4AaABAg
great,Ugy466CFTmZ0kaDhWv14AaABAg
great,UgwKjUvm31gIqnvnY_l4AaABAg
great,Ugy8qVf3N-tmBS4EQHJ4AaABAg
great,UgwYRfDWRt6NbMm7lU14AaABAg
great,UgybnwtRtlvx-kxJGwp4AaABAg
great,Ugz2csCT_DU7l6HAI7Z4AaABAg
great,UgxJevidrT1hWBt9f6t4AaABAg
great,UgxmSXQ5w6P3GzDWz5h4AaABAg
great,UgySc14CDADlbJJbloN4AaABAg
great,Ugw4RZY7Mtqpfiwfzh14AaABAg
great,UgzPDR41RpFe7KU6EOp4AaABAg
great,UgzrwdSWXW33xYq8EIJ4AaABAg
great,Ugw8xlt78xNaN0y82554AaABAg
great,UgxbCLK15W8flCrS6Ed4AaABAg
great,Ugw8HNT2Vaq_ESm8a4d4AaABAg
great,Ugy7eZg0BxlK26PhoW94AaABAg
great,Ugy74jwuS8kbfZxlxvl4AaABAg
great,UgwhsECO6msOPXeOl_94AaABAg
great,Ugy9DlxLeyLKuoYG6qN4AaABAg
great,UgwoGG0vL73r1Zwn84x4AaABAg
great,UgzilMmbUGv8TGNn65F4AaABAg
great,UgyK9oZplCYR8xXcEhN4AaABAg
great,UgxkLddWRJZxmuHepw14AaABAg
great,UgwtVPJT9V78cTnkYnR4AaABAg.AMWuUEDFuHwAMX--x666dO
great,UgysuELRVuvWPZfPgFJ4AaABAg
great,Ugz9IiJf4yTYIXPsKK94AaABAg
great,UgwRJ9Vvomp8X1m38e14AaABAg
great,Ugw8uk1MGEMFLjNLCtx4AaABAg
great,UgyVk2EY2bcoXo0lIDZ4AaABAg
great,UgyNZ7DIhpXZf07HZ-14AaABAg
great,UgyjQbX5EhuivX1qkOd4AaABAg
great,UgyeGr43ePToizeQLjt4AaABAg
great,UgxfjRZ44bO8qUhZGVp4AaABAg
great,UgzcuBWbar8DO1gDzbt4AaABAg
great,UgzG_blUDH-2qz3wXEl4AaABAg
great,UgzMnNrN4QZJk26oKgZ4AaABAg
great,UgySmvTT5kqCrnU1Yal4AaABAg
great,UgyrERr_yJZM-k_LgtN4AaABAg
great,UgyV6fME0yU9Tt0d8P94AaABAg
great,UgwLdEkULgWDvLj2Wr54AaABAg
great,UgxA7F34RUdqWj1Iq-R4AaABAg
great,Ugzh3QKwB1PO0mjBQap4AaABAg.AMWUv3ibguAAMXyrv4l1nj
great,UgwtrHPjw49oB3_Ztu94AaABAg
great,Ugx2sBUC1mNSNRYbjEV4AaABAg
great,UgwzySfEDvyzEKMX9Vd4AaABAg
great,UgxMMkSoTw_vvXcGOGV4AaABAg
great,UgwFGfREXRnc7madKHB4AaABAg
great,UgwPhDkZYrxuHzi614R4AaABAg
great,Ugw0aJ0YcH-7p-v0jVR4AaABAg
great,UgxU8H4BxSnUbh_Rmd54AaABAg
great,UgxU8H4BxSnUbh_Rmd54AaABAg.AMWMUqBW0eqAMWRKu-oHOa
great,Ugzw083ORFMDbPU08Ut4AaABAg
great,UgxDkecYm53__Qxfa014AaABAg
great,UgzBmEcr3rvJ-3AwIHF4AaABAg.AMWIIk5yZXyAMXDiS5VToS
great,UgzSWGOt-hJUqowZhd14AaABAg
great,UgyMmn9GSxPt3nfhfbB4AaABAg
great,UgwrLBYgqcrDuETlyqV4AaABAg
great,Ugz2DJ9hHeYsAz8QNmN4AaABAg
great,UgzwGnR7kWT6GbprVdJ4AaABAg.AMWFrbIcTlYAMWP9oVaJcU
great,UgyUCXLG9rGfNtOFBIJ4AaABAg
great,UgxnpcMNOSdX9fwsjz94AaABAg
great,Ugy0DZy5qdF7BktAtrB4AaABAg
great,UgydCQCOvu16YfQfhT94AaABAg
great,UgySV8JjyqPqoWydDPB4AaABAg
great,UgzoQYW74HGhbHb1LUJ4AaABAg
great,Ugw-Nh832c-0gzUD4w94AaABAg
great,UgzaKWBtn9ok5WyjmCF4AaABAg
great,UgxFIMGroYmrkNRzMNl4AaABAg
great,Ugym25Tr1XopOUNn7oh4AaABAg
great,UgxAtT-BfUp70r5vv2N4AaABAg
great,UgxwrPXKKRBBUDDMa7N4AaABAg
great,UgxdEI4ixflx44qjTNF4AaABAg
great,UgzV9QKftts5PFZI_nx4AaABAg.AMW8M6gCCsMAMWEH8QE4wq
great,UgzhOWzx-cFhLQWaEg54AaABAg
great,UgxlKr99xNBi_EZnaFp4AaABAg
great,UgzmB5RnnwiYIOybgCR4AaABAg
great,UgzPkvzllB9BXKjCUIB4AaABAg
great,UgwsjNnLqEDkm8UQwOp4AaABAg
great,UgyXTtRYya3IembmqtJ4AaABAg
great,Ugw2nlnXfFVhOKY_8AJ4AaABAg
great,UgzYuj5E0oRc170z9GJ4AaABAg
great,UgxqJUokD3Skcna9MKV4AaABAg
great,UgwE698T68jnKATuqzR4AaABAg
great,Ugy5Sjh22cGO8E8lAH94AaABAg
great,UgxCDZ1sY8Gi6o5I4Ed4AaABAg
great,UgzucaJK0GIPo_qvBV94AaABAg
great,UgyU7DEqJ6QQpNaaK4h4AaABAg
great,Ugwsqma5KtJSaOsdUZ94AaABAg
great,UgyOgpmZbENWAY9EpGJ4AaABAg
great,Ugw4UYrYMuxQtq_7x7N4AaABAg
great,Ugwrg7clfL-lsRlYjqV4AaABAg
great,UgyF1o8UVgGSwA49IEB4AaABAg
great,UgwRncPtOduwD8IzTx94AaABAg
great,Ugwl0vZcMTMrrZyto6d4AaABAg
great,Ugy63iCr06zS722fdLd4AaABAg
great,UgzqtC80iCYsBjWORp54AaABAg
great,UgwAHzjwO2C59OUAVqN4AaABAg
great,UgwZiN3rQqtdXE2lztt4AaABAg
great,UgwZiN3rQqtdXE2lztt4AaABAg.AMVrZK4_nK5AMVzpzj8uEs
great,Ugy0cdlAvbkaaNO1GY94AaABAg
great,Ugw9i037H2MEADG98CZ4AaABAg
great,UgyLUY_8Cm7aeFSWysp4AaABAg
great,Ugxe5VLoGyql1rQwKGZ4AaABAg
great,UgwMlS2sP43BBXkIpwF4AaABAg.AMVq0xemco4AMVr-e6_YjO
great,Ugw6WXYCiOVsU4Oq-LJ4AaABAg
great,UgyV1VLE3p6K46UigQB4AaABAg.AMVpPDw6cvwAMVynAn69OQ
great,UgyxNOd_TZSN6BPUond4AaABAg
great,Ugz39xybH39o26JIpG14AaABAg.AMVoxI77I32AMW-b4iuIqa
great,Ugz_OWyfokC-sq9A95t4AaABAg
great,UgwiTFXGjp95lLiOGsB4AaABAg
great,UgzIQfTjYp6XQjQyxG94AaABAg
great,UgyK_cKA17eUixwN3z54AaABAg
great,Ugzz0IkVCxQfYeD0wKl4AaABAg
great,UgxRY71tTZE_bfi-qMp4AaABAg
great,UgxCM0kBDcRCimp5NQ54AaABAg
great,UgzNUqb2Zqa5mHXDt-F4AaABAg
great,Ugx-EwAPGXR5XbZGB8x4AaABAg
great,UgySkZ3sGCFpDBQEaW94AaABAg
great,Ugwpgi0kUme7LektKzB4AaABAg
great,UgxOFcwR198aBmYNxaN4AaABAg
great,UgyfhjqWM0EI_v34ewd4AaABAg
great,Ugx0Dnb9kvD-SIJVCQN4AaABAg
great,UgwMPsFGjPbs0okuX6h4AaABAg
great,UgyjTVYlMpxi_r7Hw0d4AaABAg
great,UgxjbXnejVQJa9KKsDF4AaABAg
great,Ugz6sMJS_qCKosRILZB4AaABAg.AMVfcgkdBJbAMVlr3m85aM
great,Ugwk7D3YxUD9VLLceEF4AaABAg
great,UgxDhNjyjC4H0XLheqd4AaABAg.AMVfC4JgUk8AMViB3XccrD
great,UgwO8ZTka3_e9h3x9Kh4AaABAg
great,UgxQCGURBTRbcJRScOR4AaABAg
great,UgxaBVssBRy0NW1TcU94AaABAg
great,UgzE811LNOqxx0KKmxl4AaABAg
great,Ugwg634UXK5Uj0AyRV54AaABAg
great,UgzeTeYcR1lb_aCXExp4AaABAg
great,UgzW1kmY9rcXxRobwVl4AaABAg.AMVeFUScFT6AMVmB_enoEN
great,Ugx5oUSvnpUBhJVJCc14AaABAg
great,UgxaAuGgy0Z7tHD_q514AaABAg
great,UgwH_nMwDJTns4A3Ke54AaABAg
great,UgwX3FfbRBNbs16pled4AaABAg
great,Ugzo2DK_bLHS6Bph0HF4AaABAg
great,Ugze5VMR4vqNAqKyBIN4AaABAg
great,UgxUH_Lq8m1eTAoNlUd4AaABAg.AMVcA_THruIAMVga_Untew
great,UgwWJSQM5mJjycDEXc14AaABAg
great,UgzIX40_fCbt1c2cRux4AaABAg
great,UgwlJhSFnpUKRaH9xZB4AaABAg
great,UgxWyNMKRCTAzlyTDs94AaABAg
great,UgzpAFJaHnrnsuT_NkJ4AaABAg
great,UgzJ9lmIyQYnWyp1b7d4AaABAg
great,UgxNumSgd-8Vr0ztlgZ4AaABAg
great,Ugw9gZkKApp-XAUWtpl4AaABAg
great,UgzXCXVG5hOffIva5sl4AaABAg
great,UgwYzj7yxjst0CwHsWt4AaABAg
great,UgxZrbJlLXkQ_PVq_7R4AaABAg
great,UgzXX4CdMl2HMO4djNh4AaABAg
great,UgwSuEJ9xybG_X1vIed4AaABAg
great,UgxZouWxqPg7QHmyLOR4AaABAg
great,Ugzq6-AJuxGSVp6ee6J4AaABAg
great,Ugz5mw1HldeBkDKmHj54AaABAg
great,Ugy-MyTSDQTT_SWmDKJ4AaABAg
great,UgzOgXrAHvSY4e49PGl4AaABAg
great,Ugy5x_Hfs6uuQLYRPPN4AaABAg
great,Ugwsw8sDRmuApV83z6B4AaABAg
great,Ugx3bkOBL0SKpEfiuk14AaABAg
great,Ugyv4T901HMCEs3uZWF4AaABAg
great,Ugy1EpiUr3Kvdr2l5L54AaABAg
great,UgzEpuumQZUzwFJwKOd4AaABAg
great,UgxKhVZ4x3gxkoW-uY94AaABAg
great,Ugwu99kGfiuDjenEbpB4AaABAg
great,UgxrOlzawSqPsDj6bhV4AaABAg
great,UgyFEPqv2pytXdY52lJ4AaABAg
great,Ugxe3HQnCyLqtgR8QiZ4AaABAg
great,UgyC1vMb-QyV5Wbb4eB4AaABAg
great,UgzuaMEipJtGwVPSD-V4AaABAg
great,Ugx9SyxkIxAwSzcoT-B4AaABAg
great,Ugz-acR2OcqSrM9oSnZ4AaABAg.AMWfq3eyYyaAMXILkMw2Xt
great,UgykmzGqxFQA6wyZDEd4AaABAg
great,UgyVe3YiWC98hwrnsyN4AaABAg
great,Ugw-eLcVFREQ9CZEwTF4AaABAg
great,UgxCWHrg3ZE0y7GmRlh4AaABAg
great,UgwST2_34ZhsqF-wCVl4AaABAg
great,UgzmskE2QkS8-AywcX14AaABAg
great,UgyATeojlNABSdc-OZx4AaABAg
great,Ugxh5YjJh_0kogB5WhR4AaABAg
great,Ugw7tk4EwMsvjQFRlY94AaABAg
great,UgxwF2Ou_qp6azS3esN4AaABAg
great,UgzrBc_V6VuLLkUE-id4AaABAg
great,UgyFENKnytRvPYXz96x4AaABAg
great,UgxTFI0HXwvxfO2rhd14AaABAg
great,UgxrzeyhJBpHzKw8OpJ4AaABAg
great,Ugz58Crod5NXhqVN6HZ4AaABAg
great,UgzL1iyekgLkxa6HoNp4AaABAg
great,Ugz489Q3tb70ghnBMf14AaABAg
great,UgzeaqyQN7tX-e8fS3R4AaABAg
great,Ugzr40j83ZpVTEzEOZ54AaABAg
great,UgwVRhB7OHN1MnORdel4AaABAg
great,UgxTUduNMjXNMaDD2iN4AaABAg
great,UgxpdGlPn760eQxFc_V4AaABAg
great,Ugx01r0-CAm4A8ttpiN4AaABAg
great,UgzyNgnahGCL0VbOqfV4AaABAg
great,UgxjFv1I7VpplROyUIl4AaABAg
great,UgwuJlc4ckEF40Ij5jJ4AaABAg
great,UgynVgZFVV4OWwsuwHB4AaABAg
great,UgyeR_Ng6zFPZsRDyZp4AaABAg
great,Ugyu5oEbGzglDC29lMF4AaABAg
great,UgyiXqHzqeDwo2NAund4AaABAg
great,UgxGPaRlX8mFzQdDSQx4AaABAg
great,UgzreTlHw4H0MUXGEhh4AaABAg
great,UgzCvR2yM4W_vGd_qMh4AaABAg
great,UgyE0OGgfJ4-LPMoFKx4AaABAg.AMNAkeO4o87AMOgeVq29xz
great,Ugxrn4D4TlAktSE0kx94AaABAg
great,UgxlXDqO2IIBDNEeDvV4AaABAg
great,Ugz8HGpag8Z-NqSyfWB4AaABAg
great,UgyPpQUHhsIPrpC1kX94AaABAg
great,UgzFwglOmmW0TySBD554AaABAg
great,UgymC1WIlp-ItLciMdF4AaABAg
great,UgwMUSqC2gzwQOa4VUx4AaABAg
great,UgxV95U_khMrpwc-uCl4AaABAg
great,Ugx8QtFb0_du2GSIbqV4AaABAg
great,Ugywa3Chc_BAN-vmTBp4AaABAg
great,UgwyAGzz8AdMqOpUFGx4AaABAg
great,UgxATYmZ5TKwdZrbf4d4AaABAg
great,UgxnB2bkQMgiEAAgMCB4AaABAg
great,UgyCua8gPssGskE4bQx4AaABAg
great,UgyAO-PAdxYzI7Tlqmh4AaABAg
great,UgwHIAKzvgBMUu2317d4AaABAg
great,Ugx-EhFmq3rPK9YLLQN4AaABAg
great,UgzpMKTcry-gcrcLtb14AaABAg
great,UgwEyyRCz1nJqGLALcp4AaABAg
great,UgzKjlhozrpFG2PbGEJ4AaABAg
great,Ugxuyj6zzXcBsO-0O_R4AaABAg
great,UgyY-4rLDaOyYEoZAVZ4AaABAg
great,Ugz-npxMVxo0CT3wist4AaABAg
great,Ugx5S0Do7quhve1PFu54AaABAg
great,UgzAwRguBRPwukvUAXB4AaABAg
great,Ugz9tzQ2kXI_bJpIPQx4AaABAg
great,Ugz87iN0rBS3SAkClaJ4AaABAg
great,Ugw9EewYNZE0niLVl4V4AaABAg
great,UgzxPq1BXrUGDdlUo014AaABAg
great,UgyxVNNUDwi5394EPe14AaABAg
great,UgwuCoxq1ke4EWnqUg54AaABAg
great,Ugy9XKbBv5c5xVi3VyF4AaABAg
great,UgyBwOJfgZyuglMZKot4AaABAg
great,UgyV28jA9ReMA_Csw2l4AaABAg
great,Ugz00FKSKy7lupIY-wd4AaABAg
great,UgzvmpyXkT63P3yPLPp4AaABAg
great,Ugz_sy3H051lH2MgoxZ4AaABAg
great,UgyV8AHsmgBI2jn8qSN4AaABAg
great,Ugyxjb0y-3Klu9hzufB4AaABAg
great,UgxaL6AGc9qUJO3OdA54AaABAg
great,Ugwt6uaG_uuOPhtGDNJ4AaABAg
great,Ugx07ZWdsOfZQ4Xugz94AaABAg
great,Ugx_vdVs-RoNhJUVjjp4AaABAg
great,UgxnmAoPaaaT5j9GsHp4AaABAg
great,UgyGelfXqAgwqUdzOCJ4AaABAg
great,Ugzqv14SemvEIcmXoo54AaABAg
great,Ugy_M10TGOUuke7GBfB4AaABAg
great,UgzM_OdNv9YO5XX0jPt4AaABAg
great,UgwKgU4TYUEpI5_E10d4AaABAg
great,UgyRWYWG0W9deOzLVPB4AaABAg
great,UgxA-JMB-euQM8LXub54AaABAg
great,Ugy29XEZterUsNAZbBF4AaABAg
great,UgyeczCCe743KkFcmzB4AaABAg
great,UgxFUOScK-WZLaZuHhJ4AaABAg
great,UgzRP86jj0FoDJ1o_ON4AaABAg
great,UgwH7hlPKqV7qdrsla14AaABAg.AMFnF2M8VPbAMMYdY9ig3t
great,UgwXiU64BjDo--4y8Vx4AaABAg
great,Ugy3HAEckV7N1jM4UtF4AaABAg
great,UgyE0HoH6nCDi19urhl4AaABAg
great,Ugweyp5Zr2fPAloo1Ld4AaABAg
great,Ugxb31ZsON2XWl9cAIt4AaABAg
great,UgzJXS0xaYKft0fSiTB4AaABAg
great,UgwU1N2_bi_tWGQChwp4AaABAg
great,Ugw7rR8RBdZrkbwCI1t4AaABAg
great,UgyIFViYAYqUmmeP8rd4AaABAg
great,UgykdE9aTsHrNWl0k6l4AaABAg
great,Ugygn0nEn8seJGC47tB4AaABAg
great,Ugyic_za7npkc36wqfp4AaABAg
great,Ugx44w5mNUvB5A28fyl4AaABAg
great,UgzcfgVF8UvNbBquJEZ4AaABAg
great,Ugx282pFIsJl1n3B7Oh4AaABAg
great,UgzouotqsUerU4UDrBR4AaABAg
great,UgwjlaQnq4GxEt8dDoJ4AaABAg
great,UgzveCjVCE91Gzv5amh4AaABAg
great,UgyttbcvpXC5iJ-SmLV4AaABAg.AMDd0aX6vDFAMDpXhTzAo1
great,Ugz4TpLojinHUOadfft4AaABAg
great,UgxMNVttk90bwF6_oal4AaABAg
great,UgziQ3tBIbavfJRP2Zh4AaABAg
great,UgwRIihejhN9ld0q9594AaABAg
great,UgxSKgrUOdXmC7evRDl4AaABAg
great,UgzBqqJvQd9MyYyPnGh4AaABAg
great,UgwP6vAZ4EVXXlJO_rJ4AaABAg
great,UgwU1YpfFAD27SUU7wh4AaABAg
great,UgzvVTxrKKL0XDfdLVZ4AaABAg
great,UgyCDUVF_32Vc7mA2T54AaABAg
great,UgyEHvMGRtmij8TMxEp4AaABAg
great,Ugz1Q162XAionrGAMht4AaABAg
great,UgwGUKJASEvJfpg1kYt4AaABAg
great,Ugys7bhs3qvclW8IhNd4AaABAg
great,UgyBR-e1rxIDVoR1lsd4AaABAg
great,UgxhGcK8I4ea-d5RO_h4AaABAg
great,UgwTQfqiH0350oC6bDd4AaABAg
great,Ugy-HQu9fRTtKF51Ugx4AaABAg
great,Ugx8v2olZH32iCK7Gs14AaABAg
great,UgwPiaRaN8Z4h5aReEJ4AaABAg
great,UgwZEbNxyuN9qj2oCHF4AaABAg
great,UgzoN504Nra5rwpBPql4AaABAg
great,UgxTBJXVt3CsVqVui8Z4AaABAg
great,UgwVTIu7HCUzXD_zTRV4AaABAg
great,UgyvJgbNpkTqo0W-SfN4AaABAg
great,UgxweHPS3ls9UDzgKfh4AaABAg
great,UgyeA1ry5nRNrRm3rBJ4AaABAg
great,UgwUI-tDMzZ1aWF2SWp4AaABAg.AMA5tR8jv1uAMAandEBh5g
great,UgwAR5TLiNauei4ujjB4AaABAg
great,Ugw5V0moTjl438DlD4F4AaABAg
great,UgyxsIqK5Vvi6sQHPfZ4AaABAg
great,Ugyj8YNVsPIxRYjGfjx4AaABAg
great,UgwCfN6QWuhzUFuxao94AaABAg
great,Ugxyw0RdIwHZWNUOgnh4AaABAg
great,UgwULvXsSYRIO8HoVuV4AaABAg
great,UgyboShaFEFTC1AFjvV4AaABAg
great,Ugz2IDKq73PZeaPbBDp4AaABAg
great,UgyMb_3hFdIuF89q4tF4AaABAg
great,UgzyIsitdz6Hlc_WLTl4AaABAg
great,UgxnOw-zjSWg3JJctPJ4AaABAg
great,UgxMZGAlgOJzLGJyKMx4AaABAg
great,UgxKz7i0IXj4uab2p1R4AaABAg.AM8h6-EBn2UAM8kHyIRC90
great,UgxKz7i0IXj4uab2p1R4AaABAg.AM8h6-EBn2UAM9e3k_pnq1
great,UgxQrqlupeQBiZ55gwt4AaABAg
great,UgyaYdkICn6qED0Zepp4AaABAg
great,UgyCHFZXOvll8y6k6dB4AaABAg
great,UgwUaJtYV68513pfyGd4AaABAg
great,Ugz5j-y_86kTF6QaybB4AaABAg
great,UgzqEYqTtMDWB78J9Kp4AaABAg
great,UgwaSmm8pfrYR9-yk_Z4AaABAg.AM8ShmbJfAxAM8kUlwJj6m
great,UgwL3pX6mXn8YPYJBB54AaABAg.AM8Rx2JBPy9AMk9lcrdgws
great,Ugy_y9VR2ZqorLVvuz14AaABAg
great,UgyD8sX3FsZ-BFPHMWN4AaABAg
great,Ugw2rlYek1uqmydsqiZ4AaABAg
great,Ugwk7ZMz0hmCPOhGQk94AaABAg
great,Ugy5tyIuZZmgFJqmxC94AaABAg.AM8L5A9ee-hAM8Sjd3dRA7
great,UgzGL8nLtoRco44_FlV4AaABAg
great,Ugyc7WEDnbw00tzgcFp4AaABAg
great,UgzjydgmFHUmOMfYzA94AaABAg.AM8J9NX9uREAM8Q-wTaKIk
great,UgwU9mc2Oq_Np7gtcox4AaABAg
great,Ugyyb-1jLiRGsJPGJth4AaABAg
great,UgxIDyfUw-1b1z-YCdJ4AaABAg
great,Ugz_43Eqc3dKt6a1qbB4AaABAg
great,UgxwgSyNGkvBahRlTmB4AaABAg
great,UgwAaXybLJdmGPgceZl4AaABAg
great,UgxDHOTgK4yrmrJt3LR4AaABAg.AM89sx1LpSkAM8Cd1su4VV
great,UgzrnqadksUbXuv88g14AaABAg
great,UgxERi5WSbSWwSIdJJR4AaABAg
great,UgziQWIxEen0ZQA2hXR4AaABAg
great,UgwIjbzUHo6pn9Euw7d4AaABAg
great,UgxxeOUq-u6zBJZsJMB4AaABAg
great,UgyYBvQOY0BmF-lG18V4AaABAg
great,UgyHxVxoynqEsqiiAhd4AaABAg
great,UgyNUrIKTeGVI6-Ne1h4AaABAg
great,Ugx7EU0w7QXN3PYYdGp4AaABAg
great,Ugy2Ouq63lRxYLl8qY54AaABAg
great,UgwlbG1PV7d3dOwGzOx4AaABAg
great,Ugw-lfnIYsWQqPspm794AaABAg
great,UgymO2gR-MCw6IBcQn14AaABAg.AMNmzgdimSqAMQhgZPQjwQ
great,UgwBax7OHKNeGiBc-M54AaABAg
great,UgyjGQsr_TXrV71pN0h4AaABAg
great,UgzUBmmnmX6WwdJhU_54AaABAg
great,UgxqIDrH5GN7yE2-UsB4AaABAg
great,UgyYeXSTjPvuFmP0QYx4AaABAg
great,UgwBvD0SKyYqa_XKrEt4AaABAg
great,UgxgkssFGRn5w-X-meh4AaABAg
great,UgxUEoCCIzvTCbqILxl4AaABAg
great,UgxAcCHeuzbwDYDfXy14AaABAg
great,Ugxzwev24c2ta-r4Zt94AaABAg
great,UgxRRuzefrXmMBD43b54AaABAg
great,UgykPAXFK2C1V1mQbHN4AaABAg
great,UgzxbnOtF0Byl0WyFMZ4AaABAg
great,UgxbOHUvbRp7vTjXnZt4AaABAg
great,UgwSp5bnMgIrpryTh-54AaABAg
great,UgzbrPFSNoTWVqujNdV4AaABAg
great,UgxWhhtyumm1MqzIkul4AaABAg
great,Ugx6tfU11a8QtFnb9yd4AaABAg
great,UgzQnvVSX6jFk8nmF9B4AaABAg
great,UgzAVo3tuwd8IYg8G114AaABAg
great,UgwKVQtfonBfM2Uc-0t4AaABAg
great,UgyMA_AJjMXZ_xNz5RB4AaABAg
great,UgypCVQurzm1b-Lkvlx4AaABAg
great,Ugxdkenmv0SgvvrloBx4AaABAg
great,Ugzr2CnafxPNlEo8Fnt4AaABAg
great,UgyhAxjXPH8ZtINA4QJ4AaABAg
great,UgwYOJmMV27Fi82fmJ54AaABAg
great,UgzXOp67Y7b0owzPMfh4AaABAg
great,UgxgZWoDrPWoebBPXTd4AaABAg
great,Ugx_m0HWHYYA6kxCKop4AaABAg
great,Ugw8pNz7Tcoi3ZuVxzJ4AaABAg.AMCvmWV6cvbAMFNx46E8L8
great,UgzLY0vUXDJuiYNtKo54AaABAg
great,Ugw1urNJyKXN--hiEnR4AaABAg
great,UgyGKcOPhyBDt_FWiMN4AaABAg
great,UgymTrYOEIhEw08DGVp4AaABAg
great,Ugw48uWyzIhprk0l_wZ4AaABAg
great,UgzLJ9fODqcKHJcttxR4AaABAg
great,UgyQNsd9Z5VZteeFgFF4AaABAg
great,UgwsfHlz8hMQVcDLkJx4AaABAg
great,Ugy3MEuP2jGtRZQ99Ap4AaABAg
great,UgzYqVfCSWDGJeaBdPx4AaABAg
great,UgwQch_HvRg7D4w7M6l4AaABAg
great,Ugx2Pv4vce4IRRgEKWx4AaABAg
great,UgzTSfyErqU1pQjSRBF4AaABAg
great,UgwYfbYHJPb2_9HBlp94AaABAg
great,UgyLID3h6z6a_u9Fkut4AaABAg
great,UgydJ1PutsRVXQk1vep4AaABAg
great,Ugyd0iU30mTdR3pTWIR4AaABAg
great,UgzLi4_ygkwUoJzZ8g54AaABAg
great,Ugwtx6CM7bpLzLxekoN4AaABAg
great,Ugykh7nI0EIz7vplLr54AaABAg
great,UgyveZ3zXwl2o-PIf594AaABAg
great,UgxWJdZWPbaEatNu-xV4AaABAg
great,UgyMphwezF3N8bS0IWB4AaABAg
great,Ugy823PsTUKXJs8P0Vx4AaABAg
great,Ugxp3ry6u4qEr2OYx7J4AaABAg
great,UgyOwpn2eIO6FCot_DN4AaABAg
great,Ugy-LUk1eL26vlwSd514AaABAg
great,UgwvKBrNO9x7XHJ-yYR4AaABAg
great,UgyseDjDlwaIDlWHsEF4AaABAg
great,Ugw7l0HFc35fmEKh1ex4AaABAg
great,UgzcGeKNgjTFqZRvJeB4AaABAg
great,UgwTJEIR74H-MYjP4Np4AaABAg
great,UgxayclOuhksm4xFAkN4AaABAg
great,UgyneM3NcnvVHM6Devd4AaABAg
great,UgxpKClftT1IeZxLkAh4AaABAg
great,UgzQml750Rk25S9qXkl4AaABAg
great,UgxOud5crcVzgSD0J2J4AaABAg
great,UgyITtVpLNk5ELtEII54AaABAg
great,Ugy-TwP4graj8efu9xd4AaABAg
great,UgxFRouUPuK8Ae3rH3t4AaABAg
great,Ugyg2cjh2vLR8tqZ7Qd4AaABAg.AM-UKgaB90zAM-jKqLNhyf
great,UgwJq9CjNHcv-kfuSfp4AaABAg
great,Ugz2grCC4PogKmeFxNd4AaABAg
great,UgwsCDFWuolnZp5X5tx4AaABAg
great,UgzpVY-C_QE7Ei7RWpd4AaABAg
great,UgylhU6Jb1Yt5m9gP6J4AaABAg
great,UgwRvfWg2zU3Uj3u82x4AaABAg
great,UgzMoyxT8a_DyN82s8F4AaABAg.AND3aZWr-tqANDj8FVjJMo
great,UgylREpceW_oukWZSeh4AaABAg
great,UgwyLXMJr0eiQpu8yGt4AaABAg
great,UgzJPqur6wRCAhyCNYJ4AaABAg
great,Ugz1tfg6cnlo-LSL6eR4AaABAg
great,UgzEr8VA6-zjEtLQcrx4AaABAg
great,UgwfMeAB71XaxIMTMep4AaABAg
great,Ugyljc7qHfp9BbpC8yx4AaABAg
great,Ugx943WbdBXmw5k6HXt4AaABAg
great,UgyasuGbRC21SBIEyQ54AaABAg
great,UgwrMtAjbn-GM-HRGot4AaABAg
great,UgyLhW9HY2T03V0Da9Z4AaABAg
great,UgzrzCTPfnRCHd1CF5p4AaABAg
great,UgyvQI7mRtGp_zZfy2h4AaABAg
great,UgwxW_R42uAbRhVlX-h4AaABAg
great,UgyGQz12Umu8W41vpxF4AaABAg
great,Ugw-IOOAIasMapZZc7Z4AaABAg
great,Ugwm8DbDrbzvjcLmi6p4AaABAg
great,Ugzay2LcknpDk7feUgV4AaABAg
great,UgzwW-YysUaRjOXWEJ54AaABAg
great,UgzNtNlNOyhkG9ti7bt4AaABAg
great,UgxrJL3_1XFclWk4LZx4AaABAg
great,Ugzex_SjyfMcReuZs5t4AaABAg
great,UgwDKy6HhadbSxcH77V4AaABAg
great,UgxyKB6YEYkPnBKu0C54AaABAg
great,Ugx4VhyyCxKkfe4hlzx4AaABAg
great,UgzNKALuo7IUd58mw5N4AaABAg
great,UgxdqeaCyM7XC4BA2dh4AaABAg
great,Ugx8THTf1vVKdFtmxhR4AaABAg
great,UgxoOUlsNOFRbc_E2dl4AaABAg
great,UgwTWgRBlT6ZjNUtLvN4AaABAg
great,UgxL8a6MDY7dBAIEHXp4AaABAg
great,UgxN4nBKJT9yYRZbabp4AaABAg
great,UgxNod0EvcSFKmCkSax4AaABAg.ALzE8WlrdKzAM1vUpYfmVo
great,UgwRCiRTJd-Fj6GjdDF4AaABAg
great,UgxvVPOyRTxv-5nvS7F4AaABAg
great,Ugw4cwzlO_GOZcZ9OpN4AaABAg
great,Ugy8zv0-P9oYI6PDrI94AaABAg
great,Ugy6UHQubEVChU5giop4AaABAg
great,UgwVbphO_usLbbAyjl14AaABAg
great,UgxFmIAHGQLFXhEpFkF4AaABAg
great,UgzX-D19-5DJ3nehA6R4AaABAg
great,UgxmDbbhLGFMfmUm45J4AaABAg.ALv1MWH-6ZKALw8VqUXJbw
great,Ugwi_OdWH0-t0TNZIdx4AaABAg
great,Ugz8utRh8B4-XobIiYR4AaABAg
great,Ugy74e2ATxNKVGOgSZB4AaABAg
great,Ugz-D-7ZoCrBPNc35qB4AaABAg
great,Ugy5nkfrPonLJfkkTLZ4AaABAg.ALsJD3_SIAtALzXF7uZIxq
great,Ugw_AiNR4gcmfXUuJVN4AaABAg
great,UgwqGAoTV8To4dOP9qZ4AaABAg
great,UgxyUMwj32U8E8o_0st4AaABAg
great,Ugy8cwLXUW6Qs2xYZhN4AaABAg
great,UgyT30ANJGJdlKOU9Vd4AaABAg
great,UgzQEXpl3MpidX89qvd4AaABAg
great,UgwrqrFDRcIuaimCx4B4AaABAg
great,UgwrERDDWrbZ0bE4FCV4AaABAg
great,UgxZrlCzDkyCEu20lfZ4AaABAg
great,UgwBHgpgOPlZXKXbAnh4AaABAg
great,Ugyc5n6u0-CzgVtf4BZ4AaABAg
great,Ugzstf7lI_4kZlxBE9l4AaABAg.ALoB-eP8cpdALoEZtco39h
great,Ugzstf7lI_4kZlxBE9l4AaABAg.ALoB-eP8cpdALoGjDahof0
great,Ugz3_y_ltH1jCVzyLCR4AaABAg.ALo9YPVHf7IALoHTMNRJBH
great,Ugz08B8fsxFl47mtzwh4AaABAg
great,Ugz08B8fsxFl47mtzwh4AaABAg.ALo7Yg3RY7wALoEtTumYH_
great,UgzSEYOXQVZPrHrU0VR4AaABAg.ALo4wYvML1kALplZ1ZiGvZ
great,UgyYVu3VdprvMUoJFwB4AaABAg
great,UgypMMzSwyYYgGGMl9x4AaABAg
great,UgzCN-hYf8AzmvHFoA94AaABAg
great,UgwXoBMeKllbneU4QUx4AaABAg
great,UgysJ6bE7vlgPZWyqIl4AaABAg
great,Ugzd-Zo5V7sekoIwF3d4AaABAg
great,UgwnQoeLNIDd2YLgSop4AaABAg
great,UgwMUolUSZOuXGTa9rR4AaABAg
great,Ugy5x1Sp9OO3l51NdDB4AaABAg
great,UgwaVkfcm8gpLVb_zkZ4AaABAg
great,UgwkUclBWBbdXMtnBUx4AaABAg
great,UgxTDEajDy1ideaIq9J4AaABAg
great,UgxdiO2vQ-785AujNCJ4AaABAg
great,UgyZfjnByZhKqXLTLyZ4AaABAg
great,UgzwLQbl_YenQ0qYQAd4AaABAg
great,UgyRc-Dd7VACEVEZuT94AaABAg
great,UgzgvJHmack8IfQ2b2d4AaABAg
great,UgzczHL9d2djT2Dx7hl4AaABAg
great,Ugy7GRPnRyEf5Xsb60d4AaABAg
great,UgxdtFdC4IuTJ7XiqJ54AaABAg
great,Ugx2TpaW9XunH3fc5U54AaABAg
great,Ugz7f6ZkL9zNKwEe5Ph4AaABAg
great,Ugy3RcAJFTzMaTagBzZ4AaABAg
great,Ugzk8xOWEyDSBxv4L3l4AaABAg
great,Ugzpa4nLg_QRGye9F2x4AaABAg
great,Ugw7ENCZP7JHg7N9_zh4AaABAg
great,UgwwpuQkLCbME9Gt7Q54AaABAg
great,UgxPe1tAQYRkMRaRwyF4AaABAg
great,Ugy1Q4niJZnHedWHoXR4AaABAg
great,UgxUq53Gt-loG1rRIER4AaABAg
great,UgyJlT39guPZ3S_TH5B4AaABAg
great,UgxLdFWl6xiQ42F3FjN4AaABAg
great,UgwH-LxIvsjHrtO1Fd14AaABAg
great,UgzR4vBc0gafuL8xSWR4AaABAg
great,Ugx4KiVm-hi6n1wCYAV4AaABAg
great,UgxbgQFI-SQB6DtqPu14AaABAg
great,Ugykdy8I57LfLrdiRfx4AaABAg
great,UgxLXNGDT1GUSS1OM-F4AaABAg
great,UgzENtLpeUOQG5-RJxJ4AaABAg
great,UgxjHG0DAPYj3f2yfY54AaABAg
great,UgylExZYsxWvFMfR7MV4AaABAg
great,UgzntXRBoILNAxjdYRF4AaABAg
great,UgzYy0R0ApNsNjbXqFl4AaABAg
great,Ugz0cIFr6wf89WeBjNd4AaABAg
great,Ugz6-P7MK-Hyt-yLov94AaABAg
great,UgwOQHtUi-PhceLbIt54AaABAg
great,UgxP3Y7QBLPc_hBz4YF4AaABAg.ALj9D-e9dDMALjTFiOq2D5
great,UgxeL_D-RS7WdW3jrAt4AaABAg
great,Ugzx98-5yBx8FNsloAB4AaABAg
great,Ugy9k5_nrXIcEW3sOB54AaABAg
great,UgwelQF8ngFChJzJXp94AaABAg
great,Ugzg6kjv_dH0l0Fvp7h4AaABAg
great,UgxeSI9QFbP_qbZ0HQl4AaABAg
great,UgxEtShZXLzKGu5LDkZ4AaABAg
great,UgwmLOZt5LP1o6_I4OJ4AaABAg
great,UgxZZUuXvmc6ZGCsMHZ4AaABAg
great,Ugz_4VJtVPG6JSG1RbN4AaABAg
great,UgxWZi1Bd3bxroufjsx4AaABAg
great,UgyCxz9_2ZiSWmbVxcJ4AaABAg
great,Ugzg8ZhrXgeWsC_vf_p4AaABAg
great,UgzN2LEUb7rdZkDaQBh4AaABAg
great,UgxtU1zuZW4VqOqM2j14AaABAg
great,UgwWxJg07svxvZTimPt4AaABAg
great,UgwacLcKWFKeXG_ctrZ4AaABAg
great,UgxcUQMjOP3sFLOie054AaABAg
great,UgyTmqW3BGGrtUvcrFh4AaABAg.ALbvLMrC6G_ALizWxIPkvX
great,Ugz7DjI7glu9r_iYhtZ4AaABAg
great,UgyUVC4ffgFYTfY_kOt4AaABAg
great,Ugy3I57V56b5NDmxMZ14AaABAg
great,Ugz6hvNDrGBuedQSvmZ4AaABAg
great,UgxLIvFsecVp4wkZKTd4AaABAg
great,Ugx1G_GSC2A8g-kJOIl4AaABAg
great,UgxZFvnDFcoKChPebJ54AaABAg
great,Ugxfml9qOXySrlOVw054AaABAg
great,UgyKoz8pGeQsF6SPbfF4AaABAg
great,Ugxo000L6ztG8I5zX994AaABAg
great,UgyJXVlvuBuip3X9ZYF4AaABAg
great,UgxC95rs75pNTsUPi2F4AaABAg
great,UgyL6SCu_e44az4gMLB4AaABAg
great,UgxAUHAPtOiqWW2KDQx4AaABAg
great,Ugwms07zFqk_y09NZGR4AaABAg
great,UgyDOs0aZSs6eTZPAnh4AaABAg
great,UgxZTv26hNeuVC2Bart4AaABAg
great,Ugz5saBkL4KNwPgBPpZ4AaABAg
great,UgwE_5P3ij9CuS1Mz394AaABAg
great,Ugwyq9U7dFx_jAf-KN94AaABAg
great,UgxnrQE4bgzvdjKgbl94AaABAg
great,UgzJQVrlj35Ar7Y71Qx4AaABAg
great,UgxxAVtX32AaVB8bIIN4AaABAg
great,UgzH4Ry3BxqWw78jvgx4AaABAg
great,UgzepzFZt3pnKrQqCLJ4AaABAg
great,UgwQNt_fAvpxHiSzUdN4AaABAg
great,Ugy_7bxr5-P3tJjXp7d4AaABAg
great,UgzANXiaZQXi9Z2G0Mp4AaABAg
great,UgxkDU6iBJRzHCVxe0t4AaABAg
great,Ugyp6HxNkOV1GhygNzB4AaABAg
great,Ugw3sYbg-Hxn9pVJP7R4AaABAg
great,UgyHdxYqXCN5YLBcEGN4AaABAg
great,Ugzt0suKW178pvGcLYh4AaABAg
great,UgwMxgfsgpJ1QtlsrRZ4AaABAg
great,UgzhDjMgZjjuUlw4uoh4AaABAg
great,UgxS_snrDYPQzqxNLq94AaABAg
great,UgzUc_SD9s63eeCjO114AaABAg
great,UgxrX4wnDSsb0aE-PU94AaABAg
great,Ugxb5YOd9cjGzSt12eh4AaABAg
great,UgxeqXYaiJumLDe1l0V4AaABAg
great,UgyNibpimplw_e1ZUBl4AaABAg
great,UgzjGsEpvg6LK-m6BJ54AaABAg
great,Ugx8ZfEIqkyb9s5KLI14AaABAg
great,Ugy9dZTi9AGg3a2Gzk14AaABAg
great,UgyXdoS06eAHECSe3VZ4AaABAg
great,UgxHMPW_8hll9fh2iE54AaABAg
great,UgzqL9p40aB8W1zl7ld4AaABAg
great,UgyEgVIPkwTyk1V-XR54AaABAg
great,UgxP1IJN_UcT-suZaDl4AaABAg.ALXwbgQdgW3ALaAcHxa1uq
great,UgyN9c0MO_IBS2eIaOd4AaABAg
great,UgzMQBJIcNFwZH-teJR4AaABAg
great,Ugw_WguQZNf2dekmH9h4AaABAg.ALXuL8P6GmxALXuuwxlsmM
great,UgxEVdgTG2pDFyXhlHB4AaABAg
great,UgyZ8OJG1Mp4c45JkkZ4AaABAg
great,Ugx24cyfFSp0HcC9-Qh4AaABAg
great,UgxQUimQWcAOeRUSzUB4AaABAg
great,UgzqK5PgHTw_6p8fcKl4AaABAg
great,Ugxde99txsG26JR_P8N4AaABAg
great,UgzO7V4ig7zHM-q0p4Z4AaABAg
great,Ugz_k_t3zSFxAWNRv_d4AaABAg
great,UgxJOHpZOotxIhLLlJB4AaABAg
great,UgxVkkp-HGOcFfmY3BB4AaABAg
great,UgzbL0MnfgbIUyAdNRR4AaABAg
great,UgwQ6-v984QVK4XV9b94AaABAg.ALXgC5P3L4cALYEtsa2jcV
great,Ugze9BdIHXh2NgcEugR4AaABAg
great,Ugye5jzkqxePItwLYt54AaABAg
great,Ugy4vD4oF9gvCB4mj1d4AaABAg
great,Ugz_MfKGRtHf7tZxwoh4AaABAg
great,UgxVUeJhdtP0aMEtIxN4AaABAg
great,UgyZMCtNhky4ljYxlgR4AaABAg
great,UgwVaTky_rkbX5yUBy94AaABAg
great,UgxA5Nsfpdupcr6aQNV4AaABAg
great,UgzGQQPsa5zwNo6tZsF4AaABAg
great,UgwvtbUC2cQr43Wjvz54AaABAg
great,UgzFOSYNHMKsfH7IIyJ4AaABAg
great,Ugzii_-zPRVtLOp-AM94AaABAg
great,Ugw8_AHNSskWXZbTccl4AaABAg
great,UgyKxEcxG-OtAgYNf7V4AaABAg
great,Ugwyq5t5ewuengCs_Il4AaABAg
great,Ugyuwu0yVETtgRjAEoR4AaABAg.ALXW4ilaZ8OALYFRDuW3tM
great,UgyP5Yhaj87MWGq2QmB4AaABAg
great,UgzB2R38qcCYTohBvcR4AaABAg
great,Ugyy8b6OfDAmSllBN5l4AaABAg.ALXSzh1v0POALXmHoqD4Ng
great,UgzMJfLfRkCG_XUxBGt4AaABAg
great,UgzSjS6Eq-Q5rr-oHpJ4AaABAg
great,Ugx52eoJm2a9hq7Gkd94AaABAg
great,UgxjZsb6Ns1iK-dZ-YJ4AaABAg
great,UgwJo4UPV43OBdNmIqR4AaABAg
great,UgxEDlofoQkPlWrvSt94AaABAg
great,UgyYca4QErRejIlVk6d4AaABAg
great,Ugz8DR-9ypY2I_9EhUx4AaABAg
great,UgwuXgrBphMU6vWipKV4AaABAg
great,Ugy12RPI3O5yGt_YlbZ4AaABAg
great,UgzPryKb2_WT07LNhoZ4AaABAg
great,Ugzw1-eJvF-BAurXmQZ4AaABAg
great,UgzFymECDFbNTK5I1wF4AaABAg.ALXMZmuayHTALXT0MpLcSn
great,UgzdFkPmp1CA7tv5i9p4AaABAg
great,UgzSupMKOGb5HqeJ8PB4AaABAg
great,UgyHh7O3Jr8FvRZWcCx4AaABAg
great,Ugw6NlEUvDOaVxgLVMx4AaABAg.ALXGuO7uN4NALXJi0kmaRf
great,Ugw2HL89ucTGpMNk4pd4AaABAg
great,UgylHXuNue_v_I41gm94AaABAg
great,UgySOJkLY7lZklxLSLF4AaABAg
great,UgywywsxDe6z8Iqs5Td4AaABAg
